tree
version=v4
num_class=1
num_tree_per_iteration=1
label_index=0
max_feature_idx=26
objective=regression
feature_names=forecast_rainfall forecast_temperature forecast_temperature_max forecast_temperature_min forecast_wind forecast_rain_probability latitude longitude elevation_m slope_deg aspect_deg elev_diff cropland_frac forest_frac builtup_frac water_frac soil_clay_pct soil_sand_pct soil_silt_pct soil_ph soil_organic_carbon_pct month day_of_year day_of_week lead_days hist_rain_bias hist_temp_bias
feature_infos=[0:167.75999999999999] [16.91:37.340000000000003] [18.850000000000001:44.590000000000003] [8.6799999999999997:33.020000000000003] [1:55.509999999999998] [0.02:0.97999999999999998] [12.833299999999999:19.261099999999999] [73.683300000000003:79.623400000000004] [275:950] [1.2:14.199999999999999] [80:270] [-59:158] [0.29999999999999999:0.81999999999999995] [0.01:0.55000000000000004] [0.040000000000000001:0.40000000000000002] [0.02:0.080000000000000002] [25:52] [18:52] [22:35] [5.9000000000000004:8.0999999999999996] [0.41999999999999998:1.3999999999999999] [1:12] [1:365] [0:6] [1:5] [-4.5377419354838713:8.8641935483870977] [-1.1389032258064518:0.4315483870967744]
tree_sizes=2650 2763 2732 2749 2749 2749 2780 2740 2773 2752 2748 2759 2736 2776 2746 2765 2756 2766 2765 2785 2779 2777 2778 2729 2784 2790 2791 2773 2796 2786 2784 2791 2791 2799 2798 2781 2764 2769 2794 2779 2799 2754 2803 2785 2775 2811 2809 2792 2812 2776 2818 2788 2787 2789 2798 2795 2810 2780 2801 2780 2779 2769 2785 2795 2776 2789 2831 2810 2791 2794 2809 2781 2806 2829 2807 2818 2805 2829 2832 2838 2812 2808 2784 2824 2825 2835 2853 2824 2841 2864 2822 2792 2814 2832 2840 2820 2833 2798 2829 2849 2857 2832 2815 2855 2856 2809 2838 2802 2808 2861 2735 2831 2834 2861 2845 2842 2825 2842 2879 2860 2870 2849 2884 2836 2830 2854 2824 2678 2585 2839 2594 2613 2687 2601 2707 2358 2761 2878 2589 2333 2429 2680 2589 2332 2362 2594 2623 2911 2872 2778 2592 2865 2461 2834 2525 2354 2543 2848 2427 2661 2863 2516 2373 2432 2378 2412 2833 2861 2867 2366 2867 2741 2858 2539 2854 2327 2326 1974 2880 2879 1832 2736 2505 2441 1988 2238 1978 2920 2338 1822 2781 2796 1983 2205 2194 2899 2875 2740 2859 2010 2189 2811 2810 2056 2934 2886 1980 2079 2193 2918 1907 1999 2886 2114 2195 2878 2168 2257 1942 2194 2190 2288 1885 2196 2175

Tree=0
num_leaves=31
num_cat=0
split_feature=0 0 0 22 0 0 0 0 22 22 0 22 1 22 13 0 1 22 1 22 22 22 9 9 5 0 9 9 6 0
split_gain=957804 233208 127870 32262.8 26463.3 24575.1 18920.2 15634.2 6926.53 6108.08 5343.32 5201.79 5033.25 4724 4170.99 4129.05 3130.21 2667.48 2617.59 2251 2467.13 1853.41 1812.97 1741.88 1672.43 1671.89 1648.99 1461.68 1037.19 1010.21
threshold=18.420000000000005 45.055000000000007 7.495000000000001 114.50000000000001 29.145000000000003 55.510000000000005 12.320000000000002 3.3250000000000006 124.50000000000001 186.50000000000003 35.95000000000001 276.50000000000006 30.145000000000003 278.50000000000006 0.11000000000000001 22.875000000000004 27.525000000000002 276.50000000000006 28.875000000000004 74.500000000000014 77.500000000000014 126.50000000000001 9.5000000000000018 9.5000000000000018 0.97205000000000008 1.7150000000000001 9.5000000000000018 9.5000000000000018 16.455100000000005 12.055000000000001
decision_type=2 2 2 2 2 2 2 2 2 2 2 2 2 2 2 2 2 2 2 2 2 2 2 2 2 2 2 2 2 2
left_child=2 4 7 19 15 14 11 21 -9 -7 23 12 -5 16 -3 27 -8 18 -10 -4 29 -1 -17 -6 -11 -23 -12 -2 -15 -21
right_child=1 5 3 6 10 9 13 8 17 24 26 -13 -14 28 -16 22 -18 -19 -20 20 -22 25 -24 -25 -26 -27 -28 -29 -30 -31
leaf_value=2.0951769248708878 2.6678941879605582 3.4206758660054106 2.0946751210533625 2.3541776216986512 2.9995462249469602 4.0667667038308384 2.5460743907892054 2.1112833024500506 2.2233846810569919 4.8304667141305213 3.2579889678028033 2.1884632010829121 2.115999262951771 2.3886287710205489 3.9069772716063644 2.8233772295141915 2.3801376669351484 2.1374935415594161 2.1387988828666016 2.2210167034732109 2.1628426530767375 2.1052328458625738 3.0248255306139629 3.2472042513953454 4.510973606893856 2.1325347877102572 3.5526867534981972 2.8229238421103449 2.1503982840204934 2.4912212450371989
leaf_weight=13973 251 22 404 1117 127 20 585 1446 1780 30 54 257 86 29 57 190 124 626 404 20 237 8875 51 32 29 2613 25 70 38 33
leaf_count=13973 251 22 404 1117 127 20 585 1446 1780 30 54 257 86 29 57 190 124 626 404 20 237 8875 51 32 29 2613 25 70 38 33
internal_value=2.15749 3.09246 2.13006 2.31914 2.88444 4.1457 2.3746 2.11141 2.16463 4.51984 3.14959 2.31098 2.33715 2.4943 3.77155 2.77216 2.51705 2.19209 2.20774 2.14045 2.20422 2.10252 2.86601 3.04939 4.67343 2.11144 3.35125 2.7017 2.25351 2.38926
internal_weight=33605 958 32647 2930 800 158 2236 29717 4256 79 238 1460 1203 776 79 562 709 2810 2184 694 290 25461 241 159 59 11488 79 321 67 53
internal_count=33605 958 32647 2930 800 158 2236 29717 4256 79 238 1460 1203 776 79 562 709 2810 2184 694 290 25461 241 159 59 11488 79 321 67 53
is_linear=0
shrinkage=1


Tree=1
num_leaves=31
num_cat=0
split_feature=5 2 25 25 3 3 2 22 6 22 22 22 25 25 5 2 25 11 5 23 1 6 25 15 2 22 22 25 24 5
split_gain=420656 208771 64366.1 47580.1 37574.4 19285.6 26850.5 18637.6 21334.5 17935.3 15300.5 15095.8 15042.3 10342.7 10271.5 9963.13 6468.44 6176.08 5811.58 4383.82 3700.92 3005.53 2702.88 2605.86 2152.41 1908.61 5375.92 1732.73 1197.56 1165.65
threshold=0.86740000000000006 25.405000000000005 4.2306451612903233 -0.94790322580645159 22.755000000000006 20.505000000000006 31.185000000000006 198.50000000000003 17.728850000000005 190.50000000000003 206.50000000000003 208.50000000000003 4.2306451612903233 -3.2685483870967738 0.67180000000000006 24.155000000000005 -0.63928494623655918 26.000000000000004 0.95905000000000007 4.5000000000000009 24.875000000000004 16.639450000000004 -0.18795161290322573 0.045000000000000005 25.635000000000002 74.500000000000014 77.500000000000014 -0.35645161290322569 1.5000000000000002 0.81085000000000007
decision_type=2 2 2 2 2 2 2 2 2 2 2 2 2 2 2 2 2 2 2 2 2 2 2 2 2 2 2 2 2 2
left_child=12 2 4 5 11 25 13 9 -9 19 -10 15 14 -7 22 -2 -16 -8 27 -4 21 -20 -1 -13 29 -3 -27 28 -5 -18
right_child=1 3 7 18 -6 6 17 8 10 -11 -12 23 -14 -15 16 -17 24 -19 20 -21 -22 -23 -24 -25 -26 26 -28 -29 -30 -31
leaf_value=-0.05553261471990284 0.74496738665000251 -0.062567479556819558 1.4917368882277917 0.27845774826250574 1.7798657594408307 0.72925249593908137 0.021216184565680602 0.71545118510723105 2.171443360646566 0.4241258392550728 1.226704453362359 0.26068477915254185 0.68891817018985746 0.28787276720088284 -0.023377430790634268 0.42676031750937304 0.10277834601700304 0.18146367596582336 0.2682460260721356 0.94361051619052883 0.25012098503375579 0.40283321332997207 -0.017143735911022692 0.42956516175358384 0.059706714969841722 0.36604100008268614 -0.010951215592803249 0.24383612798223103 0.12702949755046683 0.2890114613243791
leaf_weight=23922 230 578 29 57 21 55 813 24 36 44 27 167 25 364 1621 144 60 295 224 24 499 448 1773 162 705 37 426 466 268 61
leaf_count=23922 230 578 29 57 21 55 813 24 36 44 27 167 25 364 1621 144 60 295 224 24 499 448 1773 162 705 37 426 466 268 61
internal_value=-7.43463e-10 0.241565 0.65675 0.158344 0.529416 0.0733604 0.141241 1.15778 1.4766 0.871841 1.76656 0.492062 -0.0466372 0.34581 -0.0472906 0.622449 0.0114405 0.0638814 0.269577 1.24353 0.312013 0.357971 -0.0528837 0.343842 0.0797695 -0.0262111 0.0191756 0.206756 0.153588 0.196664
internal_weight=33605 5438 908 4530 724 2568 1527 184 87 97 63 703 28167 419 28142 374 2447 1108 1962 53 1171 672 25695 329 826 1041 463 791 325 121
internal_count=33605 5438 908 4530 724 2568 1527 184 87 97 63 703 28167 419 28142 374 2447 1108 1962 53 1171 672 25695 329 826 1041 463 791 325 121
is_linear=0
shrinkage=0.03


Tree=2
num_leaves=31
num_cat=0
split_feature=0 0 0 22 0 0 0 0 2 22 0 22 2 22 0 13 0 2 24 2 22 0 22 24 8 8 8 0 2 8
split_gain=868808 212183 112187 28529.3 24450.2 22944.3 17463.4 13175.3 8724 6045.24 4926.33 4564.27 4623.73 4223.73 3882.83 3592.18 3052.36 2997.05 2966.57 2403.77 1703.5 1547.9 1531.92 1513.26 1511.12 1485.05 1389.71 1057.7 1047.44 986.744
threshold=18.420000000000005 45.055000000000007 7.495000000000001 114.50000000000001 29.145000000000003 55.510000000000005 12.320000000000002 3.3250000000000006 25.845000000000002 119.50000000000001 35.95000000000001 276.50000000000006 35.355000000000011 278.50000000000006 24.73 0.11000000000000001 15.075000000000001 22.755000000000006 2.5000000000000004 26.615000000000006 126.50000000000001 1.7150000000000001 274.50000000000006 2.5000000000000004 785.00000000000011 785.00000000000011 785.00000000000011 20.515000000000004 29.185000000000006 672.50000000000011
decision_type=2 2 2 2 2 2 2 2 2 2 2 2 2 2 2 2 2 2 2 2 2 2 2 2 2 2 2 2 2 2
left_child=2 4 7 18 14 15 11 20 17 -9 25 12 -5 16 24 -3 -8 -7 -4 -11 -1 -22 -21 -13 27 -6 -12 -2 -15 -16
right_child=1 5 3 6 10 8 13 9 -10 19 26 23 -14 28 29 -17 -18 -19 -20 22 21 -23 -24 -25 -26 -27 -28 -29 -30 -31
leaf_value=-0.058795592474509141 0.43642344474792477 1.2079722040349787 0.25208704171861607 0.18699690615451042 0.80468292221309634 2.1896501207351684 0.28334995870406809 -0.046461158813015338 1.7327046803065709 0.097830233292323515 1.0549318345387777 0.21368054467089034 -0.0024461726958935077 0.20052308152119316 0.66374012898590606 1.6592720212434466 0.40847214126287956 2.6275119680516861 -0.03134654795974267 0.032429550277118593 -0.049176664092463088 -0.02290659505127577 -0.02227404481402653 -0.0011782383564609049 0.64815262874924995 1.0333551281690596 1.3254712486267088 0.54843995647726895 -0.037374659968960666 0.83160557369853172
leaf_weight=13973 125 22 35 1073 127 24 390 1376 21 404 54 34 130 36 118 57 319 34 659 1864 8875 2613 612 223 83 32 25 193 31 43
leaf_count=13973 125 22 35 1073 127 24 390 1376 21 404 54 34 130 36 118 57 319 34 659 1864 8875 2613 612 223 83 32 25 193 31 43
internal_value=6.6223e-10 0.890472 -0.0261302 0.150979 0.692055 1.89511 0.203131 -0.0435925 2.25663 0.00526547 0.946913 0.142008 0.166525 0.318131 0.584126 1.53359 0.339646 2.44633 -0.0170523 0.0299793 -0.0517595 -0.0432014 0.0189083 0.0272467 0.534161 0.850705 1.14055 0.504408 0.090451 0.708574
internal_weight=33605 958 32647 2930 800 158 2236 29717 79 4256 238 1460 1203 776 562 79 709 58 694 2880 25461 11488 2476 257 401 159 79 318 67 161
internal_count=33605 958 32647 2930 800 158 2236 29717 79 4256 238 1460 1203 776 562 79 709 58 694 2880 25461 11488 2476 257 401 159 79 318 67 161
is_linear=0
shrinkage=0.03


Tree=3
num_leaves=31
num_cat=0
split_feature=0 0 0 25 0 0 0 25 0 2 0 3 2 13 25 2 0 0 22 0 0 0 8 12 8 8 8 22 0 1
split_gain=817657 186907 118920 41673.1 21588.3 19508.8 19100.3 12992.2 9352.24 8208.41 4635.18 4386.06 4432.05 3379.88 3259.91 2819.92 2550.63 1999.78 1925.93 1911.39 1818.14 1776 1397.28 1395.35 1094.69 928.428 888.232 841.95 934.625 823.379
threshold=19.395000000000003 45.055000000000007 8.9350000000000005 -1.2778225806451611 55.510000000000005 4.2150000000000007 29.145000000000003 -0.65118562535370672 14.585000000000003 25.845000000000002 35.95000000000001 21.005000000000006 35.525000000000013 0.11000000000000001 -0.33032258064516123 22.755000000000006 24.73 13.655000000000003 93.500000000000014 10.785000000000002 1.7750000000000001 5.9150000000000009 785.00000000000011 0.63500000000000012 672.50000000000011 672.50000000000011 785.00000000000011 126.50000000000001 1.7450000000000003 30.265000000000004
decision_type=2 2 2 2 2 2 2 2 2 2 2 2 2 2 2 2 2 2 2 2 2 2 2 2 2 2 2 2 2 2
left_child=2 6 5 11 13 14 16 18 19 15 22 -4 17 -3 27 -6 24 -13 -7 -5 -16 -9 -8 -12 -2 -18 -10 -1 -29 -20
right_child=1 4 3 8 9 7 10 21 26 -11 23 12 -14 -15 20 -17 25 -19 29 -21 -22 -23 -24 -25 -26 -27 -28 28 -30 -31
leaf_value=-0.056911544313047534 0.51209701756636294 1.1717330490459095 -0.035782230348599425 0.19601972706273524 2.1239606952667236 -0.054302037851106037 0.78054243192897999 0.062543697462527942 0.39012378472752041 1.6807235663277762 1.2551866149902344 0.1079049641606124 -0.020676398714806171 1.6094938137656765 -0.035698894081296159 2.5486865649503816 0.64382792424347446 0.26660086701133034 0.012583356774738168 0.28332812666479906 0.014237047524671153 0.13201403566387357 1.0023544675111771 0.99954017431839637 0.64773671528872323 0.80665741099867705 0.488792045419499 -0.050835018598355125 -0.029256128765556354 -0.045279550205415756
leaf_weight=14256 252 22 433 408 24 825 127 617 270 21 33 204 188 57 1931 34 118 110 1271 505 994 715 32 46 68 43 118 7204 2411 268
leaf_count=14256 252 22 433 408 24 825 127 617 270 21 33 204 188 57 1931 34 118 110 1271 505 994 715 32 46 68 43 118 7204 2411 268
internal_value=5.53544e-10 0.903993 -0.024224 0.186952 1.83826 -0.0397097 0.698688 0.0249023 0.296747 2.18893 0.918505 0.0341795 0.094525 1.48759 -0.0486217 2.37294 0.589922 0.163499 -0.0173184 0.244312 -0.0187292 0.0998345 0.825184 1.10633 0.54092 0.687317 0.420131 -0.0522845 -0.045424 0.00250717
internal_weight=33605 877 32728 2236 158 30492 719 3696 1301 79 238 935 502 79 26796 58 481 314 2364 913 2925 1332 159 79 320 161 388 23871 9615 1539
internal_count=33605 877 32728 2236 158 30492 719 3696 1301 79 238 935 502 79 26796 58 481 314 2364 913 2925 1332 159 79 320 161 388 23871 9615 1539
is_linear=0
shrinkage=0.03


Tree=4
num_leaves=31
num_cat=0
split_feature=0 0 0 25 0 0 0 25 2 0 0 3 2 0 8 25 2 22 0 25 0 8 0 12 8 25 0 0 22 0
split_gain=769442 187781 99564.8 36547.8 21611.2 20312.5 18355.9 12224.4 7723.29 7004.64 4361.24 3641.42 3922.39 3438.42 3187.9 3067.25 2653.26 1812.11 1716.17 1699.15 1671.04 1361.23 1328.79 1320.42 1314.7 1239.26 1035.18 836.514 792.191 879.388
threshold=18.420000000000005 45.055000000000007 8.9350000000000005 -1.2778225806451611 29.145000000000003 55.510000000000005 4.2150000000000007 -0.65118562535370672 25.845000000000002 13.285000000000002 35.95000000000001 21.155000000000005 35.525000000000013 22.875000000000004 785.00000000000011 -0.33032258064516123 22.755000000000006 93.500000000000014 1.6150000000000004 -1.8455967741935482 5.9150000000000009 785.00000000000011 13.655000000000003 0.53500000000000014 785.00000000000011 -0.52868279569892462 15.555000000000001 10.525 126.50000000000001 1.7450000000000003
decision_type=2 2 2 2 2 2 2 2 2 2 2 2 2 2 2 2 2 2 2 2 2 2 2 2 2 2 2 2 2 2
left_child=2 4 6 11 13 14 15 17 16 25 24 -4 22 19 -3 28 -7 -8 -17 -2 -9 -15 -13 -12 -6 -5 -11 -27 -1 -30
right_child=1 5 3 9 10 8 7 20 -10 26 23 12 -14 21 -16 18 -18 -19 -20 -21 -22 -23 -24 -25 -26 27 -28 -29 29 -31
leaf_value=-0.055204199928079289 0.24808080396652221 1.1784862518310546 -0.032939222513348271 0.157144160692433 0.75712616252148235 2.0602418756484981 -0.052672976054657587 0.060667387081213546 1.6303018733433314 0.32815844702028141 1.2386668906893048 0.10986713273937884 -0.02184445365615513 0.59857662120618316 1.580280156502357 -0.035658467400886448 2.4722259790757124 0.0024319504481739385 0.012022396185555131 0.50563816540950057 0.12805361541795668 0.77313224904677447 0.24574132993049227 0.98226144454058473 0.97228384315967553 0.20689417002613053 0.41794993068720843 0.2788726438352695 -0.049309968194810011 -0.028378444916453971
leaf_weight=14256 25 27 442 190 127 24 825 617 21 241 28 195 184 190 52 1852 34 1539 1073 296 715 51 97 51 32 272 222 312 7204 2411
leaf_count=14256 25 27 442 190 127 24 825 617 21 241 28 195 184 190 52 1852 34 1539 1073 296 715 51 97 51 32 272 222 312 7204 2411
internal_value=-1.8589e-10 0.838004 -0.0245906 0.17248 0.651345 1.78311 -0.0385184 0.0241552 2.12326 0.27891 0.89095 0.0290659 0.0866421 0.549876 1.44296 -0.047163 2.30175 -0.0167988 -0.0181673 0.485579 0.0968394 0.635516 0.155003 1.07314 0.800428 0.223696 0.371212 0.245348 -0.050716 -0.0440613
internal_weight=33605 958 32647 2155 800 158 30492 3696 79 1237 238 918 476 562 79 26796 58 2364 2925 321 1332 241 292 79 159 774 463 584 23871 9615
internal_count=33605 958 32647 2155 800 158 30492 3696 79 1237 238 918 476 562 79 26796 58 2364 2925 321 1332 241 292 79 159 774 463 584 23871 9615
is_linear=0
shrinkage=0.03


Tree=5
num_leaves=31
num_cat=0
split_feature=0 0 0 25 0 0 0 25 0 2 0 22 0 13 25 2 0 0 0 22 2 7 12 10 0 10 22 0 10 10
split_gain=724179 165399 105208 36896.8 19112 17283.1 16872.8 11756.1 8283.48 7266.84 4103.49 3824.03 3342.26 3017.55 2728.71 2496.46 2281.43 1756.95 1708.72 1706.05 1541.06 1343.71 1244.68 1237 1046.75 1006.63 898.008 1014.57 836.559 823.117
threshold=19.395000000000003 45.055000000000007 8.9350000000000005 -1.2778225806451611 55.510000000000005 4.0650000000000004 29.145000000000003 -0.65118562535370672 14.585000000000003 25.845000000000002 35.95000000000001 74.500000000000014 15.075000000000001 0.11000000000000001 -0.18795161290322573 22.755000000000006 24.73 5.9150000000000009 10.785000000000002 93.500000000000014 35.475000000000001 76.966650000000016 0.63500000000000012 240.00000000000003 2.0450000000000004 215.00000000000003 126.50000000000001 1.7450000000000003 240.00000000000003 215.00000000000003
decision_type=2 2 2 2 2 2 2 2 2 2 2 2 2 2 2 2 2 2 2 2 2 2 2 2 2 2 2 2 2 2
left_child=2 6 5 11 13 14 16 19 18 15 23 -4 20 -3 26 -6 25 -9 -5 -7 -13 -14 -12 -8 -16 -2 -1 -28 -10 -18
right_child=1 4 3 8 9 7 10 17 28 -11 22 12 21 -15 24 -17 29 -19 -20 -21 -22 -23 -24 -25 -26 -27 27 -29 -30 -31
leaf_value=-0.053514027096726147 0.48140877516496744 1.1012264546481045 -0.059313494345316513 0.18413443978437605 1.9984346246719358 -0.051307657400469782 0.73441237922728531 0.05695627433027288 0.36614150924152794 1.5813928222656251 1.1815365323153408 0.073225283809900288 0.083074772690617762 1.5148579607511823 -0.026232744660115687 2.3980591897403492 0.60655577902066493 0.12421200727900635 0.26668425920694178 0.00084044164596295916 -0.03897665344178676 0.29342880992889403 0.94008612466895058 0.94311530828475953 0.021913490618310959 0.61147830374100631 -0.047306640521050082 -0.025540613175749089 0.46189671641689234 0.7598726197176201
leaf_weight=14353 252 22 286 408 24 869 127 684 270 21 33 375 43 57 1321 34 118 715 505 1612 156 75 46 32 587 68 7790 2561 118 43
leaf_count=14353 252 22 286 408 24 869 127 684 270 21 33 375 43 57 1321 34 118 715 505 1612 156 75 46 32 587 68 7790 2561 118 43
internal_value=5.26408e-10 0.85075 -0.0227972 0.175832 1.72962 -0.0373628 0.657619 0.0217882 0.279143 2.05957 0.864222 0.03208 0.0723552 1.39967 -0.045987 2.2327 0.555392 0.0913293 0.229795 -0.0174251 0.040262 0.216774 1.04095 0.776415 -0.0114205 0.509049 -0.0486567 -0.0419214 0.395263 0.647504
internal_weight=33605 877 32728 2236 158 30492 719 3880 1301 79 238 935 649 79 26612 58 481 1399 913 2481 531 118 79 159 1908 320 24704 10351 388 161
internal_count=33605 877 32728 2236 158 30492 719 3880 1301 79 238 935 649 79 26612 58 481 1399 913 2481 531 118 79 159 1908 320 24704 10351 388 161
is_linear=0
shrinkage=0.03


Tree=6
num_leaves=31
num_cat=0
split_feature=5 2 25 25 3 7 25 2 2 6 4 21 5 7 3 25 25 5 3 1 6 6 5 25 2 25 24 2 3 2
split_gain=310740 157067 48096.7 35889.1 28250.4 19861.9 11197.9 10211.3 10046.8 11105.7 10927.6 8808.4 7676.8 7446.26 6836.32 5125.21 4854.03 4330.34 3298.8 2831.79 2211.91 1959.54 1913.28 1771.97 1399.54 1345.56 905.698 898.699 896.419 973.497
threshold=0.86740000000000006 25.405000000000005 4.2306451612903233 -0.94790322580645159 22.755000000000006 79.153350000000017 4.2306451612903233 27.315000000000001 23.745000000000001 17.728850000000005 16.685000000000006 7.5000000000000009 0.61465000000000014 76.966650000000016 21.585000000000004 -0.63928494623655918 -1.6331973684210521 0.95905000000000007 20.195000000000004 24.875000000000004 16.639450000000004 15.881350000000001 0.81085000000000007 -0.18795161290322573 25.635000000000002 -0.35645161290322569 1.5000000000000002 29.665000000000003 20.665000000000003 29.445000000000004
decision_type=2 2 2 2 2 2 2 2 2 2 2 2 2 2 2 2 2 2 2 2 2 2 2 2 2 2 2 2 2 2
left_child=6 2 4 5 11 16 12 -7 9 -4 -11 13 23 -2 -9 28 27 25 -18 20 -19 -13 -17 -1 -24 26 -5 -3 -14 -30
right_child=1 3 8 17 -6 7 -8 14 -10 10 -12 21 15 -15 -16 22 18 19 -20 -21 -22 -23 24 -25 -26 -27 -28 -29 29 -31
leaf_value=-0.048361272754497253 0.46903434474700001 0.029579931850703255 0.6953071871995925 0.23955373365628091 1.5419282027653285 0.85455380076947418 0.59455584868043665 -0.025641381524421355 0.58684962551768227 0.8342577353390781 1.4964697792870658 0.20303629535600679 -0.045629919239261525 0.85754809358540696 0.26580918372600848 0.032409477102060227 -0.012205877917838262 0.2319007468080547 0.10991515089804661 0.21453332756771024 0.34735945053199041 0.36114247674643996 0.250579896569252 -0.01650396047251227 0.089092568507586636 0.21048988967662269 0.10786463443523467 -0.033332146046288709 0.078372229125879295 -0.014978433422161215
leaf_weight=23304 343 265 40 57 21 23 25 91 41 33 70 109 926 51 355 756 286 224 655 499 448 200 61 1685 232 466 268 893 111 1067
leaf_count=23304 343 265 40 57 21 23 25 91 41 33 70 109 926 51 355 756 286 224 655 499 448 200 61 1685 232 466 268 893 111 1067
internal_value=1.35839e-10 0.20762 0.567742 0.135436 0.457671 0.0616278 -0.0400836 0.238131 1.00085 1.11955 1.2843 0.425282 -0.0406474 0.519324 0.206343 0.00346351 0.0221899 0.232042 0.0727987 0.268672 0.308873 0.30537 0.0576324 -0.0462131 0.122713 0.177814 0.130961 -0.0189352 -0.0235437 -0.00618223
internal_weight=33605 5438 908 4530 724 2568 28167 469 184 143 103 703 28142 394 446 3153 2099 1962 941 1171 672 309 1049 24989 293 791 325 1158 2104 1178
internal_count=33605 5438 908 4530 724 2568 28167 469 184 143 103 703 28142 394 446 3153 2099 1962 941 1171 672 309 1049 24989 293 791 325 1158 2104 1178
is_linear=0
shrinkage=0.03


Tree=7
num_leaves=31
num_cat=0
split_feature=0 0 0 25 0 0 0 25 0 2 0 3 2 8 25 2 0 0 22 0 0 0 25 8 8 8 1 0 8 22
split_gain=658367 151211 92946.6 32738.4 17813.6 15594.6 14411.1 10086.3 7804.37 6377.22 3842.2 3599.39 3521.88 2713.41 2416.37 2280.14 2107.54 1794.92 1496.27 1486.02 1356.13 1262.53 1122.18 1042.71 998.666 841.829 769.656 718.297 707.433 659.773
threshold=19.395000000000003 45.055000000000007 8.9350000000000005 -1.2930645161290319 55.510000000000005 29.145000000000003 4.0650000000000004 -0.65118562535370672 13.285000000000002 25.845000000000002 35.95000000000001 20.785000000000004 35.525000000000013 785.00000000000011 -0.33032258064516123 22.755000000000006 24.73 15.555000000000001 93.500000000000014 5.9150000000000009 1.6150000000000004 15.555000000000001 -0.52868279569892462 785.00000000000011 785.00000000000011 672.50000000000011 30.265000000000004 10.525 672.50000000000011 126.50000000000001
decision_type=2 2 2 2 2 2 2 2 2 2 2 2 2 2 2 2 2 2 2 2 2 2 2 2 2 2 2 2 2 2
left_child=2 5 6 11 13 16 14 18 22 15 23 -4 17 -3 29 -6 25 -13 -8 -9 -16 -10 -5 -7 -12 -2 -20 -24 -18 -1
right_child=1 4 3 8 9 10 7 19 21 -11 24 12 -14 -15 20 -17 28 -19 26 -21 -22 -23 27 -25 -26 -27 -28 -29 -30 -31
leaf_value=-0.050552829935325415 0.45841328700383499 1.0889592806498207 -0.038026527154054947 0.13975119972798092 1.9083480310440062 0.70160459067877823 -0.049466999374432927 0.051387542842214889 0.30008771621491298 1.5220949772426058 0.92356159104241253 0.10794925411505327 -0.022365832661694666 1.459647861627432 -0.032709514523997646 2.2902665990941666 0.57880206924373812 0.2919531688607972 0.0090173982312024194 0.11324055563515195 0.010232177197429106 0.39319173954583547 0.18660740342648591 0.89321778953075404 1.1529007141113281 0.57736026511472816 -0.045170600354567637 0.25330618994740339 0.72093730837799774 -0.040349732358826065
leaf_weight=14194 252 27 410 199 24 127 869 684 242 21 54 269 188 52 1852 34 118 58 1325 715 1030 286 272 32 25 68 287 312 43 9536
leaf_count=14194 252 27 410 199 24 127 869 684 242 21 54 269 188 52 1852 34 118 58 1325 715 1030 286 272 32 25 68 287 312 43 9536
internal_value=6.28657e-10 0.811172 -0.0217367 0.164959 1.6515 0.626511 -0.0354272 0.0185859 0.261383 1.97004 0.825133 0.0282984 0.0811007 1.33296 -0.0433023 2.13223 0.528232 0.140586 -0.0177359 0.0829993 -0.0173626 0.350519 0.201276 0.740168 0.996137 0.48369 -0.000630217 0.222241 0.616764 -0.0464527
internal_weight=33605 877 32728 2236 158 719 30492 3880 1311 79 238 925 515 79 26612 58 481 327 2481 1399 2882 528 783 159 79 320 1612 584 161 23730
internal_count=33605 877 32728 2236 158 719 30492 3880 1311 79 238 925 515 79 26612 58 481 327 2481 1399 2882 528 783 159 79 320 1612 584 161 23730
is_linear=0
shrinkage=0.03


Tree=8
num_leaves=31
num_cat=0
split_feature=5 2 26 25 1 22 7 22 22 22 2 2 2 5 22 22 2 7 5 25 1 8 15 25 25 5 22 4 24 5
split_gain=275136 139660 48524.4 31825.5 20378.9 19731.8 17596.2 11750.2 11001 10410.1 9956.72 9135.09 8623.06 5860.77 5658.15 4364.5 4244.35 4107.42 3843.35 3708.01 2527.77 2030.75 1955.97 1449.9 1201.39 1166.72 820.814 812.254 803.997 739.707
threshold=0.86740000000000006 25.405000000000005 -1.0536129032258066 -0.94790322580645159 23.565000000000001 198.50000000000003 79.153350000000017 208.50000000000003 206.50000000000003 190.50000000000003 24.155000000000005 27.315000000000001 22.755000000000006 0.61465000000000014 74.500000000000014 74.500000000000014 31.185000000000006 74.830400000000012 0.95905000000000007 -0.63928494623655918 24.875000000000004 496.50000000000006 0.045000000000000005 -0.18795161290322573 -0.35645161290322569 0.78565000000000007 95.500000000000014 21.555000000000003 1.5000000000000002 0.77595000000000014
decision_type=2 2 2 2 2 2 2 2 2 2 2 2 2 2 2 2 2 2 2 2 2 2 2 2 2 2 2 2 2 2
left_child=10 2 5 6 7 9 14 12 -7 -2 17 -8 -4 23 -3 -13 -16 -1 24 26 21 -20 -9 -12 28 -21 -15 -22 -5 -19
right_child=1 3 4 18 -6 8 11 22 -10 -11 13 15 -14 19 16 -17 -18 29 20 25 27 -23 -24 -25 -26 -27 -28 -29 -30 -31
leaf_value=0.62412289884957395 1.0707685191814715 -0.054711203360396206 0.7250813833502836 0.22522444891302207 1.3629925666536604 1.7856685829162597 0.80696041563282839 0.21121979664292251 0.98459063106112998 0.37306657113526998 -0.045544241753873241 -0.053803465962409973 0.42994083833259844 -0.046890573460010861 0.11503819511664397 0.22942012951981564 0.011094510915562171 0.069893884526565669 0.44747399750040534 0.022244932709659947 0.22865277169792503 0.2734058133435151 0.35739146002058708 -0.016614474041012902 0.19805790382593294 0.08893018864219876 -0.0080886091967166361 0.14741812907428628 0.10114915604022012 0.25600209870853935
leaf_weight=22 39 628 129 57 21 36 23 171 27 38 23296 56 288 782 591 390 880 40 67 621 333 605 159 1671 466 381 1317 166 268 37
leaf_count=22 39 628 129 57 21 36 23 171 27 38 23296 56 288 782 591 390 880 40 67 621 333 605 159 1671 466 381 1317 166 268 37
internal_value=-4.95907e-10 0.195364 0.534945 0.127298 0.441309 1.0486 0.0577932 0.415398 1.44235 0.726448 -0.0377175 0.223925 0.521243 -0.0387768 0.0206728 0.193858 0.0528557 0.262611 0.21827 0.000121051 0.252779 0.290761 0.281648 -0.043608 0.167182 0.0476013 -0.0225446 0.201629 0.12291 0.159323
internal_weight=33605 5438 908 4530 768 140 2568 747 63 77 28167 469 417 28068 2099 446 1471 99 1962 3101 1171 672 330 24967 791 1002 2099 499 325 77
internal_count=33605 5438 908 4530 768 140 2568 747 63 77 28167 469 417 28068 2099 446 1471 99 1962 3101 1171 672 330 24967 791 1002 2099 499 325 77
is_linear=0
shrinkage=0.03


Tree=9
num_leaves=31
num_cat=0
split_feature=0 0 0 25 0 0 0 25 0 22 0 3 0 8 25 0 0 5 22 0 0 22 12 8 25 7 26 22 0 25
split_gain=598363 137773 82159.8 29142.2 16612.9 14490.7 11969.5 8614.54 7242.06 3672.55 3554.26 3250.8 2769.94 2328.62 2156.27 1950.54 1492.33 1418.27 1263.12 1260.43 1235.76 1032.48 941.399 854.745 795.997 741.94 652.104 611.071 666.349 610.015
threshold=19.395000000000003 45.055000000000007 8.9350000000000005 -1.2930645161290319 55.510000000000005 29.145000000000003 4.0650000000000004 -0.65118562535370672 14.585000000000003 186.50000000000003 35.95000000000001 21.005000000000006 15.075000000000001 785.00000000000011 -0.33032258064516123 24.73 10.525 0.97205000000000008 94.500000000000014 6.1250000000000009 1.6150000000000004 110.50000000000001 0.63500000000000012 785.00000000000011 -1.9692741935483868 78.472250000000017 -0.19772688172043004 126.50000000000001 1.7450000000000003 -0.53209677419354828
decision_type=2 2 2 2 2 2 2 2 2 2 2 2 2 2 2 2 2 2 2 2 2 2 2 2 2 2 2 2 2 2
left_child=2 5 6 11 13 15 14 18 16 -6 23 -4 21 -3 27 25 -5 -11 -8 -9 -16 -13 -12 -7 -14 -2 -10 -1 -29 -18
right_child=1 4 3 8 9 10 7 19 26 17 22 12 24 -15 20 -17 29 -19 -20 -21 -22 -23 -24 -25 -26 -27 -28 28 -30 -31
leaf_value=-0.047693058653400386 0.48141499515680169 1.0417867681715223 -0.034603113462770736 0.15279186924714799 1.5317441082000731 0.67188819960346369 -0.04688497374528762 0.048210842804036792 0.41128027162244241 2.1467702560424806 1.0752634863419968 -0.030696607656398062 0.12552710800636105 1.3851871160360483 -0.030917268410530219 0.58749251057642582 0.17557674059534775 1.8525539490272258 -0.0021079767820979247 0.10524834784591164 0.010074484808469368 0.074881780108463178 0.86527970148169475 0.84537293672561642 0.30156699535981663 0.36437933969497682 0.32787709512493823 -0.042385734408079793 -0.023935403925803306 0.24861623420360238
leaf_weight=14194 260 27 429 364 20 127 877 738 124 30 33 118 41 52 1852 161 136 29 1604 661 1030 284 46 32 53 60 264 7204 2332 423
leaf_count=14194 260 27 429 364 20 127 877 738 124 30 33 118 41 52 1852 161 136 29 1604 661 1030 284 46 32 53 60 264 7204 2332 423
internal_value=-1.56696e-10 0.773324 -0.0207225 0.154806 1.57544 0.597059 -0.0335941 0.0156313 0.24578 1.88306 0.788522 0.0258694 0.0781732 1.26782 -0.0407711 0.502322 0.200064 2.00216 -0.017936 0.0751599 -0.0162672 0.0438911 0.952994 0.706803 0.224784 0.459471 0.354532 -0.0437471 -0.0378738 0.230846
internal_weight=33605 877 32728 2236 158 719 30492 3880 1311 79 238 925 496 79 26612 481 923 59 2481 1399 2882 402 79 159 94 320 388 23730 9536 559
internal_count=33605 877 32728 2236 158 719 30492 3880 1311 79 238 925 496 79 26612 481 923 59 2481 1399 2882 402 79 159 94 320 388 23730 9536 559
is_linear=0
shrinkage=0.03


Tree=10
num_leaves=31
num_cat=0
split_feature=0 0 0 25 0 0 0 25 0 2 0 3 2 9 25 2 0 0 22 0 0 25 0 9 9 22 0 1 7 0
split_gain=563000 129630 77304.1 27419.9 15631.1 13634.3 11273.1 7907.42 6851.42 5462.24 3344.2 3061.22 3148.28 2191 2169.7 2029.88 1835.27 1544.37 1192.56 1107.88 1071.01 940.794 917.909 821.875 804.23 753.74 862.902 710.629 698.091 605.547
threshold=19.395000000000003 45.055000000000007 8.9350000000000005 -1.2930645161290319 55.510000000000005 29.145000000000003 4.2150000000000007 -0.65118562535370672 13.285000000000002 25.845000000000002 35.95000000000001 20.785000000000004 35.525000000000013 9.5000000000000018 -0.18795161290322573 22.755000000000006 24.73 15.555000000000001 93.500000000000014 16.190000000000001 6.1250000000000009 -0.52868279569892462 2.0450000000000004 2.8500000000000005 9.5000000000000018 126.50000000000001 1.7450000000000003 30.265000000000004 78.472250000000017 10.525
decision_type=2 2 2 2 2 2 2 2 2 2 2 2 2 2 2 2 2 2 2 2 2 2 2 2 2 2 2 2 2 2
left_child=2 5 6 11 13 16 14 18 21 15 24 -4 17 -3 25 -6 28 -13 -8 -10 -9 -5 -16 -12 -7 -1 -27 -20 -2 -23
right_child=1 4 3 8 9 10 7 20 19 -11 23 12 -14 -15 22 -17 -18 -19 27 -21 -22 29 -24 -25 -26 26 -28 -29 -30 -31
leaf_value=-0.046192966867689894 0.46697254602725685 1.0105331526862249 -0.036072651475395373 0.12575517308472389 1.7654348850250243 0.6517315515383022 -0.045511466399647968 0.048287793062266444 0.28345119299518096 1.4120024762834822 0.82131038459571626 0.099756940266387498 -0.024036393216315736 1.3436315125685472 -0.022962873135506542 2.1257853833366842 0.56986773721920037 0.27043602976305731 0.0085527273582222778 0.37100887280085992 0.10209089731145227 0.1685670158616096 0.021260164107470478 1.0152257101876394 0.82001175999641418 -0.040637638521200191 -0.020816808447029784 -0.045202649252127795 0.35344795417785646 0.22980770095609698
leaf_weight=14415 260 27 410 199 24 127 825 671 296 21 37 269 188 52 1321 34 161 58 1271 232 661 272 621 42 32 7790 2649 268 60 312
leaf_count=14415 260 27 410 199 24 127 825 671 296 21 37 269 188 52 1321 34 161 58 1271 232 661 272 621 42 32 7790 2649 268 60 312
internal_value=4.90756e-10 0.750124 -0.0201008 0.150162 1.52818 0.579147 -0.0325863 0.0165293 0.238407 1.82657 0.764867 0.0250933 0.0737885 1.22979 -0.0393609 1.97667 0.487252 0.13003 -0.0164089 0.321924 0.0749874 0.182089 -0.00882152 0.924405 0.685599 -0.0417471 -0.0356079 -0.000808183 0.445687 0.201285
internal_weight=33605 877 32728 2236 158 719 30492 3696 1311 79 238 925 515 79 26796 58 481 327 2364 528 1332 783 1942 79 159 24854 10439 1539 320 584
internal_count=33605 877 32728 2236 158 719 30492 3696 1311 79 238 925 515 79 26796 58 481 327 2364 528 1332 783 1942 79 159 24854 10439 1539 320 584
is_linear=0
shrinkage=0.03


Tree=11
num_leaves=31
num_cat=0
split_feature=2 26 3 25 22 2 22 22 2 7 22 22 22 3 6 22 2 3 15 7 23 18 4 26 22 17 3 22 4 8
split_gain=218923 63243.9 30963.7 26473.6 16868.3 15782.9 10211.8 10602.2 17575.2 10202 10016.1 9924.24 9419.96 8783.63 6817.93 6173.18 3867.75 4409.35 3583.99 2613.41 2610.15 2547.56 1748.35 1528.92 1477.4 1427.78 1274.86 1176.23 1036.79 1406.5
threshold=25.405000000000005 -1.0600000000000001 22.785000000000004 -0.18795161290322573 198.50000000000003 23.745000000000001 117.50000000000001 276.50000000000006 33.125000000000007 79.153350000000017 190.50000000000003 206.50000000000003 208.50000000000003 20.925000000000004 16.639450000000004 186.50000000000003 28.285000000000004 22.105000000000004 0.045000000000000005 73.984100000000012 2.5000000000000004 24.500000000000004 13.055000000000001 -0.26020215053763435 172.50000000000003 21.000000000000004 17.915000000000003 202.50000000000003 14.675000000000002 521.00000000000011
decision_type=2 2 2 2 2 2 2 2 2 2 2 2 2 2 2 2 2 2 2 2 2 2 2 2 2 2 2 2 2 2
left_child=1 4 5 6 10 12 -2 8 9 -8 15 27 14 26 -3 -1 17 28 25 -14 -20 -15 23 -18 -10 -19 -7 -6 -5 -30
right_child=3 2 -4 16 11 13 7 -9 24 -11 -12 -13 19 21 -16 -17 22 18 20 -21 -22 -23 -24 -25 -26 -27 -28 -29 29 -31
leaf_value=0.64408297920227053 -0.040617860133451901 0.47804990913155604 1.4839479421377182 0.14172438259504269 1.4643046417236327 -0.037479396119713786 0.045361508888706867 -0.037791440809403408 -0.027861414403995578 0.20108672647359166 0.34541189217567447 0.89058328526360642 0.43571589686653828 0.51816848870204846 0.88583768610159552 1.3894595432281494 0.0034606901102934972 0.31186860420487139 0.61335569266615242 0.18598516424745321 0.2414678262355851 0.27560946305271455 0.03222310136742413 0.15586168211712703 0.040386738806962967 0.12547309450050495 0.11582504936458386 1.7896674785614013 0.21281554823780946 0.041632803658264154
leaf_weight=20 15160 205 20 160 20 60 3538 5517 4458 424 40 28 55 46 45 20 83 44 29 120 41 255 1610 207 305 232 262 20 47 534
leaf_count=20 15160 205 20 160 20 60 3538 5517 4458 424 40 28 55 46 45 20 83 44 29 120 41 255 1610 207 305 232 262 20 47 534
internal_value=-4.31634e-10 0.395182 0.314642 -0.0148366 0.976372 0.292327 -0.0234814 -0.0052404 0.0153423 0.0620267 0.681092 1.32376 0.433284 0.196169 0.551452 1.01677 0.0702576 0.115391 0.203814 0.264472 0.395536 0.312678 0.0444367 0.112243 -0.0234911 0.155188 0.087259 1.62699 0.0741028 0.0554806
internal_weight=33605 1216 1068 32389 148 1048 29402 14242 8725 3962 80 68 425 623 250 40 2987 1087 346 175 70 301 1900 290 4763 276 322 40 741 581
internal_count=33605 1216 1068 32389 148 1048 29402 14242 8725 3962 80 68 425 623 250 40 2987 1087 346 175 70 301 1900 290 4763 276 322 40 741 581
is_linear=0
shrinkage=0.03


Tree=12
num_leaves=31
num_cat=0
split_feature=0 0 0 25 0 0 0 25 0 22 7 0 25 0 8 0 0 7 25 22 0 0 0 12 1 8 7 12 0 25
split_gain=513700 117040 70466.7 24697.5 14434.6 12462.3 10166.4 7610.17 6333.89 3165.61 5379.01 3054.87 2853.74 2874.35 1887.98 1701.15 1696.62 1188.83 1170.03 1163.17 1013.49 818.751 773.809 734.825 684.836 664.284 615.304 566.768 520.796 491.181
threshold=19.395000000000003 45.055000000000007 8.9350000000000005 -1.2930645161290319 55.510000000000005 29.145000000000003 3.3250000000000006 -0.65118562535370672 13.285000000000002 202.50000000000003 76.966650000000016 35.95000000000001 -1.8455967741935482 12.320000000000002 785.00000000000011 5.9150000000000009 24.73 79.153350000000017 -0.18795161290322573 93.500000000000014 15.555000000000001 10.525 12.955000000000002 0.63500000000000012 30.265000000000004 785.00000000000011 78.472250000000017 0.71000000000000008 14.585000000000003 -0.41918279569892464
decision_type=2 2 2 2 2 2 2 2 2 2 2 2 2 2 2 2 2 2 2 2 2 2 2 2 2 2 2 2 2 2
left_child=2 5 6 12 14 16 18 19 21 10 -6 25 17 -14 -3 -9 26 -4 -1 -8 -10 29 -19 -13 -21 -7 -2 -18 -15 -5
right_child=1 4 3 8 9 11 7 15 20 -11 -12 23 13 28 -16 -17 27 22 -20 24 -22 -23 -24 -25 -26 -27 -28 -29 -30 -31
leaf_value=-0.040566831389737219 0.44623040655943064 0.96556154886881507 -0.032819568277644609 0.086036250660909669 1.9137246820201044 0.62508444786071771 -0.043326264647395391 0.033798073738577177 0.26222375540693932 1.9727295613288878 1.2716999459266662 0.99213013562289143 0.025017759090950411 0.14511045040828841 1.2747692805070143 0.094016930703786888 0.60021028725497694 0.014894896058738233 -0.015127343462268874 0.0023102765954363838 0.34564144609691377 0.20155162275237584 0.17452482894409535 0.8066101157146951 -0.041034261509500167 0.77802398264408112 0.33964960622787477 0.48758121967315671 0.26949568466706708 0.16253145626488827
leaf_weight=23714 260 27 499 107 23 127 1153 1031 242 32 24 33 186 56 52 715 83 75 1747 1727 286 419 43 46 405 32 60 78 66 257
leaf_count=23714 260 27 499 107 23 127 1153 1031 242 32 24 33 186 56 52 715 83 75 1747 1727 286 419 43 46 405 32 60 78 66 257
internal_value=5.57182e-10 0.71653 -0.0192006 0.143358 1.45584 0.554067 -0.0311211 0.00784808 0.227108 1.74258 1.58588 0.731625 0.0246605 0.0992409 1.16909 0.0584581 0.466211 -0.0125693 -0.0388213 -0.0190515 0.307408 0.172959 0.0730651 0.884106 -0.00592356 0.655865 0.426247 0.545645 0.212401 0.140045
internal_weight=33605 877 32728 2236 158 719 30492 5031 1311 79 47 238 925 308 79 1746 481 617 25461 3285 528 783 118 79 2132 159 320 161 122 364
internal_count=33605 877 32728 2236 158 719 30492 5031 1311 79 47 238 925 308 79 1746 481 617 25461 3285 528 783 118 79 2132 159 320 161 122 364
is_linear=0
shrinkage=0.03


Tree=13
num_leaves=31
num_cat=0
split_feature=0 0 0 0 22 0 0 0 2 0 22 22 2 22 0 2 13 22 1 1 3 22 2 0 16 22 22 1 8 12
split_gain=483389 124484 52153.1 16639.3 14238.9 13581.5 8362.25 6221.76 4326.51 4067.01 3016.89 2619.11 3075.65 2219.28 1989.02 1854.09 1789.85 1501.18 1413.66 1406.01 1058.11 942.795 1669.26 1242.06 899.419 757.311 806.105 1132.13 738.21 691.397
threshold=17.620000000000001 45.055000000000007 7.495000000000001 26.785000000000004 110.50000000000001 55.510000000000005 12.320000000000002 3.1250000000000004 25.845000000000002 35.95000000000001 124.50000000000001 276.50000000000006 35.355000000000011 278.50000000000006 20.515000000000004 22.755000000000006 0.090000000000000011 276.50000000000006 28.875000000000004 27.575000000000003 19.685000000000006 74.500000000000014 33.985000000000007 12.320000000000002 33.500000000000007 126.50000000000001 276.50000000000006 25.775000000000002 785.00000000000011 0.63500000000000012
decision_type=2 2 2 2 2 2 2 2 2 2 2 2 2 2 2 2 2 2 2 2 2 2 2 2 2 2 2 2 2 2
left_child=2 3 7 14 21 16 11 25 15 24 -9 12 -6 19 20 -7 -3 18 -12 -8 -2 -4 23 -23 -5 -1 27 -27 -16 -11
right_child=1 5 4 9 6 8 13 10 -10 29 17 -13 -14 -15 28 -17 -18 -19 -20 -21 -22 22 -24 -25 -26 26 -28 -29 -30 -31
leaf_value=-0.042702075487684281 0.14587617009878159 0.8887579364776611 -0.049432812046278217 0.66151172322438179 0.13384816174019765 1.622005820274353 0.26055083499865583 -0.033554298166943768 1.321341312953404 0.9623662289706143 0.039885440313291574 0.011272189666658407 -0.013704126231993238 0.056440598102716295 0.42559849369244313 1.9663996932085821 1.2171569785425218 -0.021704316506097214 -0.01947630556117157 0.14320614634333428 0.35570322235969648 0.025158319034074481 -0.039558077130366014 0.23599597247441609 0.54467208443401016 -0.0065196212622195375 -0.041611701381613846 -0.033673418294805586 0.53821378101002082 0.78241181000419291
leaf_weight=13815 24 20 401 133 1086 24 534 1600 21 33 1914 257 144 65 254 34 59 687 445 111 219 57 148 45 107 1992 4752 4512 66 46
leaf_count=13815 24 20 401 133 1086 24 534 1600 21 33 1914 257 144 65 254 34 59 687 445 111 219 57 148 45 107 1992 4752 4512 66 46
internal_value=1.70557e-10 0.636688 -0.0203333 0.497771 0.102303 1.41216 0.138817 -0.0320865 1.6903 0.670878 -0.000198873 0.0983744 0.116574 0.223519 0.399688 1.82389 1.13402 0.017322 0.0286875 0.240357 0.33498 -0.0209267 0.024797 0.118175 0.609421 -0.0379957 -0.0322193 -0.0253569 0.448825 0.857583
internal_weight=33605 1040 32565 882 2848 158 2197 29717 79 319 4646 1487 1230 710 563 58 79 3046 2359 645 243 651 250 102 240 25071 11256 6504 320 79
internal_count=33605 1040 32565 882 2848 158 2197 29717 79 319 4646 1487 1230 710 563 58 79 3046 2359 645 243 651 250 102 240 25071 11256 6504 320 79
is_linear=0
shrinkage=0.03


Tree=14
num_leaves=31
num_cat=0
split_feature=0 0 0 25 0 0 0 25 0 2 0 3 2 0 2 8 25 25 0 22 0 0 25 8 0 12 8 1 0 0
split_gain=454847 110651 55430.3 20739.3 13268.4 12778.9 9022.43 6251.44 4506.81 4070.81 2690.29 2240.28 2642.73 2229.65 1744.51 1691.01 1575.83 1162.85 1083.36 953.747 862.63 834.483 753.631 742.565 676.512 650.535 611.149 582.963 515.058 480.155
threshold=18.420000000000005 45.055000000000007 8.9350000000000005 -1.2930645161290319 29.145000000000003 55.510000000000005 4.2150000000000007 -0.65118562535370672 13.285000000000002 25.845000000000002 35.95000000000001 21.435000000000006 35.595000000000006 22.875000000000004 22.755000000000006 785.00000000000011 -0.33032258064516123 -1.8455967741935482 1.6150000000000004 93.500000000000014 6.1250000000000009 13.655000000000003 -0.52868279569892462 785.00000000000011 15.075000000000001 0.63500000000000012 785.00000000000011 30.265000000000004 10.525 15.075000000000001
decision_type=2 2 2 2 2 2 2 2 2 2 2 2 2 2 2 2 2 2 2 2 2 2 2 2 2 2 2 2 2 2
left_child=2 4 6 11 13 15 16 19 22 14 26 -4 21 17 -7 -3 -1 -2 -18 -8 -9 -13 -5 -15 -10 -12 -6 -21 -24 -14
right_child=1 5 3 8 10 9 7 20 24 -11 25 12 29 23 -16 -17 18 -19 -20 27 -22 -23 28 -25 -26 -27 -28 -29 -30 -31
leaf_value=-0.037906014335029124 0.17326139030456542 0.90737774954901795 -0.02682222669666369 0.11322783968425425 0.58814255639324031 1.5733456420898437 -0.040671660597215997 0.042657027377090491 0.23833091740364803 1.2817010552542549 0.93349524411288176 0.088070145899365682 -0.04100343915339439 0.4631922999934146 1.9074076921799603 1.2000115145169772 -0.028473201853700371 0.38633040286399223 0.009410302249490363 0.0077842689759994137 0.090943302448195054 0.19938921959169448 0.15065394908244559 0.59211670651155357 0.31193808849041277 0.75893945963486387 0.73483791410923005 -0.040903596592260831 0.20713386223006708 0.11518539190292358
leaf_weight=23871 25 27 466 199 127 24 825 671 191 21 33 174 155 190 34 52 1852 296 1073 1271 661 93 272 51 273 46 32 268 312 20
leaf_count=23871 25 27 466 199 127 24 825 671 191 21 33 174 155 190 34 52 1852 296 1073 1271 661 93 272 51 273 46 32 268 312 20
internal_value=1.60539e-10 0.644304 -0.0189066 0.128136 0.501019 1.3698 -0.0292987 0.0146412 0.207551 1.63959 0.688763 0.0190709 0.0674561 0.421512 1.76918 1.1 -0.0353594 0.369736 -0.0145761 -0.0146457 0.0666189 0.126844 0.163647 0.490475 0.281639 0.831855 0.617666 -0.00069419 0.180828 -0.0231533
internal_weight=33605 958 32647 2155 800 158 30492 3696 1247 79 238 908 442 562 58 79 26796 321 2925 2364 1332 267 783 241 464 79 159 1539 584 175
internal_count=33605 958 32647 2155 800 158 30492 3696 1247 79 238 908 442 562 58 79 26796 321 2925 2364 1332 267 783 241 464 79 159 1539 584 175
is_linear=0
shrinkage=0.03


Tree=15
num_leaves=31
num_cat=0
split_feature=0 0 0 0 22 0 0 0 2 0 22 22 24 0 2 13 22 22 1 24 1 24 3 19 22 22 1 7 12 8
split_gain=428160 110158 46210.2 14760.9 12684.6 12023.6 7451.56 5551.23 3830.22 3586.26 2756.88 2687.51 2241.2 1765.84 1641.41 1603.25 1534.68 1377.84 1361.16 1341.05 1265.37 1059.07 954.366 812.269 695.082 741.039 1038.55 676.629 612.088 497.415
threshold=17.620000000000001 45.055000000000007 7.495000000000001 26.785000000000004 110.50000000000001 55.510000000000005 11.705000000000002 3.1250000000000004 25.845000000000002 35.95000000000001 276.50000000000006 124.50000000000001 2.5000000000000004 20.515000000000004 22.755000000000006 0.090000000000000011 276.50000000000006 276.50000000000006 27.575000000000003 2.5000000000000004 28.875000000000004 3.5000000000000004 19.685000000000006 7.1000000000000005 126.50000000000001 276.50000000000006 25.775000000000002 79.153350000000017 0.63500000000000012 785.00000000000011
decision_type=2 2 2 2 2 2 2 2 2 2 2 2 2 2 2 2 2 2 2 2 2 2 2 2 2 2 2 2 2 2
left_child=2 3 7 13 19 15 12 24 14 23 18 -9 -6 22 -7 -3 -14 20 -8 -4 -13 -12 -2 -5 -1 26 -26 -15 -11 -24
right_child=1 5 4 9 6 8 10 11 -10 28 21 17 16 27 -16 -17 -18 -19 -20 -21 -22 -23 29 -25 25 -27 -28 -29 -30 -31
leaf_value=-0.040290375421482748 0.13558802738785744 0.8348738594055175 0.17940252369847792 0.62336897290738902 0.14583925596118844 1.5261452722549438 0.23898817805409528 -0.031561371609941123 1.243250034877232 0.90549039320512248 0.2332558134623936 0.037940287783137613 0.08177196469125475 0.44077632828670388 1.8501855132159064 1.1456834909471414 -0.011626208259988186 -0.020931494631591011 0.13312940393175396 -0.029305695612881918 -0.018221750057647736 -0.009259266886912601 0.3099527381999152 0.51233418295316613 -0.0056259135647286958 -0.039252885114192851 -0.031633297718288572 0.3186058095097542 0.73617127480714206 0.41692301862380082
leaf_weight=13815 24 20 29 133 411 24 614 1600 21 33 21 1914 746 272 34 59 201 687 133 622 445 71 168 107 1992 4752 4512 48 46 51
leaf_count=13815 24 20 29 133 411 24 614 1600 21 33 21 1914 746 272 34 59 201 687 133 622 445 71 168 107 1992 4752 4512 48 46 51
internal_value=6.23394e-10 0.599213 -0.0191365 0.468533 0.0963011 1.3287 0.130765 -0.0301998 1.59041 0.631576 0.201056 -7.94445e-05 0.087338 0.376152 1.7161 1.067 0.0619483 0.0164574 0.22014 -0.0200084 0.0273459 0.0460974 0.315182 0.573866 -0.0357815 -0.0302475 -0.0236679 0.422451 0.8069 0.334864
internal_weight=33605 1040 32565 882 2848 158 2197 29717 79 319 839 4646 1358 563 58 79 947 3046 747 651 2359 92 243 240 25071 11256 6504 320 79 219
internal_count=33605 1040 32565 882 2848 158 2197 29717 79 319 839 4646 1358 563 58 79 947 3046 747 651 2359 92 243 240 25071 11256 6504 320 79 219
is_linear=0
shrinkage=0.03


Tree=16
num_leaves=31
num_cat=0
split_feature=0 0 0 22 0 0 0 0 22 22 1 22 7 0 22 1 8 24 0 0 24 22 22 26 22 22 22 12 8 7
split_gain=402879 91669.5 55494.2 12760.3 11313 9823.09 8009.72 7375.3 3245.23 3118.56 2847.86 2822.89 4753.1 2369.18 1547.03 1659.39 1514.58 1380.37 1366.58 1364.49 1262.43 1050.35 1006.99 786.118 638.244 624.714 1532.41 575.914 562.381 525.964
threshold=19.395000000000003 45.055000000000007 8.9350000000000005 110.50000000000001 55.510000000000005 29.145000000000003 4.455000000000001 15.075000000000001 115.50000000000001 276.50000000000006 30.205000000000002 202.50000000000003 76.966650000000016 35.95000000000001 276.50000000000006 28.875000000000004 785.00000000000011 2.5000000000000004 2.1950000000000007 24.73 3.5000000000000004 280.50000000000006 127.50000000000001 -0.20280758347481612 276.50000000000006 74.500000000000014 77.500000000000014 0.63500000000000012 785.00000000000011 78.472250000000017
decision_type=2 2 2 2 2 2 2 2 2 2 2 2 2 2 2 2 2 2 2 2 2 2 2 2 2 2 2 2 2 2
left_child=2 5 6 17 16 19 18 9 -8 10 -5 12 -6 28 15 -10 -3 -4 -1 29 -11 23 -20 -9 -24 -19 -27 -15 -7 -2
right_child=1 4 3 7 11 13 8 21 14 20 -12 -13 -14 27 -16 -17 -18 25 22 -21 -22 -23 24 -25 -26 26 -28 -29 -30 -31
leaf_value=-0.036091231373247538 0.39540673723587622 0.85269279268052833 0.20604132070541381 0.16193680159253215 1.7028995878800099 0.55337093443382446 -0.030047736872326244 0.35396629686866488 0.058405127917775447 0.14057442390312583 -0.035574581801891325 1.7600279939174652 1.0993831706047057 0.87832567735151812 -0.013140768064470494 -0.018358916167914865 1.1296406518495998 -0.049330416704080095 -0.034546587691601641 0.48400621917677217 -0.023542418805630627 0.08236361205577851 0.0028413106017121542 0.25987651642932685 -0.030227654436964867 0.19686723470687864 -0.025467274708132589 0.7140861324642015 0.69409172058105462 0.29686691546440119
leaf_weight=22477 260 27 25 1070 23 127 990 112 1633 59 70 32 24 33 491 300 52 289 1945 161 148 24 1935 279 721 36 124 46 32 60
leaf_count=22477 260 27 25 1070 23 127 990 112 1633 59 70 32 24 33 491 300 52 289 1945 161 148 24 1935 279 721 36 124 46 32 60
internal_value=3.79164e-10 0.634551 -0.0170038 0.127255 1.28884 0.490771 -0.0275824 0.164426 0.0157201 0.130358 0.149809 1.54269 1.39472 0.648411 0.0344125 0.0464914 1.03499 -0.0109202 -0.033042 0.412771 0.0232348 0.275004 -0.0181459 0.286828 -0.00613562 -0.0230005 0.024558 0.782693 0.581692 0.376931
internal_weight=33605 877 32728 2236 158 719 30492 1762 3414 1347 1140 79 47 238 2424 1933 79 474 27078 481 207 415 4601 391 2656 449 160 79 159 320
internal_count=33605 877 32728 2236 158 719 30492 1762 3414 1347 1140 79 47 238 2424 1933 79 474 27078 481 207 415 4601 391 2656 449 160 79 159 320
is_linear=0
shrinkage=0.03


Tree=17
num_leaves=31
num_cat=0
split_feature=0 0 0 25 0 0 0 25 0 22 25 0 3 1 25 0 13 0 0 25 25 0 0 25 17 22 12 3 0 25
split_gain=379262 97476.8 40999.5 19056.3 13066.1 10644.4 7160.98 3568.56 3168.01 2656.06 4474.4 2048.34 1922.94 2128.3 1598.47 1451.64 1436.11 1289.3 1135.11 1050.34 845.284 749.541 742.979 1083.93 725.979 686.801 541.877 439.303 433.042 401.811
threshold=17.620000000000001 45.055000000000007 6.6850000000000014 -1.2432258064516126 26.785000000000004 55.510000000000005 10.525 -0.1566935483870967 35.95000000000001 202.50000000000003 2.2654354838709683 2.6550000000000007 21.155000000000005 27.675000000000004 -0.91839784946236547 2.9250000000000003 0.090000000000000011 14.585000000000003 12.320000000000002 -0.77983333333333327 -0.34803225806451604 21.710000000000004 20.515000000000004 -1.8455967741935482 41.000000000000007 127.50000000000001 0.63500000000000012 19.685000000000006 8.0850000000000026 -0.74782258064516116
decision_type=2 2 2 2 2 2 2 2 2 2 2 2 2 2 2 2 2 2 2 2 2 2 2 2 2 2 2 2 2 2
left_child=2 4 7 12 14 16 20 15 24 10 -7 -9 -4 18 22 -1 -3 29 -14 27 -5 -16 23 -2 -6 -15 -10 -17 -22 -8
right_child=1 5 3 6 8 9 17 11 26 -11 -12 -13 13 25 21 19 -18 -19 -20 -21 28 -23 -24 -25 -26 -27 -28 -29 -30 -31
leaf_value=-0.035260758037339017 0.063530540301881988 0.78424685668945304 -0.031621813838857982 0.060534103462145696 0.48887396781170955 1.0898147260225735 0.13214988055795726 -0.015288137507472526 0.85197590307755899 1.7072271877527236 1.6785784803118022 0.044259227790455352 0.059581425096481469 -0.041099900992272731 0.34923790721459824 -0.039991029704675864 1.0784095195188361 0.26662652163023359 0.1866165187070658 0.011669974148636679 0.085751506521304199 0.43178489955266314 0.33858587823263026 0.29243949679227971 0.5932420870409173 0.032964186474680905 0.69266355203545604 -0.015677629975121832 0.13676301195360208 0.19844451665274193
leaf_weight=23131 29 20 756 416 122 26 101 1375 33 32 21 836 208 231 220 1045 59 267 91 967 254 180 82 52 118 220 46 1858 365 444
leaf_count=23131 29 20 756 416 122 26 101 1375 33 32 21 836 208 231 220 1045 59 267 91 967 254 180 82 52 118 220 46 1858 365 444
internal_value=2.69286e-11 0.563959 -0.0180107 0.0813464 0.441032 1.25018 0.145927 -0.029415 0.594429 1.49641 1.35288 0.00722728 0.00214276 0.0361774 0.354115 -0.0324155 1.00394 0.212618 0.0982443 -0.0154095 0.0936054 0.386384 0.274928 0.210484 0.540188 -0.00497108 0.759212 -0.0244298 0.115831 0.186159
internal_weight=33605 1040 32565 3353 882 158 1847 29212 319 79 47 2211 1506 750 563 27001 79 812 299 3870 1035 400 163 81 240 451 79 2903 619 545
internal_count=33605 1040 32565 3353 882 158 1847 29212 319 79 47 2211 1506 750 563 27001 79 812 299 3870 1035 400 163 81 240 451 79 2903 619 545
is_linear=0
shrinkage=0.03


Tree=18
num_leaves=31
num_cat=0
split_feature=0 0 0 25 0 0 0 25 0 2 0 3 2 2 25 8 0 0 22 25 25 16 0 0 25 2 12 0 2 0
split_gain=356847 91715.9 38595.2 17108.9 12293.9 10015.3 5886.78 4708.22 3506.79 3262.02 2980.78 1739.52 2182.02 1611.25 1504 1356.56 917.4 895.527 840.18 801.332 781.354 706.151 705.243 699.069 1019.87 546.73 509.853 482.88 476.037 459.626
threshold=17.620000000000001 45.055000000000007 8.2450000000000028 -1.2432258064516126 26.785000000000004 55.510000000000005 3.1250000000000004 -0.45470005659309559 12.585000000000003 25.845000000000002 35.95000000000001 21.155000000000005 35.475000000000001 22.755000000000006 -0.91839784946236547 785.00000000000011 12.320000000000002 5.5050000000000008 93.500000000000014 -0.11772043010752689 -0.53209677419354828 33.500000000000007 21.710000000000004 20.515000000000004 -1.8455967741935482 35.235000000000007 0.63500000000000012 15.075000000000001 26.045000000000005 10.055000000000001
decision_type=2 2 2 2 2 2 2 2 2 2 2 2 2 2 2 2 2 2 2 2 2 2 2 2 2 2 2 2 2 2
left_child=2 4 6 11 14 15 19 18 20 13 21 -4 16 -7 23 -3 -13 -9 -8 -1 -5 -6 -16 24 -2 -20 -12 -10 -21 -22
right_child=1 5 3 8 10 9 7 17 27 -11 26 12 -14 -15 22 -17 -18 -19 25 28 29 -23 -24 -25 -26 -27 -28 -29 -30 -31
leaf_value=-0.033986670073416179 0.061624626578955816 0.80129666858249238 -0.030379612883874054 0.080054189012891755 0.57013887986204681 1.3793162679672242 -0.036443379274565597 0.027581364535552971 0.20691637004166841 1.1311476026262555 0.82641662944446914 0.052680630045989066 -0.029027054883609307 1.7003650272593778 0.33876077049428766 1.0633991586245022 0.15324970643885816 0.074379121765671741 0.0039338734276674701 0.042840417278723585 0.1240647057068002 0.466610872767796 0.41883135191599524 0.32842830192751998 0.28366631214435278 -0.027377554179472817 0.67188364070394757 0.2666165444917149 -0.016392629057554158 0.17480132098321791
leaf_weight=23657 29 27 522 197 133 24 1207 885 280 21 33 202 214 34 220 52 137 630 1636 135 336 107 180 82 52 724 46 216 1279 308
leaf_count=23657 29 27 522 197 133 24 1207 885 280 21 33 202 214 34 220 52 137 630 1636 135 336 107 180 82 52 724 46 216 1279 308
internal_value=5.02388e-10 0.54704 -0.0174704 0.0980049 0.427801 1.21267 -0.0267074 0.00273429 0.169649 1.45152 0.576596 0.0088993 0.0459763 1.56752 0.343492 0.97382 0.0933236 0.0470418 -0.0160843 -0.0326754 0.132337 0.523983 0.374793 0.26668 0.20417 -0.00567184 0.736435 0.232915 -0.0107374 0.14833
internal_weight=33605 1040 32565 2412 882 158 30153 5082 1337 79 319 1075 553 58 563 79 339 1515 3567 25071 841 240 400 163 81 2360 79 496 1414 644
internal_count=33605 1040 32565 2412 882 158 30153 5082 1337 79 319 1075 553 58 563 79 339 1515 3567 25071 841 240 400 163 81 2360 79 496 1414 644
is_linear=0
shrinkage=0.03


Tree=19
num_leaves=31
num_cat=0
split_feature=5 2 26 25 3 22 7 22 2 2 22 22 2 3 5 3 22 2 25 5 4 15 22 2 9 3 2 25 5 16
split_gain=145032 73785.5 25102.5 17649 14171.8 9902.22 9430.7 6194.02 5551.51 5460.9 5246.96 5231.6 5039.53 3466.71 3198.14 3095.11 3079.84 2580.29 2193.94 2073.17 1139.65 1006.07 731.98 683.488 665.81 633.053 829.821 580.31 547.567 473.647
threshold=0.86740000000000006 25.405000000000005 -1.0536129032258066 -0.9556890209394453 22.755000000000006 198.50000000000003 79.153350000000017 206.50000000000003 24.155000000000005 27.315000000000001 208.50000000000003 190.50000000000003 22.755000000000006 21.585000000000004 0.56555000000000011 20.625000000000004 74.500000000000014 31.185000000000006 -0.45346774193548395 0.95905000000000007 17.085000000000004 0.045000000000000005 272.50000000000006 32.555000000000007 2.4000000000000004 19.725000000000005 30.185000000000006 -0.33032258064516123 0.79420000000000013 39.000000000000007
decision_type=2 2 2 2 2 2 2 2 2 2 2 2 2 2 2 2 2 2 2 2 2 2 2 2 2 2 2 2 2 2
left_child=8 2 5 6 10 11 16 -7 15 -8 12 -2 -4 -11 27 -1 -3 -18 25 23 22 -12 -21 29 -22 -16 -27 -10 -20 -5
right_child=1 3 4 19 -6 7 9 -9 14 13 21 -13 -14 -15 18 -17 17 -19 28 20 24 -23 -24 -25 -26 26 -28 -29 -30 -31
leaf_value=0.1124719275788793 0.77399075874915491 -0.042693997224489341 0.52681407917377554 0.1515742679091277 1.0899280722226414 1.2946618525187172 0.61264443117639289 0.69356448809305826 -0.033742193891083204 -0.026586698837332671 0.16123056245310974 0.27938416543759798 0.30057020702652709 0.18095832430719214 -0.036572430532304821 0.53025259932875635 0.085412604420312815 0.0040948671641345179 0.021030797568926184 0.23794919790985178 0.18513928033384766 0.2652647822433048 0.13731870801402971 0.054758949968164133 0.12585844835188861 0.037423163774526778 -0.015376692497275008 -0.018368650510484915 0.069495259998178724 0.098731607539660246
leaf_weight=79 39 626 129 454 21 36 23 27 21806 91 173 38 283 355 925 20 588 872 709 392 418 162 78 115 288 324 1547 2459 298 230
leaf_count=79 39 626 129 454 21 36 23 27 21806 91 173 38 283 355 925 20 588 872 709 392 418 162 78 115 288 324 1547 2459 298 230
internal_value=-4.24785e-10 0.141841 0.388668 0.0923667 0.321321 0.758116 0.0403047 1.03705 -0.0273843 0.161859 0.299714 0.529899 0.371409 0.138612 -0.0281752 0.196872 0.0129755 0.0368448 -0.00259577 0.159718 0.185053 0.21154 0.221249 0.122428 0.160957 -0.0162704 -0.00623337 -0.0321842 0.0353728 0.133806
internal_weight=33605 5438 908 4530 768 140 2555 63 28167 469 747 77 412 446 28068 99 2086 1460 3803 1975 1176 335 470 799 706 2796 1871 24265 1007 684
internal_count=33605 5438 908 4530 768 140 2555 63 28167 469 747 77 412 446 28068 99 2086 1460 3803 1975 1176 335 470 799 706 2796 1871 24265 1007 684
is_linear=0
shrinkage=0.03


Tree=20
num_leaves=31
num_cat=0
split_feature=5 2 26 25 3 7 4 2 2 2 18 3 2 5 3 21 25 25 5 4 3 4 26 24 6 2 25 3 2 25
split_gain=136461 69424.7 23618.9 16606 13334.3 8873.35 6959.93 5223.42 5138.16 4971.91 3993.26 3261.82 3119.97 3009.13 2912.19 2902.02 2758.86 2064.28 1950.65 1913.99 1749.11 1072.3 706.033 677.704 669.113 650.592 649.883 595.64 781.302 546.013
threshold=0.86740000000000006 25.405000000000005 -1.0536129032258066 -0.9556890209394453 22.755000000000006 79.153350000000017 16.685000000000006 24.155000000000005 27.315000000000001 22.755000000000006 24.500000000000004 21.585000000000004 23.285000000000004 0.56555000000000011 20.625000000000004 7.5000000000000009 -1.6525806451612901 -0.45346774193548395 0.95905000000000007 20.115000000000006 20.195000000000004 17.085000000000004 0.33362419354838702 2.5000000000000004 16.639450000000004 26.195000000000004 -0.35645161290322569 19.725000000000005 29.745000000000001 -0.33032258064516123
decision_type=2 2 2 2 2 2 2 2 2 2 2 2 2 2 2 2 2 2 2 2 2 2 2 2 2 2 2 2 2 2
left_child=7 2 6 5 9 16 23 14 -7 15 -11 -10 19 29 -1 -4 22 27 26 -8 -18 25 -3 -2 -23 -20 -5 -15 -29 -9
right_child=1 3 4 18 -6 8 12 13 11 10 -12 -13 -14 17 -16 -17 20 -19 21 -21 -22 24 -24 -25 -26 -27 -28 28 -30 -31
leaf_value=0.10909776953143316 0.335207165990557 -0.026900900540824148 0.49807486714257132 0.086749168470971749 1.0572302314213342 0.59426510624263595 0.85722548007965094 -0.032729928168634237 -0.025789097298632612 0.4614418892513521 0.21429471410417594 0.17552957386014537 0.63587494214375817 -0.035475257894789447 0.51434502933919424 0.25013743011220807 -0.011305232756881863 0.034311628943295772 0.34305436199361627 1.199013604131238 0.077598690084272587 0.10675453689895936 0.049180991155345265 0.55321465578946194 0.17340403198654519 0.20491199700247059 0.14162700799905373 0.042102560171450691 -0.013851880353165397 -0.017817590733478394
leaf_weight=79 21 1021 135 333 21 23 30 21806 91 67 483 355 27 925 20 62 286 1007 33 29 656 183 123 33 523 437 466 261 1610 2459
leaf_count=79 21 1021 135 333 21 23 30 21806 91 67 483 355 27 925 20 62 286 1007 33 29 656 183 123 33 523 437 466 261 1610 2459
internal_value=-4.56401e-10 0.137586 0.377008 0.0895957 0.311682 0.0390956 0.735373 -0.0265627 0.157003 0.290722 0.244402 0.134453 0.902986 -0.02733 0.190966 0.420044 0.0125862 -0.0025179 0.154926 1.02522 0.0506066 0.179501 -0.0187208 0.468434 0.156128 0.214611 0.118756 -0.0157823 -0.00604637 -0.0312187
internal_weight=33605 5438 908 4530 768 2555 140 28167 469 747 550 446 86 28068 99 197 2086 3803 1975 59 942 1176 1144 54 706 470 799 2796 1871 24265
internal_count=33605 5438 908 4530 768 2555 140 28167 469 747 550 446 86 28068 99 197 2086 3803 1975 59 942 1176 1144 54 706 470 799 2796 1871 24265
is_linear=0
shrinkage=0.03


Tree=21
num_leaves=31
num_cat=0
split_feature=0 0 0 25 0 0 0 25 0 22 7 0 25 25 8 0 7 0 0 22 1 22 3 12 7 26 25 25 22 0
split_gain=313719 71728.9 40972.4 14687.6 9220.35 8062.73 6930.63 5191.97 3965.15 2333.71 3899.34 2006.71 1205.3 1155.23 1112.63 1073.01 961.86 943.44 886.069 728.762 591.533 574.224 547.673 507.317 427.167 419.294 414.569 393.233 387.71 468.62
threshold=19.395000000000003 45.055000000000007 9.8650000000000002 -1.7113469156762873 55.510000000000005 31.605000000000004 4.455000000000001 -0.76867204301075265 14.585000000000003 202.50000000000003 76.966650000000016 24.73 -0.33032258064516123 -1.0189516129032257 597.50000000000011 8.0850000000000026 79.153350000000017 35.95000000000001 1.6150000000000004 94.500000000000014 30.395000000000003 340.50000000000006 22.175000000000004 0.53500000000000014 78.472250000000017 -0.22067956989247314 -0.595157894736842 -0.029499999999999939 95.500000000000014 1.7450000000000003
decision_type=2 2 2 2 2 2 2 2 2 2 2 2 2 2 2 2 2 2 2 2 2 2 2 2 2 2 2 2 2 2
left_child=2 5 6 16 14 11 12 19 13 10 -6 24 28 20 -3 27 -4 -7 -14 -8 -5 -21 -18 -13 -2 -10 -19 -9 -1 -30
right_child=1 4 3 8 9 17 7 15 25 -11 -12 23 18 -15 -16 -17 22 26 -20 21 -22 -23 -24 -25 -26 -27 -28 -29 29 -31
leaf_value=-0.034828443270882505 0.3468631920631115 0.74407768478393543 -0.026524925760216058 0.098287866150948963 1.512483556166939 0.54875900365129304 -0.035902139378748921 0.02944229578766494 0.30129491509548545 1.5655017596483229 0.96584977865219124 0.51497657818580733 -0.023341251803066964 0.16066467739722132 0.98614890310499403 0.10319821526073443 -0.029880406379699707 0.59133888125419609 0.010257834737988539 0.0049210685606841872 -0.05090925578560148 -0.061132646070076874 0.11136735699006489 0.4178233422904179 0.2580591604709625 0.23493498603745203 0.74077184694463549 0.064875988992150566 -0.030462856519382808 -0.017268166879595852
leaf_weight=11091 260 25 431 164 23 79 848 702 116 32 24 67 1852 625 54 355 35 24 1142 1333 28 130 84 174 60 328 55 471 9772 3221
leaf_count=11091 260 25 431 164 23 79 848 702 116 32 24 67 1852 625 54 355 35 24 1142 1333 28 130 84 174 60 328 55 471 9772 3221
internal_value=-1.65965e-10 0.559951 -0.0150048 0.123686 1.13872 0.432767 -0.0231288 0.0145944 0.180109 1.36789 1.23335 0.379452 -0.028477 0.140893 0.909544 0.0575003 -0.00567854 0.622067 -0.0105256 -0.0137743 0.07653 -0.000948366 0.0698239 0.444833 0.330212 0.252272 0.695374 0.0436701 -0.0307086 -0.0271919
internal_weight=33605 877 32728 1811 158 719 30917 3839 1261 79 47 561 27078 817 79 1528 550 158 2994 2311 192 1463 119 241 320 444 79 1173 24084 12993
internal_count=33605 877 32728 1811 158 719 30917 3839 1261 79 47 561 27078 817 79 1528 550 158 2994 2311 192 1463 119 241 320 444 79 1173 24084 12993
is_linear=0
shrinkage=0.03


Tree=22
num_leaves=31
num_cat=0
split_feature=0 0 0 25 0 0 0 25 0 2 0 2 25 25 9 0 7 0 0 22 1 1 0 12 7 26 25 3 2 25
split_gain=295178 67489.7 38551 13819.6 8675.43 7586.23 6521.03 4885.13 3730.81 2472.15 1888.11 1530.14 1134.06 1095.85 1046.87 1009.6 905.014 887.683 835.264 685.692 603.125 572.314 533.1 477.334 401.921 394.513 390.068 372.672 847.317 369.993
threshold=19.395000000000003 45.055000000000007 9.8650000000000002 -1.7113469156762873 55.510000000000005 31.605000000000004 4.455000000000001 -0.76867204301075265 14.585000000000003 25.845000000000002 24.73 22.755000000000006 -0.33032258064516123 -0.53209677419354828 3.5000000000000004 8.0850000000000026 79.153350000000017 35.95000000000001 1.4450000000000001 94.500000000000014 30.885000000000002 30.265000000000004 12.955000000000002 0.53500000000000014 78.472250000000017 -0.22067956989247314 -0.595157894736842 20.435000000000006 29.745000000000001 -0.029499999999999939
decision_type=2 2 2 2 2 2 2 2 2 2 2 2 2 2 2 2 2 2 2 2 2 2 2 2 2 2 2 2 2 2
left_child=2 5 6 16 14 10 12 19 13 11 24 -6 27 20 -3 29 -4 -7 -14 -8 -5 -21 -18 -12 -2 -10 -19 -1 -29 -9
right_child=1 4 3 8 9 17 7 15 25 -11 23 -13 18 -15 -16 -17 22 26 -20 21 -22 -23 -24 -25 -26 -27 -28 28 -30 -31
leaf_value=-0.033604430077949214 0.33645729427154242 0.72175535202026364 -0.02572917741267421 0.10222398900413024 1.2444347143173218 0.53229623251323466 -0.034825075090651941 0.028559027121488886 0.29225606738750276 1.047956017085484 0.49952728057975193 1.5572987180597642 -0.023670866074883969 0.16243963017861801 0.9565644359588622 0.10010226857940285 0.0088660087622702121 0.57359872817993163 0.0084426232249184049 0.0078235636436428477 -0.061173421903090046 -0.041186816757437829 0.13622450696338306 0.40528864161721589 0.25031738781929014 0.22788693666458129 0.71854868888854972 0.0021237592232617513 -0.028330066070398077 0.062929709314763146
leaf_weight=11770 260 25 431 268 24 79 848 702 116 21 67 34 1739 527 54 355 64 24 1255 1202 22 261 55 174 60 328 55 886 11428 471
leaf_count=11770 260 25 431 268 24 79 848 702 116 21 67 34 1739 527 54 355 64 24 1255 1202 22 261 55 174 60 328 55 886 11428 471
internal_value=-2.71511e-10 0.543152 -0.0145546 0.119975 1.10456 0.419784 -0.0224349 0.0141566 0.174706 1.32686 0.368069 1.42784 -0.0276227 0.136666 0.882258 0.0557753 -0.00550819 0.603405 -0.0102098 -0.0133611 0.0898283 -0.000919915 0.0677292 0.431488 0.320306 0.244704 0.674513 -0.0297873 -0.0261389 0.04236
internal_weight=33605 877 32728 1811 158 719 30917 3839 1261 79 561 58 27078 817 79 1528 550 158 2994 2311 290 1463 119 241 320 444 79 24084 12314 1173
internal_count=33605 877 32728 1811 158 719 30917 3839 1261 79 561 58 27078 817 79 1528 550 158 2994 2311 290 1463 119 241 320 444 79 24084 12314 1173
is_linear=0
shrinkage=0.03


Tree=23
num_leaves=31
num_cat=0
split_feature=0 0 0 25 0 0 0 0 25 2 0 2 0 25 13 25 0 0 7 22 25 26 22 0 0 8 2 7 25 0
split_gain=277733 63501.1 36283.9 13578.3 8162.71 7137.88 4658.74 4608.48 3999.26 2326.04 1776.53 1439.71 1202.18 1079.44 992.664 961.059 871.179 835.221 699.638 694.56 615.687 545.002 534.49 531.901 453.407 449.492 420.019 378.168 367.015 351.844
threshold=19.395000000000003 45.055000000000007 8.9350000000000005 -1.5216935483870964 55.510000000000005 31.605000000000004 3.1250000000000004 13.285000000000002 -0.45470005659309559 25.845000000000002 24.73 22.755000000000006 15.075000000000001 -1.8455967741935482 0.090000000000000011 -0.53209677419354828 5.8250000000000011 35.95000000000001 76.966650000000016 93.500000000000014 -0.11772043010752689 -1.0281268817204301 340.50000000000006 11.705000000000002 16.190000000000001 785.00000000000011 26.045000000000005 78.472250000000017 -0.595157894736842 10.525
decision_type=2 2 2 2 2 2 2 2 2 2 2 2 2 2 2 2 2 2 2 2 2 2 2 2 2 2 2 2 2 2
left_child=2 5 6 12 14 10 20 15 19 11 27 -6 -4 18 -3 23 -10 -7 -14 -8 -1 -9 -21 -5 -23 -12 -22 -2 -19 -17
right_child=1 4 3 7 9 17 8 21 16 -11 25 -13 13 -15 -16 29 -18 28 -20 22 26 24 -24 -25 -26 -27 -28 -29 -30 -31
leaf_value=-0.029273980368972007 0.3263635749633495 0.673139925956726 -0.014700412127864724 0.042832952713094105 1.2071016931533813 0.51632734672932679 -0.03240722600488978 0.30081652819270821 0.02365234193850551 1.0165173094613211 0.39600168591576651 1.5105797658247107 -0.045947702590455393 0.24020157452552551 0.91770532317080733 0.11114049043344415 0.068261294123121957 0.5563907647132873 0.11688825190067291 -0.0013791713404895931 0.041431782753103309 0.18726004910909316 -0.055032128343979518 0.13066201658731094 0.24492103182992273 0.49301041858536848 -0.014207057701256286 0.24280786561965945 0.69699223292957646 0.15760561988376581
leaf_weight=23657 260 20 655 205 24 79 1275 71 969 21 185 34 47 31 59 276 664 24 48 2333 135 286 180 89 215 56 1279 60 55 313
leaf_count=23657 260 20 655 205 24 79 1275 71 969 21 185 34 47 31 59 276 664 24 48 2333 135 286 180 89 215 56 1279 60 55 313
internal_value=4.31276e-10 0.526858 -0.014118 0.102529 1.07142 0.40719 -0.0226719 0.156692 0.00254603 1.28705 0.357027 1.385 0.00162429 0.0864868 0.85579 0.11372 0.0417909 0.585303 0.0363273 -0.0143724 -0.0281246 0.223029 -0.0052222 0.0694207 0.212005 0.418543 -0.008895 0.310697 0.654278 0.135832
internal_weight=33605 877 32728 2236 158 719 30492 1455 5421 79 561 58 781 126 79 883 1633 158 95 3788 25071 572 2513 294 501 241 1414 320 79 589
internal_count=33605 877 32728 2236 158 719 30492 1455 5421 79 561 58 781 126 79 883 1633 158 95 3788 25071 572 2513 294 501 241 1414 320 79 589
is_linear=0
shrinkage=0.03


Tree=24
num_leaves=31
num_cat=0
split_feature=5 25 25 4 26 7 22 22 22 5 1 25 25 22 22 7 25 26 22 25 22 22 4 5 4 5 1 3 3 1
split_gain=106920 49633.6 18868.7 10889.8 7679.04 6816.91 6402.87 5189.83 4879.84 4721 4143.1 4132.59 3753.55 3544.28 2714.39 2518.03 2026.53 1921.81 1838.74 1068.86 1067.61 2394.11 1024.7 566.998 546.021 470.109 452.732 1027.43 447.179 582.993
threshold=0.87955000000000017 2.5754838709677421 -0.94790322580645159 34.120000000000012 -1.0536129032258066 79.153350000000017 198.50000000000003 206.50000000000003 190.50000000000003 0.77595000000000014 24.905000000000005 2.5754838709677421 -3.2685483870967738 188.50000000000003 74.500000000000014 76.966650000000016 -0.62209677419354825 -0.95235806451612881 248.50000000000003 -0.1566935483870967 198.50000000000003 206.50000000000003 16.815000000000001 0.37135000000000007 22.785000000000004 0.52525000000000011 24.525000000000002 22.525000000000002 20.545000000000005 26.775000000000002
decision_type=2 2 2 2 2 2 2 2 2 2 2 2 2 2 2 2 2 2 2 2 2 2 2 2 2 2 2 2 2 2
left_child=9 2 3 5 6 14 8 -8 22 19 15 16 -7 -6 -2 17 28 -4 -17 25 -15 -22 -3 -21 -12 -1 27 -18 -11 -30
right_child=1 4 10 -5 13 12 7 -9 -10 11 24 -13 -14 20 -16 18 26 -19 -20 23 21 -23 -24 -25 -26 -27 -28 -29 29 -31
leaf_value=-0.028852127059916431 -0.037315856475621613 0.56576703320378841 0.25959279880721858 0.74207116958498953 0.65923576116561888 0.31888822603049904 1.1237781635920208 0.58451058305543035 0.23573540530706705 -0.02806207692890025 0.12217908157468443 0.39634940193759072 0.10166194151170918 0.1120789818631278 0.038424930979213595 0.31503151553617398 0.078543941556449656 0.15805889646794438 0.13274369386526255 -0.017439580255430027 0.50621729549608729 0.18748207770287989 0.85937938928604118 0.01710196968445811 0.06685251277659765 -0.015736931428537663 0.040661549061975055 0.28818062704542408 0.057190221055491784 -0.0077832459710907992
leaf_weight=22346 609 23 197 20 27 89 36 29 38 402 594 27 366 27 1416 213 247 1131 65 1043 38 48 20 725 220 2764 255 23 184 383
leaf_count=22346 609 23 197 20 27 89 36 29 38 402 594 27 366 27 1416 213 247 1131 65 1043 38 48 20 725 220 2764 255 23 184 383
internal_value=-2.54491e-10 0.124982 0.102649 0.044846 0.509181 0.0392233 0.661404 0.883182 0.483434 -0.0229113 0.162362 0.0285074 0.144152 0.350435 0.0156466 0.190308 0.0218596 0.173121 0.27241 -0.025821 0.276651 0.328319 0.702331 -0.0032752 0.107226 -0.0274085 0.069328 0.0964019 -0.00385855 0.0133016
internal_weight=33605 5206 4920 2500 286 2480 146 65 81 28399 2420 1521 455 140 2025 1606 1494 1328 278 26878 113 86 43 1768 814 25110 525 270 969 567
internal_count=33605 5206 4920 2500 286 2480 146 65 81 28399 2420 1521 455 140 2025 1606 1494 1328 278 26878 113 86 43 1768 814 25110 525 270 969 567
is_linear=0
shrinkage=0.03


Tree=25
num_leaves=31
num_cat=0
split_feature=0 0 0 25 0 0 0 25 0 22 7 0 25 2 0 0 13 7 0 3 2 3 8 25 16 22 0 0 26 9
split_gain=252978 57837.7 32247.1 11830.9 7697.51 6638.54 5053.88 3966.8 3275.54 2039.85 3343.98 1545.25 959.658 925.937 895.251 859.372 836.638 752.209 717.178 572.772 936.501 486.019 389.818 371.734 348.751 341.486 398.928 336.572 330.238 320.466
threshold=19.395000000000003 45.055000000000007 9.8650000000000002 -1.7113469156762873 55.510000000000005 29.145000000000003 4.455000000000001 -0.76867204301075265 14.585000000000003 202.50000000000003 76.966650000000016 35.95000000000001 -0.33032258064516123 34.845000000000006 22.875000000000004 8.0850000000000026 0.090000000000000011 79.153350000000017 1.4450000000000001 19.105000000000004 30.655000000000005 22.175000000000004 785.00000000000011 -0.8916935483870968 27.000000000000004 95.500000000000014 1.7450000000000003 11.705000000000002 -0.22067956989247314 2.8500000000000005
decision_type=2 2 2 2 2 2 2 2 2 2 2 2 2 2 2 2 2 2 2 2 2 2 2 2 2 2 2 2 2 2
left_child=2 5 6 17 16 14 12 19 13 10 -6 24 25 23 -2 -9 -3 -4 -14 -8 -21 -19 -16 -5 -7 -1 -27 -15 -10 -13
right_child=1 4 3 8 9 11 7 15 28 -11 -12 29 18 27 22 -17 -18 21 -20 20 -22 -23 -24 -25 -26 26 -28 -29 -30 -31
leaf_value=-0.031106148376458309 0.28348774176836011 0.64546392631530758 -0.024972880888220327 0.094321766765002743 1.364642802528713 0.55461526809200157 -0.036516385337048103 0.036658264465786065 0.26930017078744956 1.4166861462593079 0.85843106627464283 0.56228602332037847 -0.02170364464693483 -0.045339344441890715 0.34557651511618964 0.089931649110896489 0.8699877848867642 -0.033693670136587958 0.0080533358888140328 0.039137263656036099 -0.015706147215873899 0.099366387724876395 0.4389877243602977 0.14517788513089963 0.44246714070439336 -0.026957223919631679 -0.014783142499423427 0.091991093035401969 0.2104076157183182 0.68337375436510361
leaf_weight=11091 240 20 431 166 23 31 675 1173 116 32 24 37 1739 36 190 355 59 35 1255 359 1277 84 51 586 128 9772 3221 29 328 42
leaf_count=11091 240 20 431 166 23 31 675 1173 116 32 24 37 1739 36 190 355 59 35 1255 359 1277 84 51 586 128 9772 3221 29 328 42
internal_value=1.69223e-10 0.50283 -0.0134741 0.109566 1.02254 0.388623 -0.0206814 0.0115319 0.160206 1.23194 1.10615 0.518215 -0.0252484 0.124562 0.324501 0.0490353 0.813146 -0.00653784 -0.00923036 -0.0132648 -0.00367144 0.0602311 0.365344 0.133952 0.464332 -0.0272397 -0.0239392 0.0159312 0.225794 0.626662
internal_weight=33605 877 32728 1811 158 719 30917 3839 1261 79 47 238 27078 817 481 1528 79 550 2994 2311 1636 119 241 752 159 24084 12993 65 444 79
internal_count=33605 877 32728 1811 158 719 30917 3839 1261 79 47 238 27078 817 481 1528 79 550 2994 2311 1636 119 241 752 159 24084 12993 65 444 79
is_linear=0
shrinkage=0.03


Tree=26
num_leaves=31
num_cat=0
split_feature=0 0 0 25 0 0 0 25 0 0 22 7 0 25 25 13 0 3 2 3 2 25 19 7 2 3 0 19 25 3
split_gain=238075 61495.2 23210.4 10118.1 8665.92 7242.59 3638.73 3289.26 2748.22 2087.18 1919.29 3146.35 1001.05 1280.9 867.286 787.192 695.141 683.28 1243.43 615.476 931.925 514.438 465.454 463.878 387.658 387.356 369.492 341.655 304.663 274.539
threshold=17.620000000000001 45.055000000000007 8.9350000000000005 -1.5301102150537635 26.785000000000004 55.510000000000005 3.1250000000000004 -0.45470005659309559 12.585000000000003 35.95000000000001 202.50000000000003 76.966650000000016 20.515000000000004 -1.8455967741935482 -0.74782258064516116 0.090000000000000011 6.1250000000000009 21.745000000000001 35.475000000000001 19.475000000000005 30.185000000000006 -0.11772043010752689 7.1000000000000005 79.153350000000017 26.045000000000005 19.055000000000003 15.075000000000001 6.8500000000000005 -0.595157894736842 20.435000000000006
decision_type=2 2 2 2 2 2 2 2 2 2 2 2 2 2 2 2 2 2 2 2 2 2 2 2 2 2 2 2 2 2
left_child=2 4 6 17 12 15 21 19 14 22 11 -7 13 -2 25 -3 -9 -4 26 -8 -21 29 -6 -14 -23 -5 -19 -10 -11 -1
right_child=1 5 3 8 9 10 7 16 27 28 -12 -13 23 -15 -16 -17 -18 18 -20 20 -22 24 -24 -25 -26 -27 -28 -29 -30 -31
leaf_value=-0.030122202187295333 0.045390362287389817 0.62610000658035281 -0.030767328268520428 -0.067881961613893496 0.4675573841969769 1.3237035195723825 -0.032302469857411226 0.022283103982674642 0.21347621697932481 0.51867655396461487 1.3741855698823928 0.83267814040184018 0.32843360249172238 0.25785005436879449 0.11602842713082258 0.84388815346410717 0.063028871396714342 0.059177074800277576 -0.040434185202321865 0.029348713872335681 -0.014955565590405015 0.040234096191409559 0.38350550892197077 0.22727722257375718 -0.013218397208654408 0.059736762814449541 0.17039959799159657 0.16492239478942566 0.64677917029640886 -0.023652205894756303
leaf_weight=11302 29 20 426 24 133 23 1145 1043 212 24 32 24 272 214 559 59 590 145 137 536 2107 135 107 48 1279 198 33 339 55 12355
leaf_count=11302 29 20 426 24 133 23 1145 1043 212 24 32 24 272 214 559 59 590 145 137 536 2107 135 107 48 1279 198 33 339 55 12355
internal_value=-1.45374e-10 0.446823 -0.0142698 0.0828663 0.349185 0.991866 -0.0208736 0.0014133 0.1323 0.474111 1.19498 1.07297 0.2784 0.232495 0.0961058 0.788752 0.0370045 -0.00599528 0.027506 -0.01393 -0.00597066 -0.0256926 0.430084 0.31326 -0.00811508 0.0459401 0.079797 0.183604 0.607862 -0.0267432
internal_weight=33605 1040 32565 2073 882 158 30492 5421 1332 319 79 47 563 243 781 79 1633 741 315 3788 2643 25071 240 320 1414 222 178 551 79 23657
internal_count=33605 1040 32565 2073 882 158 30492 5421 1332 319 79 47 563 243 781 79 1633 741 315 3788 2643 25071 240 320 1414 222 178 551 79 23657
is_linear=0
shrinkage=0.03


Tree=27
num_leaves=31
num_cat=0
split_feature=0 0 0 25 0 0 0 25 0 0 22 7 0 25 25 9 0 3 1 25 25 19 7 0 2 3 3 19 9 22
split_gain=224005 57860.8 21838.7 9520.11 8153.77 6814.55 3423.68 3094.86 2585.8 1963.83 1805.86 2960.4 941.888 1205.2 816.029 744.192 654.99 642.898 1218.9 597.851 484.035 437.945 436.463 418.246 364.747 364.463 352.67 321.464 291.816 263.234
threshold=17.620000000000001 45.055000000000007 8.9350000000000005 -1.5301102150537635 26.785000000000004 55.510000000000005 3.1250000000000004 -0.45470005659309559 12.585000000000003 35.95000000000001 202.50000000000003 76.966650000000016 20.515000000000004 -1.8455967741935482 -0.74782258064516116 3.5000000000000004 5.8250000000000011 21.745000000000001 27.675000000000004 -1.5092324561403505 -0.11772043010752689 7.1000000000000005 79.153350000000017 15.075000000000001 26.045000000000005 19.055000000000003 19.105000000000004 6.8500000000000005 2.8500000000000005 274.50000000000006
decision_type=2 2 2 2 2 2 2 2 2 2 2 2 2 2 2 2 2 2 2 2 2 2 2 2 2 2 2 2 2 2
left_child=2 4 6 17 12 15 20 19 14 21 11 -7 13 -2 25 -3 -9 -4 29 -8 -1 -6 -14 -20 -22 -5 -21 -10 -11 -19
right_child=1 5 3 8 9 10 7 16 27 28 -12 -13 22 -15 -16 -17 -18 18 23 26 24 -23 -24 -25 -26 -27 -28 -29 -30 -31
leaf_value=-0.02594091433463758 0.044028653235271061 0.62976467399597169 -0.029844308108301229 -0.065845501571893686 0.45353066214941495 1.2839924289869227 -0.025575967724123926 0.020166553341352523 0.2070719303628254 0.52819526852788157 1.3329600083827973 0.80769780039787298 0.31858059417675522 0.25011455350947154 0.11254757435729124 0.82773967425028483 0.058846493936424334 0.1340270903280803 -0.030929942630717286 -0.030059403225654598 0.03902707338581482 0.37200034337623095 0.22045890405774116 0.09551100903087191 -0.01282184526005427 0.057944659884228852 0.0041084517509748187 0.15997472282532044 0.64374367237091068 0.012924223601818085
leaf_weight=23657 29 25 426 24 133 23 1871 969 212 37 32 24 272 214 559 54 664 84 184 328 135 107 48 27 1279 198 1589 339 42 20
leaf_count=23657 29 25 426 24 133 23 1871 969 212 37 32 24 272 214 559 54 664 84 184 328 135 107 48 27 1279 198 1589 339 42 20
internal_value=-1.46233e-10 0.433418 -0.0138417 0.0803803 0.338709 0.96211 -0.0202474 0.0013709 0.128331 0.459887 1.15913 1.04078 0.270048 0.22552 0.0932226 0.765089 0.0358943 -0.00581542 0.0266808 -0.0135121 -0.0249218 0.417182 0.303862 -0.0147503 -0.00787163 0.0445619 -0.00173769 0.178096 0.589626 0.110738
internal_weight=33605 1040 32565 2073 882 158 30492 5421 1332 319 79 47 563 243 781 79 1633 741 315 3788 25071 240 320 211 1414 222 1917 551 79 104
internal_count=33605 1040 32565 2073 882 158 30492 5421 1332 319 79 47 563 243 781 79 1633 741 315 3788 25071 240 320 211 1414 222 1917 551 79 104
is_linear=0
shrinkage=0.03


Tree=28
num_leaves=31
num_cat=0
split_feature=0 0 0 25 0 0 25 0 0 22 25 0 3 1 0 0 25 25 13 25 0 22 22 16 7 0 3 0 25 0
split_gain=210766 54441.2 20574.1 9608.72 7671.88 6411.81 2678.2 2417.41 1847.76 1699.14 2794.26 1488.47 1056.88 1376.81 1054 886.222 1133.97 854.403 703.042 566.348 533.564 515.08 481.183 412.063 410.668 319.147 316.473 312.845 277.392 269.598
threshold=17.620000000000001 45.055000000000007 8.2450000000000028 -1.2930645161290319 26.785000000000004 55.510000000000005 -0.11772043010752689 12.585000000000003 35.95000000000001 202.50000000000003 2.2654354838709683 2.5450000000000004 21.155000000000005 27.675000000000004 2.3850000000000002 20.515000000000004 -1.8455967741935482 -1.5092324561403505 0.090000000000000011 0.037951612903225691 12.320000000000002 95.500000000000014 127.50000000000001 33.500000000000007 79.153350000000017 15.075000000000001 18.955000000000002 5.1250000000000009 -0.595157894736842 1.0000000180025095e-35
decision_type=2 2 2 2 2 2 2 2 2 2 2 2 2 2 2 2 2 2 2 2 2 2 2 2 2 2 2 2 2 2
left_child=2 4 6 12 15 18 14 19 23 10 -7 -8 -4 20 29 16 -2 -16 -3 26 -14 -19 -15 -6 -17 -9 -5 -13 -10 -1
right_child=1 5 3 7 8 9 11 25 28 -11 -12 27 13 22 17 24 -18 21 -20 -21 -22 -23 -24 -25 -26 -27 -28 -29 -30 -31
leaf_value=-0.015678159759516232 0.042707791328430174 0.58842406368255606 -0.028754186535383211 -0.021080295484641499 0.43992474107814011 0.80166728056394143 -0.011079435316294774 0.15474087909645551 0.48683708429336547 1.2929712027311324 1.2669393621172222 0.022232125716685178 0.051599581901353733 -0.043556095505302601 -0.025282893687312027 0.30902317656971079 0.24261111563611254 -0.025899744527804816 0.79424264261278055 0.12688577724755115 0.14743970899746336 0.0033452303914631772 0.029693842041718807 0.36084033498140139 0.2138451386988163 0.20298979171959483 0.080635521338007402 0.055165177885754701 0.60907191259210758 -0.026883776466243559
leaf_weight=2142 29 20 505 29 133 26 1255 286 24 32 21 564 131 165 2425 272 214 668 59 291 87 2874 158 107 48 217 543 481 55 19744
leaf_count=2142 29 20 505 29 133 26 1255 286 24 32 21 564 131 165 2425 272 214 668 59 291 87 2874 158 107 48 217 543 481 55 19744
internal_value=1.63432e-10 0.420415 -0.0134264 0.0708843 0.328548 0.933247 -0.0201706 0.123281 0.446091 1.12436 1.00955 0.0109429 0.00245775 0.0315927 -0.0227399 0.261947 0.218754 -0.0115632 0.742137 0.0928129 0.0898477 -0.0021702 -0.00772486 0.404666 0.294746 0.175556 0.0754786 0.0373908 0.571937 -0.0257871
internal_weight=33605 1040 32565 2412 882 158 30153 1366 319 79 47 2300 1046 541 27853 563 243 5967 79 863 218 3542 323 240 320 503 572 1045 79 21886
internal_count=33605 1040 32565 2412 882 158 30153 1366 319 79 47 2300 1046 541 27853 563 243 5967 79 863 218 3542 323 240 320 503 572 1045 79 21886
is_linear=0
shrinkage=0.03


Tree=29
num_leaves=31
num_cat=0
split_feature=0 0 0 25 0 0 25 0 0 25 25 0 0 25 0 25 25 8 0 3 1 0 0 17 0 16 2 9 0 0
split_gain=198310 51223.8 19369.3 8467.63 7218.47 6032.87 3043.69 2333 1738.56 1735.84 3436.83 1718.47 1122.87 904.429 833.846 1066.96 764.999 664.651 583.877 571.67 1085.92 453.924 445.11 394.643 391.611 387.71 304.198 265.728 251.83 248.811
threshold=17.620000000000001 45.055000000000007 8.9350000000000005 -1.5301102150537635 26.785000000000004 55.510000000000005 -0.11772043010752689 11.705000000000002 35.95000000000001 -1.7866666666666668 2.2654354838709683 2.5450000000000004 2.4850000000000008 -1.5092324561403505 20.515000000000004 -1.8455967741935482 -0.87870967741935468 597.50000000000011 6.6850000000000014 21.745000000000001 27.675000000000004 5.8250000000000011 15.075000000000001 41.000000000000007 15.075000000000001 33.500000000000007 26.045000000000005 2.8500000000000005 31.605000000000004 1.0000000180025095e-35
decision_type=2 2 2 2 2 2 2 2 2 2 2 2 2 2 2 2 2 2 2 2 2 2 2 2 2 2 2 2 2 2
left_child=2 4 6 19 14 17 12 16 25 -7 -11 26 29 -14 15 -2 -5 -3 -15 -4 -21 -13 -9 -16 -22 28 -8 -10 -6 -1
right_child=1 5 3 7 8 9 11 22 27 10 -12 21 13 18 23 -17 -18 -19 -20 20 24 -23 -24 -25 -26 -27 -28 -29 -30 -31
leaf_value=-0.015207815065863215 0.041426559028954341 0.59198410606384277 -0.028238772024387414 0.01824285328388214 0.3962094953448273 1.3321569356918335 0.038648170595626953 0.14162850818781456 0.49615854959230166 0.68901476240158077 1.1727178221482497 0.024901985634816472 -0.024232380328492814 -0.0055339571283090552 0.25633542269967785 0.23533278296484011 0.096988185433862908 0.77908020019531254 0.029114383667481418 0.10440270031873995 -0.029698567266130575 0.063731574111136807 0.1922853891054789 0.32344158740753826 0.09265014198091294 0.35001512349208941 -0.015163465425029395 0.60642112289156225 0.4825675376932671 -0.025965554379847041
leaf_weight=2142 29 25 426 144 86 20 103 469 37 20 39 688 2446 2983 179 214 485 54 513 104 184 447 234 141 27 107 1152 42 47 20018
leaf_count=2142 29 25 426 144 86 20 103 469 37 20 39 688 2446 2983 179 214 485 54 513 104 184 447 234 141 27 107 1152 42 47 20018
internal_value=-2.06729e-10 0.407803 -0.0130236 0.0757115 0.318691 0.905249 -0.0190563 0.120935 0.432708 1.09063 1.00875 0.0134448 -0.0218204 -0.0102397 0.254089 0.212192 0.0789606 0.719873 -0.00044969 -0.00558005 0.0250632 0.0401943 0.15849 0.285904 -0.0140426 0.392526 -0.0107471 0.554779 0.426727 -0.0249257
internal_weight=33605 1040 32565 2073 882 158 30492 1332 319 79 59 2390 28102 5942 563 243 629 79 3496 741 315 1135 703 320 211 240 1255 79 133 22160
internal_count=33605 1040 32565 2073 882 158 30492 1332 319 79 59 2390 28102 5942 563 243 629 79 3496 741 315 1135 703 320 211 240 1255 79 133 22160
is_linear=0
shrinkage=0.03


Tree=30
num_leaves=31
num_cat=0
split_feature=0 0 0 25 0 0 0 25 0 25 25 0 2 25 0 1 0 7 9 3 2 0 10 25 0 7 19 2 3 2
split_gain=186599 42640.6 23957.8 8844.52 5676.33 5054.91 3760.52 2960.61 2454.52 1633.25 3233.71 1232.52 763.698 736.924 720.158 639.685 618.839 601.837 585.515 468.076 817.182 407.688 348.872 311.663 279.007 276.887 268.905 264.117 259.353 633.755
threshold=19.395000000000003 45.055000000000007 9.8650000000000002 -1.7113469156762873 55.510000000000005 31.605000000000004 4.455000000000001 -0.76867204301075265 14.585000000000003 -1.7866666666666668 2.2654354838709683 24.73 34.845000000000006 -0.38672580645161275 1.4450000000000001 23.755000000000006 8.0850000000000026 79.153350000000017 2.8500000000000005 19.105000000000004 30.685000000000006 13.655000000000003 100.00000000000001 0.070645161290322403 11.705000000000002 78.472250000000017 6.8500000000000005 27.235000000000003 19.645000000000003 29.745000000000001
decision_type=2 2 2 2 2 2 2 2 2 2 2 2 2 2 2 2 2 2 2 2 2 2 2 2 2 2 2 2 2 2
left_child=2 5 6 17 15 11 13 19 12 -6 -11 25 23 28 -15 -3 -9 -4 -7 -8 -21 -19 -13 -5 -14 -2 -10 -16 -1 -30
right_child=1 4 3 8 9 18 7 16 26 10 -12 22 24 14 27 -17 -18 21 -20 20 -22 -23 -24 -25 -26 -27 -28 -29 29 -31
leaf_value=-0.027484720354206658 0.2663914255035611 0.74797908346531761 -0.022394948464811815 0.1029173960286324 1.2921922273635864 0.43664809121583636 -0.032438682061433792 0.031899596147604015 0.22599576357728945 0.6683443264961243 1.1375362968444824 0.28214299565269835 -0.047030340135097499 -0.019746563003774205 0.03028877096032161 0.55165348720550533 0.077106912758017718 0.0081616696337579002 0.55459501130240307 0.036679428641450247 -0.014149197748259214 0.1213518962264061 0.36428828306412431 0.144584508833733 0.078005668130414235 0.19489488577842712 0.1774326758292033 8.2891862838669508e-05 0.00097403169973269658 -0.022952494631644792
leaf_weight=9637 260 59 431 517 20 95 675 1173 161 20 39 63 36 2330 341 20 355 71 63 367 1269 48 178 235 29 60 283 1104 1082 12584
leaf_count=9637 260 59 431 517 20 95 675 1173 161 20 39 63 36 2330 341 20 355 71 63 367 1269 48 178 235 29 60 283 1104 1082 12584
internal_value=2.43146e-11 0.431851 -0.0115721 0.0944813 0.878092 0.33379 -0.0177844 0.0100029 0.138266 1.05791 0.978488 0.291575 0.107411 -0.0217239 -0.00942768 0.698276 0.0424026 -0.00590519 0.483678 -0.0114193 -0.00274693 0.0538182 0.342815 0.115938 0.00875496 0.252986 0.195042 0.00721106 -0.0237159 -0.0210581
internal_weight=33605 877 32728 1811 158 719 30917 3839 1261 79 59 561 817 27078 3775 79 1528 550 158 2311 1636 119 241 752 65 320 444 1445 23303 13666
internal_count=33605 877 32728 1811 158 719 30917 3839 1261 79 59 561 817 27078 3775 79 1528 550 158 2311 1636 119 241 752 65 320 444 1445 23303 13666
is_linear=0
shrinkage=0.03


Tree=31
num_leaves=31
num_cat=0
split_feature=0 0 0 25 0 0 25 0 22 7 0 0 3 1 0 0 25 3 1 8 25 0 0 17 16 3 0 0 25 0
split_gain=175697 45319.5 17139.2 8056.2 6396.17 5340.86 2253.47 2035.89 1585.85 2569.65 1564.49 1310.73 916.378 1202.09 851.42 733.433 955.605 727.596 791.353 602.61 499.231 455.206 435.576 360.447 350.353 285.081 282.862 257.209 243.69 236.156
threshold=17.620000000000001 45.055000000000007 8.2450000000000028 -1.2930645161290319 26.785000000000004 55.510000000000005 -0.1566935483870967 12.585000000000003 202.50000000000003 76.966650000000016 35.95000000000001 2.5450000000000004 21.155000000000005 27.675000000000004 2.3850000000000002 20.515000000000004 -1.8455967741935482 20.505000000000006 28.495000000000001 597.50000000000011 0.037951612903225691 12.320000000000002 15.075000000000001 41.000000000000007 33.500000000000007 18.955000000000002 5.5050000000000008 15.075000000000001 -0.595157894736842 1.0000000180025095e-35
decision_type=2 2 2 2 2 2 2 2 2 2 2 2 2 2 2 2 2 2 2 2 2 2 2 2 2 2 2 2 2 2
left_child=2 4 6 12 15 19 14 20 9 -7 24 -8 -4 21 29 16 -2 -16 -19 -3 25 -14 -15 -17 -6 -5 -13 -9 -12 -1
right_child=1 5 3 7 10 8 11 27 -10 -11 28 26 13 22 17 23 -18 18 -20 -21 -22 -23 -24 -25 -26 -27 -28 -29 -30 -31
leaf_value=-0.014072478101304336 0.038315949193362529 0.55555465736389154 -0.027025604380977036 -0.023210050617826394 0.40175053650275205 1.1418564133022142 -0.010603018159275487 0.1419567580687833 1.1890665623545646 0.6981074774265289 0.44339199006557461 0.021528063956711127 0.048272135522756866 -0.019323009774731149 -0.024339939462492327 0.24079806679505955 0.22182513296047104 0.0080839941774718434 -0.020629389875519041 0.7337046941121419 0.11669988186703514 0.13679557138475879 0.095703712485053313 0.30493098390863294 0.32882795360600836 0.073329267420327457 0.052866456170055476 0.18527145136748591 0.55796091790632762 -0.024610736901413029
leaf_weight=2120 29 25 505 29 133 23 1345 286 32 24 24 672 131 290 2217 179 214 2321 1376 54 291 87 33 141 107 543 422 217 55 19680
leaf_count=2120 29 25 505 29 133 23 1345 286 32 24 24 672 131 290 2217 179 214 2321 1376 54 291 87 33 141 107 543 422 217 55 19680
internal_value=5.12146e-11 0.383849 -0.0122586 0.0646929 0.30003 0.851749 -0.0184142 0.112671 1.02617 0.915261 0.407356 0.00923142 0.00203775 0.0291671 -0.0208471 0.239218 0.199925 -0.0107516 -0.00260295 0.677328 0.0847096 0.0836003 -0.00757105 0.269057 0.369239 0.0684348 0.0336165 0.160643 0.523155 -0.0235859
internal_weight=33605 1040 32565 2412 882 158 30153 1366 79 47 319 2439 1046 541 27714 563 243 5914 3697 79 863 218 323 320 240 572 1094 503 79 21800
internal_count=33605 1040 32565 2412 882 158 30153 1366 79 47 319 2439 1046 541 27714 563 243 5914 3697 79 863 218 323 320 240 572 1094 503 79 21800
is_linear=0
shrinkage=0.03


Tree=32
num_leaves=31
num_cat=0
split_feature=2 26 1 25 2 22 22 22 22 2 25 22 1 22 18 22 1 8 4 14 6 4 4 2 25 23 8 1 22 2
split_gain=65469.5 17371.5 8557.6 7869.63 4837.01 4428.55 3535.28 3320.18 3551.97 6931.66 3212.13 2864.25 2848.01 2179.93 2075.23 1956.22 1590.62 1491.11 1061.23 989.544 874.651 824.437 763.19 757.885 734.969 501.051 414.439 478.869 309.401 1974.12
threshold=25.405000000000005 -1.0600000000000001 23.605000000000004 -0.18795161290322573 22.755000000000006 198.50000000000003 206.50000000000003 110.50000000000001 276.50000000000006 33.125000000000007 -2.9043548387096769 190.50000000000003 21.635000000000002 186.50000000000003 24.500000000000004 206.50000000000003 25.175000000000004 496.50000000000006 14.055000000000001 0.29000000000000009 16.455100000000005 20.115000000000006 22.365000000000006 35.475000000000001 2.2654354838709683 2.5000000000000004 496.50000000000006 26.055000000000003 74.500000000000014 31.185000000000006
decision_type=2 2 2 2 2 2 2 2 2 2 2 2 2 2 2 2 2 2 2 2 2 2 2 2 2 2 2 2 2 2
left_child=1 5 4 7 15 11 21 28 9 10 -9 13 -6 -1 -14 22 17 25 19 -19 -17 -7 -3 -11 -20 -5 27 -18 -2 -30
right_child=3 2 -4 16 12 6 -8 8 -10 23 -12 -13 14 -15 -16 20 26 18 24 -21 -22 -23 -24 -25 -26 -27 -28 -29 29 -31
leaf_value=0.32744763064384458 -0.026310068280151654 0.2815547886218589 0.77351649870563832 0.25669688959792253 0.061248198836026876 0.74348405313491817 0.44016179578644887 0.20069263049278338 -0.022245580562163254 0.0032935060335541597 0.033352803307810194 0.18990196412801744 0.34155230545896598 0.77038496160507197 0.15202597633055218 0.13500826978745559 0.090090607208096307 0.083689960806142716 0.034184115795185793 0.28752463599909905 0.34751381915548574 1.0158796105384826 0.43375111564345981 -0.020970197683610543 0.15018590927124023 0.10833762932036604 -0.0015702897089578179 0.014978393615790824 0.047633645582153362 -0.022786012646340857
leaf_weight=20 9577 52 21 40 334 20 28 106 5517 1644 3961 40 59 20 438 72 108 315 1360 23 23 20 69 3924 51 42 787 261 391 4282
leaf_count=20 9577 52 21 40 334 20 28 106 5517 1644 3961 40 59 20 438 72 108 315 1360 23 23 20 69 3924 51 42 787 261 391 4282
internal_value=-7.27869e-11 0.216108 0.173898 -0.00811347 0.161871 0.520706 0.698703 -0.0128268 -0.00305026 0.00794098 0.0377143 0.369409 0.128996 0.548916 0.174525 0.288348 0.0382814 0.0556763 0.0498143 0.0975604 0.186457 0.879682 0.368344 -0.0138061 0.038377 0.180708 0.0107295 0.0369625 -0.0232222 -0.0168938
internal_weight=33605 1216 1068 32389 1047 148 68 29402 15152 9635 4067 80 831 40 497 216 2987 1831 1749 338 95 40 121 5568 1411 82 1156 369 14250 4673
internal_count=33605 1216 1068 32389 1047 148 68 29402 15152 9635 4067 80 831 40 497 216 2987 1831 1749 338 95 40 121 5568 1411 82 1156 369 14250 4673
is_linear=0
shrinkage=0.03


Tree=33
num_leaves=31
num_cat=0
split_feature=0 0 0 25 0 0 0 25 0 25 25 0 0 25 25 1 0 3 2 3 2 2 3 0 21 1 9 3 2 2
split_gain=160399 41031.7 15643.5 6854.18 5907.48 4969.83 2417.25 2178.27 1961.5 1649.7 2756.11 1152.58 992.295 826.679 618.143 519.188 487.22 472.326 949.339 456.754 748.539 368.642 533.943 350.879 328.206 299.78 275.113 237.236 478.645 226.548
threshold=17.620000000000001 45.055000000000007 8.9350000000000005 -1.5301102150537635 29.145000000000003 55.510000000000005 3.1250000000000004 -0.45470005659309559 11.705000000000002 -1.7866666666666668 2.2654354838709683 22.875000000000004 35.95000000000001 -1.8455967741935482 -0.74782258064516116 23.755000000000006 6.1250000000000009 21.745000000000001 35.475000000000001 19.515000000000004 30.185000000000006 27.135000000000002 18.755000000000006 15.075000000000001 5.5000000000000009 26.115000000000006 9.5000000000000018 20.585000000000004 31.715000000000003 36.495000000000012
decision_type=2 2 2 2 2 2 2 2 2 2 2 2 2 2 2 2 2 2 2 2 2 2 2 2 2 2 2 2 2 2
left_child=2 4 6 17 11 15 21 19 14 -7 -11 13 24 -2 29 -3 -9 -4 25 -8 -21 22 -1 -10 -6 -19 -13 -23 -29 -5
right_child=1 5 3 8 12 9 7 16 23 10 -12 26 -14 -15 -16 -17 -18 18 -20 20 -22 27 -24 -25 -26 -27 -28 28 -30 -31
leaf_value=-0.022076518321750168 0.079329348921775816 0.68849721132698705 -0.025701243015084887 0.036266082286834714 0.44980531628067427 1.2156885709762573 -0.027125494417178538 0.017669429183200497 0.12818484819853609 0.61408233189582828 1.0472422372377836 0.2750955182847224 0.50162119497226754 0.22303002372260919 0.088696841066210869 0.51162644004821778 0.051781545603142701 0.15004839750853449 -0.036615973523933525 0.0272485598441672 -0.012599821323711426 -0.024986313859313027 0.021233045606521027 0.17316107814892745 0.3478024369380513 0.049865917386679809 0.35356908882365506 -0.0087519686914621225 -0.022311814439297695 -0.061278956651687616
leaf_weight=602 40 59 426 150 37 20 1161 1043 469 20 39 190 79 363 454 20 590 33 137 532 2095 11296 446 234 122 145 51 3096 9631 25
leaf_count=602 40 59 426 150 37 20 1161 1043 469 20 39 190 79 363 454 20 590 33 137 532 2095 11296 446 234 122 145 51 3096 9631 25
internal_value=-3.3353e-11 0.366757 -0.0117128 0.0680327 0.287002 0.811973 -0.0171343 0.00103067 0.10872 0.980226 0.900408 0.239803 0.414718 0.208767 0.0702326 0.64372 0.0299941 -0.00510521 0.0227485 -0.0114554 -0.00453003 -0.0210621 -0.00364516 0.143156 0.371539 0.0684391 0.291702 -0.0218219 -0.0190132 0.0223311
internal_weight=33605 1040 32565 2073 882 158 30492 5421 1332 79 59 644 238 403 629 79 1633 741 315 3788 2627 25071 1048 703 159 178 241 24023 12727 175
internal_count=33605 1040 32565 2073 882 158 30492 5421 1332 79 59 644 238 403 629 79 1633 741 315 3788 2627 25071 1048 703 159 178 241 24023 12727 175
is_linear=0
shrinkage=0.03


Tree=34
num_leaves=31
num_cat=0
split_feature=0 0 0 25 0 0 0 25 0 25 25 0 0 25 25 8 0 3 2 25 25 0 8 16 1 22 22 22 22 0
split_gain=150919 38606.8 14719 6449.1 5560.65 4676.11 2274.39 2049.54 1845.58 1552.21 2593.22 1363.61 641.152 830.2 583.8 499.281 458.425 450.542 997.177 430.554 348.393 330.755 322.877 286.91 277.51 260.074 338.146 249.257 230.501 226.555
threshold=17.620000000000001 45.055000000000007 8.9350000000000005 -1.5301102150537635 26.785000000000004 55.510000000000005 3.1250000000000004 -0.45470005659309559 11.705000000000002 -1.7866666666666668 2.2654354838709683 35.95000000000001 20.515000000000004 -1.8455967741935482 -0.87870967741935468 597.50000000000011 6.1250000000000009 22.325000000000003 35.475000000000001 -1.5092324561403505 0.906241935483871 14.585000000000003 368.50000000000006 33.500000000000007 30.015000000000004 126.50000000000001 276.50000000000006 174.50000000000003 110.50000000000001 15.075000000000001
decision_type=2 2 2 2 2 2 2 2 2 2 2 2 2 2 2 2 2 2 2 2 2 2 2 2 2 2 2 2 2 2
left_child=2 4 6 17 12 15 20 19 14 -7 -11 23 13 -2 28 -3 -9 -4 29 -8 25 -10 -14 27 -21 -1 -27 -6 -5 -19
right_child=1 5 3 8 11 9 7 16 21 10 -12 -13 22 -15 -16 -17 -18 18 -20 24 -22 -23 -24 -25 -26 26 -28 -29 -30 -31
leaf_value=-0.023503857762982056 0.034320885929568064 0.51356551666259764 -0.022406234301376241 -0.069787562936544409 0.43971265316009517 1.1792179012298583 -0.021349486682871639 0.017139346317652869 0.12161762838529255 0.59565986180305486 1.0158249818361722 0.48657255830644053 0.17785476483404636 0.20536563664953286 0.083874091767235509 0.67572427325778539 0.050228099486044751 0.063434671334988244 -0.034723679464576503 0.0033412089912006346 0.017417435569834602 0.16341777231402951 0.26224843023892708 0.30630752135660044 -0.030326137703799414 -0.012762737395361243 -0.023366953413173581 0.34727820971577439 0.032058184776455161 0.16165228919341015
leaf_weight=13815 29 25 476 24 36 20 1871 1043 413 20 39 79 48 214 485 54 590 113 126 1663 217 290 272 107 254 6287 4752 97 120 26
leaf_count=13815 29 25 476 24 36 20 1871 1043 413 20 39 79 48 214 485 54 590 113 126 1663 217 290 272 107 254 6287 4752 97 120 26
internal_value=4.00307e-11 0.355755 -0.0113614 0.0659917 0.278392 0.787614 -0.0166203 0.000999745 0.105458 0.950819 0.873396 0.378463 0.221691 0.184953 0.0681256 0.624408 0.0290943 -0.00495206 0.0263996 -0.0111117 -0.0204302 0.138861 0.249589 0.342877 -0.00111967 -0.0207606 -0.0173276 0.372298 0.0150839 0.0818063
internal_weight=33605 1040 32565 2073 882 158 30492 5421 1332 79 59 319 563 243 629 79 1633 741 265 3788 25071 703 320 240 1917 24854 11039 133 144 139
internal_count=33605 1040 32565 2073 882 158 30492 5421 1332 79 59 319 563 243 629 79 1633 741 265 3788 25071 703 320 240 1917 24854 11039 133 144 139
is_linear=0
shrinkage=0.03


Tree=35
num_leaves=31
num_cat=0
split_feature=0 0 0 25 0 0 0 25 0 4 8 0 0 3 2 25 1 0 25 3 2 0 21 3 26 8 2 3 0 25
split_gain=142000 36325.1 13860.9 6495.55 5246.25 4399.75 1759.37 1727.91 1723.54 1546.74 2068.31 1030.34 874.432 734.897 1073.17 730.45 470.732 441.696 431.972 399.316 646.456 322.375 290.945 281.785 260.736 254.577 242.701 414.717 212.797 208.677
threshold=17.620000000000001 45.055000000000007 8.2450000000000028 -1.3274957555178266 29.145000000000003 55.510000000000005 2.6550000000000007 -0.41918279569892464 12.585000000000003 27.025000000000002 785.00000000000011 22.875000000000004 35.95000000000001 21.225000000000005 35.475000000000001 -1.8455967741935482 23.755000000000006 12.055000000000001 0.037951612903225691 19.395000000000003 30.265000000000004 5.5050000000000008 5.5000000000000009 18.955000000000002 -0.2490870967741938 785.00000000000011 27.235000000000003 18.755000000000006 15.555000000000001 -0.595157894736842
decision_type=2 2 2 2 2 2 2 2 2 2 2 2 2 2 2 2 2 2 2 2 2 2 2 2 2 2 2 2 2 2
left_child=2 4 6 13 11 16 26 19 18 10 -7 15 22 -4 17 -2 -3 -15 23 -8 -21 -9 -6 -5 -17 -13 27 -1 -10 -14
right_child=1 5 3 8 12 9 7 21 28 -11 -12 25 29 14 -16 24 -18 -19 -20 20 -22 -23 -24 -25 -26 -27 -28 -29 -30 -31
leaf_value=-0.021122188490553983 0.074545802146196355 0.64831264851456971 -0.024987170206648965 -0.027681455381454959 0.42355244365898337 0.61325105276974756 -0.025567159542919122 0.013778092395735018 0.1308870679519194 1.1429021583284649 0.9824671578407288 0.25865624483321842 0.39816441833972926 0.029627832122398227 -0.027517582125053171 0.25596144782645358 0.47989772272109987 0.10143506128560094 0.10501475555303785 0.020077484563386212 -0.013079766612264104 0.041156055644219418 0.3275142030246922 0.065236417709650205 0.19567315421437703 0.3341442335353178 -0.020908990182657142 0.017918388543062304 0.17224034601789034 0.50418380524895401
leaf_weight=634 40 59 504 31 37 22 1363 1081 340 21 36 190 24 178 205 84 20 136 291 668 2547 603 122 560 279 51 22858 399 167 55
leaf_count=634 40 59 504 31 37 22 1363 1081 340 21 36 190 24 178 205 84 20 136 291 668 2547 603 122 560 279 51 22858 399 167 55
internal_value=-1.04822e-10 0.345082 -0.0110206 0.0581814 0.27004 0.763985 -0.0165562 -0.00240166 0.100431 0.922295 0.84242 0.225561 0.390396 0.000815527 0.0258725 0.196217 0.605676 0.0607291 0.0750947 -0.0119595 -0.00619048 0.0235815 0.349863 0.0603626 0.209624 0.274631 -0.0202662 -0.00604262 0.144508 0.471975
internal_weight=33605 1040 32565 2412 882 158 30153 6262 1389 79 58 644 238 1023 519 403 79 314 882 4578 3215 1684 159 591 363 241 23891 1033 507 79
internal_count=33605 1040 32565 2412 882 158 30153 6262 1389 79 58 644 238 1023 519 403 79 314 882 4578 3215 1684 159 591 363 241 23891 1033 507 79
is_linear=0
shrinkage=0.03


Tree=36
num_leaves=31
num_cat=0
split_feature=0 0 0 25 0 0 0 0 25 25 25 25 0 0 2 7 13 9 0 25 3 2 10 2 3 19 26 2 24 0
split_gain=133664 30203.6 17261.1 6431.28 4139.72 3767.24 2706.29 1755.14 1733.46 1509.79 2419.95 889.617 879.565 743.734 588.256 462.987 457.214 448.355 344.801 341.64 319.604 789.223 265.964 245.971 611.383 240.78 235.711 230.986 226.484 224.98
threshold=19.395000000000003 45.055000000000007 9.8650000000000002 -1.7113469156762873 55.510000000000005 31.605000000000004 6.1250000000000009 14.585000000000003 -1.3274957555178266 -1.7866666666666668 2.5754838709677421 -0.29562365591397849 24.73 1.925 34.845000000000006 79.153350000000017 0.090000000000000011 2.8500000000000005 15.075000000000001 0.09870967741935488 20.435000000000006 30.225000000000005 100.00000000000001 30.425000000000004 19.155000000000005 6.8500000000000005 -0.22067956989247314 30.575000000000003 2.5000000000000004 11.705000000000002
decision_type=2 2 2 2 2 2 2 2 2 2 2 2 2 2 2 2 2 2 2 2 2 2 2 2 2 2 2 2 2 2
left_child=2 5 6 15 16 12 11 14 -8 -6 -11 20 -2 -13 25 23 -3 -7 -17 28 -1 -22 -14 24 -4 -5 -9 -15 -10 -16
right_child=1 4 3 7 9 17 8 26 19 10 -12 13 22 27 29 18 -18 -19 -20 -21 21 -23 -24 -25 -26 -27 -28 -29 -30 -31
leaf_value=-0.02279578713295979 0.21392670563980937 0.463546534538269 -0.022122300947489945 0.11973342206941738 1.1198824853897094 0.37121118194178526 -0.013529490004374605 0.20232846085624448 0.049570479390186231 0.57789457113846487 0.97183953762054442 -0.014945250671877314 0.23683706011090958 0.021915126024836501 -0.045209209819634756 0.015372406632401223 0.62952573404473777 0.47442285639899112 0.12944283623587 0.067781710208059759 0.004375717267397162 -0.018688721151747991 0.30856050060036472 -0.034081034444778863 0.13383417010307314 0.08508619047932639 0.15257343130867654 -0.0077976360017820798 0.018936713695023279 0.067070027959757833
leaf_weight=12311 320 20 92 301 20 95 920 116 370 23 36 1761 63 1000 36 86 59 63 33 318 1504 11899 178 309 30 451 328 308 526 29
leaf_count=12311 320 20 92 301 20 95 920 116 370 23 36 1761 63 1000 36 86 59 63 33 318 1504 11899 178 309 30 451 328 308 526 29
internal_value=4.53026e-11 0.3655 -0.00979416 0.0802251 0.741066 0.282969 -0.0150671 0.117562 0.0175301 0.894626 0.818268 -0.0174839 0.246526 -0.00221738 0.0914702 -0.0053775 0.587506 0.412365 0.0470054 0.0410679 -0.019306 -0.0161006 0.289811 -0.0198405 0.0162277 0.0989543 0.165572 0.0149185 0.0315868 0.0048846
internal_weight=33605 877 32728 1811 158 719 30917 1261 2134 79 59 28783 561 3069 817 550 79 158 119 1214 25714 13403 241 431 122 752 444 1308 896 65
internal_count=33605 877 32728 1811 158 719 30917 1261 2134 79 59 28783 561 3069 817 550 79 158 119 1214 25714 13403 241 431 122 752 444 1308 896 65
is_linear=0
shrinkage=0.03


Tree=37
num_leaves=31
num_cat=0
split_feature=0 0 0 25 0 0 0 25 0 25 25 25 1 0 0 13 9 7 25 0 25 19 0 22 24 12 26 0 22 22
split_gain=125823 26272.6 18487.1 6469.22 3895.07 3141.04 2988.54 1976.95 1705.53 1420.56 2276.93 841.77 688.832 532.719 493.806 430.193 421.857 405.988 377.272 362.387 398.36 355.386 349.459 319.59 266.782 252.867 222.419 214.094 200.831 286.98
threshold=20.515000000000004 45.055000000000007 10.525 -1.8455967741935482 55.510000000000005 6.1250000000000009 31.605000000000004 -1.3274957555178266 15.075000000000001 -1.7866666666666668 2.5754838709677421 -0.11772043010752689 30.805000000000003 24.73 1.925 0.090000000000000011 2.8500000000000005 79.153350000000017 0.070645161290322403 1.7450000000000003 -1.153774759479343 6.8500000000000005 12.955000000000002 198.50000000000003 2.5000000000000004 0.53500000000000014 -0.22067956989247314 1.0000000180025095e-35 94.500000000000014 278.50000000000006
decision_type=2 2 2 2 2 2 2 2 2 2 2 2 2 2 2 2 2 2 2 2 2 2 2 2 2 2 2 2 2 2
left_child=2 6 5 17 15 11 13 28 12 -6 -11 19 21 -2 -13 -3 -8 -4 24 27 -21 -5 -19 -18 -9 -15 -10 -1 -7 -30
right_child=1 4 3 8 9 7 16 18 26 10 -12 14 -14 25 -16 -17 23 22 -20 20 -22 -23 -24 -25 -26 -27 -28 -29 29 -31
leaf_value=-0.011491627553928708 0.2179733986146748 0.44964013910293577 -0.024007601909571599 0.12857244106817661 1.0862860250473021 -0.027958041132869808 0.36007484390861111 0.051526555649441932 0.20484071523197425 0.5605577367285024 0.94268435557683306 -0.012331339637606438 -0.07279059052467346 0.33063864811142873 0.017596422292006506 0.61063996395822295 0.54632410764694206 -0.019590126437109869 0.068417061023793649 -0.018680156842101836 -0.0042835221775658636 0.085118263055194987 0.10366616108316055 0.40718466777067919 0.019750817678990881 0.26204815716579044 0.15755155567902809 -0.021537257590740835 0.012819853884025212 -0.03225926367707712
leaf_weight=2142 240 20 353 272 20 434 95 407 121 23 36 1046 21 67 944 59 24 37 373 4049 3020 449 47 39 572 174 344 17582 411 184
leaf_count=2142 240 20 353 272 20 434 95 407 121 23 36 1046 21 67 944 59 24 37 373 4049 3020 449 47 39 572 174 344 17582 411 184
internal_value=3.89217e-11 0.372444 -0.00904772 0.0890009 0.718834 -0.0142201 0.286795 0.0188945 0.124809 0.867787 0.79372 -0.0169594 0.0965784 0.249611 0.00186555 0.569881 0.399994 -0.00990208 0.0427429 -0.0183576 -0.0125297 0.101512 0.0493747 0.46019 0.032961 0.281117 0.169857 -0.0204463 -0.0124398 -0.00112058
internal_weight=33605 797 32808 1644 158 31164 639 2381 1207 79 59 28783 742 481 1990 79 158 437 1352 26793 7069 721 84 63 979 241 465 19724 1029 595
internal_count=33605 797 32808 1644 158 31164 639 2381 1207 79 59 28783 742 481 1990 79 158 437 1352 26793 7069 721 84 63 979 241 465 19724 1029 595
is_linear=0
shrinkage=0.03


Tree=38
num_leaves=31
num_cat=0
split_feature=0 0 0 25 0 0 0 22 8 0 25 3 2 0 25 0 3 2 1 0 0 24 2 0 16 2 26 8 0 24
split_gain=118423 30228.1 11583.9 5726.98 4386.02 3664.87 2388.9 1369.05 2143.7 1095.96 1007.18 707.874 1227.65 562.872 532.648 452.783 508.08 657.314 411.659 397.73 385.571 376.818 413.354 371.501 250.914 231.797 222.298 213.327 202.323 195.009
threshold=17.620000000000001 45.055000000000007 6.8050000000000006 -1.3274957555178266 26.785000000000004 55.510000000000005 10.785000000000002 202.50000000000003 785.00000000000011 35.95000000000001 -0.054919354838709841 21.435000000000006 35.475000000000001 2.5450000000000004 -2.7926570458404067 1.7450000000000003 20.505000000000006 32.605000000000011 23.755000000000006 15.075000000000001 13.655000000000003 2.5000000000000004 33.275000000000013 21.710000000000004 27.000000000000004 26.045000000000005 -0.2490870967741938 368.50000000000006 1.0000000180025095e-35 3.5000000000000004
decision_type=2 2 2 2 2 2 2 2 2 2 2 2 2 2 2 2 2 2 2 2 2 2 2 2 2 2 2 2 2 2
left_child=2 4 10 11 14 18 21 8 -7 24 15 -4 20 25 -2 28 -17 -18 -3 29 -13 -5 -23 26 -6 -12 -16 -25 -1 -8
right_child=1 5 3 6 9 7 19 -9 -10 -11 13 12 -14 -15 23 16 17 -19 -20 -21 -22 22 -24 27 -26 -27 -28 -29 -30 -31
leaf_value=-0.011218052111174267 0.04807867850576128 0.59265586368108192 -0.02229813168906274 0.069916369932509909 0.3722428119778633 0.54036386281251902 0.11776634619560949 0.99310643076896665 0.94566916465759276 0.43247609278823756 0.035355013122387008 0.039325358146195769 -0.028616158723831178 0.026539499333496436 0.22805801907311313 -0.021021769129149069 0.0074680932625334423 -0.015092769393255613 0.43516237878799441 0.15199601001952082 0.11298411394158998 0.041785177175260813 -0.040990580130368472 0.14799867095947267 0.28993437645435333 -0.012982326598464418 0.16698673593243621 0.24077415524833445 -0.020879442691111364 0.081462574086253528
leaf_weight=2192 21 59 747 447 40 24 361 32 23 79 99 304 270 716 69 2938 2082 2631 20 218 81 571 60 25 200 910 241 207 17727 211
leaf_count=2192 21 59 747 447 40 24 361 32 23 79 99 304 270 716 69 2938 2082 2631 20 218 81 571 60 25 200 910 241 207 17727 211
internal_value=4.87927e-11 0.315135 -0.0100642 0.0434904 0.24668 0.697269 0.0778854 0.841754 0.738705 0.335555 -0.0160421 -0.00233698 0.0204279 0.00619624 0.196323 -0.0174335 -0.0112302 -0.00512635 0.552784 0.117516 0.0548224 0.0488428 0.0339143 0.202066 0.303652 -0.00823961 0.18058 0.230777 -0.0198162 0.104375
internal_weight=33605 1040 32565 3270 882 158 1868 79 47 319 29295 1402 655 1725 563 27570 7651 4713 79 790 385 1078 631 542 240 1009 310 232 19919 572
internal_count=33605 1040 32565 3270 882 158 1868 79 47 319 29295 1402 655 1725 563 27570 7651 4713 79 790 385 1078 631 542 240 1009 310 232 19919 572
is_linear=0
shrinkage=0.03


Tree=39
num_leaves=31
num_cat=0
split_feature=0 0 0 25 0 0 0 0 25 4 23 25 0 7 1 0 0 9 9 22 1 22 25 3 1 10 26 24 1 1
split_gain=111457 23244.1 16396.1 5857.03 3448.28 2666.06 2248.79 1795.73 1609.42 1506.75 1822.8 631.851 531.53 512.543 490.099 468.999 399.742 393.248 386.652 314.15 389.218 296.902 294.451 253.457 543.487 237.878 236.481 233.778 218.264 186.26
threshold=20.515000000000004 45.055000000000007 9.8650000000000002 -1.7113469156762873 55.510000000000005 31.605000000000004 5.6150000000000011 14.585000000000003 -0.86088709677419339 27.025000000000002 3.5000000000000004 -0.29562365591397849 1.4650000000000001 79.153350000000017 30.885000000000002 24.73 15.075000000000001 3.5000000000000004 2.8500000000000005 94.500000000000014 30.145000000000003 198.50000000000003 -0.53209677419354828 20.435000000000006 25.495000000000001 100.00000000000001 -0.22067956989247314 2.5000000000000004 27.475000000000005 22.065000000000001
decision_type=2 2 2 2 2 2 2 2 2 2 2 2 2 2 2 2 2 2 2 2 2 2 2 2 2 2 2 2 2 2
left_child=2 5 6 13 17 15 11 14 19 10 -6 23 -13 -4 22 -2 -15 -3 -7 -8 -21 -20 -5 -1 -25 -17 -9 -10 -29 -19
right_child=1 4 3 7 9 18 8 26 27 -11 -12 12 -14 16 -16 25 -18 29 21 20 -22 -23 -24 24 -26 -27 -28 28 -30 -31
leaf_value=-0.020856464318517186 0.20516915631107988 0.43782946128845213 -0.019599264883789522 0.062049034419678031 0.61565395719126659 0.33867515154888755 -0.025457708561918046 0.18942154800229602 0.055075235668743068 1.0342378950119018 0.96948639249801638 -0.015506980678894835 0.009874159184576228 0.013736948502618213 -0.055890516205267471 0.21431695483979726 0.1305741470660034 0.53729637319391421 0.51754233241081238 0.012626953936638248 -0.037206666292301536 0.38343263451869669 0.10067137665642037 0.0017428965102717542 -0.01708897217827372 0.28214774218837868 0.14319786505018803 0.032161219925269165 -0.043079558715626999 0.65158707073756628
leaf_weight=12178 240 25 435 268 38 95 551 135 516 21 20 1521 1451 86 22 63 38 33 24 745 174 39 527 1565 11621 178 380 558 37 21
leaf_count=12178 240 25 435 268 38 95 551 135 516 21 20 1521 1451 86 22 63 38 33 24 745 174 39 527 1565 11621 178 380 558 37 21
internal_value=1.03611e-10 0.350536 -0.00851552 0.0772385 0.676351 0.269975 -0.0137606 0.111442 0.013048 0.816501 0.737665 -0.0162024 -0.00311531 -0.00426205 0.0837862 0.234854 0.0495419 0.536201 0.376893 -0.00754699 0.00319164 0.434522 0.0876515 -0.0177359 -0.0148539 0.264416 0.155315 0.0402978 0.0274824 0.581743
internal_weight=33605 797 32808 1891 158 639 30917 1332 2581 79 58 28336 2972 559 817 481 124 79 158 1470 919 63 795 25364 13186 241 515 1111 595 54
internal_count=33605 797 32808 1891 158 639 30917 1332 2581 79 58 28336 2972 559 817 481 124 79 158 1470 919 63 795 25364 13186 241 515 1111 595 54
is_linear=0
shrinkage=0.03


Tree=40
num_leaves=31
num_cat=0
split_feature=0 0 0 25 0 0 25 25 0 0 25 0 0 3 2 25 13 2 0 3 2 2 3 25 21 26 25 8 2 3
split_gain=104927 26742.2 10288.6 4865.09 3901.87 3244.48 1391.73 2132.53 1328.32 1285.52 1174.02 754.579 673.905 589.512 862.285 580.113 370.394 364.414 337.083 305.834 525.277 296.968 415.879 284.341 265.818 216.622 216.096 214.373 180.004 592.693
threshold=17.620000000000001 45.055000000000007 8.2450000000000028 -1.3274957555178266 29.145000000000003 55.510000000000005 -1.7866666666666668 2.5754838709677421 3.1250000000000004 12.585000000000003 -0.45470005659309559 22.875000000000004 35.95000000000001 21.225000000000005 35.475000000000001 -1.8455967741935482 0.090000000000000011 35.915000000000006 12.055000000000001 19.105000000000004 32.605000000000011 27.135000000000002 18.755000000000006 0.037951612903225691 5.5000000000000009 -0.2490870967741938 0.32177419354838693 785.00000000000011 28.035000000000004 18.405000000000005
decision_type=2 2 2 2 2 2 2 2 2 2 2 2 2 2 2 2 2 2 2 2 2 2 2 2 2 2 2 2 2 2
left_child=2 4 8 13 11 16 -7 -8 21 17 19 15 24 28 18 -2 -3 23 -15 -10 -21 22 -1 -5 -6 -17 -12 -13 29 -4
right_child=1 5 3 9 12 6 7 -9 10 -11 26 27 -14 14 -16 25 -18 -19 -20 20 -22 -23 -24 -25 -26 -27 -28 -29 -30 -31
leaf_value=-0.017711646675791257 0.060346365004777906 0.40854373741149902 -0.032613057213671068 0.056286790760750001 0.37089540945517052 1.0082757210731506 0.49304702406344209 0.86285751064618421 -0.024297143035899783 0.12477911404427693 0.015196949086263773 0.22122215559294348 0.40766007458861869 0.027018065243289712 -0.024914488546005108 0.2229601905707802 0.55793516951092215 -0.02732226191340266 0.089747999137924861 0.011023073278629968 -0.016082115519915518 -0.017759452127322536 0.020510907508098756 0.092940968557806869 0.27909787891341037 0.16800809843045089 0.041111412532269381 0.29049339119125811 -0.029868703180317514 0.16007957518100738
leaf_weight=602 40 20 51 555 37 20 23 36 944 507 1125 190 79 178 205 84 59 37 136 1132 1491 24023 446 290 122 279 390 51 433 20
leaf_count=602 40 20 51 555 37 20 23 36 944 507 1125 190 79 178 205 84 59 37 136 1132 1491 24023 446 290 122 279 390 51 433 20
internal_value=-4.20334e-11 0.296634 -0.00947336 0.0501479 0.232248 0.65606 0.792006 0.718694 -0.0142426 0.0867128 -0.000257143 0.193888 0.336043 0.000501125 0.0229431 0.168776 0.520115 0.0648312 0.0541877 -0.00965428 -0.00438441 -0.0170775 -0.00144518 0.0688663 0.30046 0.180724 0.021868 0.235881 -0.0226088 0.0216666
internal_weight=33605 1040 32565 2412 882 158 79 59 30153 1389 5082 644 238 1023 519 403 79 882 314 3567 2623 25071 1048 845 159 363 1515 241 504 71
internal_count=33605 1040 32565 2412 882 158 79 59 30153 1389 5082 644 238 1023 519 403 79 882 314 3567 2623 25071 1048 845 159 363 1515 241 504 71
is_linear=0
shrinkage=0.03


Tree=41
num_leaves=31
num_cat=0
split_feature=0 0 0 24 0 0 0 2 4 10 24 3 0 3 2 3 2 3 0 0 3 2 1 20 22 3 3 0 10 16
split_gain=98741.8 20562.1 14537.2 3067.32 3052.73 2480.8 2368.3 1641.22 1447.81 1787.26 1222.47 819.393 781.495 747.646 682.308 676.221 672.518 579.531 525.881 411.322 379.182 770.798 362.805 358.286 274.553 268.102 242.778 220.232 218.35 214.765
threshold=20.515000000000004 45.055000000000007 10.525 3.5000000000000004 55.510000000000005 6.1250000000000009 31.605000000000004 28.225000000000005 27.025000000000002 240.00000000000003 2.5000000000000004 17.865000000000006 15.075000000000001 19.605000000000004 27.135000000000002 18.665000000000003 29.275000000000002 17.915000000000003 16.865000000000006 24.73 21.005000000000006 32.605000000000011 23.755000000000006 0.62500000000000011 198.50000000000003 21.405000000000005 20.965000000000003 15.555000000000001 100.00000000000001 30.000000000000004
decision_type=2 2 2 2 2 2 2 2 2 2 2 2 2 2 2 2 2 2 2 2 2 2 2 2 2 2 2 2 2 2
left_child=2 6 5 18 22 14 19 11 9 -6 -7 -5 25 -14 15 -1 17 -12 29 -2 -16 -22 -3 -8 -25 -9 -18 -13 -21 -4
right_child=1 4 3 7 8 10 23 12 -10 -11 16 27 13 -15 20 -17 26 -19 -20 28 21 -23 -24 24 -26 -27 -28 -29 -30 -31
leaf_value=-0.017514954830748504 0.19326422766596077 0.54194226895348496 0.1331104218702546 -0.045831282734870908 0.47793709061362527 0.054322413191237248 0.31814700538233703 -0.02692817374033862 0.98168213946478711 0.82115198493003838 -0.032702046179744815 0.10039398185908795 -0.05557813774455677 0.10348749794120336 -0.019639722979437214 0.023269375635046805 -0.027037563283693278 0.042467280904556225 0.16978448488435693 0.20074995653969899 -0.0021824860262759558 -0.017469392076813788 0.39408924579620358 0.49024553418159483 0.361282158104273 0.017893043469956151 0.0014280129566188317 0.15915335695589741 0.26573689506295017 0.09455814552779955
leaf_weight=668 240 59 223 29 22 589 95 217 21 36 112 150 33 137 13676 809 429 525 181 63 4369 9261 20 24 39 269 726 93 178 312
leaf_count=668 240 59 223 29 22 589 95 217 21 36 112 150 33 137 13676 809 429 525 181 63 4369 9261 20 24 39 269 726 93 178 312
internal_value=-1.30214e-10 0.329937 -0.0080151 0.0789304 0.636378 -0.0126018 0.254165 0.0429362 0.768246 0.690967 0.0168275 0.104894 0.0172462 0.0726101 -0.0150362 0.00482392 0.00450352 0.0292507 0.125582 0.221064 -0.0161105 -0.0125693 0.504511 0.354936 0.410411 -0.00211972 -0.00914492 0.122882 0.248749 0.110628
internal_weight=33605 797 32808 1644 158 31164 639 928 79 58 2381 272 656 170 28783 1477 1792 637 716 481 27306 13630 79 158 63 486 1155 243 241 535
internal_count=33605 797 32808 1644 158 31164 639 928 79 58 2381 272 656 170 28783 1477 1792 637 716 481 27306 13630 79 158 63 486 1155 243 241 535
is_linear=0
shrinkage=0.03


Tree=42
num_leaves=31
num_cat=0
split_feature=0 0 0 25 0 0 0 4 23 0 25 0 25 3 2 25 24 2 1 0 0 2 0 16 3 17 26 8 0 25
split_gain=92910.4 23670.6 9150.62 4569.69 3462.82 2872.32 1884.21 1362.25 1739.71 877.848 822.662 582.255 645.492 579.472 1049.76 452.464 345.774 484.101 341.363 304.978 284.919 235.918 217.135 216.125 194.422 192.412 187.573 181.944 178.612 168.324
threshold=17.620000000000001 45.055000000000007 6.8050000000000006 -1.3274957555178266 26.785000000000004 55.510000000000005 11.705000000000002 27.025000000000002 3.5000000000000004 35.95000000000001 0.906241935483871 1.7450000000000003 -0.77983333333333327 21.435000000000006 35.475000000000001 -2.7926570458404067 2.5000000000000004 33.275000000000013 23.755000000000006 13.655000000000003 21.710000000000004 29.705000000000002 15.075000000000001 27.000000000000004 21.855000000000004 41.000000000000007 -0.2490870967741938 785.00000000000011 1.0000000180025095e-35 -0.595157894736842
decision_type=2 2 2 2 2 2 2 2 2 2 2 2 2 2 2 2 2 2 2 2 2 2 2 2 2 2 2 2 2 2
left_child=2 4 10 13 15 18 16 8 -7 23 11 28 24 -4 19 -2 27 -18 -3 -15 26 -14 -8 -6 -13 -22 -17 -5 -1 -11
right_child=1 5 3 6 9 7 22 -9 -10 29 -12 12 21 14 -16 20 17 -19 -20 -21 25 -23 -24 -25 -26 -27 -28 -29 -30 -31
leaf_value=-0.0097529708275700035 0.037180217334202355 0.52568399590961001 -0.020312103356373117 0.054817394014996787 0.33263128852844237 0.55104018010591194 0.098459728128013388 0.9522316769191197 0.89671389341354368 0.31797608405351641 0.026962019838621502 -0.018784497027930093 0.012986424797639501 0.036367671388985681 -0.027006714908199177 0.20390049729010334 0.042051718762283273 -0.042113328303813057 0.38226656627655031 0.1018775388598442 0.17808054141022941 -0.0044552487017183737 0.13525770223409006 0.25624170895814891 -0.0072561318538084856 0.23277296625279092 0.14780162104865327 0.094127226938307287 -0.018545298551609447 0.41319449847936629
leaf_weight=2347 21 59 747 361 40 38 427 21 20 24 430 3259 1292 304 270 69 644 68 20 81 121 1518 218 200 2209 111 241 150 18240 55
leaf_count=2347 21 59 747 361 40 38 427 21 20 24 430 3259 1292 304 270 69 644 68 20 81 121 1518 218 200 2209 111 241 150 18240 55
internal_value=-1.16249e-10 0.279132 -0.00891441 0.0386841 0.218556 0.617287 0.0694081 0.745198 0.670238 0.297526 -0.0142275 -0.0148411 -0.00812178 -0.00225186 0.0183451 0.173811 0.0475272 0.0340135 0.489376 0.0501503 0.179105 0.0035642 0.110897 0.268973 -0.0141272 0.204248 0.160288 0.0663565 -0.0175429 0.384267
internal_weight=33605 1040 32565 3270 882 158 1868 79 58 319 29295 28865 8278 1402 655 563 1223 712 79 385 542 2810 645 240 5468 232 310 511 20587 79
internal_count=33605 1040 32565 3270 882 158 1868 79 58 319 29295 28865 8278 1402 655 563 1223 712 79 385 542 2810 645 240 5468 232 310 511 20587 79
is_linear=0
shrinkage=0.03


Tree=43
num_leaves=31
num_cat=0
split_feature=0 0 0 25 0 0 0 0 25 25 25 2 2 12 12 8 3 0 3 2 7 0 0 25 19 23 24 22 0 26
split_gain=87468.4 18191.6 12916.4 4732.98 2702.56 2112.46 1776.02 1597.52 1392.85 1353.24 2039.09 679.006 394.256 365.357 333.543 326.167 309.636 309.049 297.438 584.49 290.499 279.368 266.613 313.914 235.781 218.111 198.682 196.788 191.166 188.746
threshold=20.515000000000004 45.055000000000007 9.8650000000000002 -1.8455967741935482 55.510000000000005 31.605000000000004 4.455000000000001 14.585000000000003 -0.76867204301075265 -1.7866666666666668 2.5754838709677421 35.975000000000001 26.485000000000003 0.63500000000000012 0.63500000000000012 597.50000000000011 18.755000000000006 8.0850000000000026 19.105000000000004 30.655000000000005 79.153350000000017 12.955000000000002 1.3350000000000002 -0.44901075268817198 6.8500000000000005 4.5000000000000009 1.5000000000000002 198.50000000000003 24.73 -1.0031666666666663
decision_type=2 2 2 2 2 2 2 2 2 2 2 2 2 2 2 2 2 2 2 2 2 2 2 2 2 2 2 2 2 2
left_child=2 5 6 20 15 13 12 11 18 -6 -11 24 16 -2 27 -3 -1 26 -8 -20 -4 -22 -14 -24 -5 -13 -10 -7 -15 -9
right_child=1 4 3 7 9 14 8 29 17 10 -12 25 22 28 -16 -17 -18 -19 19 -21 21 -23 23 -25 -26 -27 -28 -29 -30 -31
leaf_value=-0.015285716014727949 0.24901157183184039 0.38510552043914792 -0.021426636394527222 0.10046754545759688 0.93610075950622551 0.47003988647460937 -0.024551958620879381 0.18659785525873301 0.04422305719607348 0.42990325641048988 0.79152109980583185 -0.062113037545506539 -0.017491145473281147 0.17005247316757838 0.30346566220692228 0.51617089827855422 0.025368124906094625 0.053645026945735287 0.032936239204730079 -0.01039077279281189 -0.012010559141635894 0.088909375978277069 -0.01379420956017386 0.0013456448685242553 0.066843778139315774 0.045389439977448563 0.01493023816620551 0.35078209411014211 0.21497311150586162 0.13163299425937572
leaf_weight=300 139 25 405 307 20 20 675 64 271 23 36 41 18320 180 105 54 385 355 359 1277 52 47 6555 1518 483 29 902 33 162 463
leaf_count=300 139 25 405 307 20 20 675 64 271 23 36 41 18320 180 105 54 385 355 359 1277 52 47 6555 1518 483 29 902 33 162 463
internal_value=3.07571e-11 0.310532 -0.0075437 0.0685687 0.598768 0.239262 -0.012199 0.0971789 0.00689712 0.722842 0.650551 0.0719753 -0.0149064 0.207999 0.334434 0.474695 0.00756352 0.0291201 -0.0077964 -0.000883195 -0.0101659 0.0359009 -0.0154896 -0.0109474 0.0799102 -0.0175763 0.0216978 0.395785 0.191331 0.138308
internal_weight=33605 797 32808 1891 158 639 30917 1387 3839 79 59 860 27078 481 158 79 685 1528 2311 1636 504 99 26393 8073 790 70 1173 53 342 527
internal_count=33605 797 32808 1891 158 639 30917 1387 3839 79 59 860 27078 481 158 79 685 1528 2311 1636 504 99 26393 8073 790 70 1173 53 342 527
is_linear=0
shrinkage=0.03


Tree=44
num_leaves=31
num_cat=0
split_feature=0 0 0 25 0 0 0 4 9 25 0 0 2 3 2 7 22 0 12 1 25 3 2 26 22 1 12 22 7 25
split_gain=82324.8 18504.1 10674.4 4088.42 2542.84 2348.03 1680.44 1309.67 1667.35 1222.37 1092.11 532.019 528.061 561.58 401.191 331.658 415.138 431.493 313.83 309.54 308.895 306.906 622.829 287.046 244.364 237.675 203.798 185.158 167.837 139.869
threshold=19.395000000000003 45.055000000000007 9.8650000000000002 -1.7113469156762873 55.510000000000005 31.605000000000004 5.6150000000000011 27.025000000000002 9.5000000000000018 -1.3054999999999997 13.285000000000002 24.73 27.235000000000003 18.665000000000003 34.885000000000012 76.966650000000016 74.500000000000014 15.075000000000001 0.63500000000000012 23.755000000000006 0.070645161290322403 20.965000000000003 32.755000000000003 -1.0281268817204301 140.50000000000003 29.955000000000002 0.53500000000000014 198.50000000000003 78.472250000000017 -1.0486666666666664
decision_type=2 2 2 2 2 2 2 2 2 2 2 2 2 2 2 2 2 2 2 2 2 2 2 2 2 2 2 2 2 2
left_child=2 5 6 15 19 11 12 8 -6 -8 14 28 13 -1 29 -4 -17 -18 27 -3 25 -14 -23 -12 -25 -11 -13 -7 -2 -5
right_child=1 4 3 10 7 18 9 -9 -10 20 23 26 21 -15 -16 16 17 -19 -20 -21 -22 22 -24 24 -26 -27 -28 -29 -30 -31
leaf_value=-0.016088644814756879 0.17855773501671277 0.4950281405853012 -0.026027774612434572 0.041411090529731749 0.42189755656502459 0.45593868827819822 -0.012090460039833757 0.90415588506630484 0.75339983006318412 0.024556714432529866 0.17861534573662449 0.27159647258359992 -0.018150294403153824 0.02042123418407793 -0.010732748508453368 -0.036838096581496199 0.019083275821208952 0.12925581323546032 0.29436169222423009 0.35845901441574096 0.053026735249528271 -0.0025395141960102953 -0.016250141165812613 0.15860181850771748 0.10509001508051034 -0.041184305342344137 0.21001951458125279 0.34025862861763345 0.1228932763300836 0.079822555894005873
leaf_weight=716 260 59 305 103 22 20 1128 21 36 1027 71 67 13319 806 56 77 125 43 105 20 374 4448 9047 93 441 52 174 33 60 497
leaf_count=716 260 59 305 103 22 20 1128 21 36 1027 71 67 13319 806 56 77 125 43 105 20 374 4448 9047 93 441 52 174 33 60 497
internal_value=-1.2871e-10 0.286843 -0.00768643 0.0631037 0.580805 0.222245 -0.011833 0.701157 0.627658 0.0113414 0.0928727 0.193474 -0.0139439 0.00324576 0.0660612 -0.00514835 0.0208444 0.0472822 0.324401 0.460454 0.0295321 -0.0149196 -0.0117311 0.121944 0.114409 0.0213885 0.227138 0.383911 0.168121 0.0732286
internal_weight=33605 877 32728 1811 158 719 30917 79 58 2581 1261 561 28336 1522 656 550 245 168 158 79 1453 26814 13495 605 534 1079 241 53 320 600
internal_count=33605 877 32728 1811 158 719 30917 79 58 2581 1261 561 28336 1522 656 550 245 168 158 79 1453 26814 13495 605 534 1079 241 53 320 600
is_linear=0
shrinkage=0.03


Tree=45
num_leaves=31
num_cat=0
split_feature=0 0 0 25 0 2 0 1 0 25 0 0 3 2 0 25 25 24 2 22 21 2 0 3 19 26 2 0 26 22
split_gain=77515.6 19691 7652.31 3831.8 2912.45 2426.69 2891.44 1950.13 1568.89 708.207 556.444 520.05 513.657 925.435 496.022 551.98 459.308 319.723 432.38 291.195 242.281 206.214 183.799 178.814 177.202 177.149 168.317 163.214 162.084 159.574
threshold=17.620000000000001 45.055000000000007 6.8050000000000006 -1.3274957555178266 29.145000000000003 26.615000000000006 55.510000000000005 22.065000000000001 11.705000000000002 0.906241935483871 22.875000000000004 35.95000000000001 21.225000000000005 35.475000000000001 1.7450000000000003 -0.77983333333333327 -1.8455967741935482 2.5000000000000004 33.275000000000013 276.50000000000006 5.5000000000000009 29.705000000000002 15.555000000000001 21.855000000000004 7.1000000000000005 -0.2490870967741938 26.045000000000005 1.0000000180025095e-35 -0.25563548387096785 278.50000000000006
decision_type=2 2 2 2 2 2 2 2 2 2 2 2 2 2 2 2 2 2 2 2 2 2 2 2 2 2 2 2 2 2
left_child=2 4 9 12 10 6 -3 -8 17 14 16 20 26 19 27 23 -2 28 -19 -14 -6 -17 -10 -16 -12 -18 -4 -1 -5 -28
right_child=1 5 3 8 11 -7 7 -9 22 -11 24 -13 13 -15 15 21 25 18 -20 -21 -22 -23 -24 -25 -26 -27 29 -29 -30 -31
leaf_value=-0.0086175750818120005 0.048523394733667367 0.48239703064873107 0.061711857725273475 0.092664528053062842 0.32537177111651444 0.33885309093138749 0.61069015972316265 0.95034943514856796 0.091912020936717423 0.025215829843146249 0.23000902280343316 0.3522981747494468 0.055195926483984373 -0.025950132267107424 -0.017388489828069228 0.012246897193168372 0.19383094082985605 0.038155156224637048 -0.041386897292207264 -0.016806757567545117 0.23773252592712152 -0.0040598320987422056 0.1284715685060995 -0.0063325361093246818 0.17846005372353829 0.14413712209511187 -0.014492833774430412 -0.017022377784258091 0.052452055656393694 -0.048315309333869003
leaf_weight=2347 40 63 22 117 37 34 32 29 478 430 113 79 353 278 3259 1292 84 644 68 59 122 1518 167 2209 128 279 525 18240 394 165
leaf_count=2347 40 63 22 117 37 34 32 29 478 430 113 79 353 278 3259 1292 84 644 68 59 122 1518 167 2209 128 279 525 18240 394 165
internal_value=8.4831e-12 0.25496 -0.00814245 0.0353852 0.19971 0.563381 0.624945 0.772168 0.0635194 -0.0130011 0.16657 0.289385 -0.00210034 0.0163455 -0.0135705 -0.00736863 0.145005 0.0435531 0.0305584 0.0448849 0.258127 0.00343778 0.101378 -0.012922 0.20263 0.155637 -0.0199763 -0.0160642 0.0616592 -0.0225808
internal_weight=33605 1040 32565 3270 882 158 124 61 1868 29295 644 238 1402 690 28865 8278 403 1223 712 412 159 2810 645 5468 241 363 712 20587 511 690
internal_count=33605 1040 32565 3270 882 158 124 61 1868 29295 644 238 1402 690 28865 8278 403 1223 712 412 159 2810 645 5468 241 363 712 20587 511 690
is_linear=0
shrinkage=0.03


Tree=46
num_leaves=31
num_cat=0
split_feature=2 5 26 3 22 2 22 2 4 2 5 6 2 22 25 22 22 5 5 3 22 22 22 2 22 3 22 22 2 3
split_gain=28802.6 12348.4 7259.91 5655.37 4121.49 3445.62 3944.53 2371.87 1857.78 924.9 895.215 820.281 1372.21 757.811 699.96 583.198 563.844 512.66 473.72 413.943 408.476 629.304 351.148 245.238 318.984 161.667 145.441 368.61 162.109 56.3865
threshold=25.405000000000005 0.84570000000000012 -1.0600000000000001 22.785000000000004 74.500000000000014 35.475000000000001 276.50000000000006 23.745000000000001 19.735000000000003 31.185000000000006 0.90160000000000007 16.639450000000004 21.925000000000004 216.50000000000003 -1.3054999999999997 198.50000000000003 188.50000000000003 0.56555000000000011 0.9759500000000001 21.815000000000001 127.50000000000001 135.50000000000003 93.500000000000014 37.635000000000012 276.50000000000006 18.855000000000004 158.50000000000003 274.50000000000006 27.235000000000003 21.365000000000006
decision_type=2 2 2 2 2 2 2 2 2 2 2 2 2 2 2 2 2 2 2 2 2 2 2 2 2 2 2 2 2 2
left_child=2 17 8 7 -3 6 9 11 15 -6 25 12 -4 -13 -8 16 -1 26 -10 -12 -7 -22 -19 24 -24 -9 -2 28 -28 -18
right_child=1 4 3 -5 5 20 14 10 18 -11 19 13 -14 -15 -16 -17 29 22 -20 -21 21 -23 23 -25 -26 -27 27 -29 -30 -31
leaf_value=0.32401089961712176 -0.016328418557335543 -0.02549905292571537 0.22208497187575779 0.61577825295925137 0.089458208456698954 -0.039499977294242747 -0.032732826645005042 -0.012343866527080536 0.59335602957269418 0.052901331288140965 0.079162483877042611 0.30367060512304306 0.091347760103804909 0.14280283559054294 0.031934737613540619 0.36674014357158113 0.18017439302802085 -0.017828697001995939 0.4028267705714097 0.14980107038392931 0.073669800045900041 -0.017601821927049961 0.013440991666333505 -0.023066126830507436 -0.01362407206754142 0.041737521065438585 0.018026685464441253 -0.016847712114013213 -0.0058394256431757675 0.10893686765804886
leaf_weight=26 16057 756 111 20 1907 297 364 65 23 925 237 60 207 47 257 35 20 939 24 109 96 233 1671 273 512 212 279 4696 3127 20
leaf_count=26 16057 756 111 20 1907 297 364 65 23 925 237 60 207 47 257 35 20 939 24 109 96 233 1671 273 512 212 279 4696 3127 20
internal_value=8.32046e-12 -0.00538149 0.14334 0.116052 0.0388387 0.0507631 0.062503 0.106515 0.340253 0.0775178 0.0692389 0.161159 0.136982 0.233009 -0.00597024 0.267747 0.21525 -0.013141 0.496064 0.101416 -0.0139943 0.00903063 -0.00222499 0.00374077 0.00709316 0.0290469 -0.014675 -0.0113981 -0.00388445 0.144556
internal_weight=33605 32389 1216 1068 4835 4079 3453 1048 148 2832 623 425 318 107 621 101 66 27554 47 346 626 329 3395 2456 2183 277 24159 8102 3406 40
internal_count=33605 32389 1216 1068 4835 4079 3453 1048 148 2832 623 425 318 107 621 101 66 27554 47 346 626 329 3395 2456 2183 277 24159 8102 3406 40
is_linear=0
shrinkage=0.03


Tree=47
num_leaves=31
num_cat=0
split_feature=0 0 0 25 4 0 0 8 25 0 0 25 0 25 7 0 7 10 0 24 26 24 1 23 1 22 0 4 0 19
split_gain=70525.6 14667.5 10301.4 3354.26 2298.53 2142.11 1731.26 1656.72 1579.18 1222.93 559.217 503.271 366.193 425.03 337.105 323.423 297.796 274.457 267.155 242.844 237.063 186.177 175.015 165.098 158.004 258.235 150.091 143.704 133.974 122.385
threshold=20.515000000000004 45.055000000000007 11.705000000000002 -1.8455967741935482 28.255000000000006 6.2150000000000007 31.605000000000004 785.00000000000011 -1.2778225806451611 55.510000000000005 15.555000000000001 0.906241935483871 1.7450000000000003 -0.77983333333333327 79.153350000000017 9.6750000000000025 79.153350000000017 100.00000000000001 24.73 2.5000000000000004 -0.13226881720430106 3.5000000000000004 22.005000000000006 3.5000000000000004 30.145000000000003 94.500000000000014 1.0000000180025095e-35 20.115000000000006 35.95000000000001 6.8500000000000005
decision_type=2 2 2 2 2 2 2 2 2 2 2 2 2 2 2 2 2 2 2 2 2 2 2 2 2 2 2 2 2 2
left_child=2 6 5 14 7 11 16 -3 24 22 20 12 26 -14 -4 19 18 -8 -2 -10 23 -22 -9 -5 25 -7 -1 -16 -19 -12
right_child=1 4 3 10 -6 8 17 9 15 -11 29 -13 13 -15 27 -17 -18 28 -20 -21 21 -23 -24 -25 -26 -27 -28 -29 -30 -31
leaf_value=-0.0079934798378471957 0.17268235977060101 0.34662154365093151 -0.020872886174254944 0.082255728499543282 0.81487320899963378 -0.021948478437525665 0.23193467928813052 0.42037220527385843 0.04473909199386835 0.69258656263351437 0.15347908774035707 0.02137070617698536 -0.012520530345086208 0.0021860911298015695 0.019549157683338439 0.061523668053075992 0.13288675947831227 0.28688133737620181 0.22153547121696174 0.016222241297223182 0.087109515282511707 0.037535937434434889 0.53572879743576041 0.12754586212556152 -0.036458893229478387 0.008560105517929302 -0.016053304211956471 0.1092916675714346 0.35120412758168051 0.11881088573471764
leaf_weight=2347 203 47 270 155 23 463 39 29 475 39 139 388 5216 2676 42 356 78 51 200 619 150 125 20 136 174 542 18240 26 68 269
leaf_count=2347 203 47 270 155 23 463 39 29 475 39 139 388 5216 2676 42 356 78 51 200 619 150 125 20 136 174 542 18240 26 68 269
internal_value=-1.00699e-10 0.278839 -0.00677379 0.0755907 0.537655 -0.0102048 0.214844 0.490426 0.0157203 0.56723 0.103848 -0.0125658 -0.0130282 -0.00753385 -0.00583737 0.0366862 0.186542 0.301002 0.196927 0.0286039 0.0845482 0.0645761 0.467457 0.103422 -0.0100648 -0.00549509 -0.0151345 0.0538625 0.323637 0.130622
internal_weight=33605 797 32808 1312 158 31496 639 135 2629 88 974 28867 28479 7892 338 1450 481 158 403 1094 566 275 49 291 1179 1005 20587 68 119 408
internal_count=33605 797 32808 1312 158 31496 639 135 2629 88 974 28867 28479 7892 338 1450 481 158 403 1094 566 275 49 291 1179 1005 20587 68 119 408
is_linear=0
shrinkage=0.03


Tree=48
num_leaves=31
num_cat=0
split_feature=2 5 26 22 3 2 22 2 4 25 3 25 2 22 22 22 22 5 5 22 22 22 6 2 22 3 3 22 22 2
split_gain=25559 11515.4 5959.38 3823.73 3199.46 3193.73 3681.41 1769.39 1629.53 1411.82 1369.88 639.833 637.376 625.557 880.85 508.789 518.831 487.704 440.22 370.944 581.703 333.858 314.852 233.456 272.435 166.398 152.949 135.082 345.385 152.989
threshold=25.135000000000002 0.84570000000000012 -1.0600000000000001 74.500000000000014 22.665000000000003 35.475000000000001 276.50000000000006 22.755000000000006 19.735000000000003 -2.9461290322580647 20.545000000000005 -1.3054999999999997 24.155000000000005 188.50000000000003 180.50000000000003 198.50000000000003 188.50000000000003 0.56555000000000011 0.9759500000000001 127.50000000000001 135.50000000000003 93.500000000000014 16.639450000000004 30.265000000000004 314.50000000000006 16.465000000000003 22.205000000000002 158.50000000000003 274.50000000000006 27.235000000000003
decision_type=2 2 2 2 2 2 2 2 2 2 2 2 2 2 2 2 2 2 2 2 2 2 2 2 2 2 2 2 2 2
left_child=2 17 8 -3 7 6 9 13 15 -5 25 -8 -12 14 -4 16 -1 27 -10 -7 -21 -19 -15 24 -23 -9 -25 -2 29 -29
right_child=1 3 4 5 -6 19 11 10 18 -11 12 -13 -14 22 -16 -17 -18 21 -20 20 -22 23 -24 26 -26 -27 -28 28 -30 -31
leaf_value=0.31061764944791792 -0.015399944577451358 -0.024378952988287204 0.12874157264828681 0.18323587462631533 0.4817174332482474 -0.037905541986528062 -0.031704765448842695 -0.027626596218155275 0.56090032650076826 0.070142635923973073 0.16400311497762129 0.029809405200568764 0.08605047582829399 0.13672338217264041 0.37866203796863551 0.34662981461952713 0.13640058432519436 -0.016915335996347647 0.37723145067691799 0.070488194457138886 -0.017263669231087131 0.023499398246563125 0.25643123714820198 -0.019542905031099119 -0.014414651981082856 0.045498752388460885 0.0023032043108886717 0.01721087912654479 -0.015928423577905498 -0.005354640180018075
leaf_weight=25 16060 759 22 103 21 297 365 31 23 2800 178 261 201 141 30 34 40 941 24 96 233 784 23 393 218 290 1084 296 4705 3127
leaf_count=25 16060 759 22 103 21 297 365 31 23 2800 178 261 201 141 30 34 40 941 24 96 233 784 23 393 218 290 1084 296 4705 3127
internal_value=-1.37953e-10 -0.00477437 0.143372 0.0375384 0.115593 0.0488489 0.0599265 0.1072 0.321652 0.0741552 0.0840384 -0.00605748 0.122661 0.18226 0.272926 0.252595 0.203407 -0.0123057 0.467112 -0.0135999 0.00834174 -0.00170172 0.153512 0.00407319 0.0152506 0.0384368 -0.00350961 -0.013805 -0.0106536 -0.00340331
internal_weight=33605 32522 1083 4914 937 4155 3529 916 146 2903 700 626 379 216 52 99 65 27608 47 626 329 3420 164 2479 1002 321 1477 24188 8128 3423
internal_count=33605 32522 1083 4914 937 4155 3529 916 146 2903 700 626 379 216 52 99 65 27608 47 626 329 3420 164 2479 1002 321 1477 24188 8128 3423
is_linear=0
shrinkage=0.03


Tree=49
num_leaves=31
num_cat=0
split_feature=0 0 0 25 4 0 0 9 25 0 0 2 3 7 0 7 3 2 9 0 24 26 25 23 1 3 1 2 3 4
split_gain=64164.8 13384 9212.62 3028.12 2170.94 1812.89 1615.09 1476.73 1374.15 1115.51 519.247 462.537 477.021 297.504 297.319 272.156 265.239 554.73 252.817 241.972 226.989 209.6 233.819 184.385 173.988 160.741 407.637 133.332 267.804 132.047
threshold=20.515000000000004 45.055000000000007 11.705000000000002 -1.8455967741935482 28.255000000000006 6.2150000000000007 31.605000000000004 9.5000000000000018 -1.2778225806451611 55.510000000000005 15.075000000000001 27.235000000000003 18.665000000000003 79.153350000000017 9.6750000000000025 79.153350000000017 21.045000000000005 33.935000000000009 1.8500000000000003 24.73 2.5000000000000004 -0.099838709677419313 -1.4841801075268817 3.5000000000000004 22.005000000000006 21.155000000000005 26.615000000000006 30.305000000000003 18.665000000000003 20.115000000000006
decision_type=2 2 2 2 2 2 2 2 2 2 2 2 2 2 2 2 2 2 2 2 2 2 2 2 2 2 2 2 2 2
left_child=2 6 5 13 7 11 15 -3 25 24 21 12 -1 27 20 19 -13 -18 -8 -2 -10 23 -23 -5 -9 -7 -27 28 -4 -15
right_child=1 4 3 10 -6 8 18 9 14 -11 -12 16 -14 29 -16 -17 17 -19 -20 -21 -22 22 -24 -25 -26 26 -28 -29 -30 -31
leaf_value=-0.014078115356215809 0.1643547633283409 0.33153207413693692 -0.026813516409500786 0.072989674670076596 0.78261384145073265 -0.020920555223828623 0.22176507032834566 0.39757584571838378 0.041551933956930513 0.65953734581287093 0.12119489378842616 -0.01573642221960133 0.0187675594018533 0.017252680361270901 0.057515712654835467 0.1262071503125704 -0.0026732765716609552 -0.01498192676932303 0.30977821464799032 0.21084840584993361 0.013981745799014914 -0.042658252179622644 0.064973948567428372 0.12114081288651218 0.51259364032745358 0.052708304103996073 -0.010928532442909112 -0.032535725592076778 0.096808037757873527 0.10327840873828301
leaf_weight=732 203 47 46 164 23 593 39 29 475 39 465 13731 872 42 356 78 5677 7855 119 200 619 20 198 127 20 112 474 200 24 26
leaf_count=732 203 47 46 164 23 593 39 29 475 39 465 13731 872 42 356 78 5677 7855 119 200 619 20 198 127 20 112 474 200 24 26
internal_value=-9.81049e-11 0.265967 -0.00646111 0.0714292 0.5132 -0.00970571 0.204836 0.4673 0.0141441 0.539813 0.0982777 -0.0118778 0.00377814 -0.00593882 0.0337017 0.177501 -0.0127989 -0.00981815 0.288053 0.187429 0.0259523 0.0773416 0.0550994 0.0940041 0.444522 -0.00990898 0.00123414 -0.0200636 0.015571 0.0501449
internal_weight=33605 797 32808 1312 158 31496 639 135 2629 88 974 28867 1604 338 1450 481 27263 13532 158 403 1094 509 218 291 49 1179 586 270 70 68
internal_count=33605 797 32808 1312 158 31496 639 135 2629 88 974 28867 1604 338 1450 481 27263 13532 158 403 1094 509 218 291 49 1179 586 270 70 68
is_linear=0
shrinkage=0.03


Tree=50
num_leaves=31
num_cat=0
split_feature=2 5 26 3 22 2 22 2 4 22 5 6 2 23 22 22 22 22 22 5 5 7 22 2 22 3 22 22 1 3
split_gain=22654.8 9645.37 5642.75 4786.31 3270.17 2794 3370.34 1894.32 1478.95 751.655 683.168 663.948 1095.97 610.504 584.328 532.113 488.405 431.598 434.111 424.254 409.217 329.85 294.982 221.2 277.047 130.867 116.673 183.168 244.08 85.415
threshold=25.405000000000005 0.84570000000000012 -1.0600000000000001 22.785000000000004 74.500000000000014 34.515000000000008 276.50000000000006 23.745000000000001 19.735000000000003 77.500000000000014 0.90160000000000007 16.639450000000004 21.925000000000004 4.5000000000000009 126.50000000000001 135.50000000000003 314.50000000000006 198.50000000000003 188.50000000000003 0.56555000000000011 0.9759500000000001 78.197250000000011 93.500000000000014 37.635000000000012 276.50000000000006 18.855000000000004 127.50000000000001 276.50000000000006 25.775000000000002 22.945000000000004
decision_type=2 2 2 2 2 2 2 2 2 2 2 2 2 2 2 2 2 2 2 2 2 2 2 2 2 2 2 2 2 2
left_child=2 19 8 7 -3 6 9 11 17 -6 25 12 -4 -13 29 -16 -8 18 -1 26 -10 -12 -21 24 -24 -9 -2 28 -28 -7
right_child=1 4 3 -5 5 14 16 10 20 -11 21 13 -14 -15 15 -17 -18 -19 -20 22 -22 -23 23 -25 -26 -27 27 -29 -30 -31
leaf_value=0.28630536448497035 -0.014875920688418184 -0.022999998598344742 0.19743280811487016 0.5627970590740442 0.15918260751768601 -0.05212452409872368 0.020479526672833644 -0.011369266466452525 0.5301732912789221 0.069018945218978903 0.079579094451861065 0.24940053544286639 0.080594078365121155 0.084420887430508934 0.069173418468867348 -0.0031709332711705304 -0.032864197287158885 0.32119492363929747 0.12884292868897318 -0.016001766279619484 0.3530901478603482 0.17930049000815912 0.012867281317837952 -0.02169168719469191 -0.012355995101461303 0.037288445560678944 0.0021402126481269955 -0.015177692147683794 -0.011120146255779922 -0.022064383961100435
leaf_weight=26 13517 756 111 20 86 134 313 65 23 2569 313 80 207 27 130 309 305 35 40 939 24 33 1671 273 512 212 1767 4611 4264 233
leaf_count=26 13517 756 111 20 86 134 313 65 23 2569 313 80 207 27 130 309 305 35 40 939 24 33 1671 273 512 212 1767 4611 4264 233
internal_value=2.00916e-11 -0.00477274 0.127125 0.103068 0.0343092 0.0449308 0.057252 0.0942946 0.300727 0.0719395 0.0609813 0.143128 0.121377 0.20777 -0.00510293 0.0182522 -0.00584707 0.236034 0.190874 -0.0116306 0.439748 0.0890901 -0.0017003 0.00376756 0.00695142 0.0258706 -0.0130261 -0.0106765 -0.00723504 -0.03304
internal_weight=33605 32389 1216 1068 4835 4079 3273 1048 148 2655 623 425 318 107 806 439 618 101 66 27554 47 346 3395 2456 2183 277 24159 10642 6031 367
internal_count=33605 32389 1216 1068 4835 4079 3273 1048 148 2655 623 425 318 107 806 439 618 101 66 27554 47 346 3395 2456 2183 277 24159 10642 6031 367
is_linear=0
shrinkage=0.03


Tree=51
num_leaves=31
num_cat=0
split_feature=0 0 0 25 4 0 0 8 25 23 0 25 0 25 0 7 0 20 24 26 25 7 0 23 4 3 1 3 0 3
split_gain=58398.3 12232 8247.25 2724.62 2031.02 1527.12 1494.28 1336.44 1195.8 1101.97 485.031 391.488 290.016 369.53 272.77 267.914 251.621 227.048 211.894 198.148 185.78 183.18 147.54 146.45 143.667 138.374 370.024 130.901 128.191 117.45
threshold=20.515000000000004 45.055000000000007 11.705000000000002 -1.8455967741935482 28.255000000000006 6.2150000000000007 31.605000000000004 785.00000000000011 -1.2778225806451611 3.5000000000000004 16.190000000000001 0.906241935483871 1.3350000000000002 -0.77983333333333327 9.6750000000000025 79.153350000000017 26.785000000000004 0.51000000000000012 2.5000000000000004 -0.13226881720430106 -1.0258091397849463 79.153350000000017 1.0000000180025095e-35 3.5000000000000004 24.165000000000003 21.155000000000005 26.255000000000006 21.045000000000005 15.075000000000001 22.525000000000002
decision_type=2 2 2 2 2 2 2 2 2 2 2 2 2 2 2 2 2 2 2 2 2 2 2 2 2 2 2 2 2 2
left_child=2 6 5 15 7 11 16 -3 25 -9 19 12 22 -14 18 -4 21 -8 -10 23 -21 27 -1 -5 -19 -7 -27 -2 -17 -18
right_child=1 4 3 10 -6 8 17 9 14 -11 -12 -13 13 -15 -16 28 29 24 -20 20 -22 -23 -24 -25 -26 26 -28 -29 -30 -31
leaf_value=-0.0068188382102187762 0.1956739460063886 0.31653460515306353 -0.019259974171717958 0.074627476886942462 0.75067612465713984 -0.019999023074092591 0.21652583981669227 0.43638440859160921 0.03854949029683577 0.65862824470766124 0.12152124618239313 0.018703933511003964 -0.011536611263197594 0.00079846422755799624 0.053709720638162047 0.0096626489055720542 0.21555001967939835 0.3199638984927648 0.011911736470474133 0.018808990383148191 0.073299261936835475 0.099578004013746974 -0.014866718889357176 0.11486393995875237 0.24765637869636217 0.056520337949196496 -0.0095981764099785996 0.14982968492867724 0.092365858266430512 0.1584515184784929
leaf_weight=2347 79 47 270 174 23 593 43 57 475 31 346 388 6671 3251 356 37 116 79 619 75 226 48 16210 153 36 90 496 193 31 45
leaf_count=2347 79 47 270 174 23 593 43 57 475 31 346 388 6671 3251 356 37 116 79 619 75 226 48 16210 153 36 90 496 193 31 45
internal_value=-4.6994e-11 0.253735 -0.00616394 0.0675325 0.490089 -0.00923385 0.195294 0.445693 0.0126557 0.514675 0.093 -0.0112274 -0.0116352 -0.00749495 0.0309 -0.00585602 0.169 0.275338 0.0234775 0.0772861 0.059722 0.15361 -0.0138489 0.0934537 0.297329 -0.00978226 0.000556544 0.163145 0.0473656 0.199591
internal_weight=33605 797 32808 1312 158 31496 639 135 2629 88 974 28867 28479 9922 1450 338 481 158 1094 628 301 320 18557 327 115 1179 586 272 68 161
internal_count=33605 797 32808 1312 158 31496 639 135 2629 88 974 28867 28479 9922 1450 338 481 158 1094 628 301 320 18557 327 115 1179 586 272 68 161
is_linear=0
shrinkage=0.03


Tree=52
num_leaves=31
num_cat=0
split_feature=0 0 0 25 25 0 0 8 2 25 0 2 4 0 7 0 25 8 1 22 0 22 19 7 22 0 4 24 25 2
split_gain=54947 11509.1 7759.84 2563.59 2037.52 1436.87 1405.96 1358.57 1197.88 1126.09 456.365 396.767 266.168 259.21 252.08 236.75 219.031 215.35 213.365 275.425 197.211 262.446 188.036 172.354 148.064 146.249 146.013 143.388 125.713 123.382
threshold=20.515000000000004 45.055000000000007 11.705000000000002 -1.8455967741935482 -2.6529838709677418 6.2150000000000007 31.605000000000004 785.00000000000011 22.755000000000006 -1.0594999999999997 16.190000000000001 27.235000000000003 20.585000000000004 8.4250000000000025 79.153350000000017 26.785000000000004 -0.47532258064516125 510.00000000000006 30.145000000000003 94.500000000000014 1.3350000000000002 95.500000000000014 6.8500000000000005 79.153350000000017 149.50000000000003 55.510000000000005 17.695000000000004 2.5000000000000004 0.68298387096774216 30.305000000000003
decision_type=2 2 2 2 2 2 2 2 2 2 2 2 2 2 2 2 2 2 2 2 2 2 2 2 2 2 2 2 2 2
left_child=2 6 5 14 -3 11 15 25 12 18 22 16 -9 27 29 23 -1 -8 19 -7 -13 -22 24 -2 -5 -6 -19 -11 -15 -4
right_child=1 4 3 10 7 9 17 8 -10 13 -12 20 -14 28 -16 -17 -18 26 -20 -21 21 -23 -24 -25 -26 -27 -28 -29 -30 -31
leaf_value=-0.0071494132162412266 0.15825040317409303 0.74324273586273193 0.01559706733907972 0.1383372115450246 0.35194363045692439 -0.0191542558445006 0.22291193645508561 0.32153784955186498 0.62322310532514857 0.03414038441699719 0.11787560873454965 -0.013584836074523078 0.4581625513596968 0.038036750107190237 0.04594461545348167 0.19360308853273064 0.015032374998650351 0.34495501714594223 -0.036432077919574153 0.010535194330002096 -0.015133064431406988 -0.0045540708033533156 0.061838111696721057 0.096590663939714425 0.082797462779082481 0.24102040964624152 0.26781251200253053 0.0061970046718833743 0.068442853189290984 -0.030679909305274488
leaf_weight=826 272 22 70 56 20 490 61 21 39 310 346 17928 33 458 68 161 778 34 190 660 3224 6111 383 48 189 23 63 354 167 200
leaf_count=826 272 22 70 56 20 490 61 21 39 310 346 17928 33 458 68 161 778 34 190 660 3224 6111 383 48 189 23 63 354 167 200
internal_value=-1.08444e-10 0.246123 -0.00597903 0.0655066 0.475386 -0.00895684 0.189435 0.432057 0.496531 0.012276 0.09021 -0.0108906 0.405031 0.0322948 -0.00568034 0.16393 0.00360958 0.267078 -0.00698093 -0.00211509 -0.0117437 -0.00820771 0.0749675 0.149001 0.0954923 0.292613 0.294852 0.0192429 0.0461613 -0.0186822
internal_weight=33605 797 32808 1312 158 31496 639 136 93 2629 974 28867 54 1289 338 481 1604 158 1340 1150 27263 9335 628 320 245 43 97 664 625 270
internal_count=33605 797 32808 1312 158 31496 639 136 93 2629 974 28867 54 1289 338 481 1604 158 1340 1150 27263 9335 628 320 245 43 97 664 625 270
is_linear=0
shrinkage=0.03


Tree=53
num_leaves=31
num_cat=0
split_feature=0 0 0 25 0 25 23 0 0 25 0 25 0 25 25 7 7 0 9 26 25 24 23 0 7 0 0 26 21 22
split_gain=51699.6 10828.9 7301.23 2412.09 1992.77 1414.72 1914.73 1351.95 1322.87 1062.95 434.402 354.594 257.727 337.657 250.283 237.182 226.059 224.36 205.805 175.283 208.522 174.157 162.243 138.429 133.916 122.404 120.615 110.335 104.523 104.447
threshold=20.515000000000004 45.055000000000007 11.705000000000002 -1.8455967741935482 55.510000000000005 -1.7866666666666668 3.5000000000000004 6.2150000000000007 31.605000000000004 -1.2778225806451611 15.075000000000001 0.906241935483871 1.3350000000000002 -0.77983333333333327 0.070645161290322403 79.153350000000017 76.966650000000016 24.73 1.8500000000000003 -0.099838709677419313 -1.4841801075268817 2.5000000000000004 3.5000000000000004 1.0000000180025095e-35 79.153350000000017 35.95000000000001 15.075000000000001 -0.22067956989247314 5.5000000000000009 198.50000000000003
decision_type=2 2 2 2 2 2 2 2 2 2 2 2 2 2 2 2 2 2 2 2 2 2 2 2 2 2 2 2 2 2
left_child=2 8 7 15 16 -6 -7 11 17 -9 19 12 23 -14 21 -4 -3 -2 -10 22 -21 -11 -5 -1 -19 29 -17 28 -12 -20
right_child=1 4 3 10 5 6 -8 9 18 14 27 -13 13 -15 -16 26 -18 24 25 20 -22 -23 -24 -25 -26 -27 -28 -29 -30 -31
leaf_value=-0.0062292671136452496 0.1384808970829472 0.38710543411118642 -0.018121709419621358 0.063879499973320375 0.78571597266197202 0.36670436635221304 0.72364756243569506 -0.0092471259761525842 0.19925703021196217 0.035303758932983424 0.18166667675971984 0.017922225428286687 -0.01091242247212554 0.00087868184762762214 0.048497252224874242 0.0079944304960805016 0.27539664123369295 0.18958426792100072 0.29698374581336973 -0.044303608775138857 0.057339380277377186 0.010343582639300259 0.10904709391706571 -0.014024695066161098 0.13006763043200098 0.30501620170386395 0.088216545004998481 0.099798193223000126 0.11709562795748421 0.20904959582032695
leaf_weight=2347 240 56 270 164 20 38 21 1179 39 442 30 388 6671 3251 424 37 23 200 20 20 198 584 127 16210 41 68 31 344 91 31
leaf_count=2347 240 56 270 164 20 38 21 1179 39 442 30 388 6671 3251 424 37 23 200 20 20 198 584 127 16210 41 68 31 344 91 31
internal_value=-1.41159e-11 0.238739 -0.00579966 0.0635414 0.461125 0.567667 0.493752 -0.00868813 0.183752 0.0119077 0.0875037 -0.0105639 -0.0109519 -0.007049 0.0291088 -0.00550993 0.354583 0.159013 0.259065 0.0683543 0.0480143 0.0210964 0.0835918 -0.0130388 0.179459 0.278667 0.0445663 0.108465 0.133105 0.243534
internal_weight=33605 797 32808 1312 158 79 59 31496 639 2629 974 28867 28479 9922 1450 338 79 481 158 509 218 1026 291 18557 241 119 68 465 121 51
internal_count=33605 797 32808 1312 158 79 59 31496 639 2629 974 28867 28479 9922 1450 338 79 481 158 509 218 1026 291 18557 241 119 68 465 121 51
is_linear=0
shrinkage=0.03


Tree=54
num_leaves=31
num_cat=0
split_feature=0 0 0 25 4 0 8 0 25 0 0 2 0 7 7 12 25 0 24 22 0 22 25 23 22 1 1 22 4 2
split_gain=48644.2 10188.9 6869.73 2269.53 1894.51 1272.05 1255.9 1244.69 1000.13 987.437 408.945 362.889 245.007 223.165 216.431 197.763 197.215 190.887 182.14 176.629 252.943 169.793 341.438 166.328 146.877 146.843 127.55 180.004 120.722 118.006
threshold=20.515000000000004 45.055000000000007 11.705000000000002 -1.8455967741935482 28.255000000000006 6.2150000000000007 785.00000000000011 31.605000000000004 -1.2778225806451611 55.510000000000005 16.190000000000001 27.235000000000003 9.6750000000000025 79.153350000000017 79.153350000000017 0.63500000000000012 -0.47532258064516125 24.73 2.5000000000000004 95.500000000000014 1.3350000000000002 145.50000000000003 -1.0258091397849463 5.5000000000000009 198.50000000000003 22.005000000000006 30.145000000000003 94.500000000000014 20.115000000000006 31.815000000000001
decision_type=2 2 2 2 2 2 2 2 2 2 2 2 2 2 2 2 2 2 2 2 2 2 2 2 2 2 2 2 2 2
left_child=2 7 5 13 6 11 -3 14 26 25 21 16 18 29 17 24 -1 -2 -10 -13 -21 23 -23 -5 -9 -8 27 -7 -15 -4
right_child=1 4 3 10 -6 8 9 15 12 -11 -12 19 -14 28 -16 -17 -18 -19 -20 20 -22 22 -24 -25 -26 -27 -28 -29 -30 -31
leaf_value=-0.0065887491566244032 0.14260155273628938 0.27920675533883116 0.0051020391017962729 0.081828043163312894 0.69896811511205592 -0.018600836675573888 0.33850157556862664 0.36268572664260862 0.035174650660932893 0.5839260632602068 0.11106744968264216 -0.013966705238104711 0.049853245415705197 0.011779174240572112 0.10850035207489363 0.22744784080982205 0.014459361816034593 0.18389674044661222 0.010477870406679994 -0.011991723992921394 -0.0042456736775411969 -0.0064043440695466664 0.071203112941255059 0.15923012852668761 0.25965546781366522 0.44416666889190676 -0.032684143309577786 0.0068707339308221186 0.09403331857461196 -0.034921662275697672
leaf_weight=826 203 47 117 114 23 463 29 20 475 39 346 11145 356 42 78 105 778 200 619 10007 6111 58 424 32 33 20 174 542 26 153
leaf_count=826 203 47 117 114 23 463 29 20 475 39 346 11145 356 42 78 105 778 200 619 10007 6111 58 424 32 33 20 174 542 26 153
internal_value=-7.21423e-12 0.231577 -0.00562567 0.0616351 0.447291 -0.00842749 0.404413 0.178239 0.0115505 0.471284 0.0848786 -0.0102469 0.0282355 -0.00534463 0.154242 0.251293 0.00362037 0.163095 0.0212009 -0.0110628 -0.00905488 0.0704497 0.0618645 0.0987929 0.298535 0.38163 -0.00896971 -0.00486393 0.0432293 -0.0175781
internal_weight=33605 797 32808 1312 158 31496 135 639 2629 88 974 28867 1450 338 481 158 1604 403 1094 27263 16118 628 482 146 53 49 1179 1005 68 270
internal_count=33605 797 32808 1312 158 31496 135 639 2629 88 974 28867 1450 338 481 158 1604 403 1094 27263 16118 628 482 146 53 49 1179 1005 68 270
is_linear=0
shrinkage=0.03


Tree=55
num_leaves=31
num_cat=0
split_feature=0 0 0 25 25 9 0 0 2 25 0 2 4 0 7 0 1 22 7 22 22 22 0 26 25 0 7 23 0 2
split_gain=45769.3 9586.77 6463.73 2135.4 1860.99 1240 1196.87 1171.13 1107.99 943.247 390.264 341.443 244.586 234.608 209.976 206.763 190.998 244.116 190.005 188.848 223.172 166.19 239.265 164.137 193.669 161.337 152.638 151.162 122.886 138.946
threshold=20.515000000000004 45.055000000000007 11.705000000000002 -1.8455967741935482 -2.6529838709677418 9.5000000000000018 6.2150000000000007 31.605000000000004 22.755000000000006 -1.0594999999999997 15.075000000000001 27.235000000000003 20.585000000000004 8.4250000000000025 79.153350000000017 26.785000000000004 30.145000000000003 94.500000000000014 79.153350000000017 340.50000000000006 148.50000000000003 95.500000000000014 1.0550000000000004 -0.099838709677419313 -1.4841801075268817 55.510000000000005 79.153350000000017 3.5000000000000004 35.95000000000001 25.635000000000002
decision_type=2 2 2 2 2 2 2 2 2 2 2 2 2 2 2 2 2 2 2 2 2 2 2 2 2 2 2 2 2 2
left_child=2 7 6 14 -3 25 11 15 12 16 23 19 -7 -11 -4 26 17 -8 28 20 -1 -13 -23 27 -25 -6 -2 -5 29 -9
right_child=1 4 3 10 5 8 9 18 -10 13 -12 21 -14 -15 -16 -17 -18 -19 -20 -21 -22 22 -24 24 -26 -27 -28 -29 -30 -31
leaf_value=-0.0096363118300148362 0.144367237700259 0.68986217672174621 -0.017050716472996604 0.059899608701035924 0.32155840480327608 0.28602205574512479 -0.017858085218740969 0.1712206972034081 0.57590490240317127 0.017108465566267245 0.10220021235384047 -0.013547704011868231 0.41699074961922383 0.042717599911406633 0.041932409188764938 0.17734473776465615 -0.034285130693185097 0.010092961079822006 0.17972613085399972 -0.018539170703302275 0.016811819164216792 -0.012024836848727238 -0.0046617840908495184 -0.044470411062240596 0.053485897471846046 0.20505370609138321 0.086341347382403899 0.10349747377587115 0.28789155818960249 0.26669332518297084
leaf_weight=423 272 22 270 164 20 21 490 23 39 664 465 11145 33 625 68 161 190 660 33 287 894 9022 7096 20 198 23 48 127 68 34
leaf_count=423 272 22 270 164 20 21 490 23 39 664 465 11145 33 625 68 161 190 660 33 287 894 9022 7096 20 198 23 48 127 68 34
internal_value=4.3721e-11 0.22463 -0.0054569 0.0597861 0.433872 0.392462 -0.00817466 0.172892 0.454059 0.011204 0.0823323 -0.00993953 0.366058 0.0295256 -0.00518429 0.149615 -0.00642036 -0.00181662 0.243755 0.00351176 0.00831709 -0.0107309 -0.00878323 0.0641818 0.0444991 0.259242 0.135663 0.0789269 0.260658 0.228169
internal_weight=33605 797 32808 1312 158 136 31496 639 93 2629 974 28867 54 1289 338 481 1340 1150 158 1604 1317 27263 16118 509 218 43 320 291 125 57
internal_count=33605 797 32808 1312 158 136 31496 639 93 2629 974 28867 54 1289 338 481 1340 1150 158 1604 1317 27263 16118 509 218 43 320 291 125 57
is_linear=0
shrinkage=0.03


Tree=56
num_leaves=31
num_cat=0
split_feature=0 0 0 0 3 22 22 0 24 0 7 2 24 0 1 3 2 3 22 0 21 0 1 26 3 1 2 1 7 3
split_gain=43064.3 9041.69 6081.72 2684.92 1336.67 1913.15 1292.88 1126.14 779.714 603.552 536.274 495.391 426.101 400.274 346.011 344.338 326.936 802.085 295.863 210.095 187.834 182.978 176.603 168.26 167.242 344.603 164.451 163.942 143.617 122.083
threshold=20.515000000000004 55.510000000000005 11.705000000000002 35.95000000000001 23.115000000000006 204.50000000000003 74.500000000000014 6.2150000000000007 2.5000000000000004 15.075000000000001 79.153350000000017 29.275000000000002 3.5000000000000004 26.785000000000004 27.965000000000003 17.915000000000003 29.445000000000004 18.855000000000004 280.50000000000006 45.055000000000007 5.5000000000000009 2.5450000000000004 22.845000000000002 -0.25563548387096785 22.105000000000004 29.435000000000006 31.815000000000001 30.145000000000003 79.153350000000017 21.045000000000005
decision_type=2 2 2 2 2 2 2 2 2 2 2 2 2 2 2 2 2 2 2 2 2 2 2 2 2 2 2 2 2 2
left_child=2 3 7 13 5 -3 -4 16 23 12 19 15 -8 28 -14 -10 17 -1 26 -5 -15 -19 -21 -9 -18 -26 -11 -13 29 -2
right_child=1 4 6 10 -6 -7 9 8 11 18 -12 27 14 20 -16 -17 24 21 -20 22 -22 -23 -24 -25 25 -27 -28 -29 -30 -31
leaf_value=-0.013432070950768739 0.17145061139064499 0.58239727387557161 -0.027830307198331711 0.27925481152885095 0.73446446800231935 0.22912516374479638 0.075276844176345767 0.06918747677157322 -0.023216011641025543 0.10639413865542365 0.15968803416127741 -0.0050932066924393284 0.04267532844614999 0.23734928171271863 -0.028205917356190859 0.031756431460739379 -0.013629919649173858 0.0017543188320234995 -0.0068556168044988921 0.3223345467384825 0.16992222381621291 0.016972236553293604 0.42877188384532927 0.031560580259342719 -0.0025659812646594087 -0.013883091691963776 0.066209095273166887 -0.035351212668631754 0.083751107032876457 0.12717748013609739
leaf_weight=3512 79 37 141 68 20 22 292 135 125 388 23 1094 264 46 81 571 12677 1813 26 47 194 1170 20 515 4701 4994 120 189 48 193
leaf_count=3512 79 37 141 68 20 22 292 135 125 388 23 1094 264 46 81 571 12677 1813 26 47 194 1170 20 515 4701 4994 120 189 48 193
internal_value=-3.27731e-11 0.217891 -0.00529319 0.184374 0.522516 0.450669 0.0579925 -0.00792942 0.0108679 0.0683264 0.293591 0.00150458 0.0486067 0.153559 0.0260336 0.0218835 -0.00964134 -0.00371599 0.0918498 0.316404 0.182846 0.00772313 0.354107 0.0393754 -0.0113616 -0.00839555 0.0969016 -0.00955054 0.131593 0.140036
internal_weight=33605 797 32808 718 79 59 1312 31496 2629 1171 158 1979 637 560 345 696 28867 6495 534 135 240 2983 67 650 22372 9695 508 1283 320 272
internal_count=33605 797 32808 718 79 59 1312 31496 2629 1171 158 1979 637 560 345 696 28867 6495 534 135 240 2983 67 650 22372 9695 508 1283 320 272
is_linear=0
shrinkage=0.03


Tree=57
num_leaves=31
num_cat=0
split_feature=0 0 0 0 25 25 25 0 0 25 7 1 0 22 24 0 25 22 0 22 1 19 12 0 25 0 22 12 26 26
split_gain=40524.3 10379.8 3672.2 2885.52 1748.03 1263.04 1480.99 772.052 639.489 565.607 504.58 359.513 357.989 340.824 238.887 220.593 316.369 199.244 197.678 172.368 166.166 161.84 157.94 141.036 138.03 115.608 114.546 188.485 106.389 133.718
threshold=17.620000000000001 35.95000000000001 8.9350000000000005 55.510000000000005 -1.8455967741935482 -1.7866666666666668 2.5754838709677421 24.73 12.320000000000002 -0.054919354838709841 79.153350000000017 30.145000000000003 2.5450000000000004 103.50000000000001 4.5000000000000009 1.7450000000000003 -1.5092324561403505 95.500000000000014 45.055000000000007 149.50000000000003 22.845000000000002 6.8500000000000005 0.71000000000000008 20.515000000000004 -1.8455967741935482 1.0000000180025095e-35 200.50000000000003 0.63500000000000012 -0.2490870967741938 -0.082898245614035193
decision_type=2 2 2 2 2 2 2 2 2 2 2 2 2 2 2 2 2 2 2 2 2 2 2 2 2 2 2 2 2 2
left_child=2 7 9 10 -4 -5 -7 14 11 15 18 13 -11 -6 28 25 -17 -18 -3 22 -20 -10 -9 24 -16 -1 -21 -28 -2 -30
right_child=1 3 4 5 8 6 -8 19 21 12 -12 -13 -14 -15 23 16 17 -19 20 26 -22 -23 -24 -25 -26 -27 27 -29 29 -31
leaf_value=-0.004823137734650775 0.15121472824703561 0.27087716838892767 -0.010668976367772125 0.71286893033981324 -0.032261051268413152 0.24895610671166493 0.5571391848723094 0.26027365989983081 0.092459919074406996 -0.0054780186778310563 0.15489739385635956 -0.046075041652942191 0.020079600348314658 0.043330494523970038 -0.024761094961847575 -0.012518774519263368 -0.012827118223932905 0.0021196094734245749 0.31266450952976305 0.12865478480717649 0.41590872752666469 0.061273458616562776 0.16445991764962672 0.10781767115801234 0.072526753017412765 -0.012126311184519104 0.2149570401906967 0.14955699624636998 0.090025987137015234 0.12985602787868705
leaf_weight=2192 77 68 595 20 58 23 36 32 234 1009 23 49 965 721 21 3500 998 4101 47 81 20 416 30 44 35 17727 60 117 139 167
leaf_count=2192 77 68 595 20 58 23 36 32 234 1009 23 49 965 721 21 3500 998 4101 47 81 20 416 30 44 35 17727 60 117 139 167
internal_value=-2.83583e-11 0.184347 -0.00588733 0.358802 0.0327495 0.50684 0.437 0.132858 0.0502286 -0.00851406 0.284783 0.0327445 0.00701595 0.0377024 0.108914 -0.00958903 -0.00557328 -0.000805834 0.306912 0.168997 0.343484 0.0725006 0.213912 0.0676243 0.0360438 -0.0113226 0.158204 0.171727 0.119695 0.111763
internal_weight=33605 1040 32565 237 2073 79 59 803 1478 30492 158 828 1974 779 483 28518 8599 5099 135 320 67 650 62 100 56 19919 258 177 383 306
internal_count=33605 1040 32565 237 2073 79 59 803 1478 30492 158 828 1974 779 483 28518 8599 5099 135 320 67 650 62 100 56 19919 258 177 383 306
is_linear=0
shrinkage=0.03


Tree=58
num_leaves=31
num_cat=0
split_feature=0 0 0 0 25 3 25 0 25 7 0 2 0 3 2 7 3 3 0 2 21 0 26 25 2 7 23 3 3 2
split_gain=38141.6 8001.98 5391.69 2374.59 1798.79 1216.45 1412.54 1007.68 824.096 474.759 357.176 345.49 331.794 214.852 526.713 194.492 191.699 189.267 185.995 178.951 167.417 164.609 151.371 150.864 140.325 131.312 119.053 112.811 107.592 259.76
threshold=20.515000000000004 55.510000000000005 11.705000000000002 35.95000000000001 -1.8455967741935482 23.115000000000006 2.5754838709677421 6.6850000000000014 -1.3054999999999997 79.153350000000017 26.785000000000004 26.485000000000003 16.190000000000001 21.045000000000005 31.765000000000004 76.966650000000016 17.705000000000002 17.705000000000002 45.055000000000007 34.465000000000011 5.5000000000000009 15.555000000000001 -0.13226881720430106 -1.0258091397849463 23.285000000000004 79.153350000000017 3.5000000000000004 21.045000000000005 21.155000000000005 35.295000000000009
decision_type=2 2 2 2 2 2 2 2 2 2 2 2 2 2 2 2 2 2 2 2 2 2 2 2 2 2 2 2 2 2
left_child=2 3 7 10 15 6 -3 11 28 18 25 16 22 -13 -15 -4 -1 -10 -5 -19 -12 -17 26 -24 -20 27 -6 -2 -9 -30
right_child=1 5 4 9 12 -7 -8 8 17 -11 20 13 -14 14 -16 21 -18 19 24 -21 -22 -23 23 -25 -26 -27 -28 -29 29 -31
leaf_value=-0.012512164011426356 0.16207056162855293 0.23944822614607603 -0.025109021525633959 0.26275085102109347 0.059459006526860696 0.69382794928550717 0.54042501678069432 -0.017881707735002157 -0.050675870246357391 0.15025047109178874 0.22367033476900794 -0.012119595602147409 0.098888390639506149 0.0028638370579236248 -0.010384772246171821 0.00084493323668556391 0.01791894067199536 0.032995177708126926 0.29968291963849752 -0.0088627373658120637 0.16001318464574124 0.071023070727075852 0.010082200241088867 0.059185692903429135 0.38945287113189697 0.078052614262560382 0.095737070382810097 0.119511743814448 0.020972698644166711 -0.022637277370934031
leaf_weight=261 79 23 190 68 174 20 36 521 27 23 46 14391 346 3668 10241 106 651 1138 42 100 194 42 75 226 25 48 153 193 277 221
leaf_count=261 79 23 190 68 174 20 36 521 27 23 46 14391 346 3668 10241 106 651 1138 42 100 194 42 75 226 25 48 153 193 277 221
internal_value=-1.42243e-11 0.205059 -0.00498148 0.173528 0.0546059 0.491635 0.423095 -0.00746365 0.0117269 0.276239 0.144549 -0.00896411 0.0752989 -0.00954979 -0.00689093 -0.00502421 0.00921004 0.0279004 0.297704 0.0296141 0.172214 0.0207604 0.0623022 0.0469506 0.333179 0.1238 0.0764331 0.131873 -0.0083511 0.00161968
internal_weight=33605 797 32808 718 1312 79 59 31496 2284 158 560 29212 974 28300 13909 338 912 1265 135 1238 240 148 628 301 67 320 327 272 1019 498
internal_count=33605 797 32808 718 1312 79 59 31496 2284 158 560 29212 974 28300 13909 338 912 1265 135 1238 240 148 628 301 67 320 327 272 1019 498
is_linear=0
shrinkage=0.03


Tree=59
num_leaves=31
num_cat=0
split_feature=0 0 0 0 25 25 23 25 0 25 8 0 0 0 3 1 1 8 0 22 1 22 25 23 22 8 4 2 3 3
split_gain=35887.4 7529.06 5073.04 2234.25 1692.48 1149.01 1811.79 951.012 486.71 468.664 446.701 341.512 336.067 312.218 208.066 538.854 183.235 178.846 175.003 157.523 148.922 147.394 315.697 199.172 124.178 123.551 110.839 107.72 368.258 106.144
threshold=20.515000000000004 55.510000000000005 11.705000000000002 35.95000000000001 -1.8455967741935482 -1.7866666666666668 3.5000000000000004 0.32177419354838693 6.8050000000000006 -1.3054999999999997 473.50000000000006 7.7650000000000006 26.785000000000004 15.075000000000001 20.465000000000003 25.495000000000001 30.145000000000003 368.50000000000006 45.055000000000007 172.50000000000003 22.845000000000002 145.50000000000003 -1.0258091397849463 4.5000000000000009 158.50000000000003 368.50000000000006 20.115000000000006 31.815000000000001 19.855000000000004 21.045000000000005
decision_type=2 2 2 2 2 2 2 2 2 2 2 2 2 2 2 2 2 2 2 2 2 2 2 2 2 2 2 2 2 2
left_child=2 3 7 12 17 -3 -7 8 14 -10 -5 24 25 21 -1 -16 -11 26 -12 -14 -20 23 -23 -6 -9 -2 -4 28 -19 -27
right_child=1 5 4 10 13 6 -8 11 9 16 18 -13 19 -15 15 -17 -18 27 20 -21 -22 22 -24 -25 -26 29 -28 -29 -30 -31
leaf_value=-0.011986532521107721 0.075711035639978941 0.67339430111646659 0.0084752709205661494 0.1457429566072381 0.052939851457873978 0.28668768075735945 0.63390359980719424 -0.0076320265930905169 -0.0077855691795685389 0.024405118363893637 0.25486832583651825 0.053447385980655703 0.21696022504697673 0.090810592987604674 0.0054265729799289515 -0.0093549272534176782 -0.053543908851487292 -0.022605144636971611 0.29400759017213862 0.15521278889259305 0.39174787545204165 -0.024337808266282082 0.05789619697086535 0.1299907769033542 0.01946013499608934 0.15720844557768182 0.087290765322171712 -0.032395530442396799 0.10541639871322191 0.11592639164912269
leaf_weight=12866 48 20 42 23 72 38 21 211 990 885 68 233 46 465 2674 13062 28 91 47 194 20 48 337 52 547 79 26 153 26 193
leaf_count=12866 48 20 42 23 72 38 21 211 990 885 68 233 46 465 2674 13062 28 91 47 194 20 48 337 52 547 79 26 153 26 193
internal_value=-2.7711e-11 0.198908 -0.00483203 0.168322 0.0529677 0.476886 0.410273 -0.00723974 -0.00817933 0.00651161 0.267952 0.0216827 0.140212 0.07304 -0.00915678 -0.00684312 0.0220146 -0.00487348 0.288773 0.167048 0.323184 0.0568055 0.0476436 0.0852515 0.0119186 0.120086 0.0386106 -0.015825 0.00584409 0.127916
internal_weight=33605 797 32808 718 1312 79 59 31496 30505 1903 158 991 560 974 28602 15736 913 338 135 240 67 509 385 124 758 320 68 270 117 272
internal_count=33605 797 32808 718 1312 79 59 31496 30505 1903 158 991 560 974 28602 15736 913 338 135 240 67 509 385 124 758 320 68 270 117 272
is_linear=0
shrinkage=0.03


Tree=60
num_leaves=31
num_cat=0
split_feature=0 0 0 0 25 3 22 0 25 7 0 3 2 0 16 21 3 2 0 2 0 19 7 22 22 4 2 22 13 3
split_gain=33783.6 8638.54 3070.43 2403.56 1386.86 1103.21 1758.07 647.6 637.108 420.301 322.506 403.065 520.78 302.593 222.8 238.943 212.233 210.506 206.269 171.234 164.66 155.842 135.218 191.806 224.573 128.964 125.014 123.817 113.025 104.606
threshold=17.620000000000001 35.95000000000001 9.8650000000000002 55.510000000000005 -1.7113469156762873 23.115000000000006 204.50000000000003 22.875000000000004 0.32177419354838693 79.153350000000017 2.2650000000000001 20.965000000000003 34.405000000000008 13.285000000000002 33.500000000000007 5.5000000000000009 19.155000000000005 34.885000000000012 2.6550000000000007 29.275000000000002 45.055000000000007 6.8500000000000005 78.197250000000011 74.500000000000014 210.50000000000003 19.005000000000006 23.285000000000004 200.50000000000003 0.055000000000000007 21.045000000000005
decision_type=2 2 2 2 2 2 2 2 2 2 2 2 2 2 2 2 2 2 2 2 2 2 2 2 2 2 2 2 2 2
left_child=2 7 8 9 22 6 -5 16 10 20 -1 19 -13 17 15 -9 -2 -6 -10 -12 -3 -15 -4 -24 -25 29 -22 -17 -27 -18
right_child=1 3 4 5 13 -7 -8 14 18 -11 11 12 -14 21 -16 27 25 -19 -20 -21 26 -23 23 24 -26 28 -28 -29 -30 -31
leaf_value=-0.010065836742729367 0.0039057440920309589 0.24722227555863993 -0.016967295947591814 0.52358420691780139 0.045427963133953739 0.65513151168823236 0.18493308013135734 0.22756173462283855 -0.00017964066557275751 0.1413706702625622 -0.0015331299028401137 0.010526619866391043 -0.010342226783763809 0.094744256056187776 0.12461212908826828 0.11486208337048689 0.15150835266070706 -0.01539058177598885 0.029158620191235995 -0.016482032770830105 0.281872204712459 0.058704134707647453 -0.031660466162221776 0.064545284656875104 -0.016976869092322888 0.10998063446784562 0.36660328860282893 0.17041354589506028 0.062678566126001853 0.10284246250280063
leaf_weight=22367 22 68 339 37 600 20 22 49 360 23 1049 2867 1723 170 188 54 56 56 538 2013 42 296 56 83 48 77 25 109 111 137
leaf_count=22367 22 68 339 37 600 20 22 49 360 23 1049 2867 1723 170 188 54 56 56 538 2013 42 296 56 83 48 77 25 109 111 137
internal_value=5.75676e-13 0.168318 -0.00537543 0.327469 0.0345239 0.462579 0.397308 0.121346 -0.00750223 0.259914 -0.00824708 -0.00293079 0.00269285 0.0533671 0.148388 0.169472 0.0945053 0.0402361 0.0173972 -0.0113607 0.28011 0.0718518 -0.00567021 0.0148095 0.0346746 0.0997368 0.313488 0.15201 0.0820523 0.116963
internal_weight=33605 1040 32565 237 1648 79 59 803 30917 158 30019 7652 4590 1122 400 212 403 656 898 3062 135 466 526 187 131 381 67 163 188 193
internal_count=33605 1040 32565 237 1648 79 59 803 30917 158 30019 7652 4590 1122 400 212 403 656 898 3062 135 466 526 187 131 381 67 163 188 193
is_linear=0
shrinkage=0.03


Tree=61
num_leaves=31
num_cat=0
split_feature=0 0 0 0 25 22 7 0 2 7 25 3 1 0 3 1 3 2 25 22 0 12 1 14 22 2 3 22 22 11
split_gain=31787 8128 2898.43 2261.51 1456.66 1090.34 1452.82 612.47 420.214 395.461 378.437 387.797 361.857 276.928 248.98 630.003 212.675 191.42 187.683 155.662 154.929 146.264 133.486 123.896 123.15 122.62 121.409 108.843 88.0625 103.271
threshold=17.620000000000001 35.95000000000001 8.4250000000000025 55.510000000000005 -0.74782258064516116 202.50000000000003 76.966650000000016 24.73 26.485000000000003 79.153350000000017 -1.8455967741935482 18.755000000000006 30.805000000000003 13.285000000000002 21.155000000000005 25.695000000000004 17.705000000000002 36.165000000000006 -2.6529838709677418 188.50000000000003 45.055000000000007 0.53500000000000014 22.845000000000002 0.13000000000000003 272.50000000000006 27.135000000000002 22.465000000000003 144.50000000000003 130.50000000000003 -8.4999999999999982
decision_type=2 2 2 2 2 2 2 2 2 2 2 2 2 2 2 2 2 2 2 2 2 2 2 2 2 2 2 2 2 2
left_child=2 7 8 9 10 6 -5 18 16 20 25 -12 -13 24 -10 19 -1 -17 -2 -16 -3 -9 -22 -20 27 -4 -27 -6 29 -23
right_child=1 3 4 5 13 -7 -8 21 14 -11 11 12 -14 -15 15 17 -18 -19 23 -21 22 28 -24 -25 -26 26 -28 -29 -30 -31
leaf_value=-0.01250574629166919 0.0086653286218643186 0.23980560784830765 0.045925227186896588 0.52711923658847804 0.072179125679444664 0.58377333367243411 0.19345714163035155 0.18416729855250163 -0.011054745995445588 0.13712954996396667 -0.046874992489814755 0.038610516872665861 -0.044605144119033442 0.075855547001240017 0.025756139115820996 -0.0048090405756420623 0.018493506723436866 -0.012463320853704 0.11486116156434482 0.0053597891627300727 0.27646077724213297 0.21007594967710561 0.3689973444342613 0.08371509659740814 0.0846562753052547 -0.021918596085582383 0.0071383236837191657 0.034697228150124819 0.12795795961725909 0.12687319875955583
leaf_weight=265 21 68 33 23 79 32 24 83 15068 23 65 492 52 329 414 6544 802 5340 247 1805 47 29 20 215 58 442 183 594 183 25
leaf_count=265 21 68 33 23 79 32 24 83 15068 23 65 492 52 329 414 6544 802 5340 247 1805 47 29 20 215 58 442 183 594 183 25
internal_value=-1.64971e-11 0.163269 -0.00521417 0.317645 0.0270489 0.448702 0.356739 0.117706 -0.00769701 0.252116 0.00533848 0.022381 0.0306561 0.0529989 -0.00837338 -0.00550855 0.0107945 -0.00824844 0.0963798 0.00916515 0.271707 0.149894 0.304084 0.100367 0.0427119 -0.0104349 -0.0134107 0.039097 0.137892 0.171556
internal_weight=33605 1040 32565 237 2327 79 47 803 30238 158 1267 609 544 1060 29171 14103 1067 11884 483 2219 135 320 67 462 731 658 625 673 237 54
internal_count=33605 1040 32565 237 2327 79 47 803 30238 158 1267 609 544 1060 29171 14103 1067 11884 483 2219 135 320 67 462 731 658 625 673 237 54
is_linear=0
shrinkage=0.03


Tree=62
num_leaves=31
num_cat=0
split_feature=0 0 0 0 25 3 25 25 0 24 7 0 0 0 1 3 1 7 0 16 0 26 24 1 7 24 12 9 0 3
split_gain=29934.7 6265.27 4252.65 1855.35 1422.54 1091.25 1326.31 804.407 407.383 422.409 372.089 299.438 288.415 267.725 229.317 178.434 467.217 166.11 145.773 142.548 142.41 135.799 131.864 125.597 109.19 94.7221 139.55 105.109 94.0151 93.7682
threshold=20.515000000000004 55.510000000000005 11.705000000000002 35.95000000000001 -1.8455967741935482 23.115000000000006 2.5754838709677421 0.32177419354838693 6.8050000000000006 2.5000000000000004 79.153350000000017 7.7650000000000006 26.785000000000004 16.190000000000001 30.145000000000003 20.435000000000006 25.495000000000001 76.966650000000016 45.055000000000007 27.000000000000004 15.555000000000001 -0.13226881720430106 3.5000000000000004 22.845000000000002 79.153350000000017 4.5000000000000009 0.53500000000000014 2.2000000000000006 2.6550000000000007 21.045000000000005
decision_type=2 2 2 2 2 2 2 2 2 2 2 2 2 2 2 2 2 2 2 2 2 2 2 2 2 2 2 2 2 2
left_child=2 3 7 12 17 6 -3 8 15 -10 18 28 24 21 -11 -1 -17 -4 -5 -14 -19 -6 -23 -20 29 26 -15 -27 -9 -2
right_child=1 5 4 10 13 -7 -8 11 9 14 -12 -13 19 25 -16 16 -18 20 23 -21 -22 22 -24 -25 -26 27 -28 -29 -30 -31
leaf_value=-0.011016932406469861 0.14439498159279929 0.19237095182356626 -0.023082808258502105 0.23261144094607408 0.068618872485234655 0.62674647331237787 0.4840159612273176 -0.000269521212282901 0.03366396375876702 0.0027305826421789906 0.13301566156680167 0.049726000614784049 0.20470620614290239 0.12863020268774294 -0.0355720872227933 0.0050437150140158647 -0.0085996402920623643 0.00078395457481438252 0.26816695340136265 0.14266752369292082 0.066058563590049746 0.058721210024912249 0.018822708807556942 0.35792742329835892 0.067786052962765103 0.1111881250994546 0.082090314017524091 0.029905660221974054 0.020887859814985182 0.10559413730248886
leaf_weight=12756 79 23 190 68 327 20 36 360 393 1353 23 233 40 82 157 2729 13117 106 47 200 42 165 136 20 48 21 198 45 398 193
leaf_count=12756 79 23 190 68 327 20 36 360 393 1353 23 233 40 82 157 2729 13117 106 47 200 42 165 136 20 48 21 198 45 398 193
internal_value=-6.9601e-11 0.181663 -0.00441312 0.153763 0.0485071 0.435241 0.370324 -0.00661757 -0.00748171 0.0059588 0.244553 0.0199823 0.128147 0.0669092 -0.00125188 -0.00837596 -0.00624998 -0.00452123 0.263555 0.153007 0.0193078 0.0552345 0.040694 0.294961 0.109502 0.088099 0.0957199 0.0557683 0.0108395 0.116864
internal_weight=33605 797 32808 718 1312 79 59 31496 30505 1903 158 991 560 974 1510 28602 15846 338 135 240 148 628 301 67 320 346 280 66 758 272
internal_count=33605 797 32808 718 1312 79 59 31496 30505 1903 158 991 560 974 1510 28602 15846 338 135 240 148 628 301 67 320 346 280 66 758 272
is_linear=0
shrinkage=0.03


Tree=63
num_leaves=31
num_cat=0
split_feature=0 0 0 0 25 25 23 0 25 7 0 2 21 21 0 2 21 2 21 21 0 4 16 21 25 23 7 0 24 19
split_gain=28165.6 5895 4001.32 1745.7 1338.47 1041.2 1705.36 757.164 632.325 350.099 271.369 252.347 254.473 364.821 251.903 194.699 198.295 158.615 192.277 346.17 142.385 137.541 134.123 129.277 234.583 167.556 102.737 96.255 89.1241 133.635
threshold=20.515000000000004 55.510000000000005 11.705000000000002 35.95000000000001 -1.8455967741935482 -1.7866666666666668 3.5000000000000004 6.2150000000000007 -0.41918279569892464 79.153350000000017 26.785000000000004 29.445000000000004 11.500000000000002 2.5000000000000004 16.190000000000001 38.595000000000006 3.5000000000000004 31.815000000000001 2.5000000000000004 11.500000000000002 8.0850000000000026 25.725000000000005 27.000000000000004 5.5000000000000009 -1.0258091397849463 5.5000000000000009 79.153350000000017 45.055000000000007 4.5000000000000009 6.8500000000000005
decision_type=2 2 2 2 2 2 2 2 2 2 2 2 2 2 2 2 2 2 2 2 2 2 2 2 2 2 2 2 2 2
left_child=2 3 7 10 17 -3 -7 11 15 21 26 12 13 -1 23 16 -9 18 -4 -20 -10 27 -12 25 -25 -6 -2 -5 29 -16
right_child=1 5 4 9 14 6 -8 8 20 -11 22 -13 -14 -15 28 -17 -18 -19 19 -21 -22 -23 -24 24 -26 -27 -28 -29 -30 -31
leaf_value=-0.0090632233126347692 0.11335759520756683 0.60924557787179945 -0.021817306321400862 0.24386952139296619 0.061399122084490956 0.23887254104312311 0.57573557751519333 -0.01484146026615611 0.015263145072138103 0.12902519204856258 0.19856501886248587 -0.0093340951958212643 -0.014397084734156318 0.0070925515633573017 0.1237171993995535 -0.040662082484282484 0.0079575990351048714 -0.023525756902128294 0.085068652668879155 -0.040185095380092489 0.03902962888312949 0.20018531389774813 0.13838749704714862 -0.011790397445604738 0.05357596343369888 0.13865952126681805 0.065752471461892129 0.30160283719792086 0.054095214862715117 0.078933241936991014
leaf_weight=2153 272 20 65 53 120 38 21 501 395 23 40 22372 1316 3026 87 109 1091 181 63 29 533 31 200 56 420 32 48 51 66 193
leaf_count=2153 272 20 65 53 120 38 21 501 395 23 40 22372 1316 3026 87 109 1091 181 63 29 533 31 200 56 420 32 48 51 66 193
internal_value=-5.16708e-11 0.176213 -0.00428073 0.14915 0.0470519 0.422184 0.358773 -0.00641905 0.00899419 0.237216 0.124303 -0.00782277 -0.00261703 0.000376316 0.0649019 -0.00187301 0.000782769 -0.00438559 0.0176805 0.0455865 0.0289135 0.255649 0.148417 0.0535775 0.0458858 0.0776645 0.106217 0.272181 0.0854561 0.0928483
internal_weight=33605 797 32808 718 1312 79 59 31496 2629 158 560 28867 6495 5179 974 1701 1592 338 157 92 928 135 240 628 476 152 320 104 346 280
internal_count=33605 797 32808 718 1312 79 59 31496 2629 158 560 28867 6495 5179 974 1701 1592 338 157 92 928 135 240 628 476 152 320 104 346 280
is_linear=0
shrinkage=0.03


Tree=64
num_leaves=31
num_cat=0
split_feature=0 0 0 0 25 22 7 25 0 24 7 0 0 0 2 3 2 7 22 22 22 25 23 0 21 1 2 7 7 3
split_gain=26501 5546.6 3764.84 1642.53 1259.37 1044.57 1406.15 723.722 359.761 384.856 329.408 268.112 255.331 239.421 229.169 168.348 432.581 149.336 202.362 218.866 135.982 271.078 179.327 131.349 130.641 117.718 111.392 99.1632 96.6648 88.2264
threshold=20.515000000000004 55.510000000000005 11.705000000000002 35.95000000000001 -1.8455967741935482 202.50000000000003 76.966650000000016 0.32177419354838693 6.8050000000000006 2.5000000000000004 79.153350000000017 7.7650000000000006 26.785000000000004 15.075000000000001 33.375000000000007 21.045000000000005 33.935000000000009 76.966650000000016 74.500000000000014 210.50000000000003 145.50000000000003 -1.0258091397849463 4.5000000000000009 45.055000000000007 5.5000000000000009 22.845000000000002 31.015000000000004 78.197250000000011 79.153350000000017 21.045000000000005
decision_type=2 2 2 2 2 2 2 2 2 2 2 2 2 2 2 2 2 2 2 2 2 2 2 2 2 2 2 2 2 2
left_child=2 3 7 12 17 6 -3 8 15 -10 23 26 28 20 -11 -1 -17 -4 -19 -20 22 -22 -6 -5 -14 -25 -9 -26 29 -2
right_child=1 5 4 10 13 -7 -8 11 9 14 -12 -13 24 -15 -16 16 -18 18 19 -21 21 -23 -24 25 27 -27 -28 -29 -30 -31
leaf_value=-0.010129746435714973 0.13666240424295015 0.48712716214034868 -0.021853481983667926 0.21860609603278777 0.045401244341240578 0.5417239390779286 0.15886869989335536 0.014330748413033244 0.032029369252925835 0.0068266414021593991 0.12515443768190301 0.0471490134366752 0.18941912139563458 0.078516473677090082 -0.018109636097782992 0.00055955190367106206 -0.01011705687600035 -0.031522704636564064 0.083738808938198614 -0.0058440270920594528 -0.026762633409816768 0.049438821592724683 0.11851304824535662 0.25185067587710441 0.15002974679321049 0.33875001776218411 -0.022895293837344205 0.10587362348227887 0.06377989756409079 0.099025585490804868
leaf_weight=14668 79 23 190 68 72 32 24 677 393 1018 23 233 46 465 492 5993 7941 49 54 45 48 337 52 47 120 20 81 74 48 193
leaf_count=14668 79 23 190 68 72 32 24 677 393 1018 23 233 46 465 492 5993 7941 49 54 45 48 337 52 47 120 20 81 74 48 193
internal_value=-2.55664e-11 0.170927 -0.00415231 0.144675 0.0456404 0.409518 0.319506 -0.00622647 -0.00704613 0.0055844 0.2301 0.0190042 0.120574 0.0629548 -0.00129829 -0.00788649 -0.00552506 -0.00425402 0.0183399 0.0430193 0.0487384 0.0399384 0.076061 0.247979 0.143965 0.277791 0.0103528 0.133187 0.10303 0.109957
internal_weight=33605 797 32808 718 1312 79 47 31496 30505 1903 158 991 560 974 1510 28602 13934 338 148 99 509 385 124 135 240 67 758 194 320 272
internal_count=33605 797 32808 718 1312 79 47 31496 30505 1903 158 991 560 974 1510 28602 13934 338 148 99 509 385 124 135 240 67 758 194 320 272
is_linear=0
shrinkage=0.03


Tree=65
num_leaves=31
num_cat=0
split_feature=0 0 0 0 25 3 22 25 0 24 7 0 0 0 1 3 1 22 25 7 22 22 23 4 21 22 22 17 22 0
split_gain=24934.8 5218.8 3542.34 1545.46 1184.94 1040.72 1690.48 680.95 338.499 362.111 309.94 252.266 240.241 226.046 200.82 160.793 404.455 149.407 240.413 140.51 190.403 205.931 133.612 129.268 122.92 103.071 97.6623 92.0049 86.5809 84.7903
threshold=20.515000000000004 55.510000000000005 11.705000000000002 35.95000000000001 -1.8455967741935482 23.115000000000006 204.50000000000003 0.32177419354838693 6.8050000000000006 2.5000000000000004 79.153350000000017 7.7650000000000006 26.785000000000004 16.190000000000001 30.145000000000003 21.515000000000004 27.275000000000002 145.50000000000003 -1.0258091397849463 76.966650000000016 74.500000000000014 210.50000000000003 5.5000000000000009 25.725000000000005 5.5000000000000009 158.50000000000003 200.50000000000003 41.000000000000007 85.500000000000014 45.055000000000007
decision_type=2 2 2 2 2 2 2 2 2 2 2 2 2 2 2 2 2 2 2 2 2 2 2 2 2 2 2 2 2 2
left_child=2 3 7 12 19 6 -3 8 15 -10 23 25 27 17 -11 -1 -17 22 -19 -4 -21 -22 -6 29 28 -9 -26 -2 -14 -5
right_child=1 5 4 10 13 -7 -8 11 9 14 -12 -13 24 -15 -16 16 -18 18 -20 20 21 -23 -24 -25 26 -27 -28 -29 -30 -31
leaf_value=-0.0096228886244051556 0.085662479856202386 0.45766228454338537 -0.021197877640786924 0.22999525342347488 0.061720811892300838 0.58425148987770081 0.12558397098021074 -0.0077696169753916451 0.031068488270113642 0.0024674711145662976 0.12139980434075645 0.04573454352823194 0.14074850664601068 0.080536882426492817 -0.033376406051550706 0.0030445211969999503 -0.0086855152570250206 -0.015000311521620586 0.050121533250681097 -0.030577023479403283 0.081226645894348623 -0.0056687059899171192 0.13109433129429818 0.1867704310724812 0.095777016494955333 0.016912916264291578 0.14275042189204173 0.1180640281546623 0.22314224813133479 0.28418135572882258
leaf_weight=16165 179 37 190 53 114 20 22 211 393 1353 23 233 22 346 157 3817 8620 58 424 49 54 45 32 31 56 547 138 141 24 51
leaf_count=16165 179 37 190 53 114 20 22 211 393 1353 23 233 22 346 157 3817 8620 58 424 49 54 45 32 31 56 547 138 141 24 51
internal_value=-7.61133e-11 0.165799 -0.00402774 0.140335 0.0442711 0.397233 0.333836 -0.00603968 -0.00683474 0.00541687 0.223197 0.018434 0.116956 0.0610662 -0.00125934 -0.00764989 -0.00508549 0.0503387 0.0422853 -0.0041264 0.0177897 0.0417288 0.076926 0.24054 0.139646 0.0100422 0.129191 0.0999394 0.183737 0.256567
internal_weight=33605 797 32808 718 1312 79 59 31496 30505 1903 158 991 560 974 1510 28602 12437 628 482 338 148 99 146 135 240 758 194 320 46 104
internal_count=33605 797 32808 718 1312 79 59 31496 30505 1903 158 991 560 974 1510 28602 12437 628 482 338 148 99 146 135 240 758 194 320 46 104
is_linear=0
shrinkage=0.03


Tree=66
num_leaves=31
num_cat=0
split_feature=5 25 4 25 26 7 22 4 3 5 5 25 25 4 22 22 22 3 22 3 21 22 22 22 22 3 22 22 22 8
split_gain=8216.85 4612.26 2878.8 1924.93 901.575 840.889 740.596 616.002 467.339 329.839 310.158 287.964 269.602 205.029 179.058 235.299 168.987 157.967 143.926 124.423 93.0198 89.3658 86.3656 72.1744 63.7055 62.3752 58.761 221.215 91.5574 72.965
threshold=0.83805000000000007 2.2654354838709683 37.110000000000007 -0.53209677419354828 -1.0536129032258066 76.966650000000016 74.500000000000014 19.735000000000003 21.775000000000002 0.56555000000000011 0.9759500000000001 -1.7512795698924728 0.906241935483871 22.365000000000006 144.50000000000003 198.50000000000003 139.50000000000003 21.045000000000005 206.50000000000003 19.155000000000005 6.5000000000000009 200.50000000000003 124.50000000000001 174.50000000000003 142.50000000000003 21.225000000000005 158.50000000000003 274.50000000000006 262.50000000000006 559.00000000000011
decision_type=2 2 2 2 2 2 2 2 2 2 2 2 2 2 2 2 2 2 2 2 2 2 2 2 2 2 2 2 2 2
left_child=9 2 3 5 7 11 -7 8 25 26 -9 -2 17 20 16 -16 -5 -11 19 -15 23 -22 -19 -6 -24 -3 -1 28 29 -28
right_child=1 4 -4 14 13 6 -8 10 -10 12 -12 -13 -14 18 15 -17 -18 22 -20 -21 21 -23 24 -25 -26 -27 27 -29 -30 -31
leaf_value=-0.0091287633762894369 -0.016454388798409422 0.13207513875194957 0.31348263445971231 0.056578700661136794 0.06916442459821702 -0.019581992883626588 0.036517298278852098 0.35823446724725805 0.24678431011976734 -0.0076877089103422891 0.20558353217840195 0.0069289567958912808 0.044604305594220933 0.1938460065018047 0.026273545910914735 0.049677887715352732 0.11776550986286667 -0.0053197712577073963 0.067873921112716201 0.11264978880541665 0.016930869015199797 0.077832564280221325 0.022707403597108551 0.14976029745116831 0.0063971917790708235 0.076479170615784825 -0.0046983617645182585 -0.010242066524984337 0.023582944682122561 0.0044551905051138894
leaf_weight=16091 860 42 31 164 20 257 1204 23 31 1342 25 1056 128 33 540 1361 54 481 25 35 35 57 263 20 1194 32 2090 4718 139 1254
leaf_count=16091 860 42 31 164 20 257 1204 23 31 1342 25 1056 128 33 540 1361 54 481 25 35 35 57 263 20 1194 32 2090 4718 139 1254
internal_value=-1.3428e-11 0.0321293 0.0251956 0.0235695 0.133513 0.00950561 0.026649 0.189698 0.148998 -0.00684923 0.278729 -0.0035667 0.00189082 0.0953068 0.0459828 0.0430296 0.0717351 0.000223957 0.129425 0.152054 0.0712692 0.0546634 0.00570252 0.109462 0.00934131 0.108034 -0.00807541 -0.00600863 -0.000274114 -0.00126578
internal_weight=33605 5905 5527 5496 378 3377 1461 153 105 27700 48 1916 3408 225 2119 1901 218 3280 93 68 132 92 1938 40 1457 74 24292 8201 3483 3344
internal_count=33605 5905 5527 5496 378 3377 1461 153 105 27700 48 1916 3408 225 2119 1901 218 3280 93 68 132 92 1938 40 1457 74 24292 8201 3483 3344
is_linear=0
shrinkage=0.03


Tree=67
num_leaves=31
num_cat=0
split_feature=0 0 0 0 22 7 22 0 24 22 2 3 22 2 3 3 0 2 3 22 0 3 1 26 0 22 21 22 7 3
split_gain=22835.5 4825.5 3179.9 1413.75 1032.18 1306.84 718.917 562.937 512.102 397.035 374.01 544.475 439.092 324.228 283.21 238.701 222.35 219.971 528.583 170.032 163.895 127.862 288.999 121.92 121.026 133.021 117.63 91.8132 87.0544 80.8286
threshold=20.515000000000004 55.510000000000005 11.705000000000002 35.95000000000001 202.50000000000003 76.966650000000016 74.500000000000014 6.2150000000000007 2.5000000000000004 314.50000000000006 31.815000000000001 22.265000000000004 149.50000000000003 29.275000000000002 23.455000000000002 17.915000000000003 26.785000000000004 29.705000000000002 18.855000000000004 274.50000000000006 0.95500000000000007 22.425000000000004 29.435000000000006 -0.25563548387096785 45.055000000000007 204.50000000000003 5.5000000000000009 200.50000000000003 79.153350000000017 21.045000000000005
decision_type=2 2 2 2 2 2 2 2 2 2 2 2 2 2 2 2 2 2 2 2 2 2 2 2 2 2 2 2 2 2
left_child=2 3 7 16 5 -3 -4 17 23 10 12 -12 -8 15 24 -10 28 18 -1 -15 -20 -19 -23 -9 -5 -26 -18 -28 29 -2
right_child=1 4 6 14 -6 -7 9 8 13 -11 11 -13 -14 19 -16 -17 26 21 20 -21 -22 22 -24 -25 25 -27 27 -29 -30 -31
leaf_value=-0.010005919618844832 0.1275839249987768 0.45332578477652175 -0.022090559180112594 0.20210722770861214 0.51262781426310533 0.13687080577015878 0.12970280530222927 0.056009417742904688 -0.021121866223812104 -0.034881326518952843 -0.057032689154148102 0.044178546753885981 0.056773958249123992 -0.0048360409714348082 0.11356969559734517 0.024648039862891356 0.17678013293639472 -0.010405839329577579 -0.0025680954890156178 -0.037630273243423086 0.011168949273753984 0.00039993072261534679 -0.010548051437289024 0.023980314670768069 0.22758373682062294 0.31696670324906057 0.091023304313421247 0.13656835291696631 0.05820110728964209 0.091559594788014342
leaf_weight=3889 79 23 141 70 32 24 83 135 125 48 58 273 709 1120 22 571 46 12793 1224 163 2163 3890 4908 515 43 23 56 138 48 193
leaf_count=3889 79 23 141 70 32 24 83 135 125 48 58 273 709 1120 22 571 46 12793 1224 163 2163 3890 4908 515 43 23 56 138 48 193
internal_value=-4.57667e-11 0.158667 -0.00385446 0.134181 0.381209 0.291732 0.0419069 -0.0057607 0.00752941 0.0496128 0.0532243 0.0264436 0.0644168 -5.87685e-05 0.213433 0.0164279 0.11182 -0.00697107 -0.00245986 -0.00900242 0.00620463 -0.00849132 -0.00570745 0.0306325 0.229587 0.258732 0.133648 0.123421 0.0954493 0.102023
internal_weight=33605 797 32808 718 79 47 1312 31496 2629 1171 1123 331 792 1979 158 696 560 28867 7276 1283 3387 21591 8798 650 136 66 240 194 320 272
internal_count=33605 797 32808 718 79 47 1312 31496 2629 1171 1123 331 792 1979 158 696 560 28867 7276 1283 3387 21591 8798 650 136 66 240 194 320 272
is_linear=0
shrinkage=0.03


Tree=68
num_leaves=31
num_cat=0
split_feature=0 0 0 4 25 8 1 0 25 4 0 1 0 3 2 0 0 26 2 3 0 3 1 9 25 0 25 25 1 2
split_gain=21489.5 4819.98 2589.74 1650.82 1070.82 998.118 830.71 726.037 439.032 390.266 247.11 263.354 236.833 354.691 481.629 155.186 149.529 127.811 118.385 258.789 229.27 117.925 112.62 107.19 89.2997 85.9977 81.4356 175.984 78.8435 77.9536
threshold=19.395000000000003 45.055000000000007 10.525 28.255000000000006 -1.8455967741935482 785.00000000000011 22.065000000000001 31.605000000000004 0.32177419354838693 20.115000000000006 15.075000000000001 30.805000000000003 1.7150000000000001 20.745000000000001 36.165000000000006 22.875000000000004 2.6550000000000007 -0.099838709677419313 31.815000000000001 19.855000000000004 12.055000000000001 19.725000000000005 24.275000000000002 2.8500000000000005 -0.35901612903225805 1.0000000180025095e-35 -1.4621236559139785 -1.1503084323712505 21.085000000000004 26.615000000000006
decision_type=2 2 2 2 2 2 2 2 2 2 2 2 2 2 2 2 2 2 2 2 2 2 2 2 2 2 2 2 2 2
left_child=2 7 8 5 18 -3 9 15 12 -7 11 17 25 22 -15 -2 28 -6 19 -4 -21 -17 -14 29 -23 -1 -12 -28 -10 -9
right_child=1 3 4 -5 10 6 -8 23 16 -11 26 -13 13 14 -16 21 -18 -19 -20 20 -22 24 -24 -25 -26 -27 27 -29 -30 -31
leaf_value=-0.0028452752581999753 0.079336565191624686 0.14493832464230821 -0.014257584098186201 0.53151661284591833 0.053311040553215054 0.15837428659200667 0.44764342669782969 0.097640960633754728 0.051797810681164264 0.31544238843236649 0.10943386077880858 -0.065874299066407335 -0.0054953603609588907 0.0068068874649994861 -0.01263055386907052 0.15942195222526789 0.023921652920689922 0.027918509064302606 -0.021179090659920269 -0.024535125291773253 0.094696244455556911 0.084920002574578296 -0.015960942703658932 0.20073161465781075 0.11907440986856818 -0.0089932698841445318 -0.0070505382621596597 0.070088344855163687 -0.0044855696645182816 0.16429946281909943
leaf_weight=2310 240 47 131 23 397 24 29 20 24 35 39 21 2256 4525 1537 40 575 324 231 21 47 121 1569 63 160 18032 29 324 336 75
leaf_count=2310 240 47 131 23 397 24 29 20 24 35 39 21 2256 4525 1537 40 575 324 231 21 47 121 1569 63 160 18032 29 324 336 75
internal_value=2.4112e-11 0.146552 -0.00392711 0.296583 0.0337431 0.256557 0.316172 0.113583 -0.00581763 0.25155 0.0490289 0.03885 -0.00644386 -0.002635 0.00187859 0.0975845 0.0144288 0.0419002 -0.0065689 0.0103907 0.0578748 0.111228 -0.0097883 0.170388 0.104367 -0.00829511 0.0682961 0.0637512 -0.000733344 0.150266
internal_weight=33605 877 32728 158 1564 135 88 719 31164 59 1134 742 30229 9887 6062 561 935 721 430 199 68 321 3825 158 281 20342 392 353 360 95
internal_count=33605 877 32728 158 1564 135 88 719 31164 59 1134 742 30229 9887 6062 561 935 721 430 199 68 321 3825 158 281 20342 392 353 360 95
is_linear=0
shrinkage=0.03


Tree=69
num_leaves=31
num_cat=0
split_feature=0 0 4 0 12 25 0 2 0 1 3 1 0 2 22 1 24 22 3 17 21 5 2 4 3 22 1 3 1 1
split_gain=20228.3 5184.91 1897.23 1805.27 983.376 839.995 763.561 408.221 406.521 359.399 226.475 621.049 186.808 175.823 172.966 169.847 165.13 166.874 164.157 155.778 185.1 138.445 136.124 118.6 108.192 125.945 103.543 224.668 190.822 149.289
threshold=17.620000000000001 35.95000000000001 29.775000000000002 9.8650000000000002 0.53500000000000014 -1.7113469156762873 55.510000000000005 25.635000000000002 22.875000000000004 21.775000000000002 21.045000000000005 25.695000000000004 13.285000000000002 23.285000000000004 188.50000000000003 30.265000000000004 3.5000000000000004 110.50000000000001 19.155000000000005 41.000000000000007 5.5000000000000009 0.9799500000000001 34.675000000000004 15.765000000000002 16.845000000000002 268.50000000000006 30.615000000000006 22.465000000000003 27.965000000000003 26.155000000000005
decision_type=2 2 2 2 2 2 2 2 2 2 2 2 2 2 2 2 2 2 2 2 2 2 2 2 2 2 2 2 2 2
left_child=3 8 4 7 6 26 13 24 18 -8 -9 14 16 -3 -12 -13 17 -7 -2 -10 -21 -6 -18 -20 -1 -26 27 29 -29 -5
right_child=1 2 -4 5 21 12 9 10 19 -11 11 15 -14 -15 -16 -17 22 -19 23 20 -22 -23 -24 -25 25 -27 -28 28 -30 -31
leaf_value=-0.017789441122492745 -0.0070927897095680236 0.19995882360471617 0.52576553634234835 -2.022736072540283e-05 0.20528828561305998 -0.039406115072114126 0.30142551594972611 -0.0088511175615529174 0.097201024752812101 0.48127526450157165 0.025392767377090637 -0.0040749799626088141 0.055623232396579313 0.29491443129686207 0.005808571266857708 -0.011615776116313162 0.021003915391550547 0.047485378834836438 0.10099969971392835 0.18503230745695076 0.11752915969739357 0.12943596103361676 -0.041169038185396703 0.065422599548802654 0.018980940843773261 0.079406027008186678 -0.049456436576884845 0.080048515931988251 0.0037222349804800908 -0.041959424275566225
leaf_weight=67 22 54 21 250 33 21 20 15310 207 20 500 8366 466 26 2156 3961 221 377 126 49 144 63 37 255 524 33 43 49 74 110
leaf_count=67 22 54 21 250 33 21 20 15310 207 20 500 8366 466 26 2156 3961 221 377 126 49 144 63 37 255 524 33 43 49 74 110
internal_value=1.82803e-11 0.130244 0.253543 -0.00415949 0.227077 0.0264345 0.28433 -0.00579027 0.0938531 0.39135 -0.00628503 -0.00366293 0.0410994 0.230819 0.00949536 -0.00649804 0.0307821 0.0429007 0.0725873 0.115278 0.134667 0.15551 0.0120876 0.0771883 0.0182284 0.0225609 -0.00484676 -0.000875302 0.0341286 -0.012835
internal_weight=33605 1040 237 32565 216 1648 120 30917 803 40 30293 14983 1122 80 2656 12327 656 398 403 400 193 96 258 381 624 557 526 483 123 360
internal_count=33605 1040 237 32565 216 1648 120 30917 803 40 30293 14983 1122 80 2656 12327 656 398 403 400 193 96 258 381 624 557 526 483 123 360
is_linear=0
shrinkage=0.03


Tree=70
num_leaves=31
num_cat=0
split_feature=0 0 0 0 3 22 25 0 24 8 25 22 25 22 25 0 22 3 1 0 25 7 1 3 3 1 1 3 26 5
split_gain=19032.9 4142.47 2658.85 1144.06 1075.31 1617.61 808.021 562.455 523.179 322.21 249.739 183.695 224.604 182.116 180.676 175.951 151.125 148.299 147.598 137.777 199.208 125.826 115.423 110.787 105.758 160.255 127.313 255.942 99.186 90.6838
threshold=20.515000000000004 55.510000000000005 12.320000000000002 31.605000000000004 23.115000000000006 204.50000000000003 -1.8455967741935482 6.8050000000000006 2.5000000000000004 496.50000000000006 -0.074510752688171922 149.50000000000003 -1.0258091397849463 262.50000000000006 0.906241935483871 45.055000000000007 210.50000000000003 19.295000000000005 22.445000000000004 1.1950000000000001 -1.4881666666666666 79.153350000000017 23.365000000000006 21.045000000000005 23.495000000000001 30.265000000000004 27.275000000000002 21.325000000000003 -0.22067956989247314 0.91190000000000015
decision_type=2 2 2 2 2 2 2 2 2 2 2 2 2 2 2 2 2 2 2 2 2 2 2 2 2 2 2 2 2 2
left_child=2 3 7 21 5 -3 24 14 28 -5 17 22 13 -13 19 -11 -14 -10 -17 -1 -21 23 -8 -2 26 -26 27 -4 -9 -24
right_child=1 4 6 9 -6 -7 11 8 10 15 -12 12 16 -15 -16 18 -18 -19 -20 20 -22 -23 29 -25 25 -27 -28 -29 -30 -31
leaf_value=-0.0082106783477966169 0.12552464090287685 0.40773224415005865 -0.0143722942776978 0.12097188686623292 0.54114752849936476 0.08289035122502933 0.14495305133902509 0.053533495525459211 -0.02049641337304834 0.17500404848738912 0.024578200956298545 -0.028945855503635744 0.041619748229107856 0.053694114993725499 0.013022247793903664 0.20657708917345319 0.072434532560180606 0.0013105357622667942 0.30559575918316839 -0.0089732291955234734 -0.00074501739681864473 0.060709053291580994 0.12584697779864074 0.091666565596571437 0.062344580167283607 -0.039716887995600698 -0.056388830710598761 0.09745158063513891 0.025968778832005893 0.063818082920142585
leaf_weight=17732 127 37 150 68 20 22 23 166 378 107 330 56 316 42 430 42 262 1090 20 4340 6793 78 25 276 45 20 47 21 402 140
leaf_count=17732 127 37 150 68 20 22 23 166 378 107 330 56 316 42 430 42 262 1090 20 4340 6793 78 25 276 45 20 47 21 402 140
internal_value=1.44608e-11 0.144855 -0.00351893 0.122168 0.351046 0.286605 0.0413514 -0.00514448 0.00892547 0.176117 0.000996466 0.0557622 0.0484673 0.00647127 -0.00628083 0.198305 0.0555877 -0.00430461 0.238519 -0.00656839 -0.00395264 0.0955861 0.0819927 0.102336 -0.00264476 0.0309411 -0.0126589 -0.000639538 0.0340247 0.0732164
internal_weight=33605 797 32808 718 79 59 1147 31661 2366 237 1798 864 676 98 29295 169 578 1468 62 28865 11133 481 188 403 283 65 218 171 568 165
internal_count=33605 797 32808 718 79 59 1147 31661 2366 237 1798 864 676 98 29295 169 578 1468 62 28865 11133 481 188 403 283 65 218 171 568 165
is_linear=0
shrinkage=0.03


Tree=71
num_leaves=31
num_cat=0
split_feature=0 0 4 0 8 25 2 23 2 0 1 3 1 3 22 3 0 24 16 21 22 22 1 2 19 4 3 4 22 3
split_gain=17939.6 4591.25 1772.75 1597.4 911.373 746.613 690.8 387.764 367.069 360.148 257.195 207.931 573.404 173.816 161.051 151.415 151.151 152.217 146.194 174.272 126.532 214.066 131.811 121.521 116.166 112.565 130.695 109.559 106.953 98.2695
threshold=17.620000000000001 35.95000000000001 29.775000000000002 9.8650000000000002 785.00000000000011 -1.5301102150537635 22.755000000000006 3.5000000000000004 25.635000000000002 22.875000000000004 20.865000000000006 21.045000000000005 25.695000000000004 23.205000000000002 188.50000000000003 19.155000000000005 13.285000000000002 3.5000000000000004 33.500000000000007 5.5000000000000009 276.50000000000006 250.50000000000003 30.615000000000006 34.885000000000012 6.8500000000000005 25.725000000000005 23.245000000000001 15.615 200.50000000000003 16.845000000000002
decision_type=2 2 2 2 2 2 2 2 2 2 2 2 2 2 2 2 2 2 2 2 2 2 2 2 2 2 2 2 2 2
left_child=3 9 4 8 25 20 10 -8 29 15 -6 -10 14 -14 -13 -2 17 -7 19 -11 21 22 -5 -19 -18 26 -3 -17 -21 -1
right_child=1 2 -4 5 6 16 7 -9 11 18 -12 12 13 -15 -16 27 24 23 -20 28 -22 -23 -24 -25 -26 -27 -28 -29 -30 -31
leaf_value=-0.017001685869337906 -0.0081305816498669706 0.19441485052206078 0.50182106018066397 0.0057334200370474427 0.276484770173473 0.041760641654751213 0.28609709081978629 0.45780453211069105 -0.0083790905388930366 0.17526558360902172 0.15665794685482978 0.024575753260217603 -0.010367018948219014 -0.0031354703231822262 0.0056780871430879192 0.095835542261302475 0.07263695791977294 0.018580556708889511 0.089317531455506347 0.076217501885775057 -0.032424390717194627 0.097741426910672863 -0.04377699840204282 -0.051423467874526979 0.041090572647140784 0.089018304931080844 0.11406210921961685 0.061572012625911152 0.12784740148334328 0.021453774949298298
leaf_weight=67 22 49 21 403 28 387 29 20 15310 49 38 500 5108 7219 2156 125 170 208 188 54 104 21 55 25 275 23 29 256 109 557
leaf_count=67 22 49 21 403 28 387 29 20 15310 49 38 500 5108 7219 2156 125 170 208 188 54 104 21 55 25 275 23 29 256 109 557
internal_value=-6.02933e-11 0.122655 0.23868 -0.00391712 0.213097 0.0248616 0.270848 0.356182 -0.00545115 0.0884107 0.207494 -0.0059203 -0.00340785 -0.00613204 0.00923563 0.0683946 0.0398016 0.0302267 0.108577 0.125656 -0.00243007 0.00408226 -0.000212154 0.0110694 0.053142 0.147342 0.16454 0.0728133 0.110743 0.0173247
internal_weight=33605 1040 237 32565 216 1648 115 49 30917 803 66 30293 14983 12327 2656 403 1065 620 400 212 583 479 458 233 445 101 78 381 163 624
internal_count=33605 1040 237 32565 216 1648 115 49 30917 803 66 30293 14983 12327 2656 403 1065 620 400 212 583 479 458 233 445 101 78 381 163 624
is_linear=0
shrinkage=0.03


Tree=72
num_leaves=31
num_cat=0
split_feature=0 0 0 0 25 25 25 16 3 1 3 22 0 25 0 3 1 1 3 0 25 3 22 26 0 4 12 22 4 26
split_gain=16879.4 4347.52 1507.53 1415.14 1028.46 1119.76 831.989 287.105 236.537 447.174 370.276 221.734 218.649 279.766 204.142 188.341 265.994 181.569 409.413 152.266 151.719 142.466 124.493 121.562 120.491 112.972 111.225 105.084 105.06 90.5785
threshold=17.620000000000001 55.510000000000005 8.4250000000000025 31.605000000000004 -1.7866666666666668 2.5754838709677421 -0.74782258064516116 33.500000000000007 21.265000000000004 27.575000000000003 23.075000000000003 202.50000000000003 1.3350000000000002 -1.3054999999999997 22.875000000000004 18.015000000000004 24.305000000000003 24.935000000000006 18.755000000000006 13.655000000000003 -1.4262795698924731 19.155000000000005 268.50000000000006 -0.18306451612903205 45.055000000000007 19.965000000000003 0.53500000000000014 144.50000000000003 19.005000000000006 -1.0031666666666663
decision_type=2 2 2 2 2 2 2 2 2 2 2 2 2 2 2 2 2 2 2 2 2 2 2 2 2 2 2 2 2 2
left_child=2 3 12 14 -3 -6 8 24 17 11 -11 -10 -1 -14 21 -15 -17 18 -4 22 -19 -2 27 -9 -5 -26 -16 -8 -23 -21
right_child=1 4 6 7 5 -7 19 23 9 10 -12 -13 13 15 26 16 -18 20 -20 29 -22 28 -24 -25 25 -27 -28 -29 -30 -31
leaf_value=-0.0075991125375096964 -0.0078866656260056928 0.51882053589820853 -0.020654388531221177 0.1666818381966475 0.10637380055759264 0.37434929954353718 0.059689815910878005 0.068909304559230805 0.070221924561062465 -0.059266542978994141 0.0099557363443013476 0.018499622616153323 -0.0074378071925355746 -0.014149340069429439 0.12760060582916405 0.013646556408569188 -0.00058326566749811767 -0.025377555356698705 0.045666459299325945 0.10104949770446278 -0.11242693729698658 0.08617706829209093 0.063482383921556168 0.14797744091067996 0.26436471947601858 0.1835177707672119 0.087726403002012912 0.023275354160276714 0.054667273808191433 0.051256124467672928
leaf_weight=18664 22 20 254 102 23 36 81 30 139 91 295 161 5286 594 86 1675 4019 182 125 38 20 193 100 42 28 35 235 597 188 244
leaf_count=18664 22 20 254 102 23 36 81 30 139 91 295 161 5286 594 86 1675 4019 182 125 38 20 193 100 42 28 35 235 597 188 244
internal_value=-8.32151e-12 0.118975 -0.00379961 0.101389 0.332906 0.269884 0.0194683 0.165018 0.00306063 0.0149898 -0.00636351 0.0424643 -0.00559022 -0.00235071 0.08056 0.00192575 0.00360271 -0.0110244 0.00121924 0.0390801 -0.0339963 0.0663427 0.0322346 0.115032 0.18683 0.21945 0.0984092 0.0276258 0.0706289 0.0579659
internal_weight=33605 1040 32565 961 79 59 2327 237 1267 686 386 300 30238 11574 724 6288 5694 581 379 1060 202 403 778 72 165 63 321 678 381 282
internal_count=33605 1040 32565 961 79 59 2327 237 1267 686 386 300 30238 11574 724 6288 5694 581 379 1060 202 403 778 72 165 63 321 678 381 282
is_linear=0
shrinkage=0.03


Tree=73
num_leaves=31
num_cat=0
split_feature=25 25 26 22 22 22 25 1 22 8 22 22 22 22 23 1 8 23 7 22 22 22 22 22 22 22 23 1 1 23
split_gain=4713.42 1199.31 1124.27 467.122 767.14 1337.11 1220.04 359.89 308.102 287.976 267.326 986.52 398.83 234.275 176.809 163.571 159.892 126.398 110.025 112.148 110.713 109.262 214.563 101.46 107.966 98.7249 92.0552 66.4417 57.5481 52.543
threshold=1.7651881720430111 -0.1566935483870967 -1.0536129032258066 110.50000000000001 276.50000000000006 262.50000000000006 -2.9043548387096769 24.495000000000001 274.50000000000006 521.00000000000011 198.50000000000003 204.50000000000003 188.50000000000003 158.50000000000003 2.5000000000000004 19.905000000000005 645.00000000000011 3.5000000000000004 73.832350000000005 220.50000000000003 143.50000000000003 344.50000000000006 306.50000000000006 188.50000000000003 200.50000000000003 178.50000000000003 1.5000000000000002 22.945000000000004 27.315000000000001 2.5000000000000004
decision_type=2 2 2 2 2 2 2 2 2 2 2 2 2 2 2 2 2 2 2 2 2 2 2 2 2 2 2 2 2 2
left_child=1 3 10 29 5 6 -5 9 -7 17 12 -12 -2 -4 -13 -15 26 27 19 -11 -20 22 -6 25 -25 -17 -9 -3 -28 -1
right_child=2 7 13 4 21 8 -8 16 -10 18 11 14 -14 15 -16 23 -18 -19 20 -21 -22 -23 -24 24 -26 -27 28 -29 -30 -31
leaf_value=-0.0093165074562846419 0.19565049589531763 0.12887678389038357 -0.038253971753375866 0.080748351207426322 -0.014103386060948051 0.060826387118278556 0.0010200009400271538 -0.0039016096967242841 0.0067999122762121252 0.088447381596152591 0.32719306123256681 0.1626868851184845 0.063610533680766815 0.10812889415598832 0.036540867716073989 0.061363756924867625 -0.013136430376151283 0.022646513385698199 0.042363516898252643 0.031097957108286209 0.015526931088197693 -0.01606886745907448 -0.0003929311470992745 0.0043597496251265204 0.055608849222055418 0.12801674884557723 0.019033030474124132 0.069796469070377842 -0.0081962942582770038 -0.0056497096904671116
leaf_weight=6240 35 21 21 176 1804 456 9323 283 120 39 30 20 50 65 20 60 337 48 156 144 1223 1365 2386 45 208 30 669 93 78 8060
leaf_count=6240 35 21 21 176 1804 456 9323 283 120 39 30 20 50 65 20 60 337 48 156 144 1223 1365 2386 45 208 30 669 93 78 8060
internal_value=6.98565e-12 -0.00149417 0.0844843 -0.0033315 0.000253356 0.00518849 0.00249723 0.0162966 0.0495709 0.025412 0.153733 0.197148 0.11798 0.0594643 0.0996139 0.064494 0.00480077 0.0634847 0.0214633 0.04332 0.0185628 -0.0086974 -0.00629595 0.0562249 0.0464934 0.0835814 0.0106695 0.0806797 0.0161898 -0.00724977
internal_weight=33605 33021 584 29930 15630 10075 9499 3091 576 1724 155 70 85 429 40 408 1367 162 1562 183 1379 5555 4190 343 253 90 1030 114 747 14300
internal_count=33605 33021 584 29930 15630 10075 9499 3091 576 1724 155 70 85 429 40 408 1367 162 1562 183 1379 5555 4190 343 253 90 1030 114 747 14300
is_linear=0
shrinkage=0.03


Tree=74
num_leaves=31
num_cat=0
split_feature=0 0 0 0 25 23 25 2 25 0 22 22 0 22 25 0 25 1 16 4 19 22 12 2 22 21 1 4 4 11
split_gain=15465 4008.03 1375.29 1286.88 985.201 1526.55 642.947 312.658 267.082 188.133 154.616 145.736 143.501 140.561 132.082 131.892 213.143 177.049 111.842 116.507 107.475 104.115 96.0453 94.2365 129.184 415.957 86.6746 77.2016 74.6227 67.0142
threshold=17.620000000000001 55.510000000000005 9.8650000000000002 31.605000000000004 -1.7866666666666668 3.5000000000000004 -1.7113469156762873 27.235000000000003 -2.5141270514997163 22.875000000000004 340.50000000000006 168.50000000000003 13.285000000000002 110.50000000000001 -1.8455967741935482 2.1350000000000002 -1.5092324561403505 30.325000000000003 33.500000000000007 19.895000000000003 6.8500000000000005 274.50000000000006 0.53500000000000014 30.425000000000004 318.50000000000006 2.5000000000000004 29.755000000000006 15.615 15.225000000000003 26.000000000000004
decision_type=2 2 2 2 2 2 2 2 2 2 2 2 2 2 2 2 2 2 2 2 2 2 2 2 2 2 2 2 2 2
left_child=2 3 7 9 -3 -6 23 10 -5 14 11 -1 13 -8 29 -9 21 -18 19 -10 -14 -17 -11 24 25 -4 -15 -16 -13 -2
right_child=1 4 6 8 5 -7 12 15 18 22 -12 28 20 26 27 16 17 -19 -20 -21 -22 -23 -24 -25 -26 -27 -28 -29 -30 -31
leaf_value=-0.0037511609600289811 -0.027084558248519897 0.5012520060539245 -0.014748641552869229 0.064932448714971544 0.14416730860346241 0.46288094248090467 -0.033484117740934544 -0.0070626191138638914 0.20561243621744665 0.12139450697444899 -0.013708507536831548 0.031366294454482774 0.067636678579099038 0.032738111675720889 0.089764238562995355 -0.006114954115083269 0.0033130627051569058 -0.018165610954809456 0.12989350497722627 0.15454726638702246 0.037707257599851454 -0.020784443525205316 0.084341050496285264 -0.012097487721046071 -0.031077007384676683 0.10675348092934914 -0.016524127984748168 0.059884378222301603 0.011958675397171173 0.050576749317347999
leaf_weight=505 20 20 64 25 38 21 33 21349 83 86 295 217 170 589 113 2399 4244 376 51 78 296 532 235 382 38 42 34 250 1000 20
leaf_count=505 20 20 64 25 38 21 33 21349 83 86 295 217 170 589 113 2399 4244 376 51 78 296 532 235 382 38 42 34 250 1000 20
internal_value=-1.65857e-11 0.113881 -0.00363693 0.0969956 0.31929 0.257608 0.0230662 -0.00506032 0.157673 0.0771331 0.00635935 0.00979723 0.0358962 0.0268536 0.0634846 -0.00585732 -0.00244957 0.00156501 0.168609 0.180873 0.0486257 -0.00877758 0.0942681 -0.0043012 0.0163806 0.0333937 0.0300496 0.0691858 0.0154192 0.0117461
internal_weight=33605 1040 32565 961 79 59 1648 30917 237 724 2017 1722 1122 656 403 28900 7551 4620 212 161 466 2931 321 526 144 106 623 363 1217 40
internal_count=33605 1040 32565 961 79 59 1648 30917 237 724 2017 1722 1122 656 403 28900 7551 4620 212 161 466 2931 321 526 144 106 623 363 1217 40
is_linear=0
shrinkage=0.03


Tree=75
num_leaves=31
num_cat=0
split_feature=0 0 0 3 22 0 25 0 24 2 3 3 22 2 3 25 0 22 22 2 0 4 3 1 2 3 4 16 21 8
split_gain=14553.3 3055.78 2374.09 976.687 1458.94 730.377 652.895 430.379 446.544 269.114 240.005 194.986 177.947 177.507 392.962 174.886 191.939 160.646 133.412 126.626 119.328 118.427 115.44 380.563 113.016 358.492 148.489 109.872 158.24 109.838
threshold=21.710000000000004 55.510000000000005 12.320000000000002 23.115000000000006 204.50000000000003 35.95000000000001 -1.8455967741935482 6.5750000000000011 2.5000000000000004 29.275000000000002 17.915000000000003 23.455000000000002 149.50000000000003 29.705000000000002 18.855000000000004 -1.0258091397849463 15.075000000000001 274.50000000000006 210.50000000000003 29.315000000000001 0.95500000000000007 25.725000000000005 23.175000000000004 29.435000000000006 31.815000000000001 19.855000000000004 18.165000000000003 33.500000000000007 5.5000000000000009 510.00000000000006
decision_type=2 2 2 2 2 2 2 2 2 2 2 2 2 2 2 2 2 2 2 2 2 2 2 2 2 2 2 2 2 2
left_child=2 5 7 4 -3 27 24 13 -9 10 -10 21 19 14 -1 16 -14 -11 -17 -8 -16 -7 -15 -24 25 -4 -27 28 29 -2
right_child=1 3 6 -5 -6 11 12 8 9 17 -12 -13 15 22 20 18 -18 -19 -20 -21 -22 -23 23 -25 -26 26 -28 -29 -30 -31
leaf_value=-0.0080432603258307304 0.11693186915689897 0.36332963301523313 -0.019451452348647372 0.490885330080986 0.054830804114991964 0.196159017611787 0.1321003280878067 0.02969855057247861 -0.022882215071469543 -0.0038063231064520281 0.023929650760556281 0.085000546290115872 -0.043023479980666461 -0.0083800810251028306 -0.0017259038490466956 0.036913022755435267 0.039387626185346004 -0.035741998590757509 0.064658431107257025 0.065248559996266581 0.0099079128657823708 0.12864377999305726 0.0062109758296400447 -0.0087401188117497298 -0.018961019060761943 0.13157739876053082 0.029178213530033824 0.078597314773708002 0.094887327052823892 0.20458027002486315
leaf_weight=3910 31 37 84 20 22 106 30 611 120 1088 552 22 41 14899 1224 346 67 163 284 170 2256 30 2318 4520 154 26 25 231 196 22
leaf_count=3910 31 37 84 20 22 106 30 611 120 1088 552 22 41 14899 1224 346 67 163 284 170 2256 30 2318 4520 154 26 25 231 196 22
internal_value=-1.22438e-11 0.133708 -0.00291501 0.309711 0.248296 0.111915 0.0380291 -0.00450177 0.00735671 0.00025797 0.0155704 0.167862 0.0501761 -0.00553344 -0.00151683 0.0433739 0.00810193 -0.00796741 0.0494205 0.0752763 0.00581602 0.181266 -0.00689898 -0.00367188 -0.00139603 0.0186411 0.0813817 0.0934991 0.107324 0.153314
internal_weight=33605 717 32888 79 59 638 1227 31661 2534 1923 672 158 938 29127 7390 738 108 1251 630 200 3480 136 21737 6838 289 135 51 480 249 53
internal_count=33605 717 32888 79 59 638 1227 31661 2534 1923 672 158 938 29127 7390 738 108 1251 630 200 3480 136 21737 6838 289 135 51 480 249 53
is_linear=0
shrinkage=0.03


Tree=76
num_leaves=31
num_cat=0
split_feature=0 0 0 0 22 7 24 2 2 8 22 22 3 22 2 3 3 1 0 1 11 0 16 3 26 4 3 0 1 7
split_gain=13709.7 3545.59 1219.98 1142.68 1019.84 1135.81 504.637 340.797 288.986 235.519 208.934 285.332 206.326 372.483 182.954 475.253 169.728 526.529 165.256 158.692 250.789 150.973 136.947 127.049 113.928 91.8713 89.9703 75.3963 70.3979 59.767
threshold=17.620000000000001 55.510000000000005 9.8650000000000002 31.605000000000004 202.50000000000003 76.966650000000016 3.5000000000000004 29.315000000000001 24.835000000000004 496.50000000000006 276.50000000000006 262.50000000000006 17.865000000000006 139.50000000000003 29.705000000000002 18.855000000000004 23.175000000000004 29.435000000000006 22.875000000000004 22.945000000000004 17.500000000000004 2.5150000000000001 30.000000000000004 19.155000000000005 -0.22161290322580643 15.615 19.725000000000005 10.255000000000001 26.815000000000001 79.153350000000017
decision_type=2 2 2 2 2 2 2 2 2 2 2 2 2 2 2 2 2 2 2 2 2 2 2 2 2 2 2 2 2 2
left_child=2 3 8 18 5 -3 24 12 -1 -5 11 -9 -8 -14 15 -10 28 -18 23 22 -21 -17 -11 -2 -4 -25 -20 -26 -16 -28
right_child=1 4 6 9 -6 -7 7 10 14 19 -12 -13 13 -15 16 21 17 -19 26 20 -22 -23 -24 25 27 -27 29 -29 -30 -31
leaf_value=0.021994450642703969 -0.010263968191363595 0.36212826676990673 0.062748603905997499 0.10137245117084068 0.43105144539847967 0.067107022302225233 -0.021073407065123319 -0.0053995478943865182 -0.0083515115453450511 0.16153359280899166 -0.051207498636426804 0.075166274030194727 0.16675177426636217 0.032540622136291504 -0.0068417823159238021 0.00099145036765910721 0.0082970579549973746 -0.0086222422392433929 0.13078125917538999 0.16572920180857181 0.29217211979627605 0.012980749496931447 0.075453392160790306 0.084963696882873765 0.0041670078820047474 0.053587622239665504 0.089051349126505017 0.038717584639281925 -0.011196489759491736 0.052587453421509389
leaf_weight=359 22 23 169 68 32 24 56 495 3989 80 79 43 20 268 10642 2071 2559 4688 40 48 20 1739 21 125 65 256 232 453 4870 49
leaf_count=359 22 23 169 68 32 24 56 495 3989 80 79 43 20 268 10642 2071 2559 4688 40 48 20 1739 21 125 65 256 232 453 4870 49
internal_value=-1.43239e-11 0.107224 -0.00342433 0.0913424 0.30042 0.211479 0.0217259 0.00768969 -0.00476493 0.148519 -0.00564995 0.00103973 0.0316157 0.0418608 -0.00507931 -0.00111391 -0.00643816 -0.00264784 0.0726257 0.167489 0.202918 0.00646373 0.143636 0.059834 0.0413602 0.0638816 0.0886852 0.0343821 -0.00820894 0.0826929
internal_weight=33605 1040 32565 961 79 47 1648 961 30917 237 617 538 344 288 30558 7799 22759 7247 724 169 68 3810 101 403 687 381 321 518 15512 281
internal_count=33605 1040 32565 961 79 47 1648 961 30917 237 617 538 344 288 30558 7799 22759 7247 724 169 68 3810 101 403 687 381 321 518 15512 281
is_linear=0
shrinkage=0.03


Tree=77
num_leaves=31
num_cat=0
split_feature=0 0 0 0 3 22 24 2 22 3 22 22 7 2 3 0 23 23 3 1 21 24 6 26 0 22 12 22 24 9
split_gain=12899.5 3336.05 1152.43 1075.15 964.162 1409.11 473.931 412.769 327.438 323.131 383.585 286.797 224.009 201.232 406.802 155.49 154.639 156.753 127.76 416.864 208.436 125.663 123.314 102.743 90.9024 132.877 86.6159 80.7045 73.6281 73.3003
threshold=17.620000000000001 55.510000000000005 8.4250000000000025 31.605000000000004 23.115000000000006 204.50000000000003 2.5000000000000004 29.315000000000001 276.50000000000006 18.305000000000003 138.50000000000003 126.50000000000001 79.153350000000017 29.445000000000004 18.855000000000004 22.875000000000004 5.5000000000000009 3.5000000000000004 23.175000000000004 29.105000000000004 6.5000000000000009 4.5000000000000009 17.823850000000004 -0.25563548387096785 0.95500000000000007 262.50000000000006 0.53500000000000014 316.50000000000006 3.5000000000000004 3.5000000000000004
decision_type=2 2 2 2 2 2 2 2 2 2 2 2 2 2 2 2 2 2 2 2 2 2 2 2 2 2 2 2 2 2
left_child=2 3 13 15 5 -3 23 9 11 27 -11 -9 16 14 -1 21 17 -5 -15 20 -20 -2 -23 -4 28 -26 -17 -8 -16 -10
right_child=1 4 6 12 -6 -7 7 8 29 10 -12 -13 -14 18 24 26 -18 -19 19 -21 -22 22 -24 -25 25 -27 -28 -29 -30 -31
leaf_value=-0.0074625523591261714 0.066441028562738841 0.3434393303285076 0.063989997225598644 0.17132440893701931 0.47141598173975946 0.040254338735883882 0.0019784875418990852 -0.011840868087167307 -0.037966906235498539 0.14549104264804294 0.03154104438650137 0.021331868172808206 0.083817832014445842 -0.0077174047554315001 -0.0070818193298112292 0.11178501699293075 0.23713823336362838 0.11225740531029609 0.016128326234401594 -0.0077373215818771829 -0.0024752008234677106 0.048657002637260839 -0.032406948488205668 0.033719064660644997 0.006191883071704405 0.022712555030054947 0.076597440777623912 -0.048241171280543012 0.0093601700369789105 -0.099515338976468359
leaf_weight=3612 322 37 130 107 20 22 80 505 102 28 527 438 45 16072 614 86 20 65 1235 4933 966 57 24 451 1821 577 235 45 408 21
leaf_count=3612 322 37 130 107 20 22 80 505 102 28 527 438 45 16072 614 86 20 65 1235 4933 966 57 24 451 1821 577 235 45 408 21
internal_value=-8.01302e-13 0.104007 -0.0033216 0.0886021 0.291407 0.230387 0.0170222 0.00921224 -0.00243783 0.0274754 0.0372899 0.00356704 0.144063 -0.00488717 -0.000441334 0.070447 0.158183 0.149003 -0.00623437 -0.0028933 0.0079634 0.0580389 0.0246381 0.0404923 0.00697406 0.010167 0.0860246 -0.0161006 -0.000517894 -0.0484752
internal_weight=33605 1040 32565 961 79 59 2327 1746 1066 680 555 943 237 30238 7032 724 192 172 23206 7134 2201 403 81 581 3420 2398 321 125 1022 123
internal_count=33605 1040 32565 961 79 59 2327 1746 1066 680 555 943 237 30238 7032 724 192 172 23206 7134 2201 403 81 581 3420 2398 321 125 1022 123
is_linear=0
shrinkage=0.03


Tree=78
num_leaves=31
num_cat=0
split_feature=0 0 0 22 7 0 25 2 25 25 2 3 3 1 0 0 0 22 24 0 19 4 1 3 1 1 22 1 23 1
split_gain=12137.1 3138.89 1088.06 1022.55 1086.68 1011.61 504.606 263.428 227.317 171.229 169.173 422.883 150.715 469.917 130.389 124.966 122.961 128.027 144.245 101.63 94.9103 93.4226 90.8279 170.224 149.894 128.141 86.2139 75.2964 68.4347 66.2093
threshold=17.620000000000001 55.510000000000005 9.8650000000000002 202.50000000000003 76.966650000000016 31.605000000000004 -1.7113469156762873 24.515000000000004 -2.5141270514997163 -2.7926570458404067 29.705000000000002 18.855000000000004 23.175000000000004 29.435000000000006 0.95500000000000007 26.785000000000004 13.285000000000002 110.50000000000001 3.5000000000000004 45.055000000000007 6.8500000000000005 25.135000000000002 30.615000000000006 22.465000000000003 27.965000000000003 26.155000000000005 188.50000000000003 22.945000000000004 1.0000000180025095e-35 26.815000000000001
decision_type=2 2 2 2 2 2 2 2 2 2 2 2 2 2 2 2 2 2 2 2 2 2 2 2 2 2 2 2 2 2
left_child=2 5 7 4 -3 9 22 28 -7 -2 11 -9 29 -14 -13 21 17 -8 -19 26 -18 -11 23 25 -25 -4 -10 -21 -1 -12
right_child=1 3 6 -5 -6 8 16 10 19 15 12 14 13 -15 -16 -17 20 18 -20 27 -22 -23 -24 24 -26 -27 -28 -29 -30 -31
leaf_value=-0.011329993781883542 -0.00064701389401189738 0.34096123819765839 0.0014664484411873854 0.41347002927213905 0.052391071431338788 0.054183328431844709 -0.034059394496408373 -0.0077970493833943704 0.16603461172212572 0.071585188736499522 -0.00640710834434565 -0.0020202394042122796 0.0078471799795648209 -0.0081366883999337627 0.0098356617744019392 0.095555058041254401 0.061544264122295904 0.038236274167710659 0.0087053053801106981 0.15710169866681098 0.033418736789891546 0.042180203095336967 -0.045496261475044625 0.071171742047430306 0.0035240989802656948 -0.037388823555443769 0.11711377040640022 0.22218184284865855 0.030621500369005492 -0.010630278897736828
leaf_weight=41 31 23 250 32 24 25 33 4006 51 415 10642 1218 2559 4688 2654 151 170 377 246 48 296 127 43 49 74 110 89 24 239 4870
leaf_count=41 31 23 250 32 24 25 33 4006 51 415 10642 1218 2559 4688 2654 151 170 377 246 48 296 127 43 49 74 110 89 24 239 4870
internal_value=-1.12146e-11 0.100887 -0.00322195 0.282665 0.193606 0.085944 0.0205296 -0.004488 0.139741 0.0683336 -0.00475274 -0.000963669 -0.00606432 -0.0024926 0.0061062 0.0714193 0.0318958 0.0235253 0.0265756 0.149831 0.0436791 0.0646951 -0.0037154 4.22402e-06 0.0304732 -0.010406 0.134935 0.178795 0.0244786 -0.00773297
internal_weight=33605 1040 32565 79 47 961 1648 30917 237 724 30637 7878 22759 7247 3872 693 1122 656 623 212 466 542 526 483 123 360 140 72 280 15512
internal_count=33605 1040 32565 79 47 961 1648 30917 237 724 30637 7878 22759 7247 3872 693 1122 656 623 212 466 542 526 483 123 360 140 72 280 15512
is_linear=0
shrinkage=0.03


Tree=79
num_leaves=31
num_cat=0
split_feature=2 5 3 2 3 2 22 15 22 3 1 25 3 4 2 4 22 1 3 22 2 22 25 21 5 3 2 3 22 2
split_gain=4193.39 1640.67 936.875 1208.27 899.02 770.493 610.996 609.103 592.345 539.129 654.96 485.797 433.35 282.253 177.456 183.516 157.488 127.983 106.18 98.3951 76.5461 265.044 76.2594 68.533 66.0106 80.0735 132.927 69.3778 50.9526 47.0424
threshold=25.135000000000002 0.73155000000000014 18.755000000000006 31.815000000000001 22.525000000000002 23.745000000000001 144.50000000000003 0.045000000000000005 74.500000000000014 22.425000000000004 30.265000000000004 -3.2685483870967738 21.745000000000001 20.035000000000004 21.925000000000004 22.365000000000006 314.50000000000006 25.465000000000003 20.275000000000002 198.50000000000003 29.185000000000006 74.500000000000014 -0.0012903225806452302 9.5000000000000018 0.41995000000000005 19.395000000000003 30.385000000000002 23.615000000000006 188.50000000000003 24.155000000000005
decision_type=2 2 2 2 2 2 2 2 2 2 2 2 2 2 2 2 2 2 2 2 2 2 2 2 2 2 2 2 2 2
left_child=4 24 16 6 5 7 8 14 -4 17 -11 -8 13 -9 15 -1 20 -5 -7 -16 21 -3 -20 -22 -2 -26 28 -28 -27 -24
right_child=1 2 3 9 -6 18 11 12 -10 10 -12 -13 -14 -15 19 -17 -18 -19 22 -21 23 -23 29 -25 25 26 27 -29 -30 -31
leaf_value=0.034506725356215608 -0.0059301222899455722 -0.011802198576831048 -0.0072991019420409467 0.019699605291798001 0.22285655160402429 0.0096808351587112009 0.10459504999334995 0.07948455006010452 0.079354435470050722 0.023596659426325824 -0.018773541334853167 0.02153876953206391 0.2467676648294384 0.16282578861938332 0.0081103988602990278 0.11485207809528834 -0.037754653222995614 -0.025047783695982227 0.019124178613604204 0.051895643598007329 -0.01276454043722333 0.063695318454669581 0.070820661171549754 -0.061886139180925163 -0.0081840033640885705 0.022907124640885741 -0.0073257535742197594 0.0031258021520573528 0.0062126119854602662 0.039597903754497905
leaf_weight=40 21518 186 89 63 29 190 65 118 351 1044 479 2543 22 53 64 71 218 662 123 166 480 54 62 27 1355 210 1491 927 760 145
leaf_count=40 21518 186 89 63 29 190 65 118 351 1044 479 2543 22 53 64 71 218 662 123 166 480 54 62 27 1355 210 1491 927 760 145
internal_value=-1.93835e-11 -0.00193387 0.011866 0.0168197 0.0580733 0.0535394 0.0291258 0.0788508 0.0618268 0.000134265 0.0102708 0.0236088 0.12144 0.105315 0.0547464 0.0858988 -0.0153203 -0.0211594 0.0275466 0.0397119 -0.00877318 0.00518474 0.0378329 -0.0153805 -0.00522397 -0.00202031 0.000444806 -0.00331889 0.00982689 0.0489496
internal_weight=33605 32522 6261 5296 1083 1054 3048 534 440 2248 1523 2608 193 171 341 111 965 725 520 230 747 240 330 507 26261 4743 3388 2418 970 207
internal_count=33605 32522 6261 5296 1083 1054 3048 534 440 2248 1523 2608 193 171 341 111 965 725 520 230 747 240 330 507 26261 4743 3388 2418 970 207
is_linear=0
shrinkage=0.03


Tree=80
num_leaves=31
num_cat=0
split_feature=0 0 0 22 7 0 25 2 3 0 22 22 7 3 2 5 25 22 22 4 2 2 3 4 6 24 22 3 5 22
split_gain=11058.2 2340.28 1800.53 960.975 1011.47 563.007 503.378 311.481 522.97 219.332 237.564 169.003 163.371 161.024 338.145 270.239 152.645 172.374 119.093 110.068 102.207 94.2641 299.541 140.055 91.0398 81.826 78.1112 74.3353 73.2104 136.922
threshold=21.710000000000004 55.510000000000005 12.320000000000002 202.50000000000003 76.966650000000016 35.95000000000001 -1.8455967741935482 29.275000000000002 18.855000000000004 7.6250000000000009 268.50000000000006 149.50000000000003 79.153350000000017 22.425000000000004 35.915000000000006 0.5565500000000001 -1.0258091397849463 262.50000000000006 210.50000000000003 25.725000000000005 29.315000000000001 31.815000000000001 19.855000000000004 18.165000000000003 14.099000000000002 4.5000000000000009 206.50000000000003 24.065000000000001 0.8852000000000001 274.50000000000006
decision_type=2 2 2 2 2 2 2 2 2 2 2 2 2 2 2 2 2 2 2 2 2 2 2 2 2 2 2 2 2 2
left_child=2 5 7 4 -3 24 21 8 -1 26 -11 20 19 28 15 -15 17 -13 -18 -7 -8 22 -4 -24 -2 -22 -10 -23 -9 -30
right_child=1 3 6 -5 -6 12 11 13 9 10 -12 16 -14 14 -16 -17 18 -19 -20 -21 25 27 23 -25 -26 -27 -28 -29 29 -31
leaf_value=-0.0067443629837134521 0.12464363542199136 0.32640596617823059 -0.018022255242935246 0.39738282473757863 0.048001192547380923 0.17398097963573841 0.11929473084723577 -0.0069231308900330017 0.013643413834353434 0.017365767377475274 0.066602959990641988 -0.030339803483526589 0.072693509420622943 -0.0016029950643710556 -0.0077436101436993386 0.014021914726218247 0.0309844359904097 0.045788236400302572 0.057198719427179759 0.10957564438723268 0.068673003852525921 -0.029473076323348352 0.12289738441889102 0.023448822471499441 0.077371933033287696 0.013340187216627187 0.003046203936564728 0.018872679158260946 -0.0095699993738862892 -0.036522386853085002
leaf_weight=3453 40 23 84 32 24 104 30 13762 889 525 106 59 23 3091 5230 1470 346 49 284 31 141 116 26 25 440 29 2116 38 804 215
leaf_count=3453 40 23 84 32 24 104 30 13762 889 525 106 59 23 3091 5230 1470 346 49 284 31 141 116 26 25 440 29 2116 38 804 215
internal_value=-1.10331e-11 0.116552 -0.00254098 0.270577 0.184242 0.09748 0.0331159 -0.00392284 0.00161707 0.00955767 0.025637 0.0437817 0.1466 -0.0055211 -0.0025372 0.00343288 0.0371526 0.00419977 0.0428017 0.159192 0.068243 -0.00150184 0.0167977 0.0741481 0.0813112 0.0592339 0.00618129 -0.0175436 -0.00749765 -0.0152567
internal_weight=33605 717 32888 79 47 638 1227 31661 7089 3636 631 938 158 24572 9791 4561 738 108 630 135 200 289 135 51 480 170 3005 154 14781 1019
internal_count=33605 717 32888 79 47 638 1227 31661 7089 3636 631 938 158 24572 9791 4561 738 108 630 135 200 289 135 51 480 170 3005 154 14781 1019
is_linear=0
shrinkage=0.03


Tree=81
num_leaves=31
num_cat=0
split_feature=0 0 0 3 22 0 25 0 24 2 3 3 25 22 2 3 25 22 22 23 7 24 2 3 3 22 3 1 7 22
split_gain=10404.6 2201.97 1694.19 993.328 1386.84 529.733 419.563 319.639 362.74 207.077 283.029 156.209 137.341 136.714 130.844 286.304 130.812 217.038 105.225 143.106 100.067 103.083 95.1806 276.714 147.846 91.935 89.7125 304.875 85.9416 139.533
threshold=21.710000000000004 55.510000000000005 12.585000000000003 23.115000000000006 204.50000000000003 35.95000000000001 -1.8455967741935482 6.8050000000000006 2.5000000000000004 33.375000000000007 18.955000000000002 23.455000000000002 -1.2733387096774191 149.50000000000003 29.445000000000004 18.855000000000004 -0.86088709677419339 264.50000000000006 204.50000000000003 3.5000000000000004 78.472250000000017 4.5000000000000009 31.815000000000001 19.855000000000004 23.205000000000002 210.50000000000003 23.285000000000004 29.435000000000006 79.153350000000017 176.50000000000003
decision_type=2 2 2 2 2 2 2 2 2 2 2 2 2 2 2 2 2 2 2 2 2 2 2 2 2 2 2 2 2 2
left_child=2 5 7 4 -3 28 22 14 -9 10 -10 18 -11 20 15 -1 17 -15 19 -7 21 -8 23 -4 -25 -18 -16 -28 29 -2
right_child=1 3 6 -5 -6 11 13 8 9 12 -12 -13 -14 16 26 -17 25 -19 -20 -21 -22 -23 -24 24 -26 -27 27 -29 -30 -31
leaf_value=-0.0067608249768978451 0.12351705603625464 0.31267901538191611 -0.017557252563842354 0.44517128357291225 0.011899940696629609 0.16734723799701393 0.095450220731171695 0.027148542740597324 -0.017533099945170355 -0.0098349298281179675 0.014588611498997707 0.068036221699281169 -0.05601401406255635 -0.025359042067612921 -0.0069254896451037091 0.0057007966800462868 0.032344199866115385 0.056007823251626065 0.19581597658304067 0.093030080210704066 0.033965319542792333 0.027273244571685791 -0.016790401030099017 0.13001111579977948 0.025593658309931367 0.056378496800982995 0.0065718200322533787 -0.0072288323649804271 0.051507162900504597 0.076557448744728154
leaf_weight=3548 69 37 73 20 22 58 99 590 329 476 989 22 66 70 16045 3117 316 51 39 39 58 25 140 23 26 262 2129 4456 85 326
leaf_count=3548 69 37 73 20 22 58 99 590 329 476 989 22 66 70 16045 3117 316 51 39 39 58 25 140 23 26 262 2129 4456 85 326
internal_value=-2.42738e-11 0.113056 -0.00246475 0.26246 0.200524 0.0945556 0.033419 -0.00375677 0.00665267 0.000151288 0.00657037 0.142202 -0.0154582 0.043331 -0.00462733 -0.000932937 0.0373007 0.00893608 0.1542 0.137467 0.0664912 0.0817049 8.9142e-05 0.0194591 0.0746059 0.0432386 -0.00571541 -0.00276694 0.0788719 0.0847605
internal_weight=33605 717 32888 79 59 638 1143 31745 2450 1860 1318 158 542 881 29295 6665 699 121 136 97 182 124 262 122 49 578 22630 6585 480 395
internal_count=33605 717 32888 79 59 638 1143 31745 2450 1860 1318 158 542 881 29295 6665 699 121 136 97 182 124 262 122 49 578 22630 6585 480 395
is_linear=0
shrinkage=0.03


Tree=82
num_leaves=31
num_cat=0
split_feature=0 0 4 12 0 2 24 2 0 25 22 22 22 22 0 22 25 2 22 22 24 4 26 26 25 2 20 8 8 25
split_gain=9801.68 2818.5 1575.66 666.619 635.058 465.988 416.515 276.949 269.84 223.212 213.513 273.489 202.07 198.45 191.63 151.98 151.626 123.111 156.871 141.004 106.341 153.633 95.052 92.0457 90.0372 98.6887 88.0337 82.2783 79.0045 73.2452
threshold=16.190000000000001 35.95000000000001 29.775000000000002 0.63500000000000012 6.8050000000000006 22.755000000000006 2.5000000000000004 29.315000000000001 24.73 -2.7926570458404067 274.50000000000006 262.50000000000006 200.50000000000003 340.50000000000006 55.510000000000005 268.50000000000006 4.2306451612903233 29.445000000000004 340.50000000000006 65.500000000000014 4.5000000000000009 15.765000000000002 -0.17141720430107546 -0.22067956989247314 -2.1364999999999994 25.405000000000005 0.53500000000000014 496.50000000000006 785.00000000000011 1.1675000000000002
decision_type=2 2 2 2 2 2 2 2 2 2 2 2 2 2 2 2 2 2 2 2 2 2 2 2 2 2 2 2 2 2
left_child=4 8 3 5 17 12 23 13 9 -2 11 -9 -3 15 22 -8 -7 18 19 -1 28 -22 -5 -6 -10 29 -27 -21 -11 -26
right_child=1 2 -4 14 6 16 7 10 24 20 -12 -13 -14 -15 -16 -17 -18 -19 -20 27 21 -23 -24 -25 25 26 -28 -29 -30 -31
leaf_value=-0.0047638162003561775 -0.03592890846614654 0.19539516956291417 0.42490174591541291 0.08804210053135951 0.046442189137681875 0.19876252233982086 0.014529606582267202 -0.0038025159152668925 0.041163692505886924 0.053862499335586296 -0.035122217396169567 0.050666577029931409 0.090409369468688966 -0.040903879415988921 0.025630246182637553 0.048161994402825425 0.29737205818295476 -0.0055439487627618076 -0.011026496779579946 0.026180704648870252 0.079088212081299319 0.0097142025176435703 0.16250486062632666 0.02280255903264999 0.051474275568127628 0.085328965576132759 0.13175666168332101 0.0040025055650341149 0.082896234252823331 0.096368674265927282
leaf_weight=2173 26 33 21 36 202 23 661 1223 39 373 178 89 33 50 28 148 36 22630 1142 158 41 96 27 557 75 80 68 3192 109 58
leaf_count=2173 26 33 21 36 202 23 661 1223 39 373 178 89 33 50 28 148 36 22630 1142 158 41 96 27 557 75 80 68 3192 109 58
internal_value=-7.72485e-12 0.0841221 0.176819 0.1527 -0.00312054 0.197668 0.00977358 0.00353084 0.061356 0.0501821 -0.00429054 -0.000107585 0.142902 0.0170976 0.0909318 0.0206824 0.258931 -0.00448851 -0.000904949 0.0011879 0.053799 0.0304758 0.119955 0.029094 0.0838785 0.0898068 0.106661 0.00504852 0.0604282 0.0710523
internal_weight=33605 1202 237 216 32403 125 3108 2349 965 645 1490 1312 66 859 91 809 59 29295 6665 5523 619 137 63 759 320 281 148 3350 482 133
internal_count=33605 1202 237 216 32403 125 3108 2349 965 645 1490 1312 66 859 91 809 59 29295 6665 5523 619 137 63 759 320 281 148 3350 482 133
is_linear=0
shrinkage=0.03


Tree=83
num_leaves=31
num_cat=0
split_feature=0 0 0 3 22 0 22 22 22 2 2 3 0 0 3 2 3 4 22 6 5 22 26 2 22 5 0 23 5 2
split_gain=9223.68 2013.42 1515.14 950.634 1296.85 448.893 346.415 297.884 259.378 250.426 167.708 396.634 178.268 166.989 145.122 291.373 138.454 105.165 89.1215 82.1654 78.451 62.8903 62.3641 81.7126 63.7956 46.2894 43.8249 61.9302 47.2813 35.5736
threshold=21.710000000000004 55.510000000000005 12.055000000000001 23.115000000000006 204.50000000000003 35.95000000000001 74.500000000000014 77.500000000000014 314.50000000000006 24.515000000000004 29.525000000000002 18.755000000000006 8.4250000000000025 15.075000000000001 22.425000000000004 35.915000000000006 23.455000000000002 25.725000000000005 204.50000000000003 14.099000000000002 0.74315000000000009 198.50000000000003 -0.028967741935483824 25.845000000000002 210.50000000000003 0.90160000000000007 6.9350000000000014 4.5000000000000009 0.92055000000000009 28.645000000000003
decision_type=2 2 2 2 2 2 2 2 2 2 2 2 2 2 2 2 2 2 2 2 2 2 2 2 2 2 2 2 2 2
left_child=2 5 9 4 -3 19 -4 -8 13 21 11 25 -13 -9 20 -16 17 18 -7 -2 -12 -1 24 -24 -21 -11 28 -28 -23 -10
right_child=1 3 6 -5 -6 16 7 8 29 10 14 12 -14 -15 15 -17 -18 -19 -20 22 -22 26 23 -25 -26 -27 27 -29 -30 -31
leaf_value=0.0047287238111669867 0.11548493130505084 0.29717603053595565 -0.016972929126821204 0.42805269527435302 0.0063189451802860607 0.13985697882300294 0.11942066478232542 0.022194940236427395 -0.0074332357943058015 -0.0061717168405129022 -0.0063217250664634557 0.0046012589302608826 0.026223716396915425 0.045708720916433181 0.0033289371128902281 -0.0071255655875810311 0.062792977887121113 0.094323496535420409 0.1997773553431034 0.050553822618080731 -0.013558599298377967 0.027350481314653598 0.054560551737484177 0.098069129591105419 0.081841808032830449 -0.020543714895426668 0.060458959939144546 0.01495910751633346 -0.024156886126846074 -0.05882456454965803
leaf_weight=122 40 37 131 20 22 74 36 507 22 3507 12509 3456 381 586 4438 5223 22 30 32 172 1511 81 57 122 89 214 75 42 20 27
leaf_count=122 40 37 131 20 22 74 36 507 22 3507 12509 3456 381 586 4438 5223 22 30 32 172 1511 81 57 122 89 214 75 42 20 27
internal_value=8.69615e-12 0.106446 -0.00232066 0.249311 0.188721 0.0887561 0.0293064 0.0344529 0.0317744 -0.00363165 -0.00391036 -1.94998e-05 0.00674829 0.0348016 -0.00515217 -0.00232305 0.132617 0.143912 0.157946 0.0743187 -0.00710168 0.0219761 0.0705763 0.0842144 0.0612229 -0.00699827 0.0316282 0.0441257 0.017151 -0.0357509
internal_weight=33605 717 32888 79 59 638 1309 1178 1142 31579 31239 7558 3837 1093 23681 9661 158 136 106 480 14020 340 440 179 261 3721 218 117 101 49
internal_count=33605 717 32888 79 59 638 1309 1178 1142 31579 31239 7558 3837 1093 23681 9661 158 136 106 480 14020 340 440 179 261 3721 218 117 101 49
is_linear=0
shrinkage=0.03


Tree=84
num_leaves=31
num_cat=0
split_feature=0 0 25 12 0 2 0 24 2 3 21 0 1 24 2 1 22 22 22 2 3 7 22 26 21 3 1 0 22 12
split_gain=8679.8 2494.56 1210.17 601.679 569.015 473.035 381.413 381.355 253.502 334.58 326.192 246.179 222.021 182.364 236.57 169.62 164.97 466.475 149.636 113.351 159.497 105.022 95.1377 85.6728 76.5191 76.3014 218.98 140.551 72.4515 84.7953
threshold=16.190000000000001 35.95000000000001 -2.7926570458404067 0.63500000000000012 6.8050000000000006 22.755000000000006 55.510000000000005 2.5000000000000004 33.225000000000001 18.905000000000005 6.5000000000000009 26.785000000000004 20.865000000000006 4.5000000000000009 34.305000000000007 22.585000000000004 144.50000000000003 127.50000000000001 158.50000000000003 28.035000000000004 17.705000000000002 79.153350000000017 230.50000000000003 -0.22067956989247314 5.5000000000000009 22.045000000000005 28.545000000000005 0.95500000000000007 200.50000000000003 0.63500000000000012
decision_type=2 2 2 2 2 2 2 2 2 2 2 2 2 2 2 2 2 2 2 2 2 2 2 2 2 2 2 2 2 2
left_child=4 11 -3 5 19 12 -5 23 9 22 -11 13 -4 21 -15 -7 17 -10 -18 20 -1 -2 -9 -6 -13 -21 27 -27 -26 -30
right_child=1 2 3 6 7 15 -8 8 16 10 -12 24 -14 14 -16 -17 18 -19 -20 25 -22 -23 -24 -25 28 26 -28 -29 29 -31
leaf_value=-0.0072061685353349801 0.062782600102414529 0.35948814511299132 0.19139484775066376 0.11947853779327124 0.044492543898966612 0.29747110122750542 -0.024208790115688158 -0.0046300411786047912 -0.020199611860938053 0.042389136062630048 0.0079689473291807457 0.11886694608823112 0.082839902455990128 0.034738991151957603 -0.075145593523979176 0.19572299613058566 -0.082868280650675294 0.043831544268048472 -0.017463121333871696 -0.0061806112417480937 0.0069519579996907659 0.026195414363664675 -0.036569546691396018 0.021685960961938824 0.047051027260853771 -0.0036953581004765639 -0.0063967053986471846 0.0073632666518337253 0.11870756120681764 0.069783731856044723
leaf_weight=1191 473 26 30 60 202 29 23 274 424 339 921 46 39 149 20 30 50 135 85 15773 1796 83 121 557 56 1864 6347 2324 50 88
leaf_count=1191 473 26 30 60 202 29 23 274 424 339 921 46 39 149 20 30 50 135 85 15773 1796 83 121 557 56 1864 6347 2324 50 88
internal_value=-4.03099e-11 0.0791616 0.166369 0.142573 -0.00293653 0.183367 0.0796616 0.00926872 0.00329528 0.0096772 0.0172296 0.0577437 0.130038 0.0490256 0.0217349 0.245735 -0.0119239 -0.00473592 -0.0416873 -0.00423142 0.00130672 0.0573208 -0.014414 0.0277557 0.0840795 -0.00486022 -0.00288332 0.00244128 0.0758309 0.0875098
internal_weight=33605 1202 237 211 32403 128 83 3108 2349 1655 1260 965 69 725 169 59 694 559 135 29295 2987 556 395 759 240 26308 10535 4188 194 138
internal_count=33605 1202 237 211 32403 128 83 3108 2349 1655 1260 965 69 725 169 59 694 559 135 29295 2987 556 395 759 240 26308 10535 4188 194 138
is_linear=0
shrinkage=0.03


Tree=85
num_leaves=31
num_cat=0
split_feature=2 1 26 5 3 1 3 1 2 7 4 3 22 7 5 15 2 22 22 22 3 22 3 22 26 5 25 3 1 26
split_gain=2948.6 3074.73 989.187 915.568 648.924 895.922 608.106 642.978 472.746 365.219 273.675 270.739 266.867 258.989 226.361 154.54 186.072 147.048 140.549 106.312 97.451 114.205 61.0199 52.0938 50.4841 50.3917 64.4335 53.4828 73.1001 50.0872
threshold=26.045000000000005 23.975000000000005 -1.1093638936049799 0.73155000000000014 18.755000000000006 24.745000000000001 22.425000000000004 30.265000000000004 24.515000000000004 75.202200000000019 19.735000000000003 21.775000000000002 262.50000000000006 76.966650000000016 0.9759500000000001 0.045000000000000005 21.925000000000004 143.50000000000003 232.50000000000003 218.50000000000003 20.315000000000001 246.50000000000003 21.225000000000005 93.500000000000014 0.33800000000000013 0.34595000000000004 -1.3054999999999997 18.905000000000005 24.305000000000003 0.33112903225806417
decision_type=2 2 2 2 2 2 2 2 2 2 2 2 2 2 2 2 2 2 2 2 2 2 2 2 2 2 2 2 2 2
left_child=1 2 10 25 18 9 13 -8 15 12 11 22 -6 -7 -12 16 -4 -11 23 -17 29 -22 -1 24 -5 -2 -27 -28 -29 -10
right_child=3 -3 8 4 5 6 7 -9 20 17 14 -13 -14 -15 -16 19 -18 -19 -20 -21 21 -23 -24 -25 -26 26 27 28 -30 -31
leaf_value=0.072750728555785654 -0.0052246787466617263 0.39165149123831228 0.071791256645039922 -0.010711238847724855 0.0036462038539421672 -0.023007206373632336 0.021470873431204591 -0.017465905816175648 -0.0048038465327638396 0.06935733989201949 0.23421358901521433 0.15626067364215851 0.039601375931747118 0.006275050441972325 0.10380412257313727 0.10037605572491884 0.027936858902500923 0.039302273934488464 -0.033360148638925127 0.050364595056808258 0.012617586244573594 0.050732180232774801 0.018305156340356916 0.040468864046037195 0.025361933852168353 -0.0053182654924241466 -0.0075406343278084549 0.012428446721637936 2.8366308930907707e-05 0.038579018179040685
leaf_weight=44 19126 22 111 620 455 774 1879 479 304 209 23 30 314 419 25 66 404 490 255 91 361 88 32 20 37 3237 620 515 2529 26
leaf_count=44 19126 22 111 620 455 774 1879 479 304 209 23 30 314 419 25 66 404 490 255 91 361 88 32 20 37 3237 620 515 2529 26
internal_value=8.53876e-12 0.0393967 0.0345682 -0.00200445 0.00861147 0.0128804 0.00473086 0.0135613 0.0268955 0.0325938 0.106861 0.0799492 0.0183275 -0.0127228 0.166292 0.0453323 0.037389 0.0482887 -0.0143777 0.0713885 0.0109911 0.0200877 0.0498263 -0.00722777 -0.00867972 -0.00443175 -0.00223417 0.000490501 0.00212628 -0.0013858
internal_weight=33605 1627 1605 31978 5951 5019 3551 2358 1451 1468 154 106 769 1193 48 672 515 699 932 157 779 449 76 677 657 26027 6901 3664 3044 330
internal_count=33605 1627 1605 31978 5951 5019 3551 2358 1451 1468 154 106 769 1193 48 672 515 699 932 157 779 449 76 677 657 26027 6901 3664 3044 330
is_linear=0
shrinkage=0.03


Tree=86
num_leaves=31
num_cat=0
split_feature=2 5 8 3 2 26 3 2 18 4 2 3 2 4 26 4 24 26 2 8 2 5 3 2 3 7 3 24 25 2
split_gain=2781.15 1068.71 980.721 658.049 854.845 587.01 439.436 470.791 368.16 561.996 323.413 272.523 248.746 245.318 170.926 130.434 107.334 78.3964 64.7676 77.7191 57.9074 50.4756 63.3806 108.622 65.2043 38.0376 36.683 32.9023 80.4913 33.0219
threshold=25.135000000000002 0.73155000000000014 496.50000000000006 18.755000000000006 31.815000000000001 -0.95235806451612881 23.045000000000005 38.815000000000005 31.000000000000004 35.355000000000011 24.155000000000005 21.745000000000001 21.925000000000004 20.035000000000004 -0.054206451612903189 22.365000000000006 1.5000000000000002 0.33800000000000013 23.745000000000001 597.50000000000011 29.945000000000004 0.41995000000000005 19.395000000000003 32.695000000000007 23.615000000000006 75.322650000000024 19.345000000000002 3.5000000000000004 -1.0910384833050364 28.695000000000004
decision_type=2 2 2 2 2 2 2 2 2 2 2 2 2 2 2 2 2 2 2 2 2 2 2 2 2 2 2 2 2 2
left_child=2 21 -1 17 8 10 16 -8 9 -5 11 13 15 -4 -10 -7 -6 -3 19 -14 -19 27 -23 25 -25 -24 -20 -2 -29 -30
right_child=1 3 5 4 6 12 7 -9 14 -11 -12 -13 18 -15 -16 -17 -18 20 26 -21 -22 22 23 24 -26 -27 -28 28 29 -31
leaf_value=0.24554989548569373 -0.0057102621962914464 -0.015156457752462634 0.059183690805012019 0.030105509197707932 0.030752631425857543 0.029059499860849491 0.018803553208137268 -0.029454328357327489 -0.0011897337667445148 0.18613373586109705 0.029593869683864925 0.17701133049038401 0.083288210859665507 0.13464044453929466 0.022783966098650708 0.095266744513326965 -0.018326848940042828 0.05858425567979398 -0.0028535887404827266 0.028530437401967691 -0.0080300662387162453 -0.0069125861067613125 0.002376039870794041 -0.010094523923639537 0.001600986040869366 0.011559621027016924 0.019443928038669442 -0.0045483589487156648 0.013409564558240883 0.0012972646022884195
leaf_weight=22 13968 918 117 1951 42 43 1100 218 576 21 84 34 26 58 500 71 888 23 84 227 24 1355 970 901 819 698 317 6425 265 860
leaf_count=22 13968 918 117 1951 42 43 1100 218 576 21 84 34 26 58 500 71 888 23 84 227 24 1355 970 901 819 698 317 6425 265 860
internal_value=-1.51481e-11 -0.00157492 0.047294 0.0095628 0.0137144 0.0431832 -0.000320181 0.0108216 0.0240654 0.0317671 0.0793103 0.099292 0.0294003 0.0841922 0.00995046 0.0702938 -0.0161104 -0.0132217 0.0222721 0.0341577 0.0245684 -0.00423031 -0.00142887 0.00076429 -0.00452556 0.00621905 0.0147731 -0.0048478 -0.00325219 0.00415038
internal_weight=33605 32522 1083 6261 5296 1061 2248 1318 3048 1972 293 209 768 175 1076 114 930 965 654 253 47 26261 4743 3388 1720 1668 401 21518 7550 1125
internal_count=33605 32522 1083 6261 5296 1061 2248 1318 3048 1972 293 209 768 175 1076 114 930 965 654 253 47 26261 4743 3388 1720 1668 401 21518 7550 1125
is_linear=0
shrinkage=0.03


Tree=87
num_leaves=31
num_cat=0
split_feature=0 4 0 8 0 3 25 2 2 3 0 0 25 0 21 3 1 21 21 25 0 21 23 1 5 3 2 3 7 7
split_gain=7684.03 1872.24 1231.15 761.276 726.236 507.547 367.071 307.09 198.715 332.24 149.887 151.675 135.165 134.85 152.652 124.016 423.332 223.722 117.639 118.43 122.745 92.5309 87.1626 84.5429 177.902 146.657 81.3867 257.613 110.98 78.2906
threshold=21.710000000000004 34.120000000000012 12.055000000000001 785.00000000000011 55.510000000000005 21.155000000000005 -1.8455967741935482 25.135000000000002 29.275000000000002 18.755000000000006 55.510000000000005 31.605000000000004 -2.5141270514997163 8.4250000000000025 9.5000000000000018 23.285000000000004 29.245000000000001 6.5000000000000009 5.5000000000000009 -1.0258091397849463 15.075000000000001 7.5000000000000009 3.5000000000000004 26.815000000000001 0.86740000000000006 20.965000000000003 31.815000000000001 19.855000000000004 78.472250000000017 78.472250000000017
decision_type=2 2 2 2 2 2 2 2 2 2 2 2 2 2 2 2 2 2 2 2 2 2 2 2 2 2 2 2 2 2
left_child=2 3 8 10 7 -6 26 22 9 -1 11 -2 -13 -11 -15 23 17 -17 29 20 -20 -21 -5 25 -25 -10 27 -4 -29 -8
right_child=1 -3 6 4 5 -7 18 -9 15 13 -12 12 -14 14 -16 16 -18 -19 19 21 -22 -23 -24 24 -26 -27 -28 28 -30 -31
leaf_value=-0.0056417421562632575 0.059190610168958137 0.35765384964644908 -0.016100072224414154 0.11226373891912805 0.1402545284628868 0.35142188038144795 0.067481197324415584 0.20339795020910409 -0.0063917610142147085 0.0052125218886997391 0.0019959733188152314 0.033194376415014264 0.10992886011465257 0.016277779853808707 0.069967566265000239 0.017740759250840968 -0.0062340374231233215 -0.0013244455374100295 -0.037800758149136193 0.024797766330567274 0.027085574379334083 0.047421359436193591 0.066263991168964254 -0.0076668615399672485 -0.029993571260250929 0.0013693084841536298 -0.015904077776768326 0.12200586515665053 0.033866229529182112 0.029602484513275528
leaf_weight=3385 302 24 93 83 20 21 146 26 9372 3210 30 25 119 406 54 1281 4845 976 44 374 65 288 67 4846 344 2860 169 20 36 74
leaf_count=3385 302 24 93 83 20 21 146 26 9372 3210 30 25 119 406 54 1281 4845 976 44 374 65 288 67 4846 344 2860 169 20 36 74
internal_value=-5.83428e-12 0.0971568 -0.00211814 0.0881352 0.134704 0.248413 0.0263912 0.108215 -0.0032999 0.00113706 0.0669051 0.0712712 0.0966069 0.00738943 0.0225805 -0.00457631 -0.00123496 0.00949635 0.0353904 0.0298691 0.000892926 0.0346401 0.0917172 -0.0059384 -0.00914671 -0.00457712 -0.00165344 0.01451 0.0653447 0.0547402
internal_weight=33605 717 32888 693 217 41 1309 176 31579 7055 476 446 144 3670 460 24524 7102 2257 991 771 109 662 150 17422 5190 12232 318 149 56 220
internal_count=33605 717 32888 693 217 41 1309 176 31579 7055 476 446 144 3670 460 24524 7102 2257 991 771 109 662 150 17422 5190 12232 318 149 56 220
is_linear=0
shrinkage=0.03


Tree=88
num_leaves=31
num_cat=0
split_feature=2 1 5 2 22 2 22 22 3 1 6 3 5 15 3 22 2 4 22 22 2 3 9 3 23 5 5 3 2 3
split_gain=2474.1 2831.76 763.146 759.009 555.037 625.426 565.562 804.797 398.127 552.288 359.765 245.013 269.606 188.595 212.682 153.044 122.645 131.309 102.464 199.048 78.0353 67.2934 96.007 61.1859 54.7219 45.2873 43.7817 55.1026 105.426 50.9302
threshold=26.045000000000005 23.975000000000005 0.73155000000000014 23.745000000000001 314.50000000000006 32.305000000000007 72.500000000000014 145.50000000000003 23.005000000000006 30.265000000000004 16.639450000000004 21.405000000000005 0.9759500000000001 0.045000000000000005 22.295000000000005 143.50000000000003 21.925000000000004 22.365000000000006 326.50000000000006 330.50000000000006 22.755000000000006 16.845000000000002 2.2000000000000006 19.205000000000002 1.0000000180025095e-35 0.86740000000000006 0.34595000000000004 19.685000000000006 30.385000000000002 23.615000000000006
decision_type=2 2 2 2 2 2 2 2 2 2 2 2 2 2 2 2 2 2 2 2 2 2 2 2 2 2 2 2 2 2
left_child=1 3 26 10 5 6 -4 -8 15 -10 16 20 -13 21 23 -7 17 -1 -6 -20 -12 -5 -23 -15 -18 -21 -2 -28 -29 -30
right_child=2 -3 4 13 18 8 7 -9 9 -11 11 12 -14 14 -16 -17 24 -19 19 25 -22 22 -24 -25 -26 -27 27 28 29 -31
leaf_value=0.022278268134221433 -0.0047912550686960024 0.37413864110681139 -0.0088979152480449658 -0.014282281964233047 -0.057407746569890727 -0.012531353962715076 0.059976196889945425 0.016789839245787846 0.024345104981809449 -0.0169511839976354 0.089469153104596827 0.20951685609295964 0.085395633429288867 -0.013698908766465527 0.10615792455772559 -0.050200073642825534 -0.016962996677940954 0.090240981183211569 0.026963513580096118 -0.013250902251999699 0.046463615931504006 0.03794439614321872 0.0077349092583937499 0.033460537543842372 0.032118075799358929 -0.039586445908842742 -0.0058681569336128418 0.0076090503430275994 -0.0057023526636347643 0.0017222964047026255
leaf_weight=40 19126 22 566 95 76 826 466 2331 781 465 83 28 36 28 36 110 23 71 68 89 70 113 584 214 184 173 2242 1179 2106 1374
leaf_count=40 19126 22 566 95 76 826 466 2331 781 465 83 28 36 28 36 110 23 71 68 89 70 113 584 214 184 173 2242 1179 2106 1374
internal_value=-2.1152e-11 0.0360877 -0.0018361 0.031454 0.00785597 0.0103351 0.0184507 0.023985 -0.00217309 0.00893357 0.0606298 0.0904106 0.139699 0.0168661 0.0381247 -0.0169582 0.0403076 0.0657499 -0.0260031 -0.0187705 0.0697934 0.00940415 0.0126326 0.0280041 0.0266646 -0.0306404 -0.00405216 -0.00200378 -0.000144162 -0.0027709
internal_weight=33605 1627 31978 1605 5951 5545 3363 2797 2182 1246 535 217 64 1070 278 936 318 111 406 330 153 792 697 242 207 262 26027 6901 4659 3480
internal_count=33605 1627 31978 1605 5951 5545 3363 2797 2182 1246 535 217 64 1070 278 936 318 111 406 330 153 792 697 242 207 262 26027 6901 4659 3480
is_linear=0
shrinkage=0.03


Tree=89
num_leaves=31
num_cat=0
split_feature=2 5 8 24 26 22 2 22 3 2 3 4 2 26 4 4 22 22 22 26 22 5 3 2 22 3 24 25 2 2
split_gain=2332.03 890.772 885.462 568.418 495.543 485.603 652.024 419.675 395.92 275.611 247.099 217.832 211.574 124.307 130.994 111.427 102.744 150.689 55.0268 108.984 46.7855 43.5416 54.7746 96.692 75.9932 68.8393 30.773 72.0528 29.9301 29.7445
threshold=25.135000000000002 0.73155000000000014 496.50000000000006 1.5000000000000002 -0.95235806451612881 314.50000000000006 30.425000000000004 264.50000000000006 22.495000000000001 24.155000000000005 21.745000000000001 20.035000000000004 21.925000000000004 -0.18964516129032263 21.035000000000004 22.365000000000006 326.50000000000006 336.50000000000006 202.50000000000003 -0.0021666666666668986 206.50000000000003 0.41995000000000005 19.395000000000003 32.145000000000003 188.50000000000003 23.615000000000006 3.5000000000000004 -1.0910384833050364 28.695000000000004 29.355000000000004
decision_type=2 2 2 2 2 2 2 2 2 2 2 2 2 2 2 2 2 2 2 2 2 2 2 2 2 2 2 2 2 2
left_child=2 21 -1 13 9 6 7 -5 -8 10 11 -4 15 14 -3 -6 -7 -18 -14 -20 -17 26 -23 24 -24 -25 -2 -28 -29 -15
right_child=1 3 4 5 12 16 8 -9 -10 -11 -12 -13 18 29 -16 20 17 -19 19 -21 -22 22 23 25 -26 -27 27 28 -30 -31
leaf_value=0.2316887763938443 -0.0052740310805338307 0.047445393939877845 0.053096363207993977 0.0134226306783202 0.026340202097889297 -0.05721338363049866 -0.013229556173807106 0.044999674488761646 0.0087852734642579252 0.026699045562501331 0.16504589600817246 0.1242004222259054 0.010137592683342415 0.020079607391111524 0.12975303903222082 0.10278402724686792 0.010947557671793869 -0.032576855766276516 0.021559135032777725 0.070424382661251311 0.048645548589527611 -0.0063623634450879919 0.017890825834253426 -0.0090154816144308817 0.0024755331673878118 0.0025192723913200783 -0.0041231717849979478 0.012922026691185135 0.0013907010800815673 0.034212565079919599
leaf_weight=22 13968 134 117 1705 43 77 1338 487 1632 84 34 58 281 253 20 51 105 225 326 47 20 1355 387 1024 1123 854 6425 265 860 285
leaf_count=22 13968 134 117 1705 43 77 1338 487 1632 84 34 58 281 253 20 51 105 225 326 47 20 1355 387 1024 1123 854 6425 265 860 285
internal_value=-2.66374e-11 -0.00144215 0.0433072 0.00872618 0.0394011 0.00553979 0.00802729 0.0204382 -0.00113252 0.0725945 0.0910405 0.0766623 0.0267375 0.0343692 0.0581347 0.064452 -0.0260092 -0.0187282 0.0201634 0.0277164 0.0875338 -0.00386643 -0.00126452 0.000774315 0.00642634 -0.00377018 -0.00443994 -0.00289683 0.00410697 0.0275664
internal_weight=33605 32522 1083 6261 1061 5569 5162 2192 2970 293 209 175 768 692 154 114 407 330 654 373 71 26261 4743 3388 1510 1878 21518 7550 1125 538
internal_count=33605 32522 1083 6261 1061 5569 5162 2192 2970 293 209 175 768 692 154 114 407 330 654 373 71 26261 4743 3388 1510 1878 21518 7550 1125 538
is_linear=0
shrinkage=0.03


Tree=90
num_leaves=31
num_cat=0
split_feature=0 4 0 8 0 3 2 25 2 3 0 0 22 0 22 26 3 1 22 25 22 13 25 6 3 1 26 22 22 5
split_gain=6796.05 1728.4 1068.39 650.939 665.114 467.931 297.609 266.308 173.098 294.969 150.558 150.147 185.965 136.562 131.782 128.936 107.48 302.917 221.275 104.047 198.306 91.4405 97.7135 81.0662 86.3406 189.324 78.2377 77.266 73.0256 69.8686
threshold=21.710000000000004 34.120000000000012 12.585000000000003 785.00000000000011 55.510000000000005 21.155000000000005 25.135000000000002 -1.8455967741935482 29.275000000000002 17.965000000000003 55.510000000000005 7.6250000000000009 172.50000000000003 31.605000000000004 149.50000000000003 -0.17141720430107546 22.425000000000004 28.545000000000005 190.50000000000003 -0.86088709677419339 264.50000000000006 0.090000000000000011 -1.3054999999999997 18.100050000000003 19.855000000000004 27.315000000000001 -1.0536129032258066 210.50000000000003 344.50000000000006 0.8852000000000001
decision_type=2 2 2 2 2 2 2 2 2 2 2 2 2 2 2 2 2 2 2 2 2 2 2 2 2 2 2 2 2 2
left_child=2 3 8 10 6 -6 26 23 9 -1 13 28 -13 -2 21 -15 29 18 -18 20 -16 -9 -23 24 -4 -26 -5 -21 -11 -10
right_child=1 -3 7 4 5 -7 -8 14 16 11 -12 12 -14 15 19 -17 17 -19 -20 27 -22 22 -24 -25 25 -27 -28 -29 -30 -31
leaf_value=-0.0064088346789561443 0.055984078391103559 0.34166155943647025 -0.01388249292060913 0.059730770530348476 0.13073175528645514 0.33349046400615145 0.19411674949985283 0.038096243727140787 -0.0052577609052244269 0.0046394075142448367 -0.00198323792219162 0.063745884899352054 0.013455771983399563 0.062300173670053485 -0.029598668849893976 0.11909699363080231 0.012565303530781136 -0.0056026820875298422 -0.0028112376420642397 0.023788346713254097 0.048177708251511346 0.13842914324998856 0.062017205622520472 -0.035285252177272922 0.063669099864903184 -0.011446903355064847 0.10337866122701339 0.045821937343943464 -0.013758021562690258 -0.013325618512167023
leaf_weight=2835 302 24 93 66 20 21 26 101 13763 3384 30 74 626 70 70 74 1828 6428 1562 316 51 20 61 48 58 63 84 262 206 1039
leaf_count=2835 302 24 93 66 20 21 26 101 13763 3384 30 74 626 70 70 74 1828 6428 1562 316 51 20 61 48 58 63 84 262 206 1039
internal_value=-2.88368e-11 0.0913707 -0.001992 0.0827026 0.125765 0.234584 0.100415 0.0265038 -0.00301801 0.00109994 0.0630712 0.00606203 0.0187722 0.067447 0.0344007 0.0914874 -0.00420974 -0.0017759 0.0054803 0.0284801 0.00318311 0.0571393 0.0808844 -5.00422e-05 0.00785318 0.0245591 0.0841736 0.0337759 0.00358373 -0.00582407
internal_weight=33605 717 32888 693 217 41 176 1143 31745 7125 476 4290 700 446 881 144 24620 9818 3390 699 121 182 81 262 214 121 150 578 3590 14802
internal_count=33605 717 32888 693 217 41 176 1143 31745 7125 476 4290 700 446 881 144 24620 9818 3390 699 121 182 81 262 214 121 150 578 3590 14802
is_linear=0
shrinkage=0.03


Tree=91
num_leaves=31
num_cat=0
split_feature=0 0 0 22 25 0 0 24 25 2 22 9 20 8 1 23 6 22 25 0 22 10 22 22 12 25 14 0 2 22
split_gain=6404.03 1464.96 1177.68 907.968 804.493 258.621 202.191 263.062 197.819 154.174 210.428 131.89 119.513 113.689 114.895 235.565 128.54 107.458 108.113 160.183 90.575 136.036 90.1594 89.3835 86.5588 83.6025 130.563 77.6469 77.1401 116.427
threshold=22.875000000000004 55.510000000000005 13.655000000000003 202.50000000000003 1.1675000000000002 35.95000000000001 6.8050000000000006 2.5000000000000004 -1.8455967741935482 33.375000000000007 314.50000000000006 13.350000000000001 0.49000000000000005 473.50000000000006 22.895000000000003 3.5000000000000004 17.823850000000004 150.50000000000003 -0.93920430107526875 15.075000000000001 176.50000000000003 100.00000000000001 200.50000000000003 129.50000000000003 0.63500000000000012 -1.4100564516129028 0.13000000000000003 16.865000000000006 29.705000000000002 336.50000000000006
decision_type=2 2 2 2 2 2 2 2 2 2 2 2 2 2 2 2 2 2 2 2 2 2 2 2 2 2 2 2 2 2
left_child=2 5 6 4 -3 20 28 -8 12 10 -9 -11 -4 -7 15 -15 -16 25 19 -19 21 -2 -22 -23 -24 -10 -27 -14 29 -1
right_child=1 3 8 -5 -6 13 7 9 17 11 -12 -13 27 14 16 -17 -18 18 -20 -21 22 23 24 -25 -26 26 -28 -29 -30 -31
leaf_value=0.0008778230594928808 0.030894807907752692 0.014773983711004256 0.032534636054188014 0.33838581360876557 0.26351650934327731 0.047940844206706336 0.021676286965934558 0.0089806360144670649 0.091110651427332087 -0.01032218029684109 -0.027579831188579772 -0.083606681720880066 -0.0014305720864129917 0.13918244469910859 0.21414680899679658 0.034100989083526656 0.11880734456011227 -0.064263340081088235 0.037254715355076032 0.024365877222556336 0.031429154650618629 0.090157388214554102 0.094355681137457278 0.16721334636211393 0.054275830038001426 0.088712894383229712 0.019098986716134778 -0.057656345453113315 -0.0044330343900012819 -0.0088105186868606133
leaf_weight=6088 24 25 75 32 22 23 650 1301 51 566 159 23 84 48 20 32 35 24 527 78 90 42 71 20 153 38 67 30 21840 1367
leaf_count=6088 24 25 75 32 22 23 650 1301 51 566 159 23 84 48 20 32 35 24 527 78 90 42 71 20 153 38 67 30 21840 1367
internal_value=3.92129e-14 0.0942156 -0.00182041 0.215127 0.131207 0.0770972 -0.00280973 0.00504739 0.0306767 -0.000227766 0.00499905 -0.0131839 0.00312296 0.109594 0.120098 0.0971499 0.153476 0.0373106 0.0317829 0.00351194 0.0642611 0.091539 0.0567901 0.115014 0.0669797 0.0595985 0.0442926 -0.0162268 -0.00353362 -0.000898698
internal_weight=33605 637 32968 79 47 558 31994 2699 974 2049 1460 589 189 158 135 80 55 785 629 102 400 86 314 62 224 156 105 114 29295 7455
internal_count=33605 637 32968 79 47 558 31994 2699 974 2049 1460 589 189 158 135 80 55 785 629 102 400 86 314 62 224 156 105 114 29295 7455
is_linear=0
shrinkage=0.03


Tree=92
num_leaves=31
num_cat=0
split_feature=0 4 0 8 23 22 0 0 24 24 2 3 25 0 1 1 3 4 3 26 23 22 0 4 3 2 3 5 24 26
split_gain=6025.55 1838.24 1108.08 609.119 709.849 420.569 340.284 190.241 247.515 188.161 177.264 192.304 172.72 154.942 146.407 146.394 239.572 146.333 131.415 102.487 147.207 102.016 85.8835 77.1133 83.9205 74.6624 108.431 72.0791 66.2152 65.3998
threshold=22.875000000000004 34.120000000000012 13.655000000000003 785.00000000000011 5.5000000000000009 200.50000000000003 55.510000000000005 6.8050000000000006 2.5000000000000004 4.5000000000000009 29.565000000000001 23.495000000000001 8.5840322580645196 55.510000000000005 27.275000000000002 27.575000000000003 21.115000000000006 18.015000000000004 24.065000000000001 -0.17141720430107546 2.5000000000000004 149.50000000000003 16.190000000000001 16.015000000000004 21.475000000000005 28.035000000000004 17.705000000000002 0.92055000000000009 3.5000000000000004 -0.22067956989247314
decision_type=2 2 2 2 2 2 2 2 2 2 2 2 2 2 2 2 2 2 2 2 2 2 2 2 2 2 2 2 2 2
left_child=2 3 7 13 5 6 -5 25 29 21 23 14 -7 19 -12 16 -10 -13 -17 -2 -21 -4 28 -11 -25 26 -1 -27 -23 -9
right_child=1 -3 9 4 -6 12 -8 8 15 10 11 17 -14 -15 -16 18 -18 -19 -20 20 -22 22 -24 24 -26 27 -28 -29 -30 -31
leaf_value=-0.0059519484859535824 0.046950973287094286 0.36740437239075874 0.061346134898609468 0.11746485876713052 0.29467118272930382 0.087043877674973208 0.25023877345997353 0.03622747490396265 -0.0061392334835997002 0.068402650872164447 -0.010342190438140258 -0.016912505140697413 -0.0048118548923068568 -0.0043086315095424649 -0.085142483307469277 -0.03236811148340512 0.017386984640790363 0.086479635951774464 -0.00035855467957887974 0.04702377963329063 0.096263781412705487 0.028383468225311775 0.041672715931912449 -0.021124129913233473 0.042569661004907597 -0.0037002985579643369 0.0057217227458179719 -0.014314448060059569 -0.0099372095955630475 0.015069102841432142
leaf_weight=1191 149 21 141 71 20 58 23 183 893 46 98 22 27 30 31 213 691 28 252 85 153 130 338 29 52 25719 1796 589 59 467
leaf_count=1191 149 21 141 71 20 58 23 183 893 46 98 22 27 30 31 213 691 28 252 85 153 130 338 29 52 25719 1796 589 59 467
internal_value=7.18113e-12 0.0913891 -0.0017658 0.0819795 0.125164 0.106224 0.149952 -0.00272543 0.00489596 0.0297564 0.0102743 -0.00895864 0.0578662 0.0613713 -0.0283175 -0.000220933 0.00412378 0.0409871 -0.015021 0.0664627 0.0786781 0.0386807 0.0326166 0.0373822 0.0197657 -0.00342761 0.00106711 -0.00393793 0.0164209 0.021026
internal_weight=33605 637 32968 616 199 179 94 31994 2699 974 306 179 85 417 129 2049 1584 50 465 387 238 668 527 127 81 29295 2987 26308 189 650
internal_count=33605 637 32968 616 199 179 94 31994 2699 974 306 179 85 417 129 2049 1584 50 465 387 238 668 527 127 81 29295 2987 26308 189 650
is_linear=0
shrinkage=0.03


Tree=93
num_leaves=31
num_cat=0
split_feature=0 0 0 3 22 0 0 24 24 2 3 25 1 1 3 3 1 2 8 16 22 0 26 2 3 26 2 3 0 26
split_gain=5669.44 1350.64 1042.59 932.338 1160.2 240.096 178.998 232.887 177.04 166.788 180.939 150.458 137.754 137.742 225.413 123.648 118.016 96.2871 160.969 118.552 96.0719 79.7781 77.6363 70.5423 69.9524 61.5347 56.2206 155.353 61.621 54.8079
threshold=22.875000000000004 55.510000000000005 13.655000000000003 23.115000000000006 204.50000000000003 31.605000000000004 6.8050000000000006 2.5000000000000004 4.5000000000000009 29.565000000000001 23.495000000000001 -2.5141270514997163 27.275000000000002 27.575000000000003 21.115000000000006 24.065000000000001 29.105000000000004 25.405000000000005 597.50000000000011 30.000000000000004 182.50000000000003 16.190000000000001 -0.21222580645161285 27.235000000000003 17.455000000000002 -0.22067956989247314 38.215000000000011 23.285000000000004 4.9150000000000009 -0.028967741935483824
decision_type=2 2 2 2 2 2 2 2 2 2 2 2 2 2 2 2 2 2 2 2 2 2 2 2 2 2 2 2 2 2
left_child=2 5 6 4 -3 -2 23 25 20 -10 12 -7 -11 14 -9 -15 -12 19 -19 -13 -4 22 -22 24 -1 -8 27 -25 -28 -23
right_child=1 3 8 -5 -6 11 7 13 9 10 16 17 -14 15 -16 -17 -18 18 -20 -21 21 29 -24 26 -26 -27 28 -29 -30 -31
leaf_value=-0.005932476930565778 0.055301565382369598 0.24732352977870281 0.055239536714668455 0.38175863083451983 -0.027783961756662888 0.02550576407276094 0.035140650702304523 -0.0059550564253740826 0.036260773261173038 -0.010031924727610407 0.089694670625030989 0.098607770706243478 -0.082588209072428351 -0.03139706836305034 0.016865375202368842 -0.00034779811399944478 -0.0027816072106361389 0.10332872123310441 0.19244963675737381 0.01801878595165908 0.052359026619366235 0.028378220116261576 0.001764044804900374 -0.0043328969655056617 0.0069887288277473113 0.014617029860624705 -0.0069444790689612125 0.0019084458158176989 -0.031669843586835451 0.053796525948773356
leaf_weight=569 321 37 195 20 22 25 183 893 127 98 23 92 31 213 691 252 27 76 24 20 35 183 124 20569 1118 467 2597 4348 94 131
leaf_count=569 321 37 195 20 22 25 183 893 127 98 23 92 31 213 691 252 27 76 24 20 35 183 124 20569 1118 467 2597 4348 94 131
internal_value=-6.52429e-12 0.0886474 -0.00171282 0.204746 0.144741 0.0722106 -0.00264367 0.00474908 0.0288637 0.00996611 -0.00868988 0.0951127 -0.0274679 -0.000214305 0.00400007 -0.0145704 0.0397575 0.103321 0.124718 0.0842169 0.0375203 0.0302154 0.0129013 -0.00332478 0.0026306 0.0203952 -0.00368868 -0.00324379 -0.00780817 0.0389827
internal_weight=33605 637 32968 79 59 558 31994 2699 974 306 179 237 129 2049 1584 465 50 212 100 112 668 473 159 29295 1687 650 27608 24917 2691 314
internal_count=33605 637 32968 79 59 558 31994 2699 974 306 179 237 129 2049 1584 465 50 212 100 112 668 473 159 29295 1687 650 27608 24917 2691 314
is_linear=0
shrinkage=0.03


Tree=94
num_leaves=31
num_cat=0
split_feature=0 4 0 8 23 22 0 0 0 24 22 22 25 25 22 22 26 23 5 2 22 22 5 21 8 26 22 2 22 22
split_gain=5334.38 1716.8 980.978 560.211 658.088 376.812 297.995 171.478 168.419 219.124 166.941 177.934 161.314 134.217 132.521 335.07 96.0815 134.784 79.9678 69.0218 107.706 81.0527 71.4493 72.831 66.0588 57.898 48.8236 48.2333 47.2342 41.7242
threshold=22.875000000000004 34.120000000000012 13.655000000000003 785.00000000000011 5.5000000000000009 200.50000000000003 55.510000000000005 55.510000000000005 6.8050000000000006 2.5000000000000004 74.500000000000014 77.500000000000014 8.5840322580645196 -2.6529838709677418 314.50000000000006 308.50000000000006 -0.17141720430107546 2.5000000000000004 0.86035000000000006 29.705000000000002 336.50000000000006 65.500000000000014 0.89045000000000007 6.5000000000000009 473.50000000000006 -0.22067956989247314 324.50000000000006 31.715000000000003 274.50000000000006 268.50000000000006
decision_type=2 2 2 2 2 2 2 2 2 2 2 2 2 2 2 2 2 2 2 2 2 2 2 2 2 2 2 2 2 2
left_child=2 3 8 7 5 6 -5 16 19 25 -4 -12 -7 24 15 -11 -2 -18 -15 20 21 -1 28 -24 -13 29 -16 -27 -21 -10
right_child=1 -3 10 4 -6 12 -8 -9 9 14 11 13 -14 18 26 -17 17 -19 -20 22 -22 -23 23 -25 -26 27 -28 -29 -30 -31
leaf_value=-0.0032333923899189412 0.043595082121807453 0.35273021771439483 -0.019231635957202387 0.11106192270634879 0.28151918303221463 0.082497420375845551 0.23531190660984619 -0.011964959502220153 0.028521026799297133 0.00024484465444425847 0.10861670862883328 0.015399167062714695 -0.0062736094825797612 0.082578970607784047 -0.06246993982366153 0.092653683920701349 0.04402538692806026 0.091142007043840831 0.030096144578833545 -0.0031910732945375905 -0.0083423588356213007 0.0038225549001727945 -0.0076894282356069973 -0.03015647687959646 -0.05498838817235082 0.0082860329106230948 -0.018826372963554074 0.029953678435550666 -0.0072119265307020765 0.070957233160734171
leaf_weight=2456 149 21 63 71 20 58 23 30 159 1854 26 24 27 27 28 36 85 153 810 18112 1367 3632 473 179 24 340 131 127 3076 24
leaf_count=2456 149 21 63 71 20 58 23 30 159 1854 26 24 27 27 28 36 85 153 810 18112 1367 3632 473 179 24 340 131 127 3076 24
internal_value=-9.62606e-12 0.085988 -0.00166144 0.0768945 0.118309 0.100073 0.141464 0.0571309 -0.00256436 0.00460661 0.0279978 0.0312639 0.0542996 0.0289914 -0.000207876 0.00200501 0.0624872 0.0743146 0.0317891 -0.00322504 -0.000732622 0.000976069 -0.00407581 -0.0138575 -0.0197946 0.0197834 -0.026512 0.0141785 -0.00377481 0.0340864
internal_weight=33605 637 32968 616 199 179 94 417 31994 2699 974 911 85 885 2049 1890 387 238 837 29295 7455 6088 21840 652 48 650 159 467 21188 183
internal_count=33605 637 32968 616 199 179 94 417 31994 2699 974 911 85 885 2049 1890 387 238 837 29295 7455 6088 21840 652 48 650 159 467 21188 183
is_linear=0
shrinkage=0.03


Tree=95
num_leaves=31
num_cat=0
split_feature=0 0 0 22 25 0 24 1 3 21 3 25 25 1 25 1 3 5 1 5 1 25 22 1 8 23 0 22 0 21
split_gain=5019.12 1247.25 924.684 894.364 683.332 223.582 216.292 143.038 196.045 201.65 139.214 152.499 137.128 126.995 122.08 97.2042 283.925 266.799 127.383 98.9229 94.0312 89.7098 79.2874 71.2691 209.413 143.122 70.2993 103.876 70.0685 61.7028
threshold=22.875000000000004 55.510000000000005 12.585000000000003 202.50000000000003 1.1675000000000002 31.605000000000004 4.5000000000000009 25.115000000000006 23.495000000000001 4.5000000000000009 19.685000000000006 -1.4291827956989243 -2.5141270514997163 29.175000000000004 0.32177419354838693 31.255000000000006 23.615000000000006 0.56555000000000011 26.815000000000001 0.83805000000000007 26.085000000000004 -2.3154442558007919 182.50000000000003 22.895000000000003 597.50000000000011 3.5000000000000004 7.9050000000000011 172.50000000000003 16.190000000000001 9.5000000000000018
decision_type=2 2 2 2 2 2 2 2 2 2 2 2 2 2 2 2 2 2 2 2 2 2 2 2 2 2 2 2 2 2
left_child=2 5 14 4 -3 -2 21 10 9 -9 29 -12 -7 -10 15 16 18 -18 -1 -17 26 -4 -23 25 -25 -14 -16 -28 -24 -8
right_child=1 3 6 -5 -6 12 7 8 13 -11 11 -13 23 -15 20 19 17 -19 -20 -21 -22 22 28 24 -26 -27 27 -29 -30 -31
leaf_value=-0.0023899556858293582 0.051296055599401182 0.0043772432148456572 -0.015820485860617323 0.31730584291275588 0.23362478296865116 0.023261570468544959 0.0075065130480001423 -0.0039259548508562142 0.062038617758796759 -0.084738830444402988 0.10916158533096314 0.026237970605407928 0.10664625726817618 -0.015022501569045218 0.0048986825577997453 -0.0067731540286734334 6.0162790197699162e-05 0.017578416355929823 -0.0074532311743816309 -0.02817950358032249 -0.032549963074922562 0.048655764615833756 0.016250050531953202 0.090865952710894982 0.18677090326944987 0.032309548249719912 0.063005457558319905 0.013931950535166439 0.037843391698769858 -0.053737912639975551
leaf_weight=18534 321 25 33 32 22 25 57 66 39 48 25 99 63 38 726 2326 2640 1112 5894 212 50 250 243 85 27 37 48 203 305 20
leaf_count=18534 321 25 33 32 22 25 57 66 39 48 25 99 63 38 726 2326 2640 1112 5894 212 50 250 243 85 27 37 48 203 305 20
internal_value=-6.26981e-12 0.0834084 -0.0016116 0.194974 0.111685 0.0676132 0.0239858 0.0056168 -0.0129734 -0.0379524 0.0232821 0.0429564 0.0897136 0.0240085 -0.00259776 -0.00293792 -0.00243147 0.00525214 -0.00361163 -0.00856123 0.00757682 0.0326509 0.0346553 0.0975499 0.113986 0.0791417 0.00963039 0.0233165 0.0282682 -0.00840113
internal_weight=33605 637 32968 79 47 558 1223 392 191 114 201 124 237 77 31745 30718 28180 3752 24428 2538 1027 831 798 212 112 100 977 251 548 77
internal_count=33605 637 32968 79 47 558 1223 392 191 114 201 124 237 77 31745 30718 28180 3752 24428 2538 1027 831 798 212 112 100 977 251 548 77
is_linear=0
shrinkage=0.03


Tree=96
num_leaves=31
num_cat=0
split_feature=0 4 0 8 23 22 0 25 0 25 2 3 11 22 0 0 22 3 2 22 25 0 22 2 22 5 24 22 2 3
split_gain=4723.04 1384.48 753.583 467.816 577.264 303.246 355.642 224.308 152.094 150.891 126.461 225.527 112.036 111.011 109.178 98.4367 174.224 95.3607 236.245 162.331 92.7634 106.163 95.0527 70.6363 70.5244 67.667 125.634 66.2847 61.715 202.729
threshold=21.710000000000004 34.120000000000012 12.055000000000001 785.00000000000011 5.5000000000000009 200.50000000000003 31.605000000000004 -1.8455967741935482 55.510000000000005 8.5840322580645196 29.275000000000002 17.965000000000003 12.500000000000002 145.50000000000003 31.605000000000004 7.6250000000000009 268.50000000000006 23.285000000000004 35.915000000000006 145.50000000000003 -0.93920430107526875 15.075000000000001 210.50000000000003 29.315000000000001 129.50000000000003 0.86740000000000006 1.5000000000000002 206.50000000000003 31.815000000000001 19.855000000000004
decision_type=2 2 2 2 2 2 2 2 2 2 2 2 2 2 2 2 2 2 2 2 2 2 2 2 2 2 2 2 2 2
left_child=2 3 10 8 5 6 -5 28 12 -7 11 -1 14 23 -2 27 -17 25 19 -19 21 -15 -22 -9 -25 -12 -27 -13 29 -4
right_child=1 -3 7 4 -6 9 -8 13 -10 -11 17 15 -14 20 -16 16 -18 18 -20 -21 22 -23 -24 24 -26 26 -28 -29 -30 -31
leaf_value=-0.005605229526471335 0.058044790363017316 0.30018019679002467 -0.014357831745648817 0.048792792415699442 0.25440401698861803 0.073910902875359161 0.16436857390902279 0.088119003998581316 -0.013614898815751076 -0.010656237428387005 -0.0042516386166676643 0.0095558566272900998 0.040653051773810553 -0.035679392315903488 0.10439199591676394 0.0088865661581636959 0.049809588039612489 0.016833289574178706 -0.0048656677444743812 0.0011025615710263952 0.016694976995714459 0.021251389488980574 0.039608114686810358 0.022092019265321523 0.06006798534301995 0.02347738773858344 -0.013577809489960346 0.00070651955176626751 -0.013688161789395532 0.057891968985786663
leaf_weight=2827 167 24 93 37 21 64 68 32 30 27 16052 1097 216 49 63 524 114 896 4475 1731 364 74 295 95 82 88 1282 2493 169 56
leaf_count=2827 167 24 93 37 21 64 68 32 30 27 16052 1097 216 49 63 524 114 896 4475 1731 364 74 295 95 82 88 1282 2493 169 56
internal_value=-1.22252e-11 0.076171 -0.00166062 0.0684131 0.104919 0.0889029 0.123642 0.0206441 0.0517706 0.0488196 -0.00258519 0.000954358 0.0561687 0.0276789 0.0707399 0.00534035 0.0161988 -0.00360344 -0.00067343 0.0064679 0.0224881 -0.00142835 0.026952 0.0471011 0.0396854 -0.00479784 -0.0111976 0.00341062 -0.0012787 0.0127965
internal_weight=33605 717 32888 693 217 196 105 1309 476 91 31579 7055 446 991 230 4228 638 24524 7102 2627 782 123 659 209 177 17422 1370 3590 318 149
internal_count=33605 717 32888 693 217 196 105 1309 476 91 31579 7055 446 991 230 4228 638 24524 7102 2627 782 123 659 209 177 17422 1370 3590 318 149
is_linear=0
shrinkage=0.03


Tree=97
num_leaves=31
num_cat=0
split_feature=0 4 0 12 0 1 2 24 0 2 23 2 25 1 0 24 4 22 22 8 4 0 16 26 0 0 7 2 2 21
split_gain=4472.26 1556.29 1102.69 448.465 333.92 231.832 180.465 176.783 176.312 150.397 141.427 137.617 108.938 98.1284 128.713 158.786 86.2672 81.5787 73.802 70.0139 74.5855 73.2887 69.5975 97.1758 98.365 68.4531 62.0981 58.7693 58.081 52.123
threshold=26.785000000000004 31.845000000000002 13.655000000000003 0.53500000000000014 55.510000000000005 21.775000000000002 25.135000000000002 4.5000000000000009 55.510000000000005 24.835000000000004 3.5000000000000004 29.565000000000001 -2.5897150537634399 30.805000000000003 8.4250000000000025 3.5000000000000004 16.015000000000004 336.50000000000006 198.50000000000003 510.00000000000006 10.875000000000002 16.865000000000006 30.000000000000004 -0.12749838709677433 15.555000000000001 8.7550000000000008 74.184400000000025 33.475000000000001 25.405000000000005 5.5000000000000009
decision_type=2 2 2 2 2 2 2 2 2 2 2 2 2 2 2 2 2 2 2 2 2 2 2 2 2 2 2 2 2 2
left_child=2 3 9 4 6 -6 10 22 12 18 -2 16 -5 14 17 -16 26 -11 -1 20 -13 -21 29 27 -25 -15 -9 -24 -14 -4
right_child=1 -3 7 8 5 -7 -8 11 -10 13 -12 19 28 25 15 -17 -18 -19 -20 21 -22 -23 23 24 -26 -27 -28 -29 -30 -31
leaf_value=-0.0011490751638755959 0.10583530987470836 0.34371654268354179 0.070207600926340957 0.015645623426535166 0.12192697257867881 0.2646437880992889 0.15433770586462581 0.02636567221954465 -0.013206452019512652 -0.002071050082251709 0.036081856340962525 -0.034880699196032115 0.04962118397102408 -0.0069084674306072709 0.017739099271001865 -0.0020536716875691661 0.014289158151730109 -0.0086899551009849522 0.023188734134618083 -0.0084313580040570064 0.030670506509601094 -0.064646079396562917 0.0041518913966360361 0.0078109743177358585 0.048325296231208646 -0.035544460973182278 0.091602611754988794 0.049352546610659166 0.083250869671148919 0.040197061176817768
leaf_weight=177 59 21 67 36 21 20 34 24 30 25061 47 21 69 3093 646 838 95 1796 306 82 61 28 157 70 235 77 29 31 140 234
leaf_count=177 59 21 67 36 21 20 34 24 30 25061 47 21 69 3093 646 838 95 1796 306 82 61 28 157 70 235 77 29 31 140 234
internal_value=3.87359e-12 0.0912055 -0.00131324 0.0795767 0.116248 0.191545 0.0941972 0.027759 0.0554401 -0.00234368 0.0749069 0.00965784 0.0638458 -0.00259833 -0.00203843 0.00656232 0.0313968 -0.00251367 0.0142699 -0.00709925 0.013883 -0.0227406 0.0355101 0.02857 0.0390269 -0.00760404 0.0620614 0.0116052 0.0721482 0.0468771
internal_weight=33605 477 33128 456 181 41 140 1134 275 31994 106 340 245 31511 28341 1484 148 26857 483 192 82 110 794 493 305 3170 53 188 209 301
internal_count=33605 477 33128 456 181 41 140 1134 275 31994 106 340 245 31511 28341 1484 148 26857 483 192 82 110 794 493 305 3170 53 188 209 301
is_linear=0
shrinkage=0.03


Tree=98
num_leaves=31
num_cat=0
split_feature=0 4 0 12 0 1 2 24 0 2 2 25 2 0 22 22 4 20 22 20 22 0 22 0 7 24 7 22 22 5
split_gain=4207.95 1464.31 1037.52 421.961 314.185 218.131 169.799 166.335 165.892 141.508 129.484 102.499 93.5988 147.432 158.078 103.93 81.1688 73.2658 73.8933 69.6938 69.4403 68.9519 66.3317 93.6651 65.6283 60.4002 58.4281 57.0569 154.988 136.818
threshold=26.785000000000004 31.845000000000002 13.655000000000003 0.53500000000000014 55.510000000000005 21.775000000000002 25.135000000000002 4.5000000000000009 55.510000000000005 24.835000000000004 29.565000000000001 -2.5897150537634399 33.375000000000007 9.4850000000000012 314.50000000000006 336.50000000000006 16.015000000000004 0.49000000000000005 204.50000000000003 0.46500000000000002 198.50000000000003 16.865000000000006 149.50000000000003 16.190000000000001 79.153350000000017 3.5000000000000004 74.184400000000025 145.50000000000003 127.50000000000001 0.86740000000000006
decision_type=2 2 2 2 2 2 2 2 2 2 2 2 2 2 2 2 2 2 2 2 2 2 2 2 2 2 2 2 2 2
left_child=2 3 9 4 6 -6 -2 22 11 20 16 -5 13 15 -15 -11 26 18 -12 -13 -1 -19 24 25 -4 -24 -9 28 -14 -29
right_child=1 -3 7 8 5 -7 -8 10 -10 12 17 19 27 14 -16 -17 -18 21 -20 -21 -22 -23 23 -25 -26 -27 -28 29 -30 -31
leaf_value=-0.0011146028317763643 0.072659685020950035 0.33340505270021298 0.064422982179031182 0.015176254432493201 0.11826916375330516 0.25670446872711183 0.14970757484436034 0.025574702303856611 -0.01281025854498148 -0.0010442866051559008 0.041849175612117311 0.11496168070369296 -0.005451652881604741 0.015440894013415982 -0.029984437864469853 -0.0086101582571812673 0.013860483883634995 -0.0067479946815032273 -0.026805473289319447 0.063311255894355711 0.022493072105357628 -0.056601524357410039 0.023842768444178195 0.037609071420043105 0.02212838480130155 -0.012756608979681791 0.088854533012570999 -0.0066733713257835911 0.004107584079205486 -0.033360821021206091
leaf_weight=177 106 21 111 36 21 20 34 24 30 16809 43 27 8081 743 76 1810 95 94 21 182 306 34 130 447 47 59 29 1920 1882 190
leaf_count=177 106 21 111 36 21 20 34 24 30 16809 43 27 8081 743 76 1810 95 94 21 182 306 34 130 447 47 59 29 1920 1882 190
internal_value=-8.78262e-12 0.0884694 -0.00127384 0.0771894 0.112761 0.185799 0.0913713 0.0269262 0.0537769 -0.00227337 0.00936811 0.0619304 -0.00252038 -0.00123182 0.0112256 -0.00177978 0.0304549 -0.00688627 0.0193219 0.0699838 0.0138418 -0.0199903 0.0344448 0.0301229 0.0518417 0.0124176 0.0601995 -0.00459503 -0.00364592 -0.00907651
internal_weight=33605 477 33128 456 181 41 140 1134 275 31994 340 245 31511 19438 819 18619 148 192 64 209 483 128 794 636 158 189 53 12073 9963 2110
internal_count=33605 477 33128 456 181 41 140 1134 275 31994 340 245 31511 19438 819 18619 148 192 64 209 483 128 794 636 158 189 53 12073 9963 2110
is_linear=0
shrinkage=0.03


Tree=99
num_leaves=31
num_cat=0
split_feature=2 1 26 5 3 1 3 1 7 2 22 7 3 22 22 23 16 21 22 3 3 3 5 22 22 26 22 22 5 3
split_gain=1289.56 2342.71 438.121 406.854 381.757 547.947 392.584 438.37 323.425 238.247 206.588 194.784 162.359 135.217 313.566 112.743 126.561 109.374 92.8095 67.0873 57.7228 59.4399 44.3947 42.3152 36.9691 33.4692 31.2896 26.1285 25.7814 35.7523
threshold=26.045000000000005 23.975000000000005 -1.1093638936049799 0.67180000000000006 18.755000000000006 24.745000000000001 22.425000000000004 30.265000000000004 75.202200000000019 24.515000000000004 262.50000000000006 76.966650000000016 21.745000000000001 204.50000000000003 196.50000000000003 1.0000000180025095e-35 30.000000000000004 7.5000000000000009 143.50000000000003 22.105000000000004 22.755000000000006 20.315000000000001 0.90700000000000014 98.500000000000014 204.50000000000003 0.33800000000000013 302.50000000000006 314.50000000000006 0.30985000000000007 22.045000000000005
decision_type=2 2 2 2 2 2 2 2 2 2 2 2 2 2 2 2 2 2 2 2 2 2 2 2 2 2 2 2 2 2
left_child=1 2 12 28 17 8 11 -8 10 15 -6 -7 13 14 -1 24 -17 23 -10 -14 21 -11 27 25 -4 -5 -24 -19 -2 -30
right_child=3 -3 9 4 5 6 7 -9 18 20 -12 -13 19 -15 -16 16 -18 22 -20 -21 -22 -23 26 -25 -26 -27 -28 -29 29 -31
leaf_value=0.030530512838993433 -0.003691078904029867 0.33353138881989502 -0.036517440744716183 -0.0080726123674183473 -0.0014165871204672956 -0.019141270162678196 0.015433419713921846 -0.014842018394617577 0.053772590690396985 -0.0027279809980166399 0.029002322336989846 0.0050302789178493885 0.16001924340426923 8.6486773057417422e-05 0.15772683033289819 0.042606061213746153 0.011542176773323767 0.01440214838022771 0.030752623665250205 0.084102112623778258 -0.042460706701332875 0.014224654622670412 -0.072620052610124858 0.036556583685534341 0.0091603922958557425 0.019778274287265248 -0.033043964543938639 -0.020872003444105842 -0.0032664372232200944 0.0008906390244453246
leaf_weight=53 17578 22 23 735 509 870 2091 542 226 330 332 458 20 33 26 435 162 23 521 22 22 427 21 21 52 41 125 106 4692 3087
leaf_count=53 17578 22 23 735 509 870 2091 542 226 330 332 458 20 33 26 435 162 23 521 22 22 427 21 21 52 41 125 106 4692 3087
internal_value=-1.52024e-11 0.0260539 0.0218392 -0.00132559 0.00529661 0.00846284 0.00249378 0.00920126 0.0233517 0.0167329 0.0105918 -0.010805 0.0699513 0.0510881 0.0723926 0.0298213 0.0341767 -0.0110928 0.0377172 0.120253 0.00544231 0.00683447 -0.0274062 -0.00546396 -0.00484748 -0.00660111 -0.0387364 -0.0145828 -0.00305472 -0.00161675
internal_weight=33605 1627 1605 31978 6621 5549 3961 2633 1588 1451 841 1328 154 112 79 672 597 1072 747 42 779 757 275 797 75 776 146 129 25357 7779
internal_count=33605 1627 1605 31978 6621 5549 3961 2633 1588 1451 841 1328 154 112 79 672 597 1072 747 42 779 757 275 797 75 776 146 129 25357 7779
is_linear=0
shrinkage=0.03


Tree=100
num_leaves=31
num_cat=0
split_feature=2 25 5 7 3 1 3 1 7 3 22 18 4 2 2 4 21 3 21 23 22 3 12 5 22 22 1 3 5 2
split_gain=1213.35 2215.84 382.809 377.771 359.195 515.564 369.383 412.462 304.311 205.43 194.378 194.279 167.942 155.29 152.994 106.657 102.91 100.254 88.1361 50.5633 51.8307 44.4195 61.3533 41.771 39.8144 29.4404 25.5681 76.8704 66.622 37.9561
threshold=26.045000000000005 -2.7178225806451608 0.67180000000000006 73.832350000000005 18.755000000000006 24.745000000000001 22.425000000000004 30.265000000000004 75.202200000000019 21.715000000000003 262.50000000000006 24.500000000000004 15.085000000000003 24.155000000000005 23.285000000000004 20.035000000000004 7.5000000000000009 21.985000000000003 2.5000000000000004 1.0000000180025095e-35 186.50000000000003 22.755000000000006 0.69000000000000006 0.90700000000000014 98.500000000000014 302.50000000000006 30.735000000000003 23.615000000000006 0.34995000000000004 32.145000000000003
decision_type=2 2 2 2 2 2 2 2 2 2 2 2 2 2 2 2 2 2 2 2 2 2 2 2 2 2 2 2 2 2
left_child=1 -1 26 9 16 8 11 -8 10 13 -6 -7 -11 15 19 -3 24 -14 -10 -5 -21 22 -16 -18 -4 -25 27 29 -29 -2
right_child=2 3 4 14 5 6 7 -9 18 12 -12 -13 17 -15 21 -17 23 -19 -20 20 -22 -23 -24 25 -26 -27 -28 28 -30 -31
leaf_value=0.33909886635839936 -0.0021556007441013523 0.037366479900759336 -0.0064030760610158085 -0.0087844310756554477 -0.0013740894995439496 0.0081925375238930866 0.014970417119618745 -0.014396757851612523 -0.009891976028680801 0.038410923153161997 0.028132252770073498 -0.017531794480703137 0.17286541562899946 0.011080348394066094 0.002621741636438702 0.084460785433527877 -0.014145329132849393 0.08724361536093056 0.03887036503203347 0.074475537921334142 0.031612933180021008 -0.028283785278908909 0.020243077785009517 -0.070441451839038299 0.035459886065551213 -0.032052645577490331 -0.0056364404309690646 -0.00058253639357046347 0.010815942168653924 -0.0048112184084573902
leaf_weight=20 12119 149 776 24 509 364 2091 542 35 40 332 964 20 150 616 61 129 32 712 29 204 32 250 21 21 125 2857 1675 637 8069
leaf_count=20 12119 149 776 24 509 364 2091 542 35 40 332 964 20 150 616 61 129 32 712 29 204 32 250 21 21 125 2857 1675 637 8069
internal_value=-1.11994e-11 0.0252723 -0.00128582 0.0213665 0.00513771 0.00820896 0.00241897 0.00892522 0.0226511 0.0446179 0.0102741 -0.0104808 0.0846254 0.0343938 0.0122673 0.0510463 -0.01076 0.120175 0.0365857 0.0326771 0.0369478 0.00642615 0.00770873 -0.026584 -0.00530004 -0.0375743 -0.00296308 -0.00262362 0.00255796 -0.00321703
internal_weight=33605 1627 31978 1607 6621 5549 3961 2633 1588 452 841 1328 92 360 1155 210 1072 52 747 257 233 898 866 275 797 146 25357 22500 2312 20188
internal_count=33605 1627 31978 1607 6621 5549 3961 2633 1588 452 841 1328 92 360 1155 210 1072 52 747 257 233 898 866 275 797 146 25357 22500 2312 20188
is_linear=0
shrinkage=0.03


Tree=101
num_leaves=31
num_cat=0
split_feature=0 4 0 12 0 3 0 2 0 24 23 1 3 21 24 2 0 11 23 4 3 17 24 21 2 3 3 0 26 26
split_gain=3745.47 1341.77 901.788 371.068 288.95 381.321 167.872 163.038 151.052 183.054 132.181 129.819 214.131 119.498 116.34 122.212 93.4385 76.3045 99.2942 62.1896 125.127 67.0214 61.661 60.9712 114.587 112.657 59.7907 53.7663 50.6584 99.1713
threshold=26.785000000000004 31.845000000000002 15.075000000000001 0.53500000000000014 55.510000000000005 21.155000000000005 55.510000000000005 25.135000000000002 8.4250000000000025 3.5000000000000004 3.5000000000000004 25.015000000000004 20.355000000000004 5.5000000000000009 4.5000000000000009 34.305000000000007 10.255000000000001 12.500000000000002 2.5000000000000004 16.015000000000004 21.325000000000003 43.000000000000007 2.5000000000000004 11.500000000000002 29.705000000000002 17.455000000000002 23.245000000000001 3.3750000000000004 -0.2490870967741938 -1.0536129032258066
decision_type=2 2 2 2 2 2 2 2 2 2 2 2 2 2 2 2 2 2 2 2 2 2 2 2 2 2 2 2 2 2
left_child=2 3 8 4 7 -6 17 10 23 16 -2 12 -11 -13 28 19 22 18 -5 21 -21 -16 -10 24 25 -1 -26 -25 29 -4
right_child=1 -3 14 6 5 -7 -8 -9 9 11 -12 13 -14 -15 15 -17 -18 -19 -20 20 -22 -23 -24 27 26 -27 -28 -29 -30 -31
leaf_value=-0.0045700886106395024 0.097078406527101729 0.31792897128633085 0.0094355852263314378 0.032924689448648882 0.082319517686963078 0.26535442556653704 -0.016270010918378829 0.1426764068884008 0.018200204572304313 -0.0084234128489006996 0.029643598832982648 -0.0010300287414823093 0.029810750804545365 -0.028661336304953395 0.021289921302861552 -0.042160732803099295 0.025521896799107636 0.044294994827761926 0.096754657900333399 -0.036404622859071666 0.027527760386957586 0.082480664066970341 -0.0050260152708585942 -0.0059833747918823258 -0.0042917604226848875 0.0040155976587579719 -0.00091493908725500609 -0.022233507953947636 0.031053962019606019 0.06894889079034329
leaf_weight=2001 59 21 35 31 20 21 30 34 194 294 47 366 239 229 49 34 462 139 75 41 84 24 219 1727 15025 4400 6880 205 530 90
leaf_count=2001 59 21 35 31 20 21 30 34 194 294 47 366 239 229 49 34 462 139 75 41 84 24 219 1727 15025 4400 6880 205 530 90
internal_value=7.84565e-12 0.0834662 -0.0012018 0.0726686 0.106026 0.176069 0.0507133 0.0855134 -0.00202279 0.00595562 0.0671781 -0.00203205 0.00872099 -0.0116646 0.0286395 0.0103837 0.0162529 0.0589154 0.0780874 0.0194065 0.00655794 0.0414074 0.00588412 -0.00255129 -0.00219934 0.00133165 -0.00323116 -0.00770764 0.0351057 0.0522852
internal_weight=33605 477 33128 456 181 41 275 140 32241 2003 106 1128 533 595 887 232 875 245 106 198 125 73 413 30238 28306 6401 21905 1932 655 125
internal_count=33605 477 33128 456 181 41 275 140 32241 2003 106 1128 533 595 887 232 875 245 106 198 125 73 413 30238 28306 6401 21905 1932 655 125
is_linear=0
shrinkage=0.03


Tree=102
num_leaves=31
num_cat=0
split_feature=0 0 0 3 23 0 1 25 3 25 2 8 24 2 0 23 3 2 3 0 2 11 23 12 0 14 25 8 3 3
split_gain=3524.11 848.492 840.026 939.869 747.08 142.125 179.139 156.202 149.106 129.246 124.373 134.717 109.465 114.989 104.85 142.786 76.4148 58.9815 123.078 143.171 89.3537 55.2754 51.3962 55.6934 50.3245 48.9924 50.3118 47.985 46.5103 39.0449
threshold=26.785000000000004 15.075000000000001 55.510000000000005 23.115000000000006 3.5000000000000004 8.4250000000000025 30.805000000000003 -1.8455967741935482 24.205000000000002 -2.5141270514997163 25.405000000000005 597.50000000000011 4.5000000000000009 34.305000000000007 35.95000000000001 3.5000000000000004 22.015000000000004 38.215000000000011 23.175000000000004 1.0750000000000004 31.955000000000002 21.000000000000004 4.5000000000000009 0.69000000000000006 4.8250000000000011 0.13000000000000003 4.2306451612903233 785.00000000000011 24.705000000000002 18.465000000000003
decision_type=2 2 2 2 2 2 2 2 2 2 2 2 2 2 2 2 2 2 2 2 2 2 2 2 2 2 2 2 2 2
left_child=1 5 9 4 -4 17 7 28 -9 -2 14 21 25 22 16 -16 -11 18 20 -20 -1 -12 29 -24 -19 26 27 -3 -7 -14
right_child=2 12 3 -5 -6 6 -8 8 -10 10 11 -13 13 -15 15 -17 -18 24 19 -21 -22 -23 23 -25 -26 -27 -28 -29 -30 -31
leaf_value=-0.0015453345170169579 0.012080687915906311 0.037612278731969685 0.021674968434231622 0.3480474055409431 0.23899063259363174 -0.0081571506281128796 -0.034430232781328653 0.010209285489227572 0.0461908246425137 0.045324941644072532 0.092434837894780283 0.13998415630204336 -0.0086362019821029645 -0.040895911161513893 0.10494705203654511 0.027008480061503016 -0.017182029433872387 -0.0056936890163537994 -0.0027779538343210056 0.0075051429655520092 -0.0054518775670238818 0.054015620882694536 -0.040541391927399674 0.024787097858346027 -0.023566416515409947 0.02542347709549489 0.012652247813732727 0.062925428264928099 0.027599554818921856 0.033818224288697817
leaf_weight=14266 40 195 35 20 24 507 95 1253 113 75 70 35 23 34 56 34 23 2590 2484 2392 8356 65 24 23 150 311 46 103 35 128
leaf_count=14266 40 195 35 20 24 507 95 1253 113 75 70 35 23 34 56 34 23 2590 2484 2392 8356 65 24 23 150 311 46 103 35 128
internal_value=-5.21623e-12 -0.00116575 0.0809622 0.170321 0.110075 -0.0019621 0.00577695 0.00777888 0.0131858 0.0632252 0.0689397 0.0875347 0.0277803 0.0100722 0.052125 0.0755036 0.0306549 -0.00247475 -0.0020565 0.00226658 -0.00298831 0.0739367 0.0188243 -0.00857213 -0.00667212 0.0340525 0.0418538 0.0463615 -0.00584814 0.0273517
internal_weight=33605 33128 477 79 59 32241 2003 1908 1366 398 358 170 887 232 188 90 98 30238 27498 4876 22622 135 198 47 2740 655 344 298 542 151
internal_count=33605 33128 477 79 59 32241 2003 1908 1366 398 358 170 887 232 188 90 98 30238 27498 4876 22622 135 198 47 2740 655 344 298 542 151
is_linear=0
shrinkage=0.03


Tree=103
num_leaves=31
num_cat=0
split_feature=0 4 0 12 0 3 0 2 22 22 22 2 3 0 22 25 22 22 0 22 22 26 24 22 20 26 0 22 22 0
split_gain=3315.83 1253.33 798.858 348.578 266.945 350.303 183.866 146.646 133.585 138.323 130.361 105.485 199.218 95.6655 192.655 88.4268 85.5436 397.369 146.78 134.851 111.984 76.8971 72.413 60.5078 59.4575 49.9658 27.8056 54.511 19.077 16.3968
threshold=26.785000000000004 31.845000000000002 13.655000000000003 0.53500000000000014 55.510000000000005 21.155000000000005 55.510000000000005 25.135000000000002 320.50000000000006 72.500000000000014 77.500000000000014 29.275000000000002 17.915000000000003 7.6250000000000009 268.50000000000006 -2.5897150537634399 274.50000000000006 262.50000000000006 3.8750000000000004 306.50000000000006 252.50000000000003 -0.22067956989247314 3.5000000000000004 206.50000000000003 0.46500000000000002 -1.0536129032258066 6.6850000000000014 232.50000000000003 326.50000000000006 15.075000000000001
decision_type=2 2 2 2 2 2 2 2 2 2 2 2 2 2 2 2 2 2 2 2 2 2 2 2 2 2 2 2 2 2
left_child=2 3 11 4 7 -6 15 25 9 29 -11 12 26 23 -15 -5 17 20 28 -20 -13 -12 -19 -14 -17 -2 -1 -28 -18 -4
right_child=1 -3 8 6 5 -7 -8 -9 -10 10 21 16 13 14 -16 24 18 22 19 -21 -22 -23 -24 -25 -26 -27 27 -29 -30 -31
leaf_value=-0.0043998998168571762 0.041933666450135847 0.3051374854253871 -0.0019030785025721084 0.011975780520588159 0.07789578969776631 0.25332858034542627 -0.023283588230609893 0.13492560299003825 -0.046410362627357246 0.082991014802576715 0.041442030689063901 -0.0023940971583035074 0.0088670327284549461 0.0077195815653757806 0.046361851188492897 0.10442582660251193 -0.0062872492542007212 0.021293602097540026 -0.041252371023463852 -0.0078818478371398756 -0.020143883686598675 0.021326664190584564 0.052622354527343512 0.00048349590228845263 0.056719028190146764 0.08315710404786196 -0.0015534199392060182 -0.039695348486304287 -0.0010974536258884025 -0.033115621779791327
leaf_weight=2668 51 21 28 36 20 21 30 34 24 37 218 20377 1121 658 141 27 2480 175 204 234 325 794 107 2509 182 55 77 60 858 33
leaf_count=2668 51 21 28 36 20 21 30 34 24 37 218 20377 1121 658 141 27 2480 175 204 234 325 794 107 2509 182 55 77 60 858 33
internal_value=-6.51114e-13 0.0785334 -0.00113078 0.0680976 0.100428 0.167752 0.0468181 0.0807123 0.0236142 0.0251282 0.027682 -0.00200784 0.00117905 0.00514101 0.0145388 0.055402 -0.00293894 -0.00219092 -0.00709582 -0.0234243 -0.00267275 0.0256598 0.0331808 0.00307246 0.0628821 0.0633232 -0.00507674 -0.0182579 -0.00495326 -0.0187886
internal_weight=33605 477 33128 456 181 41 275 140 1134 1110 1049 31994 7234 4429 799 245 24760 20984 3776 438 20702 1012 282 3630 209 106 2805 137 3338 61
internal_count=33605 477 33128 456 181 41 275 140 1134 1110 1049 31994 7234 4429 799 245 24760 20984 3776 438 20702 1012 282 3630 209 106 2805 137 3338 61
is_linear=0
shrinkage=0.03


Tree=104
num_leaves=31
num_cat=0
split_feature=0 4 0 8 23 22 0 25 0 25 2 22 22 0 22 0 25 22 22 0 22 22 25 22 26 23 22 2 22 7
split_gain=3124.89 1208.1 551.763 352.807 544.959 294.463 196.993 164.838 152.153 150.398 86.4922 123.381 98.3326 216.252 82.6579 82.7968 119.613 73.3106 374.412 130.293 112.157 104.296 74.6891 72.7986 71.4725 106.295 59.491 103.07 221.335 59.029
threshold=22.875000000000004 34.120000000000012 12.055000000000001 785.00000000000011 5.5000000000000009 200.50000000000003 55.510000000000005 8.5840322580645196 55.510000000000005 -1.8455967741935482 29.275000000000002 344.50000000000006 262.50000000000006 2.6950000000000007 145.50000000000003 16.190000000000001 -1.0258091397849463 274.50000000000006 262.50000000000006 3.8750000000000004 306.50000000000006 252.50000000000003 -0.30298387096774188 218.50000000000003 -0.17141720430107546 2.5000000000000004 318.50000000000006 31.815000000000001 74.500000000000014 78.472250000000017
decision_type=2 2 2 2 2 2 2 2 2 2 2 2 2 2 2 2 2 2 2 2 2 2 2 2 2 2 2 2 2 2
left_child=2 3 10 8 5 6 -5 -7 24 26 11 12 23 -14 29 16 -16 18 21 -19 -21 -12 -20 -1 -2 -26 27 28 -4 -11
right_child=1 -3 9 4 -6 7 -8 -9 -10 14 17 -13 13 -15 15 -17 -18 19 22 20 -22 -23 -24 -25 25 -27 -28 -29 -30 -31
leaf_value=0.0024436860411446723 0.031252288875488823 0.28957405375582834 -0.013511228264906094 0.086327249533496797 0.23957170647382736 0.062496556813732299 0.18734951625699581 -0.027238652838601007 -0.022585079848766326 0.049992982209184945 -0.0024086107539662283 -0.0093397883306587885 -0.00019606041536405952 0.024069246606610036 -0.031525161394051142 0.028213002836730863 0.015392141502387966 -0.0048046655359201837 0.050545256145508775 -0.038950822023660729 -0.0078613324502558868 -0.019539567202338591 0.018120839319784532 -0.0062180492649067153 0.030848966547781052 0.072690877399096882 -0.038866769053380601 -0.011490143604415397 0.067773971439976433 0.016681468924901015
leaf_weight=3590 149 21 64 71 20 58 23 27 30 147 20186 930 833 548 56 406 386 3338 124 198 221 325 132 1154 85 153 33 169 57 71
leaf_count=3590 149 21 64 71 20 58 23 27 30 147 20186 930 833 548 56 406 386 3338 124 198 221 325 132 1154 85 153 33 169 57 71
internal_value=-1.38592e-11 0.0658132 -0.00127163 0.058185 0.0910506 0.074456 0.111045 0.0339924 0.042501 0.0172338 -0.00208559 0.000841648 0.00238756 0.00943275 0.0226677 0.0184321 0.00944787 -0.00292769 -0.00223003 -0.00678403 -0.0225528 -0.00268005 0.0338264 0.000336679 0.0475464 0.0577473 -0.000699814 0.00364332 0.0247801 0.0391438
internal_weight=33605 637 32968 616 199 179 94 85 417 1389 31579 7055 6125 1381 1066 848 442 24524 20767 3757 419 20511 256 4744 387 238 323 290 121 218
internal_count=33605 637 32968 616 199 179 94 85 417 1389 31579 7055 6125 1381 1066 848 442 24524 20767 3757 419 20511 256 4744 387 238 323 290 121 218
is_linear=0
shrinkage=0.03


Tree=105
num_leaves=31
num_cat=0
split_feature=0 0 4 12 1 22 4 0 3 22 2 22 24 1 3 5 1 0 21 0 22 26 22 14 5 22 24 22 5 2
split_gain=2958.34 974.786 858.33 284.028 310.262 232.968 206.854 166.224 151.628 133.352 128.465 96.875 104.498 88.854 292.396 231.043 100.293 86.8025 83.2208 107.051 75.2246 68.8732 70.0477 66.3361 44.6764 37.2321 35.3623 32.6884 30.6518 19.4388
threshold=31.605000000000004 15.075000000000001 30.165000000000003 0.53500000000000014 22.065000000000001 204.50000000000003 20.115000000000006 55.510000000000005 22.015000000000004 74.500000000000014 24.835000000000004 76.500000000000014 4.5000000000000009 30.805000000000003 24.255000000000006 0.43585000000000007 27.395000000000003 8.7550000000000008 7.5000000000000009 13.285000000000002 280.50000000000006 -0.17141720430107546 200.50000000000003 0.13000000000000003 0.9799500000000001 142.50000000000003 3.5000000000000004 268.50000000000006 0.95085000000000008 27.135000000000002
decision_type=2 2 2 2 2 2 2 2 2 2 2 2 2 2 2 2 2 2 2 2 2 2 2 2 2 2 2 2 2 2
left_child=1 10 3 4 5 6 -2 21 -6 -3 18 -11 23 14 16 -16 -12 28 24 27 -14 29 -23 -13 26 -19 -1 -20 -15 -5
right_child=2 9 -4 7 8 -7 -8 -9 -10 11 13 12 20 17 15 -17 -18 25 19 -21 -22 22 -24 -25 -26 -27 -28 -29 -30 -31
leaf_value=-0.0028454001879993271 0.0359295030683279 -0.031742538585412226 0.26783036037955599 0.020440278134562753 0.22922897994518279 -0.0057624844291611858 0.14733516159653662 -0.015957481690815515 0.12124032940864564 0.089092373634921382 -0.0013903566599272391 0.041989506734111767 0.015913157355250184 -0.0055053230391706046 0.0010300675412078881 0.022432397378644404 -0.0059968673022555386 -0.025621679967908716 0.014644174453552539 0.091588098362088199 -0.043599564518247327 0.057955718531328089 0.12142302348695952 0.02420905163847013 -0.017432928728621178 -0.072264776945114129 0.024575393594704665 0.044937900849863099 -0.025585653477481433 0.054726571314360782
leaf_weight=94 24 33 23 22 22 23 40 28 25 24 21368 396 213 3023 1086 780 5311 67 205 20 21 34 29 361 82 20 77 38 70 46
leaf_count=94 24 33 23 22 22 23 40 28 25 24 21368 396 213 3023 1086 780 5311 67 205 20 21 34 29 361 82 20 77 38 70 46
internal_value=-8.11409e-12 -0.000867235 0.0913588 0.0775061 0.109681 0.0761285 0.105558 0.0503903 0.171788 0.0276068 -0.00179279 0.0295364 0.0280941 -0.0020343 -0.00150438 0.00997638 -0.00230738 -0.00679105 0.0130558 0.0248725 0.0105723 0.0645715 0.0871708 0.0335103 0.000772085 -0.0363442 0.00950197 0.0193815 -0.00595978 0.0436339
internal_weight=33605 33289 316 293 134 87 64 159 47 1048 32241 1015 991 31725 28545 1866 26679 3180 516 263 234 131 63 757 253 87 171 243 3093 68
internal_count=33605 33289 316 293 134 87 64 159 47 1048 32241 1015 991 31725 28545 1866 26679 3180 516 263 234 131 63 757 253 87 171 243 3093 68
is_linear=0
shrinkage=0.03


Tree=106
num_leaves=31
num_cat=0
split_feature=0 4 0 12 0 3 0 22 22 22 0 24 22 22 23 26 21 5 0 24 11 23 26 22 4 0 0 1 22 24
split_gain=2792.02 1094.38 659.513 292.961 237.171 316.627 157.109 116.521 115.908 116.862 86.2882 151.768 107.9 304.259 83.135 159.564 82.0307 74.0142 105.857 99.8566 58.9948 82.1396 44.7361 44.1714 41.9333 41.6927 40.3243 40.0954 33.4104 32.6895
threshold=26.785000000000004 31.845000000000002 13.655000000000003 0.53500000000000014 55.510000000000005 21.155000000000005 55.510000000000005 314.50000000000006 72.500000000000014 77.500000000000014 6.8050000000000006 2.5000000000000004 314.50000000000006 308.50000000000006 3.5000000000000004 -0.9956247311827956 10.500000000000002 0.87955000000000017 4.3650000000000011 1.5000000000000002 12.500000000000002 2.5000000000000004 -0.22067956989247314 326.50000000000006 19.965000000000003 0.95500000000000007 5.6150000000000011 25.695000000000004 268.50000000000006 1.5000000000000002
decision_type=2 2 2 2 2 2 2 2 2 2 2 2 2 2 2 2 2 2 2 2 2 2 2 2 2 2 2 2 2 2
left_child=2 3 10 4 14 -6 20 8 -4 -10 17 22 13 -13 24 -16 -11 18 25 -20 21 -5 28 -14 -2 -1 -19 -24 -12 -28
right_child=1 -3 7 6 5 -7 -8 -9 9 16 11 12 23 -15 15 -17 -18 26 19 -21 -22 -23 27 -25 -26 -27 29 -29 -30 -31
leaf_value=-0.0033298577118506135 0.11090066563889232 0.28381107835897379 -0.017310535967479779 0.026519959351468468 0.069981981799006471 0.23676905563899447 -0.021996379137039185 -0.042603340794146058 0.077595905935945536 0.0218445867581256 0.023521401718223714 -0.0003889906462406269 -0.055944403130561114 0.087668831199407576 -0.0022680703401565553 0.094036927632987502 0.0730399059170279 -0.015610195944587651 0.034578642319957512 0.0041193974398136624 0.037883265435481248 0.084574891629815102 0.0044436338645406064 -0.016506503266025718 0.06538606015772655 -0.00091907521323705279 0.01460073545470204 0.022784000033300795 0.061495150402188302 -0.0068983824054182439
leaf_weight=16201 49 21 61 31 20 21 30 25 37 982 159 1854 32 36 30 32 29 544 107 1023 139 75 300 127 29 10734 71 167 24 615
leaf_count=16201 49 21 61 31 20 21 30 25 37 982 159 1854 32 36 30 32 29 544 107 1023 139 75 300 127 29 10734 71 167 24 615
internal_value=4.40263e-13 0.0720637 -0.00103762 0.0623122 0.0919517 0.15541 0.0428041 0.0214458 0.0228897 0.0252296 -0.00183453 0.00329831 -0.000708471 0.0012883 0.0733676 0.0474377 0.0233131 -0.00230743 -0.00199174 0.00700359 0.0507388 0.0675966 0.0159289 -0.0244437 0.0939786 -0.00236912 -0.00951041 0.0110022 0.0285016 -0.00467326
internal_weight=33605 477 33128 456 181 41 275 1134 1109 1048 31994 2699 2049 1890 140 62 1011 29295 28065 1130 245 106 650 159 78 26935 1230 467 183 686
internal_count=33605 477 33128 456 181 41 275 1134 1109 1048 31994 2699 2049 1890 140 62 1011 29295 28065 1130 245 106 650 159 78 26935 1230 467 183 686
is_linear=0
shrinkage=0.03


Tree=107
num_leaves=31
num_cat=0
split_feature=0 0 4 12 2 3 0 0 22 2 3 22 24 3 2 22 22 2 22 26 14 26 22 0 22 5 24 3 2 4
split_gain=2640.81 859.847 779.093 250.82 279.894 194.318 163.32 147.297 119.55 118.096 87.611 86.6458 97.52 86.061 249.241 353.234 78.2837 71.8318 71.3866 64.1994 63.3496 61.5833 65.4728 57.5052 51.1683 34.1951 53.999 23.012 18.29 15.6466
threshold=31.605000000000004 15.075000000000001 30.165000000000003 0.53500000000000014 22.755000000000006 20.395000000000003 45.055000000000007 55.510000000000005 74.500000000000014 24.515000000000004 21.885000000000002 76.500000000000014 4.5000000000000009 21.515000000000004 33.885000000000012 188.50000000000003 200.50000000000003 35.065000000000005 145.50000000000003 0.41528975664968887 0.13000000000000003 -0.17141720430107546 200.50000000000003 10.525 336.50000000000006 0.9799500000000001 3.5000000000000004 18.905000000000005 27.135000000000002 16.885000000000002
decision_type=2 2 2 2 2 2 2 2 2 2 2 2 2 2 2 2 2 2 2 2 2 2 2 2 2 2 2 2 2 2
left_child=1 9 3 4 5 -2 -6 21 -3 16 -8 -10 20 19 15 -15 25 -14 -16 24 -13 28 -23 27 -11 26 -1 -18 -5 -27
right_child=2 8 -4 7 6 -7 10 -9 11 13 -12 12 17 14 18 -17 23 -19 -20 -21 -22 22 -24 -25 -26 29 -28 -29 -30 -31
leaf_value=-0.010651777023391332 0.11730277185095474 -0.030270946303551847 0.25444552018590594 0.018690571148287163 0.083442119251598015 0.017555833458900449 0.22970198687911034 -0.014818864805357797 0.084074276778846976 -0.0028173663603750002 0.14196798205375671 0.039904673509895065 0.015078719143090502 0.014723894248746287 -0.002095248559411927 -0.00065482855202522413 -0.0046249619986002254 -0.039707613103091718 -0.0088782149028168566 0.040556768268346782 0.022529071442050203 0.054111838296932328 0.11547155857086182 0.048218514746221811 -0.0081186503746282015 -0.0045201660901308064 0.033700298336999758 0.021172968960887231 0.051948276252850242 -0.036906303547579664
leaf_weight=60 32 33 23 22 22 39 20 28 24 15818 21 396 210 2011 6289 4054 39 24 1795 30 361 34 29 67 1828 25 42 154 46 29
leaf_count=60 32 33 23 22 22 39 20 28 24 15818 21 396 210 2011 6289 4054 39 24 1795 30 361 34 29 67 1828 25 42 154 46 29
internal_value=-6.11585e-12 -0.000819372 0.0863167 0.0731188 0.103354 0.0625122 0.149382 0.0476375 0.0259233 -0.00168865 0.184765 0.0277503 0.0263863 -0.00189623 -0.000152543 0.00444437 0.0141921 0.00945961 -0.00360136 -0.00329199 0.0316186 0.060987 0.0823568 0.0242727 -0.00336654 -0.00260885 0.00761084 0.0159599 0.0411884 -0.0219127
internal_weight=33605 33289 316 293 134 71 63 159 1048 32241 41 1015 991 31825 14149 6065 416 234 8084 17676 757 131 63 260 17646 156 102 193 68 54
internal_count=33605 33289 316 293 134 71 63 159 1048 32241 41 1015 991 31825 14149 6065 416 234 8084 17676 757 131 63 260 17646 156 102 193 68 54
is_linear=0
shrinkage=0.03


Tree=108
num_leaves=31
num_cat=0
split_feature=0 0 4 12 1 22 4 0 22 2 22 1 0 24 0 22 24 21 0 22 22 26 22 7 4 22 22 0 2 0
split_gain=2484.74 809.03 733.049 235.997 275.724 220.667 190.978 138.592 112.485 111.424 104.116 81.7078 95.9331 241.447 91.4517 81.525 91.7566 74.6846 97.8078 68.9577 62.432 57.9437 61.6033 51.7922 30.2969 30.2252 24.1793 21.7114 17.2091 9.91262
threshold=31.605000000000004 15.075000000000001 30.165000000000003 0.53500000000000014 22.065000000000001 204.50000000000003 20.115000000000006 55.510000000000005 74.500000000000014 24.835000000000004 200.50000000000003 31.665000000000003 9.2550000000000008 3.5000000000000004 4.8250000000000011 76.500000000000014 4.5000000000000009 7.5000000000000009 13.285000000000002 280.50000000000006 336.50000000000006 -0.17141720430107546 200.50000000000003 79.153350000000017 13.495000000000003 268.50000000000006 150.50000000000003 4.6050000000000013 27.135000000000002 1.7750000000000001
decision_type=2 2 2 2 2 2 2 2 2 2 2 2 2 2 2 2 2 2 2 2 2 2 2 2 2 2 2 2 2 2
left_child=1 9 3 4 5 6 -2 21 -3 17 -6 12 20 -14 29 -10 23 24 25 -18 -11 28 -23 -17 -1 -19 -16 -26 -5 -13
right_child=2 8 -4 7 10 -7 -8 -9 15 11 -12 14 13 -15 26 16 19 18 -20 -21 -22 22 -24 -25 27 -27 -28 -29 -30 -31
leaf_value=0.02783635896630585 0.030362578853964806 -0.029362817897715349 0.246812164252219 0.018129854175177488 0.20068852715492247 -0.011075725976539694 0.13740782736986873 -0.014374300986528397 0.081552048595622179 -0.0014688123750847537 0.11120408656922252 -0.004605231165423389 0.021815107562476305 -0.0040652927547715212 -0.023440046432343396 0.033957013310560877 0.014289392919974848 0.01358106614308568 0.087155230119824401 -0.042690416936363496 -0.0072318649575254428 0.05248848252217559 0.11200741237607496 0.011936915838777755 0.013139663210345638 0.042711059323659067 -0.054218053751521639 -0.0087433146163932753 0.05038982811181441 -0.010121531813666989
leaf_weight=32 24 33 23 22 25 23 40 28 24 26533 22 1490 543 806 154 644 213 205 20 21 1807 34 29 113 54 38 27 167 46 365
leaf_count=32 24 33 23 22 25 23 40 28 24 26533 22 1490 543 806 154 644 213 205 20 21 1807 34 29 113 54 38 27 167 46 365
internal_value=-3.22744e-12 -0.000794791 0.0837272 0.0709253 0.100254 0.0686238 0.0972659 0.0462084 0.0251456 -0.00163799 0.158802 -0.00186291 -0.00146421 0.0063521 -0.00767672 0.0269178 0.0255947 0.0121907 0.023385 0.00917582 -0.00183627 0.0591573 0.0798861 0.03067 0.000554039 0.0181364 -0.0280312 -0.00339634 0.0399528 -0.00569065
internal_weight=33605 33289 316 293 134 87 64 159 1048 32241 47 31725 29689 1349 2036 1015 991 516 263 234 28340 131 63 757 253 243 181 221 68 1855
internal_count=33605 33289 316 293 134 87 64 159 1048 32241 47 31725 29689 1349 2036 1015 991 516 263 234 28340 131 63 757 253 243 181 221 68 1855
is_linear=0
shrinkage=0.03


Tree=109
num_leaves=31
num_cat=0
split_feature=0 0 3 22 0 22 25 2 8 22 22 2 3 16 22 22 3 1 22 21 3 22 24 0 17 11 0 0 21 25
split_gain=2340.03 718.941 954.99 961.59 547.566 104.648 102.832 124.737 99.2415 96.1495 112.43 88.1809 172.14 81.9432 81.3511 144.342 79.3086 237.655 215.805 72.4297 62.5967 58.3209 56.137 51.138 113.69 38.2293 28.1472 27.4785 42.8515 14.6961
threshold=26.785000000000004 55.510000000000005 23.115000000000006 204.50000000000003 13.655000000000003 320.50000000000006 -2.5255645161290321 25.405000000000005 597.50000000000011 74.500000000000014 77.500000000000014 29.275000000000002 17.765000000000004 30.000000000000004 340.50000000000006 262.50000000000006 22.295000000000005 28.545000000000005 188.50000000000003 10.500000000000002 21.945000000000004 145.50000000000003 2.5000000000000004 4.535000000000001 43.000000000000007 21.000000000000004 5.2150000000000007 4.535000000000001 7.5000000000000009 -0.11772043010752689
decision_type=2 2 2 2 2 2 2 2 2 2 2 2 2 2 2 2 2 2 2 2 2 2 2 2 2 2 2 2 2 2
left_child=4 6 3 -3 11 9 -2 13 25 -6 -11 12 27 20 15 -14 23 18 -18 -12 -8 -19 -15 -13 -25 -9 -16 29 -29 -1
right_child=1 2 -4 -5 5 -7 7 8 -10 10 19 16 14 22 26 -17 17 21 -20 -21 -22 -23 -24 24 -26 -27 -28 28 -30 -31
leaf_value=-0.0035470457216860854 0.003298853635787964 0.18130228400230408 0.32779176664352416 -0.069152866358106788 -0.015117802171125298 -0.042441017794189975 0.062386891852319236 0.076982741575688116 0.11818339376577308 0.075904821098915165 0.019811538936148367 -0.0033653715598440208 0.0027314843419874164 0.041980295089574959 -0.0068505566452963735 0.015570176613929548 0.012378066239943296 -0.0023444568619416751 -0.0020696443787399607 0.067132494360208517 0.011638405833925518 -0.0089313864913984457 -0.016578955315053462 -0.01534627111435293 0.0024835940677637412 0.04515779438343915 -0.039910510647296907 -0.0032689584527785579 -0.0279492672869062 -0.025032147008540302
leaf_weight=2395 39 37 20 22 63 24 100 70 35 35 982 13046 3160 26 318 1050 1963 4941 1769 30 28 1602 34 953 486 66 25 144 113 29
leaf_count=2395 39 37 20 22 63 24 100 70 35 35 982 13046 3160 26 318 1050 1963 4941 1769 30 28 1602 34 953 486 66 25 144 113 29
internal_value=-1.31531e-11 0.0659734 0.148641 0.0879122 -0.000949931 0.0195367 0.0495644 0.0545905 0.0731323 0.0208767 0.0230426 -0.00167606 0.00123774 0.0377254 0.00478892 0.00593353 -0.00252737 -0.000511445 0.00552973 0.0212143 0.0512857 -0.00395721 0.00879672 -0.00395738 -0.00932451 0.0615383 -0.00926017 -0.00479303 -0.0141206 -0.00380409
internal_weight=33605 477 79 59 33128 1134 398 359 171 1110 1047 31994 7234 188 4553 4210 24760 10275 3732 1012 128 6543 60 14485 1439 136 343 2681 257 2424
internal_count=33605 477 79 59 33128 1134 398 359 171 1110 1047 31994 7234 188 4553 4210 24760 10275 3732 1012 128 6543 60 14485 1439 136 343 2681 257 2424
is_linear=0
shrinkage=0.03


Tree=110
num_leaves=30
num_cat=0
split_feature=0 0 25 4 8 1 4 2 22 3 1 22 22 4 22 24 22 12 1 3 5 14 0 25 4 5 22 3 22
split_gain=2208.5 716.413 704.004 395.122 140.958 305.89 191.532 102.646 101.151 78.3485 292.944 281.569 90.4131 74.2236 72.3944 85.1546 70.2 69.0176 66.711 169.404 106.323 57.5703 51.7143 48.1192 31.9522 44.5746 29.9485 21.4936 10.7727
threshold=31.605000000000004 15.075000000000001 -3.2685483870967738 26.045000000000005 785.00000000000011 22.065000000000001 20.115000000000006 24.515000000000004 74.500000000000014 22.075000000000003 27.395000000000003 188.50000000000003 145.50000000000003 29.525000000000002 76.500000000000014 4.5000000000000009 200.50000000000003 0.71000000000000008 24.975000000000005 19.435000000000006 0.80260000000000009 0.13000000000000003 10.525 -1.5899166666666666 13.125000000000002 0.9799500000000001 200.50000000000003 18.905000000000005 256.50000000000006
decision_type=2 2 2 2 2 2 2 2 2 2 2 2 2 2 2 2 2 2 2 2 2 2 2 2 2 2 2 2 2
left_child=1 7 -2 4 23 6 -6 16 -3 18 11 -11 -12 -5 -10 21 24 -17 19 -9 -20 -16 27 -4 -1 -26 -25 -18 -24
right_child=2 8 3 13 5 -7 -8 9 14 10 12 -13 -14 -15 15 17 22 -19 20 -21 -22 -23 28 26 25 -27 -28 -29 -30
leaf_value=0.032757832344621422 0.20381604395806788 -0.028028399634428998 0.014051147148013116 0.018031118295409463 0.020902498874225114 0.1718783560165992 0.11615255775224222 -0.0036981034175435339 0.076825648248195641 0.019018510045313346 -0.00082726000997779302 0.0012484348699759657 -0.0076004156280875586 -0.054116570183209006 0.036883302665118016 -0.0062949299072990053 -0.0049685138703968656 0.02649352043464135 -0.0038906088143584082 0.0042653243034267369 -0.015615553332319593 0.02031923244289352 0.036529781613932097 0.046011302741244431 0.0048308219654824248 -0.031108729520346969 0.080686114044750443 0.019963728244395251 0.061618697977391994
leaf_weight=20 36 33 20 33 38 39 38 8654 24 1230 5923 2309 2532 21 396 130 39 104 7076 3329 772 361 43 40 88 48 51 154 24
leaf_count=20 36 33 20 33 38 39 38 8654 24 1230 5923 2309 2532 21 396 130 39 104 7076 3329 772 361 43 40 88 48 51 154 24
internal_value=-6.73895e-12 -0.00074931 0.078936 0.06288 0.0803001 0.103577 0.0685275 -0.00154278 0.0236612 -0.00173631 0.000177696 0.00742453 -0.0028556 -0.0100263 0.0253417 0.0240949 0.0132628 0.00827771 -0.00289392 -0.00148578 -0.00504398 0.0289842 0.0228087 0.0561844 -0.00264712 -0.00785373 0.0654444 0.0149256 0.0455169
internal_weight=33605 33289 316 280 226 115 76 32241 1048 31825 11994 3539 8455 54 1015 991 416 234 19831 11983 7848 757 260 111 156 136 91 193 67
internal_count=33605 33289 316 280 226 115 76 32241 1048 31825 11994 3539 8455 54 1015 991 416 234 19831 11983 7848 757 260 111 156 136 91 193 67
is_linear=0
shrinkage=0.03


Tree=111
num_leaves=31
num_cat=0
split_feature=2 3 7 5 22 22 22 22 2 3 4 5 22 21 2 2 1 3 24 1 3 19 23 2 1 5 9 23 24 25
split_gain=648.861 2358.95 245.712 195.271 259.073 463.714 235.355 473.031 260.017 142.329 130.732 112.803 101.232 149.116 82.3846 82.0728 75.6141 73.502 53.3691 53.0528 63.6288 41.7704 52.5342 34.8741 30.2241 29.7364 24.0832 22.4596 20.3884 29.2918
threshold=26.485000000000003 23.385000000000002 73.832350000000005 0.61465000000000014 314.50000000000006 308.50000000000006 276.50000000000006 262.50000000000006 28.395000000000003 21.715000000000003 15.085000000000003 0.9799500000000001 326.50000000000006 11.500000000000002 23.285000000000004 24.155000000000005 21.085000000000004 19.475000000000005 2.5000000000000004 23.795000000000005 22.665000000000003 6.9500000000000011 1.0000000180025095e-35 29.665000000000003 22.995000000000001 0.86035000000000006 2.0000000000000004 1.0000000180025095e-35 1.5000000000000002 -0.17766666666666656
decision_type=2 2 2 2 2 2 2 2 2 2 2 2 2 2 2 2 2 2 2 2 2 2 2 2 2 2 2 2 2 2
left_child=1 2 9 28 5 6 7 -5 -8 15 24 -12 -6 17 21 16 -1 -14 -7 20 -16 22 -4 -20 -11 -15 -21 -17 29 -2
right_child=3 -3 14 4 12 18 8 -9 -10 10 11 -13 13 25 19 27 -18 -19 23 26 -22 -23 -24 -25 -26 -27 -28 -29 -30 -31
leaf_value=0.088793338285759082 -0.0031453768035188713 0.33272282934415015 -0.014226315094856544 0.0023339947496090604 -0.044423727849125856 0.034438719149801948 0.052949483722056212 0.03064792115039992 -0.030442758136267335 0.051426261171698573 0.15112973512709141 0.062269145442793765 -0.021937542205234743 -0.012294822076857089 0.0037007759653650482 0.030761163112792103 0.030011647123370646 0.029462622990733697 0.085922010279560493 0.057280762046575548 -0.044661193639039989 -0.0067837942230540346 0.032797752465462966 0.046622493858298947 0.0010004227381685505 -0.032047614972842364 0.017773866382677382 0.0033220201100387686 -0.0018643844289892343 -0.0099636561878758533
leaf_weight=22 4917 21 24 5571 100 53 38 587 294 20 20 36 34 125 1187 33 188 95 59 21 25 37 196 31 23 152 41 144 18870 641
leaf_count=22 4917 21 24 5571 100 53 38 587 294 20 20 36 34 125 1187 33 188 95 59 21 25 37 196 31 23 152 41 144 18870 641
internal_value=4.48197e-12 0.0164063 0.0131129 -0.00105921 0.00330543 0.00488389 0.00370646 0.00503297 -0.0208979 0.0316974 0.0637962 0.0940051 -0.0173861 -0.0107266 0.00721348 0.0234861 0.0361697 0.0159153 0.0583213 0.00408785 0.00270321 0.0227079 0.0276679 0.0723855 0.0244543 -0.0231339 0.0311552 0.00843779 -0.00233476 -0.00393172
internal_weight=33605 2038 2017 31567 7139 6633 6490 6158 332 486 99 56 506 406 1531 387 210 129 143 1274 1212 257 220 90 43 277 62 177 24428 5558
internal_count=33605 2038 2017 31567 7139 6633 6490 6158 332 486 99 56 506 406 1531 387 210 129 143 1274 1212 257 220 90 43 277 62 177 24428 5558
is_linear=0
shrinkage=0.03


Tree=112
num_leaves=31
num_cat=0
split_feature=2 3 7 5 3 1 7 3 1 18 22 3 4 5 22 1 2 2 1 1 3 19 25 5 25 22 1 26 23 6
split_gain=610.514 2219.54 231.19 183.73 244.521 363.357 287.921 286.884 291.024 169.028 158.551 133.917 123.006 106.136 95.7219 83.8679 77.5157 77.2223 71.1453 49.9174 59.8683 39.3018 49.9299 37.4751 42.111 34.1234 28.4378 24.7229 21.1322 18.7286
threshold=26.485000000000003 23.385000000000002 73.832350000000005 0.61465000000000014 18.755000000000006 24.745000000000001 75.202200000000019 22.425000000000004 30.805000000000003 24.500000000000004 262.50000000000006 21.715000000000003 15.085000000000003 0.9799500000000001 149.50000000000003 22.225000000000005 23.285000000000004 24.155000000000005 21.085000000000004 23.795000000000005 22.665000000000003 6.9500000000000011 0.13525268817204303 0.91685000000000005 -1.5434122807017541 99.500000000000014 22.995000000000001 0.33800000000000013 1.0000000180025095e-35 14.099000000000002
decision_type=2 2 2 2 2 2 2 2 2 2 2 2 2 2 2 2 2 2 2 2 2 2 2 2 2 2 2 2 2 2
left_child=1 2 11 -2 14 6 10 9 -9 -7 -6 17 26 -14 25 -8 21 18 -1 20 -18 22 -4 29 -25 27 -13 -5 -19 -16
right_child=3 -3 16 4 5 7 15 8 -10 -11 -12 12 13 -15 23 -17 19 28 -20 -21 -22 -23 -24 24 -26 -27 -28 -29 -30 -31
leaf_value=0.086129539138214153 -0.0022647147493341183 0.32274113616773059 0.067680355831980704 -0.0064667661395922367 -0.0048648388894429731 0.0072969281097957439 0.068125058028776692 0.011030582947517393 -0.014571977707407667 -0.015420675348571073 0.021764845148769807 0.049883472338318822 0.14659584295749664 0.060401070909574625 0.012676058381795884 0.028945855304905486 0.0035897526814443041 0.029838327657092701 0.029111297367972896 0.030220577201295281 -0.043321357887424528 -0.0065802803937647794 0.021836691694262871 -0.024247596546245569 -0.060470155877775926 0.03434199754893779 0.00097041035475938203 0.016614937173872021 0.0032223595764662603 -0.018373079991048508
leaf_weight=22 24428 21 24 822 493 402 53 2410 479 1105 340 20 20 36 20 681 1187 33 188 62 25 37 196 88 43 20 23 44 144 139
leaf_count=22 24428 21 24 822 493 402 53 2410 479 1105 340 20 20 36 20 681 1187 33 188 62 25 37 196 88 43 20 23 44 144 139
internal_value=-1.08613e-11 0.0159141 0.0127195 -0.00102743 0.00320627 0.00567192 0.0180756 0.00125051 0.00678564 -0.00936064 0.00600442 0.0307465 0.0618823 0.0911849 -0.00929603 0.0317749 0.00699708 0.0227815 0.0350846 0.00396521 0.00262211 0.0220267 0.0268378 -0.0242564 -0.0361374 -0.00439931 0.0237207 -0.00529402 0.00818466 -0.0144675
internal_weight=33605 2038 2017 31567 7139 5963 1567 4396 2889 1507 833 486 99 56 1176 734 1531 387 210 1274 1212 257 220 290 131 886 43 866 177 159
internal_count=33605 2038 2017 31567 7139 5963 1567 4396 2889 1507 833 486 99 56 1176 734 1531 387 210 1274 1212 257 220 290 131 886 43 866 177 159
is_linear=0
shrinkage=0.03


Tree=113
num_leaves=31
num_cat=0
split_feature=25 4 26 5 22 1 3 26 23 22 23 23 3 22 22 22 5 4 5 24 25 25 24 5 5 3 22 22 5 6
split_gain=499.479 340.067 2371.78 210.57 207.636 216.908 293.096 97.6444 144.543 229.636 135.833 127.536 176.611 75.9485 64.167 44.4535 40.4696 38.5237 25.5019 22.6993 31.1586 31.0738 41.9362 30.6562 21.0133 19.8829 11.4268 8.06474 6.55585 4.15639
threshold=1.4740000000000002 37.110000000000007 -0.10503225806451603 0.58935000000000015 340.50000000000006 31.975000000000005 24.255000000000006 -1.0536129032258066 5.5000000000000009 200.50000000000003 2.5000000000000004 1.5000000000000002 21.365000000000006 158.50000000000003 168.50000000000003 268.50000000000006 0.79420000000000013 15.155000000000003 0.86035000000000006 1.5000000000000002 -0.18795161290322573 -0.76867204301075265 3.5000000000000004 0.26345000000000007 0.87340000000000007 18.705000000000002 344.50000000000006 344.50000000000006 0.34995000000000004 18.100050000000003
decision_type=2 2 2 2 2 2 2 2 2 2 2 2 2 2 2 2 2 2 2 2 2 2 2 2 2 2 2 2 2 2
left_child=1 3 -3 19 5 6 -5 8 9 11 -11 -2 -13 -9 -15 17 29 -16 27 20 28 26 -23 -22 -7 -20 -21 -6 -1 -4
right_child=7 2 16 4 18 24 -8 13 -10 10 -12 12 -14 14 15 -17 -18 -19 25 21 23 22 -24 -25 -26 -27 -28 -29 -30 -31
leaf_value=-0.0033978500783846699 0.015932917172089219 0.34757252340065314 0.0088788742183343212 0.0030435370272119495 0.00058953287786450877 -0.01375705819030228 0.021028686466256708 -0.036894139817782813 0.11207904088944196 0.043437095403671258 -0.057495903342962257 0.035489463545382016 0.14834495369273309 0.063891968168318269 0.0029664812725093354 0.057706514382362364 -0.046339776294305919 0.022002292848246778 -0.027650396916533596 -0.001970392004160426 -0.015973987116127148 -0.0010654231161330281 0.0064941384260138093 -0.0032277135964816342 -0.030204444381925794 -0.060038590192794804 -0.0054579896132857303 -0.017846661022415868 -0.00024179349168161867 -0.0070547142479477857
leaf_weight=4223 30 20 23 6834 29 145 926 21 25 20 30 24 26 30 133 25 25 341 116 14727 351 2374 915 329 135 20 897 81 689 41
leaf_count=4223 30 20 23 6834 29 145 926 21 25 20 30 24 26 30 133 25 25 341 116 14727 351 2374 915 329 135 20 897 81 689 41
internal_value=-1.73529e-12 -0.000535396 0.0523663 -0.000711245 0.00342301 0.0042537 0.0051897 0.0249851 0.0460164 0.0333121 -0.0171227 0.0648338 0.0941743 0.0190581 0.0212793 0.0187174 -0.0139722 0.016661 -0.0237264 -0.00210918 -0.00378836 -0.0016127 0.00103765 -0.00980704 -0.021687 -0.0324134 -0.00217062 -0.0129862 -0.00295515 -0.00132858
internal_weight=33605 32900 109 32791 8286 8040 7760 705 155 130 50 80 50 550 529 499 89 474 246 24505 5592 18913 3289 680 280 136 15624 110 4912 64
internal_count=33605 32900 109 32791 8286 8040 7760 705 155 130 50 80 50 550 529 499 89 474 246 24505 5592 18913 3289 680 280 136 15624 110 4912 64
is_linear=0
shrinkage=0.03


Tree=114
num_leaves=31
num_cat=0
split_feature=0 4 0 12 0 3 0 2 22 25 0 24 22 2 22 22 22 25 3 22 14 3 22 2 3 0 3 25 0 25
split_gain=1927.53 928.845 435.69 217.158 196.062 266.052 169.758 113.782 84.4499 84.2165 78.5525 129.315 72.162 66.4194 135.776 65.3839 61.2742 75.2385 52.9925 49.9858 47.3595 46.1052 44.7391 67.6296 67.7477 49.6933 43.4029 38.1074 12.0306 4.28051
threshold=26.785000000000004 31.845000000000002 15.075000000000001 0.53500000000000014 55.510000000000005 21.155000000000005 55.510000000000005 25.135000000000002 74.500000000000014 -2.5897150537634399 8.4250000000000025 3.5000000000000004 97.500000000000014 29.315000000000001 145.50000000000003 142.50000000000003 77.500000000000014 -2.6529838709677418 20.505000000000006 268.50000000000006 0.13000000000000003 21.515000000000004 344.50000000000006 28.925000000000004 16.765000000000004 4.0650000000000004 23.535000000000004 -1.5143548387096768 1.7450000000000003 -1.5143548387096768
decision_type=2 2 2 2 2 2 2 2 2 2 2 2 2 2 2 2 2 2 2 2 2 2 2 2 2 2 2 2 2 2
left_child=2 3 10 4 7 -6 9 21 -4 -5 22 12 27 19 -15 -14 -10 -18 -11 -13 -19 -2 23 24 -1 28 -25 -12 -24 -27
right_child=1 -3 8 6 5 -7 -8 -9 16 18 11 13 15 14 -16 -17 17 20 -20 -21 -22 -23 25 26 -26 29 -28 -29 -30 -31
leaf_value=-0.0045485268581369675 0.055189036288195187 0.25495389150721687 -0.027210193152158436 -3.4681993226210278e-05 0.055799809724092486 0.20868710862738746 -0.033261416316032411 0.10726811181096468 0.064560407423896016 0.0032072234675288198 0.0053638465896724379 0.0017904470157292154 0.03403577796739108 0.0021191647861157842 -0.024512641059608379 0.011734475162675789 -0.02103658025594134 0.028786948631269807 0.054559008424717281 0.027421408112296895 0.013981712867394408 0.0085836111545562737 -0.0042970241475674366 -0.0029394256499782351 0.0038381911105238812 -0.023048068618596491 -2.0981549349715468e-05 -0.034474991281516848 -0.012702052849034468 -0.036117385731023903
leaf_weight=1154 81 21 33 36 20 21 30 34 29 20 47 297 145 470 272 643 38 436 189 89 351 25 1032 18150 3484 67 6137 40 180 34
leaf_count=1154 81 21 33 36 20 21 30 34 29 20 47 297 145 470 272 643 38 436 189 89 351 25 1032 18150 3484 67 6137 40 180 34
internal_value=-1.5984e-11 0.0598767 -0.000862146 0.0508929 0.0764113 0.134108 0.0340971 0.0595144 0.0198801 0.0423451 -0.0014328 0.00432072 0.0129755 -0.00239287 -0.00764344 0.0158381 0.0216997 0.0201931 0.049645 0.00770018 0.0221839 0.0441972 -0.00181392 -0.00156806 0.00175146 -0.00723009 -0.00220197 -0.0129529 -0.0055453 -0.0274476
internal_weight=33605 477 33128 456 181 41 275 140 887 245 32241 2003 875 1128 742 788 854 825 209 386 787 106 30238 28925 4638 1313 24287 87 1212 101
internal_count=33605 477 33128 456 181 41 275 140 887 245 32241 2003 875 1128 742 788 854 825 209 386 787 106 30238 28925 4638 1313 24287 87 1212 101
is_linear=0
shrinkage=0.03


Tree=115
num_leaves=31
num_cat=0
split_feature=0 25 0 23 2 22 0 26 3 22 22 1 3 5 22 2 3 0 22 24 12 0 22 22 24 5 7 2 16 1
split_gain=1829.53 629.599 570.095 239.75 295.45 215.784 329.035 211.702 194.642 111.339 85.3736 77.3524 249.382 176.707 171.537 98.8729 158.882 68.7567 66.4912 77.3511 67.7862 56.0201 54.6826 37.3936 37.115 26.3093 18.8305 14.914 14.6092 12.1239
threshold=31.605000000000004 -3.2685483870967738 15.075000000000001 5.5000000000000009 28.395000000000003 200.50000000000003 55.510000000000005 -0.18537634408602119 21.365000000000006 204.50000000000003 74.500000000000014 30.735000000000003 24.255000000000006 0.43585000000000007 145.50000000000003 32.695000000000007 19.475000000000005 8.7550000000000008 76.500000000000014 4.5000000000000009 0.71000000000000008 3.8150000000000004 178.50000000000003 142.50000000000003 3.5000000000000004 0.95085000000000008 76.966650000000016 39.155000000000008 33.500000000000007 31.785000000000004
decision_type=2 2 2 2 2 2 2 2 2 2 2 2 2 2 2 2 2 2 2 2 2 2 2 2 2 2 2 2 2 2
left_child=2 -2 11 5 -5 7 9 8 -3 -7 -4 12 15 26 -15 16 -1 25 -12 22 -21 -17 -20 27 -9 28 -14 -19 -13 -27
right_child=1 3 10 4 -6 6 -8 24 -10 -11 18 17 13 14 -16 21 -18 23 19 20 -22 -23 -24 -25 -26 29 -28 -29 -30 -31
leaf_value=-0.003194880603680231 0.18994145477811494 0.06506478101015091 -0.026393887216055931 0.2061919637918472 0.043126110434532162 -0.0061841920979561343 -0.088522656180641868 0.046028069658526058 0.16371608954668046 0.063263355124564394 0.071977715082466601 -0.0078270279378785442 0.0062987538877901173 0.036409628830087887 0.007951180107680195 -0.0032801806838912611 0.0024327485988234849 -0.0065784477228846613 0.041494507923539425 -0.0080745585721272682 0.024420065351833515 -0.010416190054772368 0.021878671214581855 -0.066491377949714658 -0.0070945871472358705 -0.0065716921710051021 -0.0017980384541563883 -0.034102201347516195 -0.0032952298163276793 -0.032201321049714862
leaf_weight=8874 36 45 33 20 20 31 22 29 30 63 24 900 469 347 423 7947 9192 34 163 130 104 1131 594 21 20 26 576 37 2218 46
leaf_count=8874 36 45 33 20 20 31 22 29 30 63 24 900 469 347 423 7947 9192 34 163 130 104 1131 594 21 20 26 576 37 2218 46
internal_value=-4.00256e-12 0.0718448 -0.000681996 0.0566609 0.124659 0.0453279 0.0159171 0.0728413 0.104525 0.0403604 0.0210935 -0.00138981 -0.000895125 0.00987104 0.020776 -0.00161501 -0.000331537 -0.00575473 0.0226374 0.0214425 0.0063675 -0.00416923 0.0261024 -0.0313236 0.0243454 -0.00501733 0.00183583 -0.0209218 -0.00460332 -0.0229462
internal_weight=33605 316 33289 280 40 240 116 124 75 94 1048 32241 28959 1815 770 27144 18066 3282 1015 991 234 9078 757 92 49 3190 1045 71 3118 72
internal_count=33605 316 33289 280 40 240 116 124 75 94 1048 32241 28959 1815 770 27144 18066 3282 1015 991 234 9078 757 92 49 3190 1045 71 3118 72
is_linear=0
shrinkage=0.03


Tree=116
num_leaves=31
num_cat=0
split_feature=0 4 0 8 1 22 4 0 22 0 1 3 11 1 26 22 25 7 14 5 0 21 22 1 7 3 0 22 22 12
split_gain=1721.4 647.972 536.403 191.007 256.023 184.633 167.467 156.139 80.328 73.6127 130.047 121.74 142.934 136.553 64.4957 62.5616 72.6607 62.999 56.6482 45.764 128.456 88.2889 160.136 74.8661 54.8969 37.0414 33.4215 27.7594 17.428 16.0496
threshold=31.605000000000004 30.165000000000003 15.075000000000001 785.00000000000011 22.065000000000001 204.50000000000003 20.115000000000006 55.510000000000005 74.500000000000014 8.4250000000000025 30.805000000000003 24.255000000000006 26.000000000000004 28.445000000000004 -0.17472365591397851 76.500000000000014 -2.6529838709677418 79.153350000000017 0.13000000000000003 0.86740000000000006 4.455000000000001 6.5000000000000009 262.50000000000006 31.975000000000005 78.197250000000011 21.115000000000006 0.95500000000000007 198.50000000000003 142.50000000000003 0.66500000000000015
decision_type=2 2 2 2 2 2 2 2 2 2 2 2 2 2 2 2 2 2 2 2 2 2 2 2 2 2 2 2 2 2
left_child=2 3 9 7 5 6 -5 14 -4 19 11 13 -13 -11 29 -10 17 -17 -18 20 26 23 -23 -21 -22 -16 -1 -6 -12 -2
right_child=1 -3 8 4 27 -7 -8 -9 15 10 28 12 -14 -15 25 16 18 -19 -20 21 24 22 -24 -25 -26 -27 -28 -29 -30 -31
leaf_value=-0.0026492173371314952 0.046132194318554615 0.22301893286083055 -0.025602070541883057 0.020013330541551112 0.17315631195902823 -0.016438671998355699 0.12025308672711253 -0.02812587478331157 0.069818383418023586 0.0058545736172864729 -0.022773756832660485 0.057639280246022863 0.0015877079048865958 -0.027700471132516096 0.032013776689767841 -0.05401382593171937 0.029496533397342199 0.014214453221908931 0.014733032281414187 0.0019546048523252438 0.0053808671570493441 -0.023047376296090077 0.00055445258219231496 -0.027132238381715534 0.022238629314188772 0.079256769077757666 -0.00049450452891391613 0.12317284633219243 -0.052770706803902334 0.01377532124519348
leaf_weight=16201 22 23 33 24 20 23 40 28 24 1627 72 85 79 117 20 21 506 29 435 1077 815 564 478 86 221 59 10796 20 23 37
leaf_count=16201 22 23 33 24 20 23 40 28 24 1627 72 85 79 117 20 21 506 29 435 1077 815 564 478 86 221 59 10796 20 23 37
internal_value=-6.68442e-12 0.0696895 -0.000661536 0.0576534 0.085346 0.0564638 0.0826632 0.0364668 0.0204607 -0.00134812 0.00422155 0.00592726 0.0306388 0.00360346 0.0495726 0.0219583 0.0207992 -0.0144414 0.0226717 -0.00171706 -0.00138974 -0.00587844 -0.0122204 -0.000196271 0.00897697 0.0672965 -0.00178756 0.148165 -0.0300362 0.0258406
internal_weight=33605 316 33289 293 127 87 64 166 1048 32241 2003 1908 164 1744 138 1015 991 50 941 30238 28033 2205 1042 1163 1036 79 26997 40 95 59
internal_count=33605 316 33289 293 127 87 64 166 1048 32241 2003 1908 164 1744 138 1015 991 50 941 30238 28033 2205 1042 1163 1036 79 26997 40 95 59
is_linear=0
shrinkage=0.03


Tree=117
num_leaves=31
num_cat=0
split_feature=2 25 7 5 22 22 22 22 6 22 21 2 5 1 2 24 6 1 14 19 25 1 2 1 24 5 2 24 25 5
split_gain=472.949 1905.43 181.034 136.314 220.319 428.721 212.863 408.06 275.246 98.2457 128.014 82.9135 96.6079 85.3579 59.2111 50.9941 57.6327 46.5459 45.3327 38.0582 49.4191 37.9111 34.4598 29.7944 28.7913 25.394 17.9046 17.7173 27.1496 28.4059
threshold=26.485000000000003 -2.9461290322580647 73.832350000000005 0.61465000000000014 314.50000000000006 308.50000000000006 276.50000000000006 262.50000000000006 15.881350000000001 326.50000000000006 11.500000000000002 24.155000000000005 0.90700000000000014 22.335000000000004 23.285000000000004 2.5000000000000004 17.947700000000001 22.745000000000001 0.17000000000000001 6.9500000000000011 0.13525268817204303 23.795000000000005 25.405000000000005 23.685000000000006 3.5000000000000004 0.82955000000000012 25.405000000000005 1.5000000000000002 -0.17766666666666656 0.26345000000000007
decision_type=2 2 2 2 2 2 2 2 2 2 2 2 2 2 2 2 2 2 2 2 2 2 2 2 2 2 2 2 2 2
left_child=1 -1 11 27 5 6 7 -5 -8 -6 18 12 -3 -14 19 -7 -17 26 -11 20 -4 23 -19 -16 -23 -12 -13 28 -2 -30
right_child=3 2 14 4 9 15 8 -9 -10 10 25 17 13 -15 21 16 -18 22 -20 -21 -22 24 -24 -25 -26 -27 -28 -29 29 -31
leaf_value=0.30538782352767885 -0.0027016732427994042 0.083364348348818312 0.064562219083309169 0.0018206433749029061 -0.042974697960913182 0.032234533135339895 0.025151528326453197 0.028118336541003833 -0.036737597268265594 0.0059714338440194871 -0.0098248872439437931 0.013408752438228795 0.022418596009559491 0.073269773100813229 0.0027651884350046408 0.082571385094653005 0.025811353476185881 0.0087697364017367361 0.050303348549283471 -0.0089559985254261936 0.018953649250918771 0.0095400160253047948 0.049923854929102743 -0.033284898070352412 0.048286137607480802 -0.028480530270758794 -0.0069323692257915216 -0.001531556563554299 -0.015170889542225683 -0.0025116937958252271
leaf_weight=20 4917 38 24 5571 100 53 88 587 244 103 107 102 170 36 1181 69 21 30 26 37 196 45 47 21 28 170 63 18870 342 299
leaf_count=20 4917 38 24 5571 100 53 88 587 244 103 107 102 170 36 1181 69 21 30 26 37 196 45 47 21 28 170 63 18870 342 299
internal_value=-7.17091e-12 0.0140069 0.011119 -0.000904299 0.00274241 0.00419803 0.00306589 0.00432742 -0.0203333 -0.0163389 -0.00977835 0.0270724 0.0394128 0.0313052 0.00605813 0.0555797 0.0693274 0.01463 0.0149065 0.0191947 0.0239291 0.00341021 0.0338898 0.00213536 0.0244015 -0.0212742 0.00564214 -0.00197004 -0.00345872 -0.0092659
internal_weight=33605 2038 2018 31567 7139 6633 6490 6158 332 506 406 486 244 206 1532 143 90 242 129 257 220 1275 77 1202 73 277 165 24428 5558 641
internal_count=33605 2038 2018 31567 7139 6633 6490 6158 332 506 406 486 244 206 1532 143 90 242 129 257 220 1275 77 1202 73 277 165 24428 5558 641
is_linear=0
shrinkage=0.03


Tree=118
num_leaves=31
num_cat=0
split_feature=2 3 9 3 4 3 1 17 3 1 21 3 3 3 25 21 2 2 21 2 8 1 3 21 23 19 2 23 21 1
split_gain=444.998 1921.25 174.146 106.002 105.789 94.3103 316.647 166.541 116.596 267.965 206.763 82.7562 75.3496 69.7184 65.1894 93.8425 62.7943 57.7346 48.576 62.792 58.5968 43.1778 61.1144 41.5069 37.2358 46.8783 33.4102 32.7947 30.1222 26.9305
threshold=26.485000000000003 23.385000000000002 13.350000000000001 21.715000000000003 15.085000000000003 19.435000000000006 24.745000000000001 43.000000000000007 22.295000000000005 28.545000000000005 6.5000000000000009 22.695000000000004 21.985000000000003 24.305000000000003 -0.78887096774193533 7.5000000000000009 21.925000000000004 23.285000000000004 4.5000000000000009 30.655000000000005 785.00000000000011 23.795000000000005 22.665000000000003 11.500000000000002 1.0000000180025095e-35 6.9500000000000011 24.155000000000005 3.5000000000000004 7.5000000000000009 22.995000000000001
decision_type=2 2 2 2 2 2 2 2 2 2 2 2 2 2 2 2 2 2 2 2 2 2 2 2 2 2 2 2 2 2
left_child=1 2 17 16 29 28 7 11 18 10 -10 23 -6 -11 15 -9 -4 24 19 -8 -20 22 -19 -7 -1 -26 -18 -16 -2 -5
right_child=5 -3 3 4 12 6 8 14 9 13 -12 -13 -14 -15 27 -17 26 21 20 -21 -22 -23 -24 -25 25 -27 -28 -29 -30 -31
leaf_value=-0.016961261876858771 -0.0023083733417422693 0.29905302848134718 0.068396102826703678 0.044030984647572033 0.12606149501034192 0.0044487336489254297 0.022973413274026987 0.055528830509556794 0.013665903332518046 -0.007029222740958292 0.00070782885325185315 0.028580075964422486 0.054180822142532892 -0.00071506641373490093 0.020386976013271902 0.019948979620710371 0.025013951825453563 0.0027599031094339278 -0.0057033106577260946 -0.0025247976283706798 -0.020241564902010876 0.027450066812096101 -0.04463688641935587 -0.012004550259135313 0.028130339078738218 -0.0086873191474257285 0.0068528720540768006 0.0060703026923112618 -0.0060768049378951408 -0.0035680773368348246
leaf_weight=24 7740 21 22 20 21 1868 89 98 1956 2561 2557 123 35 4083 336 209 188 1187 3018 3722 272 62 25 149 196 37 177 252 2534 23
leaf_count=24 7740 21 22 20 21 1868 89 98 1956 2561 2557 123 35 4083 336 209 188 1187 3018 3722 272 62 25 149 196 37 177 252 2534 23
internal_value=-4.67889e-12 0.0135867 0.0106145 0.0262602 0.0539614 -0.00087717 0.000261862 0.00923486 -0.00122971 0.000682887 0.00632405 0.00469014 0.0811361 -0.00314892 0.0201016 0.0313067 0.0191739 0.00564796 -0.00423475 -0.00192933 -0.00690526 0.00303139 0.00178225 0.0032333 0.0186189 0.0222838 0.0162071 0.0142513 -0.00323783 0.018571
internal_weight=33605 2038 2017 486 99 31567 21293 3035 18258 11157 4513 2140 56 6644 895 307 387 1531 7101 3811 3290 1274 1212 2017 257 233 365 588 10274 43
internal_count=33605 2038 2017 486 99 31567 21293 3035 18258 11157 4513 2140 56 6644 895 307 387 1531 7101 3811 3290 1274 1212 2017 257 233 365 588 10274 43
is_linear=0
shrinkage=0.03


Tree=119
num_leaves=31
num_cat=0
split_feature=0 3 0 23 22 22 26 15 24 2 4 22 21 8 2 3 22 0 22 25 2 22 22 12 3 2 0 26 24 22
split_gain=1540.78 914.081 563.126 294.719 246.473 255.796 169.656 164.011 79.4739 82.6097 122.432 99.2349 71.1466 74.8127 67.9371 179.345 324.332 120.429 110.208 76.5016 62.6207 65.2314 58.7177 57.8707 57.5884 113.131 80.092 57.4293 41.7952 36.096
threshold=35.95000000000001 24.255000000000006 15.075000000000001 5.5000000000000009 200.50000000000003 206.50000000000003 -1.0031666666666663 0.045000000000000005 4.5000000000000009 35.725000000000001 29.215000000000003 280.50000000000006 6.5000000000000009 496.50000000000006 33.125000000000007 22.075000000000003 188.50000000000003 2.2350000000000008 262.50000000000006 0.68298387096774216 24.515000000000004 198.50000000000003 186.50000000000003 0.66500000000000015 23.615000000000006 35.915000000000006 3.0850000000000004 0.41528975664968887 2.5000000000000004 210.50000000000003
decision_type=2 2 2 2 2 2 2 2 2 2 2 2 2 2 2 2 2 2 2 2 2 2 2 2 2 2 2 2 2 2
left_child=2 3 14 4 6 -6 -2 -7 12 10 11 -10 13 28 15 20 17 -17 -18 24 21 -1 -14 -8 26 -26 -16 -22 -4 -24
right_child=1 -3 8 -5 5 7 23 -9 9 -11 -12 -13 22 -15 19 16 18 -19 -20 -21 27 -23 29 -25 25 -27 -28 -29 -30 -31
leaf_value=-0.0061756640738652403 0.13402951565384863 0.26040416373447939 0.00017034309024506426 0.14294806399653034 -0.051403371915221215 0.10933045117751411 0.074556329913045227 -0.0081357347667217264 0.024122299719601868 -0.050656919138772148 -0.048146528133324214 -0.045727889840723943 -0.022573148074692913 0.056184901234629596 -0.0032611984332072785 0.0071472321105268861 -0.0037064479878807536 0.026357105144911071 0.010697057416045647 -0.052502298800806917 -0.0020027830669046326 0.018959445811893422 0.014216906561235861 0.020681542359730777 0.0075146752710720027 -0.002854116494873298 -0.011972854409778504 0.029280211260401694 0.039969769101589912 0.028909408967411086
leaf_weight=144 30 22 47 31 39 23 38 20 216 21 28 20 28 116 6219 498 2003 716 628 28 15149 262 289 34 1223 4197 1121 53 48 314
leaf_count=144 30 22 47 31 39 23 38 20 216 21 28 20 28 116 6219 498 2003 716 628 28 15149 262 289 34 1223 4197 1121 53 48 314
internal_value=-2.07832e-12 0.0762221 -0.000541376 0.0573755 0.0429584 0.00423359 0.0740902 0.054695 0.0203036 0.00661039 0.0111657 0.0182028 0.0249385 0.040019 -0.00127002 -0.000153472 0.00565013 0.0184769 -0.000268439 -0.00296851 -0.00158318 0.0100445 0.0198957 0.0491155 -0.00285982 -0.000514443 -0.00459168 -0.00189372 0.0202795 0.0218677
internal_weight=33605 237 33368 215 184 82 102 43 1127 285 264 236 842 211 32241 19453 3845 1214 2631 12788 15608 406 631 72 12760 5420 7340 15202 95 603
internal_count=33605 237 33368 215 184 82 102 43 1127 285 264 236 842 211 32241 19453 3845 1214 2631 12788 15608 406 631 72 12760 5420 7340 15202 95 603
is_linear=0
shrinkage=0.03


Tree=120
num_leaves=31
num_cat=0
split_feature=25 4 26 5 7 1 22 21 22 22 22 6 4 4 1 22 4 5 4 1 5 5 24 25 5 25 24 5 1 5
split_gain=344.184 290.508 2091.05 134.898 173.64 181.759 219.644 77.4892 84.667 75.8837 55.6972 96.9281 72.3541 175.286 63.0636 53.0466 47.1263 39.6202 39.2156 43.9839 21.5282 19.7403 19.4717 30.7419 25.1686 23.9812 43.2429 11.8037 9.16492 6.88132
threshold=1.4740000000000002 37.110000000000007 -0.10503225806451603 0.56555000000000011 75.202200000000019 31.975000000000005 74.500000000000014 11.500000000000002 262.50000000000006 158.50000000000003 220.50000000000003 17.728850000000005 19.585000000000004 23.485000000000003 22.115000000000006 268.50000000000006 22.365000000000006 0.79420000000000013 19.445000000000004 22.995000000000001 0.9799500000000001 0.86740000000000006 1.5000000000000002 -0.18795161290322573 0.26345000000000007 -0.76867204301075265 3.5000000000000004 0.89045000000000007 31.665000000000003 0.75455000000000017
decision_type=2 2 2 2 2 2 2 2 2 2 2 2 2 2 2 2 2 2 2 2 2 2 2 2 2 2 2 2 2 2
left_child=1 3 -3 22 7 6 -6 8 -5 -2 11 16 14 -14 -13 18 27 -4 19 -12 -18 -7 23 -1 -25 28 -27 -11 -24 -9
right_child=9 2 17 4 5 21 -8 29 -10 10 15 12 13 -15 -16 -17 20 -19 -20 -21 -22 -23 25 24 -26 26 -28 -29 -30 -31
leaf_value=-0.002494198260788701 -0.035431491713305667 0.32563625990040601 -0.0013279181497637181 -0.0035139360572275951 -0.0062866833425376314 -0.011711684237802174 0.010590016808210348 -0.013966996230577167 0.0086800851971899247 0.0095220987757910856 0.021095908934112964 0.0075714422017335893 0.088847158070264456 0.0081868790246938401 0.045419085414281912 0.053288030076026914 0.03992382958277383 -0.045864271624479439 -0.018226007947655901 -0.012189527081840849 0.0098960755765438065 -0.029421685998860213 -0.0015759834304962602 -0.014890713177752705 -0.0031900976021467637 -0.0010891038398865049 0.0066774706160455189 -0.01679946511659933 -0.0043403469754681179 -0.026850969981816079
leaf_weight=4871 21 20 64 2910 846 123 3864 57 622 23 149 75 67 38 84 25 44 25 44 47 42 105 14229 351 313 2332 892 46 1168 108
leaf_count=4871 21 20 64 2910 846 123 3864 57 622 23 149 75 67 38 84 25 44 25 44 47 42 105 14229 351 313 2332 892 46 1168 108
internal_value=-9.19883e-13 -0.000444438 0.0484507 -0.00060697 0.00261134 0.00629232 0.00755866 -0.00230526 -0.00136652 0.0207404 0.022465 0.0292731 0.0403293 0.0596558 0.0275664 0.0117005 0.010442 -0.0138381 0.00736849 0.0131142 0.0252591 -0.0198676 -0.00175741 -0.00331967 -0.00937521 -0.00129304 0.00105971 -0.00802561 -0.00178569 -0.0224001
internal_weight=33605 32900 109 32791 8635 4938 4710 3697 3532 705 684 419 264 105 159 265 155 89 240 196 86 228 24156 5535 664 18621 3224 69 15397 165
internal_count=33605 32900 109 32791 8635 4938 4710 3697 3532 705 684 419 264 105 159 265 155 89 240 196 86 228 24156 5535 664 18621 3224 69 15397 165
is_linear=0
shrinkage=0.03


Tree=121
num_leaves=31
num_cat=0
split_feature=0 4 0 8 23 0 23 4 23 3 1 12 3 21 21 4 26 23 2 3 1 21 1 3 5 16 0 5 25 21
split_gain=1420.48 827.428 227.528 180.298 408.092 165.492 100.022 123.091 109.782 83.5324 72.2695 230.443 148.266 82.6854 71.8926 71.8597 63.4047 74.5977 55.2599 122.484 155.627 252.889 96.3949 161.263 131.885 80.3248 75.1017 44.3035 22.3725 19.0388
threshold=22.875000000000004 34.120000000000012 12.055000000000001 785.00000000000011 5.5000000000000009 55.510000000000005 2.5000000000000004 19.135000000000002 1.5000000000000002 17.865000000000006 27.575000000000003 0.63500000000000012 22.945000000000004 6.5000000000000009 2.5000000000000004 11.685 -0.17141720430107546 2.5000000000000004 38.595000000000006 23.455000000000002 28.815000000000001 6.5000000000000009 26.085000000000004 20.315000000000001 0.81955000000000011 33.500000000000007 4.8250000000000011 0.92505000000000015 -1.1745350877192979 2.5000000000000004
decision_type=2 2 2 2 2 2 2 2 2 2 2 2 2 2 2 2 2 2 2 2 2 2 2 2 2 2 2 2 2 2
left_child=2 3 18 5 6 16 8 -8 -5 29 13 -12 -13 14 -11 -15 27 -18 19 22 21 -21 23 -1 -24 -22 -20 -2 -28 -4
right_child=1 -3 9 4 -6 -7 7 -9 -10 10 11 12 -14 15 -16 -17 17 -19 26 20 25 -23 24 -25 -26 -27 28 -29 -30 -31
leaf_value=-0.0025157311640164942 0.055050868800152905 0.22955382806914193 -0.0077290616072714325 0.046941226513053359 0.19007829228602349 -0.041031814038753507 0.064058292292058464 -0.0028449038453400135 0.12150299423270755 -0.012650508988299407 -0.097210285962958415 -0.043668467375199964 0.020273776739370079 0.03381803413283907 0.035002808888872659 0.0074726432974180079 0.019183621746213995 0.054235981210984073 -0.0042824605595806484 0.022860586756235739 -0.0058009381475842029 -0.00060807356367630105 -0.0034375075990036989 0.0038834226101016173 -0.017308814386892898 0.0040328101204963225 -0.020351365404078524 0.0097732055471056994 -0.051019661736488343 -0.037688106457436726
leaf_weight=11882 23 21 60 52 20 30 45 55 27 32 21 41 160 108 260 679 85 153 2196 806 1423 848 6947 5051 677 1575 149 126 25 28
leaf_count=11882 23 21 60 52 20 30 45 55 27 32 21 41 160 108 260 679 85 153 2196 806 1423 848 6947 5051 677 1575 149 126 25 28
internal_value=2.38968e-12 0.0443724 -0.000857353 0.0380594 0.061554 0.0268474 0.0471937 0.0272615 0.0724244 0.011026 0.0129394 -0.00264873 0.00723083 0.0161466 0.0297805 0.011088 0.0321093 0.0417173 -0.00138004 -0.00102257 0.00344087 0.0108283 -0.00186811 -0.000606907 -0.00466926 -0.000634776 -0.00578571 0.0167624 -0.0247577 -0.0172615
internal_weight=33605 637 32968 616 199 417 179 100 79 1389 1301 222 201 1079 292 787 387 238 31579 29209 4652 1654 24557 16933 7624 2998 2370 149 174 88
internal_count=33605 637 32968 616 199 417 179 100 79 1389 1301 222 201 1079 292 787 387 238 31579 29209 4652 1654 24557 16933 7624 2998 2370 149 174 88
is_linear=0
shrinkage=0.03


Tree=122
num_leaves=31
num_cat=0
split_feature=2 25 7 5 24 21 21 2 21 8 1 5 2 5 1 4 2 23 26 5 23 1 2 2 21 25 21 2 8 1
split_gain=363.56 1687.36 140.453 102.465 179.266 175.308 306.607 261.967 344.865 171.163 157.328 100.917 65.0957 92.9424 74.5529 55.8734 57.2629 60.447 47.4377 41.5107 41.0035 38.6871 32.7354 25.9461 24.3852 16.9184 28.1815 30.9833 19.5684 17.2904
threshold=26.485000000000003 -2.9461290322580647 73.832350000000005 0.61465000000000014 1.5000000000000002 7.5000000000000009 8.5000000000000018 33.225000000000001 2.5000000000000004 672.50000000000011 25.695000000000004 0.89555000000000007 24.155000000000005 0.90700000000000014 22.335000000000004 34.120000000000012 23.745000000000001 1.0000000180025095e-35 -0.25563548387096785 0.86035000000000006 4.5000000000000009 22.745000000000001 25.405000000000005 29.355000000000004 3.5000000000000004 -0.081822580645161222 7.5000000000000009 31.455000000000002 496.50000000000006 30.735000000000003
decision_type=2 2 2 2 2 2 2 2 2 2 2 2 2 2 2 2 2 2 2 2 2 2 2 2 2 2 2 2 2 2
left_child=1 -1 12 25 18 7 11 8 -6 -9 -8 -7 13 -3 -15 16 17 -4 -5 -17 -18 -14 -23 -20 -25 29 27 28 -27 -2
right_child=3 2 15 4 5 6 10 9 -10 -11 -12 -13 21 14 -16 19 20 -19 23 -21 -22 22 -24 24 -26 26 -28 -29 -30 -31
leaf_value=0.28648156844079492 -0.001246278640380514 0.077659145658345599 -0.020176135990236488 0.037357637520475558 -0.0048099105514091741 -0.019567892030687428 0.0041179682439876197 -0.00053106155782125944 0.01938301762950647 -0.026969184105872131 -0.016837531592234448 -0.053104968639136961 0.0043963331383737652 0.018292022968423281 0.065815847509851061 0.0048833073994943074 0.0063382048242628022 0.021507468292809494 0.0057642262731496885 -0.051354755734403928 -0.0065445867585841302 0.0056656994270160785 0.045776899570321779 -0.0031787097752094271 0.020117400208570387 0.026604036432690919 -0.010499666121272542 -0.010797006417997182 0.0020833996813131948 -0.0037599748000740137
leaf_weight=20 20555 38 35 83 815 208 1238 1757 1518 252 436 132 165 170 36 21 851 297 256 27 301 30 47 45 399 32 511 186 346 2798
leaf_count=20 20555 38 35 83 815 208 1238 1757 1518 252 436 132 165 170 36 21 851 297 256 27 301 30 47 45 399 32 511 186 346 2798
internal_value=-7.51506e-12 0.0122807 0.00956311 -0.000792853 0.00236883 0.000700273 -0.00661524 0.00409351 0.0109316 -0.00384734 -0.00133998 -0.0325882 0.0236151 0.0345494 0.0265972 0.00510536 0.00613574 0.0171131 0.0159133 -0.0267506 0.00297213 0.0125904 0.0301492 0.0133706 0.0177563 -0.00171684 -0.00539664 -0.000773152 0.00415922 -0.00154745
internal_weight=33605 2038 2018 31567 7139 6356 2014 4342 2333 2009 1674 340 486 244 206 1532 1484 332 783 48 1152 242 77 700 444 24428 1075 564 378 23353
internal_count=33605 2038 2018 31567 7139 6356 2014 4342 2333 2009 1674 340 486 244 206 1532 1484 332 783 48 1152 242 77 700 444 24428 1075 564 378 23353
is_linear=0
shrinkage=0.03


Tree=123
num_leaves=31
num_cat=0
split_feature=0 25 0 4 23 22 13 15 24 2 4 22 22 8 1 1 3 5 22 1 3 0 0 22 13 24 8 22 22 5
split_gain=1322.44 852.122 465.326 394.611 418.844 112.676 187.308 151.024 71.7031 72.4912 118.769 90.8732 64.8689 75.3081 62.1646 60.1111 215.788 160.535 169.026 85.9724 186.887 91.724 68.7054 51.0307 64.2215 39.638 37.6583 32.1148 29.8151 21.6348
threshold=35.95000000000001 -2.7926570458404067 15.075000000000001 26.045000000000005 5.5000000000000009 200.50000000000003 0.090000000000000011 0.045000000000000005 4.5000000000000009 35.725000000000001 29.215000000000003 280.50000000000006 178.50000000000003 496.50000000000006 22.225000000000005 30.805000000000003 24.255000000000006 0.43585000000000007 145.50000000000003 27.275000000000002 22.075000000000003 3.6950000000000007 8.7550000000000008 210.50000000000003 0.03500000000000001 2.5000000000000004 473.50000000000006 129.50000000000003 142.50000000000003 0.95085000000000008
decision_type=2 2 2 2 2 2 2 2 2 2 2 2 2 2 2 2 2 2 2 2 2 2 2 2 2 2 2 2 2 2
left_child=2 -2 15 4 5 6 -3 -7 12 10 11 -10 13 25 -5 16 19 -18 -19 20 -1 -21 29 24 -14 -4 -25 -15 -24 -17
right_child=1 3 8 14 -6 7 -8 -9 9 -11 -12 -13 23 27 -16 22 17 18 -20 21 -22 -23 28 26 -26 -27 -28 -29 -30 -31
leaf_value=-0.0017311819663729164 0.23266662748960346 -0.0043786523171833588 -0.0014427372210837424 0.0049590193592011925 0.18161481197063739 0.081939547224478285 0.099078047334970457 -0.01682852491736412 0.022303382834005687 -0.04820505960711411 -0.048710460064134424 -0.044539208862930536 0.03701870290828603 0.038401252122388943 -0.068943634373801091 -0.0039584912969843631 0.0016761580473120782 0.034915697796141926 0.0068514940531194867 -0.0032084301727032544 0.0060571737290521614 -0.014452650466895554 -0.02177717592101544 0.0056229153409844534 0.0032835936313139573 0.037315977904945612 0.031882688953373726 0.071119642621941037 -0.063516583710908889 -0.020828648788588387
leaf_weight=18302 26 21 47 20 26 22 63 38 216 21 28 20 63 54 21 3023 1086 352 428 4871 3268 754 67 61 262 48 253 54 20 70
leaf_count=18302 26 21 47 20 26 22 63 38 216 21 28 20 63 54 21 3023 1086 352 428 4871 3268 754 67 61 262 48 253 54 20 70
internal_value=1.07688e-12 0.0706153 -0.000501553 0.0506469 0.0707949 0.0507858 0.0732139 0.0193864 0.0184471 0.00544052 0.00970778 0.0166388 0.0228495 0.0376231 -0.0328936 -0.00116391 -0.00073541 0.00913348 0.0195164 -0.00141257 -0.000551194 -0.00471566 -0.00507985 0.0181562 0.00982301 0.0181406 0.0267813 0.0547604 -0.0313724 -0.00434029
internal_weight=33605 237 33368 211 170 144 84 60 1127 285 264 236 842 203 41 32241 29061 1866 780 27195 21570 5625 3180 639 325 95 314 108 87 3093
internal_count=33605 237 33368 211 170 144 84 60 1127 285 264 236 842 203 41 32241 29061 1866 780 27195 21570 5625 3180 639 325 95 314 108 87 3093
is_linear=0
shrinkage=0.03


Tree=124
num_leaves=31
num_cat=0
split_feature=0 3 0 4 23 22 4 24 3 24 4 26 23 0 24 1 3 3 7 22 22 22 25 22 22 2 22 0 3 1
split_gain=1244.29 822.146 439.153 259.855 398.096 179.536 163.942 127.241 81.6465 78.5845 110.719 108.04 69.8504 64.9702 110.055 89.5866 113.247 71.3513 61.3265 98.3079 77.8393 64.5087 46.1481 51.8662 45.5875 60.3417 77.0073 52.8783 49.9373 35.1392
threshold=35.95000000000001 24.255000000000006 16.190000000000001 25.025000000000002 5.5000000000000009 200.50000000000003 21.555000000000003 3.5000000000000004 21.515000000000004 4.5000000000000009 29.525000000000002 0.060790322580645199 4.5000000000000009 10.785000000000002 3.5000000000000004 27.525000000000002 24.645000000000003 21.295000000000005 79.153350000000017 178.50000000000003 210.50000000000003 129.50000000000003 -1.0189516129032257 127.50000000000001 344.50000000000006 29.275000000000002 262.50000000000006 4.0650000000000004 23.455000000000002 24.875000000000004
decision_type=2 2 2 2 2 2 2 2 2 2 2 2 2 2 2 2 2 2 2 2 2 2 2 2 2 2 2 2 2 2
left_child=2 3 13 4 5 6 -2 -5 -7 18 11 12 -11 24 22 17 -17 -16 19 21 -21 -4 23 -15 25 26 -1 -26 -27 -13
right_child=1 -3 9 7 -6 8 -8 -9 -10 10 -12 29 -14 14 15 16 -18 -19 -20 20 -22 -23 -24 -25 27 28 -28 -29 -30 -31
leaf_value=-0.0002417509090952529 0.051707840167178672 0.24317135952582411 0.033232477540555208 0.039755288839083296 0.18026823620796203 0.046369854699075223 0.14788814907724207 -0.049903781392744609 -0.028219843645180973 0.010568099088873715 -0.055678034681081769 0.065533591368619137 -0.036339117553085089 0.0088614539313130077 -0.0051129803113208064 -0.038943652293277439 0.012104559989004839 0.017382828249802553 0.0048793450286311489 0.011245527730518401 0.035059827721004869 0.077480797469615934 0.012914088184049781 0.058595875057837234 -0.0048156866411987395 -0.0026103395004041792 0.0078945811893486369 -0.025090454583987593 0.00046566691444770549 0.017521442926448322
leaf_weight=4628 58 22 69 29 25 25 22 28 28 100 25 34 40 32 298 109 61 221 124 271 227 52 390 46 1212 17390 1353 128 6535 23
leaf_count=4628 58 22 69 29 25 25 22 28 28 100 25 34 40 32 298 109 61 221 124 271 227 52 390 46 1212 17390 1353 128 6535 23
internal_value=2.09294e-12 0.0684969 -0.000486507 0.0506232 0.0704329 0.0497871 0.0781574 -0.00428776 0.00696398 0.0194566 0.00379473 0.011342 -0.00283396 -0.00108044 0.00590054 -0.00172503 -0.0206264 0.00446616 0.0241362 0.0279938 0.0221006 0.0522483 0.0171271 0.038192 -0.00133893 -0.00109637 0.00159882 -0.00675238 -0.00177014 0.0461603
internal_weight=33605 237 33368 215 158 133 80 57 53 965 222 197 140 32403 1157 689 170 519 743 619 498 121 468 78 31246 29906 5981 1340 23925 57
internal_count=33605 237 33368 215 158 133 80 57 53 965 222 197 140 32403 1157 689 170 519 743 619 498 121 468 78 31246 29906 5981 1340 23925 57
is_linear=0
shrinkage=0.03


Tree=125
num_leaves=31
num_cat=0
split_feature=0 4 0 14 0 0 3 22 2 22 23 25 22 22 1 3 0 22 1 3 5 0 3 18 25 14 10 3 0 2
split_gain=1178.45 763.575 243.046 151.466 193.289 173.742 216.872 104.003 99.9779 94.988 88.1377 81.9983 69.4828 152.703 49.5763 123.998 154.041 138.997 77.9711 148.328 96.9336 60.0353 46.7699 28.9446 20.0072 18.5352 13.042 8.59816 6.38318 6.09485
threshold=26.785000000000004 31.845000000000002 12.055000000000001 0.11000000000000001 55.510000000000005 55.510000000000005 21.155000000000005 314.50000000000006 25.135000000000002 306.50000000000006 3.5000000000000004 -2.5897150537634399 73.500000000000014 77.500000000000014 31.875000000000004 24.205000000000002 3.5050000000000003 145.50000000000003 27.275000000000002 22.175000000000004 0.5968500000000001 4.0650000000000004 20.465000000000003 24.500000000000004 -1.2733387096774191 0.13000000000000003 100.00000000000001 21.945000000000004 1.7450000000000003 38.215000000000011
decision_type=2 2 2 2 2 2 2 2 2 2 2 2 2 2 2 2 2 2 2 2 2 2 2 2 2 2 2 2 2 2
left_child=2 3 14 5 11 8 -7 9 10 12 -2 -5 26 -14 15 18 23 -18 19 -1 -20 28 -13 -17 29 -9 -4 -10 -16 -23
right_child=1 -3 7 4 -6 6 -8 25 27 -11 -12 22 13 -15 21 16 17 -19 20 -21 -22 24 -24 -25 -26 -27 -28 -29 -30 -31
leaf_value=-0.0017249972222372902 0.052331252710428086 0.22369070206369671 -0.025448407811777932 -0.0092267340506826129 -0.047764218688011166 0.043013052329421042 0.18104835112046982 -0.0098652440622787572 0.070832128778100009 0.061217911848000107 -0.0017721678158070177 -0.0029434616267681123 0.063638959484747973 0.011196445811826957 -0.0033379662203641648 -0.0030341435855259394 0.031593981852113241 0.003435485253576189 -0.0029721293518775614 0.0056649496281606371 -0.013551776732482364 -0.0023363820612430572 0.045428052667798938 0.0039637064364536666 -0.043570333773439579 -0.046118735462427132 -0.003995285674194592 0.098650002032518377 -0.008131174535442192 -0.020144314601420774
leaf_weight=18230 64 21 35 35 30 20 21 22 20 35 47 20 52 1281 1329 861 328 304 4896 2823 927 20 179 1392 33 30 94 20 308 128
leaf_count=18230 64 21 35 35 30 20 21 22 20 35 47 20 52 1281 1329 861 328 304 4896 2823 927 20 179 1392 33 30 94 20 308 128
internal_value=-1.46495e-12 0.0468181 -0.000674119 0.0386726 0.0239276 0.058947 0.113714 0.0109281 0.0440765 0.0123769 0.0294226 0.0331189 0.0112077 0.0132422 -0.00124323 -0.00094944 0.00496093 0.0180494 -0.00158389 -0.000734078 -0.00465637 -0.00605257 0.0405666 0.00128943 -0.0224476 -0.0307807 -0.0098159 0.0847411 -0.0042398 -0.0177378
internal_weight=33605 477 33128 456 264 192 41 1549 151 1497 111 234 1462 1333 31579 29761 2885 632 26876 21053 5823 1818 199 2253 181 52 129 40 1637 148
internal_count=33605 477 33128 456 264 192 41 1549 151 1497 111 234 1462 1333 31579 29761 2885 632 26876 21053 5823 1818 199 2253 181 52 129 40 1637 148
is_linear=0
shrinkage=0.03


Tree=126
num_leaves=31
num_cat=0
split_feature=0 25 0 23 23 23 0 5 25 23 5 25 26 23 17 1 3 0 6 1 3 0 0 0 0 5 3 7 2 3
split_gain=1119.7 796.016 386.461 252.995 128.468 107.269 603.567 84.4921 78.8296 132.452 74.6342 77.1642 79.3615 100.097 58.9058 58.1871 214.269 157.045 165.704 78.3023 167.555 87.444 57.0987 38.6968 28.7031 20.3957 14.206 12.2625 8.96568 7.47374
threshold=35.95000000000001 -2.7926570458404067 16.190000000000001 5.5000000000000009 2.5000000000000004 3.5000000000000004 55.510000000000005 0.9799500000000001 2.5754838709677421 1.5000000000000002 0.86035000000000006 -2.7926570458404067 -0.04973333333333347 1.0000000180025095e-35 44.500000000000007 30.735000000000003 24.255000000000006 3.5050000000000003 16.639450000000004 27.275000000000002 22.075000000000003 3.8150000000000004 8.7550000000000008 21.710000000000004 1.0150000000000003 0.95085000000000008 25.605000000000004 78.197250000000011 38.925000000000004 25.525000000000002
decision_type=2 2 2 2 2 2 2 2 2 2 2 2 2 2 2 2 2 2 2 2 2 2 2 2 2 2 2 2 2 2
left_child=2 -2 15 4 8 6 -6 -7 -3 -10 -4 23 14 -14 -13 16 19 24 -19 20 -1 -21 25 -12 -18 26 -17 29 -27 -24
right_child=1 3 10 -5 5 7 -8 -9 9 -11 11 12 13 -15 -16 22 17 18 -20 21 -22 -23 27 -25 -26 28 -28 -29 -30 -31
leaf_value=-0.00156121707279808 0.22160276347628008 0.028793396428227425 0.066510294984493942 0.12483475950456434 0.067639945194125167 0.07800963523487249 -0.13923784098841926 0.0029575991278721226 0.036334023199975488 0.14551594054698944 -0.04937936866147951 0.0059372535942975669 -0.030416717594084534 0.034357735766126739 0.02874947822625365 -0.0060476815904669037 0.00011871724248225435 0.063585315222864022 0.016114935841245254 -0.0029636425153975118 0.0057717984243953521 -0.014060583281635721 -0.031602897594372431 0.0042204996353636184 0.0093780208745774651 -0.0084065447883172467 -0.0019685955186645341 -0.042665149650790476 -0.029653169317887376 -0.010320182998072016
leaf_weight=18389 26 34 28 31 30 27 22 27 20 20 22 406 23 323 136 1373 801 77 471 4854 3309 736 27 27 483 33 1745 33 39 33
leaf_count=18389 26 34 28 31 30 27 22 27 20 20 22 406 23 323 136 1373 801 77 471 4854 3309 736 27 27 483 33 1745 33 39 33
internal_value=3.99984e-12 0.0649772 -0.000461508 0.0456774 0.0320448 0.0108687 -0.0198853 0.0404836 0.062378 0.090925 0.018247 0.0168047 0.018827 0.0300519 0.0116614 -0.00101867 -0.000591812 0.00934 0.022785 -0.00125859 -0.000442914 -0.00442471 -0.00480486 -0.0198447 0.00360177 -0.00412933 -0.00376481 -0.0279763 -0.0199151 -0.0198974
internal_weight=33605 237 33368 211 180 106 52 54 74 40 965 937 888 346 542 32403 29120 1832 548 27288 21698 5590 3283 49 1284 3190 3118 93 72 60
internal_count=33605 237 33368 211 180 106 52 54 74 40 965 937 888 346 542 32403 29120 1832 548 27288 21698 5590 3283 49 1284 3190 3118 93 72 60
is_linear=0
shrinkage=0.03


Tree=127
num_leaves=29
num_cat=0
split_feature=0 7 22 0 25 0 1 23 8 3 13 23 16 0 24 1 22 22 25 5 22 0 1 3 5 0 0 25
split_gain=1081.69 681.407 689.585 567.83 111.324 95.5239 73.1976 95.9209 77.8912 64.6914 57.2257 62.0864 57.6865 56.5367 100.547 83.1199 114.188 70.662 42.9287 78.236 42.4251 49.7513 49.434 184.58 63.2051 25.6043 11.5696 4.81559
threshold=55.510000000000005 79.153350000000017 204.50000000000003 16.190000000000001 -2.7926570458404067 31.605000000000004 22.895000000000003 3.5000000000000004 597.50000000000011 24.065000000000001 0.055000000000000007 1.5000000000000002 33.500000000000007 10.785000000000002 3.5000000000000004 27.525000000000002 145.50000000000003 192.50000000000003 -1.0189516129032257 0.95905000000000007 344.50000000000006 4.0650000000000004 29.955000000000002 23.775000000000002 0.92945000000000011 14.585000000000003 1.7450000000000003 -1.1503084323712505
decision_type=2 2 2 2 2 2 2 2 2 2 2 2 2 2 2 2 2 2 2 2 2 2 2 2 2 2 2 2
left_child=3 2 -2 13 9 10 7 -7 -8 -5 11 -6 -12 20 18 17 -17 -16 19 -15 22 26 23 -1 -24 -20 -22 -23
right_child=1 -3 -4 4 5 6 8 -9 -10 -11 12 -13 -14 14 15 16 -18 -19 25 -21 21 27 24 -25 -26 -27 -28 -29
leaf_value=-0.0012128172500732589 0.13981956132687628 0.24036908583641051 -0.078365794833410871 -0.055643402650952335 0.00062032917944284576 0.045315646181503931 0.043524997768013975 -0.014549694115725847 0.10193314749333593 0.0068263196623003152 0.020485561372824829 0.037184086219919192 0.00094369919713123039 -0.012928436941334179 0.014952992912770375 -0.0047724344349670701 -0.059746169092807361 -0.0071953947158874048 0.016431917176771921 0.054808379090146013 -0.003348869366028487 -0.021515761162553514 -0.0031520664960130707 0.0084506157143404339 -0.021102902754918548 -0.0017422047736389296 -0.01159130880360802 -0.036672037723271746
leaf_weight=23447 32 25 22 25 52 63 86 39 27 37 364 213 217 21 267 123 47 252 299 57 1032 105 4350 1925 184 91 180 23
leaf_count=23447 32 25 22 25 52 63 86 39 27 37 364 213 217 21 267 123 47 252 299 57 1032 105 4350 1925 184 91 180 23
internal_value=-2.57505e-12 0.110879 0.0509292 -0.000261272 0.0207108 0.0229941 0.0408502 0.022426 0.0574809 -0.0183631 0.0184563 0.0300093 0.0131868 -0.000988109 0.00552404 -0.00176469 -0.0199711 0.00419886 0.0162547 0.0365715 -0.00122925 -0.00645155 -0.000995249 -0.000479643 -0.00388055 0.0121913 -0.00457299 -0.0242392
internal_weight=33605 79 54 33526 1123 1061 215 102 113 62 846 265 581 32403 1157 689 170 519 468 78 31246 1340 29906 25372 4534 390 1212 128
internal_count=33605 79 54 33526 1123 1061 215 102 113 62 846 265 581 32403 1157 689 170 519 468 78 31246 1340 29906 25372 4534 390 1212 128
is_linear=0
shrinkage=0.03


Tree=128
num_leaves=28
num_cat=0
split_feature=0 22 0 25 25 0 3 5 26 0 24 22 22 22 3 22 6 22 0 22 22 22 21 23 0 3 3
split_gain=1017.76 694.871 534.271 373.318 104.744 89.8784 60.8682 56.3942 57.713 53.4474 88.0192 71.1028 169.576 165.796 47.1211 71.0374 39.5241 37.5449 43.817 33.6301 33.5663 84.0252 68.8678 9.67521 7.39375 6.07623 3.98008
threshold=55.510000000000005 202.50000000000003 16.190000000000001 1.1675000000000002 -2.7926570458404067 31.605000000000004 24.065000000000001 0.87340000000000007 -0.04973333333333347 9.8650000000000002 3.5000000000000004 145.50000000000003 158.50000000000003 132.50000000000003 20.665000000000003 188.50000000000003 18.920200000000005 344.50000000000006 3.0050000000000003 110.50000000000001 326.50000000000006 314.50000000000006 11.500000000000002 3.5000000000000004 1.7450000000000003 18.665000000000003 19.105000000000004
decision_type=2 2 2 2 2 2 2 2 2 2 2 2 2 2 2 2 2 2 2 2 2 2 2 2 2 2 2
left_child=2 3 9 -2 6 7 -4 -6 -9 17 16 13 -13 -12 26 -16 19 20 24 -11 21 -1 -22 -18 -19 -20 -7
right_child=1 -3 4 -5 5 14 -8 8 -10 10 11 12 -14 -15 15 -17 23 18 25 -21 22 -23 -24 -25 -26 -27 -28
leaf_value=-0.00093547972802090985 -0.045177596050500868 0.21538074575364588 -0.053974100553989414 0.12426725685596465 0.053618932946732173 0.020444322110941774 0.0066215305506075557 0.0098638384939253986 0.026332023436776719 -0.012887134028332574 0.00017796716273967491 -0.088923429095226783 -0.0053810780478100216 0.056611829557352597 0.076958135211467743 0.034344395218777052 -0.023574608281768602 -0.0032484032857009455 -0.018556731069213028 0.017480735615670304 0.012236758943308172 -0.011046599593871323 -0.0026139195404869444 0.0035482564307749271 -0.010642195891426957 -0.036210969775915147 0.0026433250699192286
leaf_weight=27688 25 32 25 22 38 26 37 496 312 35 354 23 444 54 50 119 29 1032 143 527 510 760 626 20 138 20 20
leaf_count=27688 25 32 25 22 38 26 37 496 312 35 354 23 444 54 50 119 29 1032 143 527 510 760 626 20 138 20 20
internal_value=1.10748e-12 0.107552 -0.000253434 0.034137 0.0200895 0.0223043 -0.0178122 0.0179026 0.0162228 -0.000958465 0.00459906 -0.00150217 -0.00949558 0.00764715 0.0396247 0.046952 0.0133365 -0.00122558 -0.00615064 0.0155895 -0.00100367 -0.0012056 0.0040532 -0.0125041 -0.00412049 -0.0207229 0.0127048
internal_weight=33605 79 33526 47 1123 1061 62 846 808 32403 1486 875 467 408 215 169 611 30917 1333 562 29584 28448 1136 49 1170 163 46
internal_count=33605 79 33526 47 1123 1061 62 846 808 32403 1486 875 467 408 215 169 611 30917 1333 562 29584 28448 1136 49 1170 163 46
is_linear=0
shrinkage=0.03


Tree=129
num_leaves=31
num_cat=0
split_feature=2 3 26 3 4 5 22 22 22 22 2 22 22 5 2 4 24 5 12 5 4 22 3 25 14 1 5 25 5 24
split_gain=262.598 1531.9 113.009 82.912 84.0866 68.7767 172.733 392.059 180.004 320.056 217.799 95.1097 107.628 66.8846 61.9064 51.3598 50.2933 50.1221 44.9778 43.0402 41.4541 40.899 39.8568 100.21 35.1299 25.4992 21.9526 18.7408 25.7462 25.2456
threshold=26.485000000000003 23.385000000000002 -0.28391612903225799 21.715000000000003 15.085000000000003 0.61465000000000014 314.50000000000006 308.50000000000006 276.50000000000006 262.50000000000006 28.395000000000003 326.50000000000006 330.50000000000006 0.9799500000000001 24.155000000000005 34.120000000000012 2.5000000000000004 0.86035000000000006 0.69000000000000006 0.86035000000000006 20.355000000000004 198.50000000000003 16.465000000000003 -1.0910384833050364 0.17000000000000001 22.995000000000001 0.85305000000000009 -0.19527419354838704 0.30720000000000008 2.5000000000000004
decision_type=2 2 2 2 2 2 2 2 2 2 2 2 2 2 2 2 2 2 2 2 2 2 2 2 2 2 2 2 2 2
left_child=1 2 3 14 25 27 7 8 9 -7 -10 -8 24 -6 21 22 -9 -14 -18 -17 -16 -1 26 -24 -13 -5 -4 -2 29 -29
right_child=5 -3 15 4 13 6 11 16 10 -11 -12 12 17 -15 20 19 18 -19 -20 -21 -22 -23 23 -25 -26 -27 -28 28 -30 -31
leaf_value=0.0042997566144913433 -0.0012139555667674002 0.26534195882933481 -0.0054481816196319047 0.036630014643073083 0.11162251085042953 0.0010627102895353375 -0.04118624400347471 0.029156760509512474 0.048191978467481307 0.024352672766875062 -0.028130470490824355 0.011178993014618754 -0.0036672284731677934 0.043197937471171219 0.0096294019447722978 0.0054568656943738466 0.04228261119453236 -0.02723812572808796 0.084962843388319012 -0.052607583105564112 -0.018605929409749193 0.030140709940863486 0.032754275050798524 0.0031172097834706218 0.057089722976088525 -0.0096868823079959195 -0.038808534778654577 -0.011002365261527168 0.00026520874762506484 -0.00056885986401379433
leaf_weight=75 22870 21 158 20 20 5571 100 53 38 587 294 60 153 36 201 20 40 173 50 27 61 208 114 1034 20 23 20 652 599 307
leaf_count=75 22870 21 158 20 20 5571 100 53 38 587 294 60 153 36 201 20 40 173 50 27 61 208 114 1034 20 23 20 652 599 307
internal_value=-5.5669e-12 0.0104371 0.00778315 0.0181517 0.0434079 -0.00067383 0.00191647 0.00320535 0.0021227 0.00328278 -0.0193948 -0.014979 -0.00852401 0.0676353 0.0135638 0.00291983 0.0523409 -0.0161757 0.0659939 -0.0278993 0.00305553 0.0232924 0.00401222 0.00606026 0.0226567 0.0118559 -0.00919654 -0.00143084 -0.00461446 -0.00766234
internal_weight=33605 2038 2017 644 99 31567 7139 6633 6490 6158 332 506 406 56 545 1373 143 326 90 47 262 283 1326 1148 80 43 178 24428 1558 959
internal_count=33605 2038 2017 644 99 31567 7139 6633 6490 6158 332 506 406 56 545 1373 143 326 90 47 262 283 1326 1148 80 43 178 24428 1558 959
is_linear=0
shrinkage=0.03


Tree=130
num_leaves=28
num_cat=0
split_feature=0 7 22 0 4 25 0 26 24 3 1 3 5 22 1 3 0 0 2 0 22 22 5 3 7 14 14
split_gain=932.578 655.807 666.132 486.383 122.968 108.555 111.684 75.3726 73.3918 60.0471 51.8172 195.083 153.483 158.899 75.3458 151.32 86.1268 60.7082 47.7962 32.8747 25.6374 17.5128 34.4631 22.7923 15.6392 12.218 5.82811
threshold=55.510000000000005 79.153350000000017 204.50000000000003 16.190000000000001 28.705000000000002 -2.7926570458404067 29.145000000000003 -0.04973333333333347 4.5000000000000009 24.065000000000001 30.805000000000003 24.255000000000006 0.43585000000000007 145.50000000000003 27.275000000000002 22.075000000000003 3.6950000000000007 8.7550000000000008 25.405000000000005 29.145000000000003 142.50000000000003 146.50000000000003 0.5727000000000001 25.605000000000004 76.966650000000016 0.15500000000000003 0.13000000000000003
decision_type=2 2 2 2 2 2 2 2 2 2 2 2 2 2 2 2 2 2 2 2 2 2 2 2 2 2 2
left_child=3 2 -2 10 5 9 7 -7 19 -5 11 14 24 -14 15 -1 -16 21 -8 25 26 23 -23 -12 -13 -6 -19
right_child=1 -3 -4 4 8 6 18 -9 -10 -11 17 12 13 -15 16 -17 -18 20 -20 -21 -22 22 -24 -25 -26 -27 -28
leaf_value=-0.0014224916656764377 0.13150630560703575 0.22998783102035522 -0.082936677485704421 -0.056195581209930505 0.03590156636067799 0.011114823088731293 0.028376738671660424 0.031724855478061642 -0.047926021015102217 0.0063910030654153304 -0.005710362194078872 0.0054314281426381481 0.033651917715759837 0.0067218314065833435 -0.002777745079586526 0.0055462086524591192 -0.013575019269208 -0.012536436050125447 0.054121140872438744 -0.022990759932077848 -0.058979509547352788 -0.0054604258753929401 -0.025453485990564028 9.3874260490097946e-05 -0.001799469566456408 0.0071078018471598626 -0.030224772557616235
leaf_weight=18389 32 25 22 22 21 436 125 252 33 37 1168 493 358 439 4871 3309 770 38 135 26 20 563 90 1272 593 36 30
leaf_count=18389 32 25 22 22 21 436 125 252 33 37 1168 493 358 439 4871 3309 770 38 135 26 20 563 90 1272 593 36 30
internal_value=-3.61796e-12 0.102953 0.0441406 -0.000242597 0.0191673 0.0225366 0.0249939 0.0186638 -0.0100819 -0.0169464 -0.000915289 -0.000519474 0.00882044 0.0188184 -0.00116277 -0.000359747 -0.00425158 -0.00455141 0.041744 0.00496451 -0.0291218 -0.00385235 -0.00821598 -0.00268455 0.00148307 0.017716 -0.0203401
internal_weight=33605 79 54 33526 1123 1007 948 688 116 59 32403 29222 1883 797 27339 21698 5641 3181 260 83 88 3093 653 2440 1086 57 68
internal_count=33605 79 54 33526 1123 1007 948 688 116 59 32403 29222 1883 797 27339 21698 5641 3181 260 83 88 3093 653 2440 1086 57 68
is_linear=0
shrinkage=0.03


Tree=131
num_leaves=28
num_cat=0
split_feature=0 22 0 25 4 25 0 6 24 26 1 0 22 22 6 5 5 21 0 0 0 16 22 0 1 4 0
split_gain=877.463 687.005 457.638 364.639 115.701 102.139 105.083 76.2064 77.1982 70.9181 49.7366 61.6566 76.9289 184.255 143.73 56.9921 46.4866 115.851 105.564 38.4807 38.1253 30.9839 17.6509 9.13811 7.58565 4.8612 2.45138
threshold=55.510000000000005 202.50000000000003 16.190000000000001 1.1675000000000002 28.705000000000002 -2.7926570458404067 29.145000000000003 17.947700000000001 4.5000000000000009 -0.04973333333333347 31.665000000000003 8.4250000000000025 192.50000000000003 103.50000000000001 17.823850000000004 0.86035000000000006 0.86740000000000006 6.5000000000000009 4.455000000000001 21.710000000000004 29.145000000000003 27.000000000000004 148.50000000000003 1.7450000000000003 31.975000000000005 21.995000000000001 1.0000000180025095e-35
decision_type=2 2 2 2 2 2 2 2 2 2 2 2 2 2 2 2 2 2 2 2 2 2 2 2 2 2 2
left_child=2 3 10 -2 5 19 9 8 20 -7 11 16 13 -13 -14 23 18 -18 -1 -4 -6 -8 24 26 -17 -25 -12
right_child=1 -3 4 -5 7 6 21 -9 -10 -11 15 12 14 -15 -16 22 17 -19 -20 -21 -22 -23 -24 25 -26 -27 -28
leaf_value=-0.00098727356509164307 -0.051521242117881776 0.20708098031580446 -0.049029061291366818 0.11594234213232994 0.013044999696918436 0.010781378284579467 0.060485638491470699 0.029616554416716099 -0.06657444093583359 0.030773109886628975 0.0015675641211315191 -0.0046508763792716254 0.0066823409534310365 0.020345346688974912 -0.017096385047512336 -0.0029523738817526742 0.0017387441732467125 -0.012347668667268918 0.0089421530714025727 0.0015728862304240465 -0.038365217708051201 0.035127477137275355 -0.042606169696777101 -0.010615844457513755 -0.020954742097827554 -0.0036445167683182168 -0.0031878533808885785
leaf_weight=25164 25 32 21 22 37 436 55 32 27 252 105 456 657 635 351 26 1060 1042 1002 38 20 205 31 243 111 143 1377
leaf_count=25164 25 32 21 22 37 436 55 32 27 252 105 456 657 635 351 26 1060 1042 1002 38 20 205 31 243 111 143 1377
internal_value=-7.10937e-12 0.0998645 -0.000235319 0.026866 0.0185922 0.0218605 0.024244 -0.00977948 -0.0247875 0.0181039 -0.000887831 -0.000583494 0.0043773 0.0098978 -0.00159775 -0.00542703 -0.000951851 -0.00524415 -0.000607036 -0.016438 -0.00499367 0.0404917 -0.0221639 -0.00392179 -0.0175382 -0.0080332 -0.00285093
internal_weight=33605 79 33526 47 1123 1007 948 116 84 688 32403 30367 2099 1091 1008 2036 28268 2102 26166 59 57 260 168 1868 137 386 1482
internal_count=33605 79 33526 47 1123 1007 948 116 84 688 32403 30367 2099 1091 1008 2036 28268 2102 26166 59 57 260 168 1868 137 386 1482
is_linear=0
shrinkage=0.03


Tree=132
num_leaves=29
num_cat=0
split_feature=0 8 22 0 4 0 6 24 5 26 3 1 1 3 0 22 1 3 0 5 0 1 0 22 0 1 3 0
split_gain=825.605 647.357 645.535 430.591 108.863 92.4745 71.7026 72.6358 60.9387 72.69 57.5206 71.626 46.7972 124.31 139.266 155.002 79.8413 138.458 96.4456 53.6239 35.8721 30.4111 25.4343 16.6078 8.60648 7.13733 5.72302 2.31965
threshold=55.510000000000005 496.50000000000006 204.50000000000003 16.190000000000001 28.705000000000002 29.145000000000003 17.947700000000001 4.5000000000000009 0.87340000000000007 0.085793548387096991 22.785000000000004 22.895000000000003 31.665000000000003 24.205000000000002 3.5050000000000003 145.50000000000003 27.475000000000005 22.075000000000003 3.6950000000000007 0.86035000000000006 29.145000000000003 24.815000000000001 1.3550000000000002 148.50000000000003 1.7750000000000001 31.975000000000005 26.585000000000004 1.0000000180025095e-35
decision_type=2 2 2 2 2 2 2 2 2 2 2 2 2 2 2 2 2 2 2 2 2 2 2 2 2 2 2 2
left_child=3 -2 -3 12 5 8 7 20 -5 -10 11 -7 13 16 22 -16 17 -1 -18 24 -6 -12 -15 25 27 -21 -26 -14
right_child=1 2 -4 4 6 10 -8 -9 9 -11 21 -13 19 14 15 -17 18 -19 -20 23 -22 -23 -24 -25 26 -27 -28 -29
leaf_value=-0.0014187367212002205 0.2230822194814682 0.12444061908870935 -0.086661005941304284 0.05739783483743667 0.012653649368801633 0.029464115294126365 0.028728058347478509 -0.064577207718458443 0.0082068478299304835 0.030777648811392926 -0.013670108877122403 0.066030615758059949 0.0015205372408714278 -0.00051129609360687763 0.031205899955432617 0.0029315708516790052 -0.0029280662510986826 0.0050466237921901616 -0.014997108708474817 -0.0028638028353452681 -0.03721426141262054 0.026383761968147956 0.0067654278456104984 -0.041327984621447898 -0.011759878502559606 -0.020326099802513379 -0.0043645974604412914 -0.0031044026238445377
leaf_weight=18713 25 32 22 30 37 117 32 27 525 170 24 82 105 1490 349 349 4627 3546 684 26 20 59 609 31 178 111 200 1385
leaf_count=18713 25 32 22 30 37 117 32 27 525 170 24 82 105 1490 349 349 4627 3546 684 26 20 59 609 31 178 111 200 1385
internal_value=-2.0414e-12 0.0968685 0.0384363 -0.000228259 0.0180345 0.0212047 -0.00948609 -0.0240439 0.0155348 0.0137278 0.0357815 0.0445317 -0.000861196 -0.000565989 0.00546024 0.0170687 -0.00117735 -0.000388764 -0.00448243 -0.00526422 -0.00484386 0.0148019 0.00159996 -0.0214989 -0.00380413 -0.0170121 -0.00784703 -0.00277848
internal_weight=33605 79 54 33526 1123 1007 116 84 725 695 282 199 32403 30367 2797 698 27570 22259 5311 2036 57 83 2099 168 1868 137 378 1490
internal_count=33605 79 54 33526 1123 1007 116 84 725 695 282 199 32403 30367 2797 698 27570 22259 5311 2036 57 83 2099 168 1868 137 378 1490
is_linear=0
shrinkage=0.03


Tree=133
num_leaves=28
num_cat=0
split_feature=0 22 0 25 4 25 0 6 24 26 3 22 1 3 22 3 1 0 1 5 0 5 3 0 6 26 3
split_gain=776.811 685.058 405.143 353.162 102.429 95.4451 94.7928 67.4649 68.343 60.1801 55.3797 46.0091 53.6589 136.527 161.643 92.5241 207.133 88.239 58.3674 53.3 33.7521 27.4708 19.749 7.9227 9.38231 3.7153 3.42467
threshold=55.510000000000005 202.50000000000003 16.190000000000001 1.1675000000000002 28.705000000000002 -2.7926570458404067 26.785000000000004 17.947700000000001 4.5000000000000009 0.14501612903225816 24.065000000000001 342.50000000000006 26.055000000000003 21.265000000000004 188.50000000000003 23.615000000000006 29.175000000000004 3.8750000000000004 24.245000000000001 0.80260000000000009 29.145000000000003 0.92055000000000009 18.855000000000004 1.7750000000000001 14.099000000000002 0.09292258064516129 19.005000000000006
decision_type=2 2 2 2 2 2 2 2 2 2 2 2 2 2 2 2 2 2 2 2 2 2 2 2 2 2 2
left_child=2 3 11 -2 5 10 9 8 20 -7 -4 12 13 18 -15 17 -17 -14 -1 23 -6 -8 25 26 -25 -21 -13
right_child=1 -3 4 -5 7 6 21 -9 -10 -11 -12 19 15 14 -16 16 -18 -19 -20 22 -22 -23 -24 24 -26 -27 -28
leaf_value=0.00074034284946240749 -0.056076221188902854 0.20102692030370234 -0.054146571904420848 0.10873085309158671 0.012274040205253137 0.011893780420511074 0.055815610649450773 0.027866216590628028 -0.062639892862902738 0.036888716030068908 0.0059584168364872798 -0.0024783122200908612 -0.0027041716007367399 0.018294593805465616 0.0024978638985902091 0.010062605966041197 -0.0023496441304559231 -0.011601607314965064 -0.0034899324587552125 -0.016074733079130786 -0.036097833640873433 0.03219243842841954 -0.050693708091974259 0.010087746888399125 -0.011519697607746199 -0.028577012932962841 -0.0075057324535287113
leaf_weight=7909 25 32 22 22 37 521 53 32 27 104 37 994 7461 744 2694 1637 4639 1159 4668 103 20 270 20 20 189 27 139
leaf_count=7909 25 32 22 22 37 521 53 32 27 104 37 994 7461 744 2694 1637 4639 1159 4668 103 20 270 20 20 189 27 139
internal_value=-1.32497e-11 0.0939625 -0.000221411 0.0210675 0.0174934 0.0205685 0.0228726 -0.00920151 -0.0233226 0.0160529 -0.0164536 -0.00083536 -0.000587002 0.00061847 0.00591635 -0.00188303 0.000887904 -0.00390047 -0.000829739 -0.0059808 -0.00469855 0.0360687 -0.022941 -0.0040851 -0.009452 -0.0186714 -0.00309509
internal_weight=33605 79 33526 47 1123 1007 948 116 84 625 59 32403 30911 16015 3438 14896 6276 8620 12577 1492 57 323 150 1342 209 130 1133
internal_count=33605 79 33526 47 1123 1007 948 116 84 625 59 32403 30911 16015 3438 14896 6276 8620 12577 1492 57 323 150 1342 209 130 1133
is_linear=0
shrinkage=0.03


Tree=134
num_leaves=29
num_cat=0
split_feature=0 22 0 25 4 25 0 24 3 13 2 3 22 22 22 22 0 0 24 25 2 2 0 22 0 2 25 14
split_gain=730.902 644.571 381.199 332.29 96.3757 89.8043 90.5766 56.7442 52.1068 47.4872 45.1655 94.7515 70.7834 132.033 68.5427 196.284 341.518 91.4714 171.432 57.4785 48.3448 34.5766 25.5098 21.9981 18.3615 34.5591 13.7283 11.1721
threshold=55.510000000000005 202.50000000000003 16.190000000000001 1.1675000000000002 28.705000000000002 -2.7926570458404067 31.605000000000004 4.5000000000000009 24.065000000000001 0.055000000000000007 29.315000000000001 17.705000000000002 190.50000000000003 262.50000000000006 145.50000000000003 127.50000000000001 3.5050000000000003 3.7550000000000003 1.5000000000000002 -0.074510752688171922 22.755000000000006 25.405000000000005 29.145000000000003 172.50000000000003 6.6850000000000014 26.845000000000002 -0.11772043010752689 0.15500000000000003
decision_type=2 2 2 2 2 2 2 2 2 2 2 2 2 2 2 2 2 2 2 2 2 2 2 2 2 2 2 2
left_child=2 3 10 -2 5 8 9 22 -4 -7 11 24 20 -14 15 19 -17 23 -19 -12 -13 -8 27 -16 26 -26 -1 -6
right_child=1 -3 4 -5 7 6 21 -9 -10 -11 14 12 13 -15 17 16 -18 18 -20 -21 -22 -23 -24 -25 25 -27 -28 -29
leaf_value=-0.0025048511141724998 -0.054393935197591774 0.19499611280858517 -0.052522175102071328 0.10546893060207367 0.032927311190537045 0.028862514660167538 0.027659692859315143 -0.042201778969981452 0.0057796642305077738 0.012456194250639634 -0.0014688483515674056 -0.033001595512032508 -0.0030310644862093206 0.008557743605782972 -0.0050790313495013258 0.00092776934801212059 0.027587858683454165 0.01818751766721885 -0.013416919048096346 -0.031395449831054127 0.010918474012453641 0.052796776569025081 -0.020320712156020677 -0.0011481355371588417 -0.050573205415159458 -0.0077022876197641544 -0.023263874667985684 0.0053936008488138518
leaf_weight=2529 25 32 22 22 21 228 98 33 37 523 14008 23 2187 1486 1694 1627 589 173 1442 58 1169 99 26 5259 20 110 29 36
leaf_count=2529 25 32 22 22 21 228 98 33 37 523 14008 23 2187 1486 1694 1627 589 173 1442 58 1169 99 26 5259 20 110 29 36
internal_value=-4.14733e-13 0.0911436 -0.000214769 0.0204355 0.0169686 0.0199515 0.0221865 -0.00892547 -0.01596 0.0174371 -0.000810299 0.00122129 0.00371892 0.00165747 -0.00142779 -0.000284844 0.00801387 -0.00359975 -0.0100314 -0.00159225 0.010071 0.040292 0.00430488 -0.00210584 -0.00329916 -0.0142978 -0.0027402 0.0155376
internal_weight=33605 79 33526 47 1123 1007 948 116 59 751 32403 7553 4865 3673 24850 16282 2216 8568 1615 14066 1192 197 83 6953 2688 130 2558 57
internal_count=33605 79 33526 47 1123 1007 948 116 59 751 32403 7553 4865 3673 24850 16282 2216 8568 1615 14066 1192 197 83 6953 2688 130 2558 57
is_linear=0
shrinkage=0.03


Tree=135
num_leaves=25
num_cat=0
split_feature=4 11 25 22 22 2 22 5 22 22 22 5 5 22 22 4 5 22 11 5 17 5 17 2
split_gain=212.502 1613.64 169.006 57.034 56.5669 98.601 139.342 164.778 94.2108 65.8714 299.568 105.403 60.065 55.5239 32.3061 31.7471 27.7943 11.1497 9.43021 7.17263 13.8545 3.6839 2.64014 1.78649
threshold=37.110000000000007 17.500000000000004 1.4740000000000002 158.50000000000003 336.50000000000006 29.525000000000002 262.50000000000006 0.34295000000000003 218.50000000000003 274.50000000000006 262.50000000000006 0.81955000000000011 0.86740000000000006 168.50000000000003 268.50000000000006 15.085000000000003 0.79420000000000013 340.50000000000006 -18.499999999999996 0.43585000000000007 44.500000000000007 0.5182500000000001 21.000000000000004 26.365000000000006
decision_type=2 2 2 2 2 2 2 2 2 2 2 2 2 2 2 2 2 2 2 2 2 2 2 2
left_child=2 16 4 -4 5 6 8 -8 -1 10 -7 -11 19 -5 15 -15 21 -14 -19 23 -21 22 -2 -6
right_child=1 -3 3 13 12 9 7 -9 -10 11 -12 -13 17 14 -16 -17 -18 18 -20 20 -22 -23 -24 -25
leaf_value=0.0029145702908058538 -0.0038287720642983911 0.28537325442954897 -0.03429013930261135 0.055810983061790463 -0.0069685853601549755 -0.00092459510141478505 -0.0008237012448034396 0.02023010669905408 -0.0065875699982294545 -0.0033225762933624344 0.027184074149059091 -0.021947770919160621 -0.0063797425180673597 0.001929913119793954 0.047514688646793361 0.016948448435564506 -0.03800282611201207 -0.041754472831199908 -0.022408436900004745 -0.012306589356331683 0.0033587890337495241 -0.011189275118319884 0.011585928216576575 -0.0027338200587085767
leaf_weight=4412 20 20 21 30 96 20548 570 810 1193 2722 347 304 30 176 25 452 27 29 104 201 68 23 20 1357
leaf_count=4412 20 20 21 30 96 20548 570 810 1193 2722 347 304 30 176 25 452 27 29 104 201 68 23 20 1357
internal_value=-2.81388e-12 0.0416289 -0.000136712 0.0144069 -0.000448954 -0.000141231 0.00299456 0.011534 0.000892081 -0.00105689 -0.000457799 -0.00519371 -0.0054943 0.0159042 0.0140708 0.0127394 -0.0125365 -0.0229003 -0.0266267 -0.00384669 -0.00834657 -0.00162238 0.00387858 -0.00301361
internal_weight=33605 110 33495 704 32791 30906 6985 1380 5605 23921 20895 3026 1885 683 653 628 90 163 133 1722 269 63 40 1453
internal_count=33605 110 33495 704 32791 30906 6985 1380 5605 23921 20895 3026 1885 683 653 628 90 163 133 1722 269 63 40 1453
is_linear=0
shrinkage=0.03


Tree=136
num_leaves=30
num_cat=0
split_feature=0 8 22 0 4 0 6 24 26 3 1 22 1 3 0 6 1 3 22 0 4 0 1 22 0 0 3 3 0
split_gain=674.975 658.74 643.851 350.014 90.409 78.3591 62.3088 62.0576 52.5884 52.3005 66.3411 45.3356 43.5412 169.841 125.78 152.529 62.6139 128.275 77.5677 48.1426 31.5934 30.5176 29.5152 26.4905 23.9277 15.3851 42.4894 14.9401 4.85196
threshold=55.510000000000005 496.50000000000006 204.50000000000003 16.190000000000001 28.705000000000002 29.145000000000003 17.947700000000001 4.5000000000000009 0.085793548387096991 22.785000000000004 22.895000000000003 274.50000000000006 30.735000000000003 24.255000000000006 3.5050000000000003 16.639450000000004 27.275000000000002 22.075000000000003 145.50000000000003 8.7550000000000008 11.155000000000003 29.145000000000003 24.815000000000001 142.50000000000003 0.97500000000000009 2.4850000000000008 25.605000000000004 25.525000000000002 1.0000000180025095e-35
decision_type=2 2 2 2 2 2 2 2 2 2 2 2 2 2 2 2 2 2 2 2 2 2 2 2 2 2 2 2 2
left_child=3 -2 -3 12 5 8 7 21 11 10 -7 -5 13 16 24 -16 17 -1 -18 25 -10 -6 -11 27 -15 28 -27 -21 -14
right_child=1 2 -4 4 6 9 -8 -9 20 22 -12 -13 19 14 15 -17 18 -19 -20 23 -22 -23 -24 -25 -26 26 -28 -29 -30
leaf_value=-0.0012505085033158374 0.21490574895143508 0.11453556816559285 -0.096290616095066062 0.011250882333477161 0.011494527197367436 0.026409110281711966 0.026802516700699924 -0.059857050047980413 0.063738316912204024 -0.015488077774643897 0.061600723422882031 -0.030098841655254366 0.0021578334781162914 5.5418523358705207e-05 0.059611722807605544 0.014067700871171512 -0.0020066167322300228 0.0051656450164861457 -0.010671791152739347 -0.031960627164517065 0.023673990681046437 -0.034501289069652559 0.023971447356171526 -0.054976007640361785 0.008469623443698792 -0.01824046958263402 -0.0011443685091458834 -0.0044589381068944924 -0.0028425689500646348
leaf_weight=18389 25 32 22 525 37 117 32 27 20 24 82 25 188 789 77 471 4412 3309 1178 32 155 20 59 21 495 219 325 40 2458
leaf_count=18389 25 32 22 525 37 117 32 27 20 24 82 25 188 789 77 471 4412 3309 1178 32 155 20 59 21 495 219 325 40 2458
internal_value=6.48107e-13 0.0875872 0.0286434 -0.000206389 0.0162591 0.0191482 -0.00882059 -0.0223913 0.0139289 0.0325664 0.0409102 0.00937135 -0.000777039 -0.000407791 0.0084346 0.0204671 -0.00100143 -0.000272029 -0.00383266 -0.00405225 0.0282528 -0.00464436 0.0125615 -0.025329 0.00329921 -0.00343196 -0.00802681 -0.0166819 -0.00248729
internal_weight=33605 79 54 33526 1123 1007 116 84 725 282 199 550 32403 29120 1832 548 27288 21698 5590 3283 175 57 83 93 1284 3190 544 72 2646
internal_count=33605 79 54 33526 1123 1007 116 84 725 282 199 550 32403 29120 1832 548 27288 21698 5590 3283 175 57 83 93 1284 3190 544 72 2646
is_linear=0
shrinkage=0.03


Tree=137
num_leaves=31
num_cat=0
split_feature=0 3 0 4 23 5 22 4 22 22 21 6 17 10 5 22 22 25 22 22 5 25 25 22 22 5 5 22 22 5
split_gain=637.289 690.935 210.77 203.567 326.823 151.388 150.934 143.581 78.3875 50.3346 85.161 89.5033 84.4478 61.8331 50.4592 40.7008 126.201 104.453 84.9385 381.603 301.853 439.442 120.733 77.4605 164.312 64.6561 55.955 52.2422 49.7564 37.3927
threshold=35.95000000000001 24.255000000000006 15.075000000000001 25.025000000000002 5.5000000000000009 0.9799500000000001 200.50000000000003 21.555000000000003 206.50000000000003 74.500000000000014 6.5000000000000009 17.728850000000005 26.500000000000004 92.500000000000014 0.89045000000000007 206.50000000000003 172.50000000000003 -0.45346774193548395 262.50000000000006 274.50000000000006 0.86035000000000006 -0.27790322580645155 -0.91839784946236547 145.50000000000003 127.50000000000001 0.89045000000000007 0.82955000000000012 302.50000000000006 176.50000000000003 0.65155000000000007
decision_type=2 2 2 2 2 2 2 2 2 2 2 2 2 2 2 2 2 2 2 2 2 2 2 2 2 2 2 2 2 2
left_child=2 3 15 4 6 -5 7 -2 -8 -4 11 12 -11 -12 -15 16 23 28 20 22 29 -22 -20 24 -1 -19 -25 -21 -18 -17
right_child=1 -3 9 5 -6 -7 8 -9 -10 10 13 -13 -14 14 -16 18 17 25 19 27 21 -23 -24 26 -26 -27 -28 -29 -30 -31
leaf_value=-0.0011577349087072808 0.032721816529680425 0.20915090047839011 -0.024099774724719199 0.037419376854713145 0.14968727989196776 -0.06074102418437119 -0.043604597068495218 0.1227315157990564 0.02937712707198583 0.0094877765476703638 0.030400834622628544 0.015586811741764215 0.07019193669019097 0.032748775535396166 0.0030755924464632707 -0.00042389175142639883 0.035035654594841641 0.0086967385390173055 0.050402926685974785 -0.0069466254930256339 -0.053013513256429827 -0.0026541338989177756 0.015995692678482141 -0.004224081617612568 0.0074802124744630721 -0.005389619902998675 -0.018499913014632215 -0.00081750195788345018 0.01358663302385402 -0.010285791151965146
leaf_weight=16315 58 22 33 26 25 31 27 22 26 30 102 187 66 56 653 2278 133 726 114 1810 280 352 471 1902 2256 492 284 4057 363 408
leaf_count=16315 58 22 33 26 25 31 27 22 26 30 102 187 66 56 653 2278 133 726 114 1810 280 352 471 1902 2256 492 284 4057 363 408
internal_value=-1.20058e-11 0.0490206 -0.000348174 0.0326351 0.0501685 -0.0159661 0.031462 0.0574745 -0.00780224 0.0124045 0.0135057 0.027675 0.0512219 0.00856126 0.00541931 -0.000793952 -9.11146e-05 0.00773269 -0.00241048 -0.00040454 -0.00631111 -0.0249653 0.0227007 -0.000737162 -0.000108399 0.00300668 -0.00607876 -0.00270837 0.0193381 -0.0019219
internal_weight=33605 237 33368 215 158 57 133 80 53 1127 1094 283 96 811 709 32241 22471 1714 9770 6452 3318 632 585 20757 18571 1218 2186 5867 496 2686
internal_count=33605 237 33368 215 158 57 133 80 53 1127 1094 283 96 811 709 32241 22471 1714 9770 6452 3318 632 585 20757 18571 1218 2186 5867 496 2686
is_linear=0
shrinkage=0.03


Tree=138
num_leaves=28
num_cat=0
split_feature=0 22 25 0 4 25 0 6 24 11 3 22 22 22 22 0 5 12 22 2 22 0 0 17 25 4 3
split_gain=608.69 637.379 324.77 308.417 82.9506 82.8634 77.1147 58.284 58.7215 54.0716 46.6413 40.6945 71.4848 98.0098 244.613 107.257 42.485 38.6541 40.6659 38.638 32.4016 28.102 9.89168 13.0304 9.86625 8.67871 2.5412
threshold=55.510000000000005 202.50000000000003 1.1675000000000002 16.190000000000001 28.705000000000002 -2.7926570458404067 26.785000000000004 17.947700000000001 4.5000000000000009 1.0000000180025095e-35 24.065000000000001 336.50000000000006 326.50000000000006 314.50000000000006 310.50000000000006 4.0650000000000004 0.86740000000000006 0.76500000000000012 332.50000000000006 25.405000000000005 328.50000000000006 29.145000000000003 1.7750000000000001 44.500000000000007 -1.5863101301641196 19.285000000000004 19.295000000000005
decision_type=2 2 2 2 2 2 2 2 2 2 2 2 2 2 2 2 2 2 2 2 2 2 2 2 2 2 2
left_child=3 2 -2 11 5 10 9 8 21 -7 -5 12 13 14 -1 -15 22 18 -14 -8 -19 -6 26 -24 25 -18 -13
right_child=1 -3 -4 4 7 6 19 -9 -10 -11 -12 16 17 15 -16 -17 24 20 -20 -21 -22 -23 23 -25 -26 -27 -28
leaf_value=-0.00065507998702239441 -0.06111501794457435 0.18644690556451676 0.096928655017505985 -0.051059850718487391 0.010862418979003622 0.028006656481492007 0.02113929003111872 0.025690559854265303 -0.058332690762148962 0.008455059168010249 0.0040996417634793225 -0.0020139549502927283 0.01235282414969115 -0.0076313117807375363 0.029387515192800313 -0.046066281015325027 -0.019683070935308935 -0.0051551601174287497 -0.0051112684105290096 0.04191996708392124 0.029702533209696413 -0.033275427326560025 -0.011895342125010883 0.0019421570075721273 -0.034382458430002712 0.00196525614336133 -0.0054883254097158546
leaf_weight=28852 25 32 22 22 37 178 153 32 27 447 37 1172 300 707 246 72 100 30 200 170 120 20 242 82 34 20 226
leaf_count=28852 25 32 22 22 37 178 153 32 27 447 37 1172 300 707 246 72 100 30 200 170 120 20 242 82 34 20 226
internal_value=2.48545e-12 0.0831754 0.0128629 -0.000195993 0.0152602 0.0180275 0.0201744 -0.00876279 -0.0218879 0.0140234 -0.0164683 -0.000731662 -0.000468107 -0.000682235 -0.000401094 -0.0111837 -0.00502033 0.00937422 0.00536719 0.0320765 0.022731 -0.00462454 -0.00367023 -0.00839326 -0.0201169 -0.016075 -0.00257562
internal_weight=33605 79 47 33526 1123 1007 948 116 84 625 59 32403 30527 29877 29098 779 1876 650 500 323 150 57 1722 324 154 120 1398
internal_count=33605 79 47 33526 1123 1007 948 116 84 625 59 32403 30527 29877 29098 779 1876 650 500 323 150 57 1722 324 154 120 1398
is_linear=0
shrinkage=0.03


Tree=139
num_leaves=25
num_cat=0
split_feature=0 7 22 0 4 0 25 5 2 2 21 0 22 22 5 22 25 22 5 22 0 24 22 4
split_gain=572.717 628.759 614.317 291.092 76.2232 70.5502 64.9869 58.094 55.3704 41.0066 61.782 71.4854 59.001 151.482 135.222 509.678 76.2471 73.8888 47.6729 39.6842 35.4148 32.7862 24.2919 6.53077
threshold=55.510000000000005 79.153350000000017 204.50000000000003 15.075000000000001 34.120000000000012 26.785000000000004 -2.5897150537634399 0.86035000000000006 25.405000000000005 24.835000000000004 7.5000000000000009 13.285000000000002 206.50000000000003 172.50000000000003 0.87340000000000007 262.50000000000006 -0.45346774193548395 145.50000000000003 0.9799500000000001 74.500000000000014 7.0850000000000009 3.5000000000000004 268.50000000000006 15.765000000000002
decision_type=2 2 2 2 2 2 2 2 2 2 2 2 2 2 2 2 2 2 2 2 2 2 2 2
left_child=3 2 -2 9 5 7 -7 -5 -8 10 18 22 13 17 20 -16 -15 -11 21 -9 -14 -1 -12 -20
right_child=1 -3 -4 4 -6 6 8 19 -10 12 11 -13 14 16 15 -17 -18 -19 23 -21 -22 -23 -24 -25
leaf_value=-0.0058141099134499724 0.10699237113352865 0.2050676255106926 -0.098941649550741376 0.056174340518628012 -0.034272768764660275 -0.012884417499105136 0.017823121798384252 -0.023928229731973259 0.041558677737656279 -0.00010557571433676612 0.009251569234993217 0.072340483993291849 -0.0016161320374128278 0.018894714678750483 -0.038004703601017362 0.0017933903688598157 0.0045284760921371877 -0.0059611674998690167 -0.0068419579491019247 0.010133650255386277 0.021909644670527556 0.020589016868684491 0.035366376301175666 -0.026557077219890007
leaf_weight=94 32 25 22 24 29 36 181 32 173 18543 205 20 8126 483 442 840 1067 2166 20 810 58 77 38 62
leaf_count=94 32 25 22 24 29 36 181 32 173 18543 205 20 8126 483 442 840 1067 2166 20 810 58 77 38 62
internal_value=-9.15835e-12 0.0806801 0.0230933 -0.000190113 0.0138122 0.0149224 0.0255174 0.010151 0.0294227 -0.000748189 0.007641 0.0178224 -0.000884637 -4.09519e-05 -0.00286854 -0.0119279 0.00900518 -0.000718025 -0.00294289 0.00883914 -0.0014494 0.00607502 0.0133354 -0.0217485
internal_weight=33605 79 54 33526 1285 1256 390 866 354 32241 516 263 31725 22259 9466 1282 1550 20709 253 842 8184 171 243 82
internal_count=33605 79 54 33526 1285 1256 390 866 354 32241 516 263 31725 22259 9466 1282 1550 20709 253 842 8184 171 243 82
is_linear=0
shrinkage=0.03


Tree=140
num_leaves=26
num_cat=0
split_feature=0 22 25 0 4 0 25 5 2 1 3 0 22 26 1 5 5 10 3 22 3 16 2 5 24
split_gain=538.869 636.147 315.032 273.889 71.7184 66.3807 61.1461 55.2821 52.098 40.9837 156.242 99.9249 124.92 87.7069 74.973 58.4126 53.2355 61.5807 115.451 36.5929 22.0534 13.4671 40.917 13.6795 10.5819
threshold=55.510000000000005 202.50000000000003 1.1675000000000002 15.075000000000001 34.120000000000012 26.785000000000004 -2.5897150537634399 0.87340000000000007 25.405000000000005 30.265000000000004 23.775000000000002 1.4450000000000001 145.50000000000003 0.42787096774193573 26.055000000000003 0.69145000000000012 0.80260000000000009 85.000000000000014 25.855000000000004 74.500000000000014 25.465000000000003 33.500000000000007 35.845000000000006 0.58935000000000015 3.5000000000000004
decision_type=2 2 2 2 2 2 2 2 2 2 2 2 2 2 2 2 2 2 2 2 2 2 2 2 2
left_child=3 2 -2 9 5 7 -7 -5 -8 10 13 24 -13 14 -1 -15 21 18 -18 -9 -19 23 -23 -11 -12
right_child=1 -3 -4 4 -6 6 8 19 -10 16 11 12 -14 15 -16 -17 17 20 -20 -21 -22 22 -24 -25 -26
leaf_value=2.95130353832887e-05 -0.064845145811140537 0.18143138621002436 0.090811025635762641 0.045724659106014545 -0.033244584572726277 -0.012497884631156921 0.017288428405145419 -0.023210382966790347 0.040311917551319416 -0.00421206341861025 -0.0017517362315759427 0.024218620550602154 0.0049065540182284297 0.0057846331752159381 -0.0034163573172127232 0.051330027818045715 -0.018106247411431887 -0.028117974041016784 0.066639852502747718 0.0095080742445731153 -0.012430898011120892 0.030562217161059377 -0.0016538754811030957 -0.016999231000189425 0.0043382280337804146
leaf_weight=17297 25 32 22 37 29 36 181 32 173 1069 690 516 725 55 8463 47 39 143 23 797 185 36 2463 81 409
leaf_count=17297 25 32 22 37 29 36 181 32 173 1069 690 516 725 55 8463 47 39 143 23 797 185 36 2463 81 409
internal_value=-4.03102e-12 0.0782597 0.00801519 -0.00018441 0.0133978 0.0144747 0.0247519 0.00984644 0.02854 -0.000725743 -0.000320962 0.00710243 0.0129364 -0.000992633 -0.00110257 0.0267712 -0.00355209 -0.0140872 0.0133318 0.00824512 -0.0192701 -0.00242611 -0.00118978 -0.00511272 0.000514684
internal_weight=33605 79 47 33526 1285 1256 390 866 354 32241 28202 2340 1241 25862 25760 102 4039 390 62 829 328 3649 2499 1150 1099
internal_count=33605 79 47 33526 1285 1256 390 866 354 32241 28202 2340 1241 25862 25760 102 4039 390 62 829 328 3649 2499 1150 1099
is_linear=0
shrinkage=0.03


Tree=141
num_leaves=29
num_cat=0
split_feature=0 4 23 0 3 1 1 26 21 1 3 21 1 3 21 0 26 11 1 5 5 3 1 1 19 0 3 21
split_gain=508.731 676.065 197.8 170.544 102.058 87.3509 152.501 58.943 57.526 57.532 62.5963 42.0486 33.5636 161.76 121.609 198.226 85.6923 67.4652 66.9772 64.6251 53.9201 57.339 89.6218 25.6566 23.3359 43.7318 29.3569 11.146
threshold=35.95000000000001 29.775000000000002 5.5000000000000009 12.055000000000001 23.115000000000006 22.065000000000001 20.865000000000006 -1.0031666666666663 11.500000000000002 30.675000000000004 25.775000000000002 5.5000000000000009 29.955000000000002 23.455000000000002 6.5000000000000009 3.6450000000000005 0.42787096774193573 -36.499999999999993 26.085000000000004 0.69145000000000012 0.92945000000000011 25.395000000000003 31.875000000000004 25.555000000000003 7.1000000000000005 2.8850000000000002 25.335000000000004 4.5000000000000009
decision_type=2 2 2 2 2 2 2 2 2 2 2 2 2 2 2 2 2 2 2 2 2 2 2 2 2 2 2 2
left_child=3 2 4 12 5 6 -2 -7 9 10 11 -5 13 16 15 -15 18 -16 -1 -18 24 27 -23 -6 25 -14 -26 -22
right_child=1 -3 -4 8 23 7 -8 -9 -10 -11 -12 -13 20 14 17 -17 19 -19 -20 -21 21 22 -24 -25 26 -27 -28 -29
leaf_value=-0.00024990646487966085 0.066039345753192896 0.20629990488290786 0.099482370376586915 0.017046350286138115 -0.047034224258227779 0.091847364617430649 -0.025016091243953122 0.033237123448163909 -0.028318292974318201 -0.027530186112869431 0.058389470595866438 0.006592953830074395 -0.0037940636562485788 0.0053366677882122036 -0.022072200318581835 0.028654871619010744 0.0053192238882184021 0.0012167369136998429 -0.0036785674480796561 0.060515366473368241 -0.026057560763937157 0.036284162547705431 -0.022510742323739185 -8.6041806265711786e-05 -0.004029080278466198 -0.020539710151526745 0.0019665481305706192 -0.046502031087875366
leaf_weight=16906 25 21 30 486 22 23 49 47 37 37 24 1205 1257 1257 129 444 42 847 7360 35 56 35 70 20 1443 158 1498 42
leaf_count=16906 25 21 30 486 22 23 49 47 37 37 24 1205 1257 1257 129 444 42 847 7360 35 56 35 70 20 1443 158 1498 42
internal_value=-6.4368e-12 0.043798 0.0279992 -0.00031108 0.0164697 0.028471 0.00574588 0.0524948 0.00869983 0.0094816 0.0102801 0.0095973 -0.000821562 -0.000419819 0.00657983 0.0114233 -0.00118957 -0.00186141 -0.00128984 0.0304084 -0.00320259 -0.0183158 -0.00291244 -0.0246779 -0.00249828 -0.0056639 -0.000975204 -0.0348195
internal_weight=33605 237 216 33368 186 144 74 70 1789 1752 1715 1691 31579 27020 2677 1701 24343 976 24266 77 4559 203 105 42 4356 1415 2941 98
internal_count=33605 237 216 33368 186 144 74 70 1789 1752 1715 1691 31579 27020 2677 1701 24343 976 24266 77 4559 203 105 42 4356 1415 2941 98
is_linear=0
shrinkage=0.03


Tree=142
num_leaves=28
num_cat=0
split_feature=0 8 4 0 4 25 0 26 6 24 3 1 3 0 6 1 3 0 0 17 0 25 25 0 0 4 21
split_gain=485.911 620.72 500.544 243.348 75.4099 71.5189 65.6521 59.5502 55.6214 53.731 43.0196 38.49 97.287 125.329 151.232 74.1382 130.496 106.707 48.272 40.8362 29.2136 22.7718 15.976 5.73004 5.12029 3.55735 1.3592
threshold=55.510000000000005 496.50000000000006 24.045000000000005 16.190000000000001 28.705000000000002 -2.7926570458404067 35.95000000000001 -0.04973333333333347 17.947700000000001 4.5000000000000009 24.065000000000001 31.875000000000004 24.595000000000002 4.2950000000000008 16.639450000000004 28.545000000000005 23.535000000000004 3.8150000000000004 4.0650000000000004 43.000000000000007 29.145000000000003 4.2306451612903233 -1.2733387096774191 9.8650000000000002 1.7150000000000001 24.045000000000005 4.5000000000000009
decision_type=2 2 2 2 2 2 2 2 2 2 2 2 2 2 2 2 2 2 2 2 2 2 2 2 2 2 2
left_child=3 -2 -3 11 5 10 7 -7 9 20 -5 12 15 19 -15 16 -1 -17 24 -14 -6 -8 23 -20 26 -26 -13
right_child=1 2 -4 4 8 6 21 -9 -10 -11 -12 18 13 14 -16 17 -18 -19 22 -21 -22 -23 -24 -25 25 -27 -28
leaf_value=-0.00074728859816516945 0.19790452638566494 0.08995881552045995 -0.097399452711854656 -0.049076283381066538 0.010131094284557007 0.0088428731512662159 0.046128797098421132 0.025729088786073911 0.024306293621775693 -0.057034501102235576 0.003898358550426122 -0.0014512927159749433 0.0059981436530412479 0.061821446403054821 0.012601671400560259 -0.00299554141238341 0.0099202460212204895 -0.018973696739663669 -0.012253440423010605 -0.0033101365898301465 -0.034871295265853405 0.019841865609315307 -0.038072824694893578 -0.026284848925742236 -0.0085269625393010248 -0.0011603058495004721 -0.0033735189118193694
leaf_weight=23733 25 33 21 22 37 518 91 295 32 27 37 678 1045 67 348 3160 1079 427 127 714 20 44 33 33 233 79 647
leaf_count=23733 25 33 21 22 37 518 91 295 32 27 37 678 1045 67 348 3160 1079 427 127 714 20 44 33 33 233 79 647
internal_value=8.72569e-12 0.0743148 0.0170973 -0.000175114 0.0135541 0.0161927 0.0181872 0.0149701 -0.00935091 -0.0221727 -0.0158549 -0.000650933 -0.000397969 0.00571851 0.020548 -0.000866197 -0.000283389 -0.0048976 -0.00487709 0.0022198 -0.00565922 0.0375612 -0.0190673 -0.0151474 -0.00320409 -0.00666169 -0.00238992
internal_weight=33605 79 54 33526 1123 1007 948 813 116 84 59 32403 30573 2174 415 28399 24812 3587 1830 1759 57 135 193 160 1637 312 1325
internal_count=33605 79 54 33526 1123 1007 948 813 116 84 59 32403 30573 2174 415 28399 24812 3587 1830 1759 57 135 193 160 1637 312 1325
is_linear=0
shrinkage=0.03


Tree=143
num_leaves=25
num_cat=0
split_feature=0 22 25 0 4 25 0 26 25 2 2 21 0 22 22 22 0 22 22 25 4 0 22 25
split_gain=457.194 599.182 303.032 229.527 66.2197 58.2 67.2228 50.5002 49.0668 40.6387 37.9797 58.2396 66.7986 56.5251 136.118 111.434 417.673 327.187 69.344 68.8994 25.9886 26.3828 22.8985 16.9997
threshold=55.510000000000005 202.50000000000003 1.1675000000000002 15.075000000000001 34.120000000000012 -2.7926570458404067 26.785000000000004 -0.16983870967741957 -2.5255645161290321 25.405000000000005 24.835000000000004 7.5000000000000009 13.285000000000002 206.50000000000003 172.50000000000003 262.50000000000006 4.745000000000001 274.50000000000006 145.50000000000003 -0.45346774193548395 11.435 9.6750000000000025 268.50000000000006 -3.7185483870967744
decision_type=2 2 2 2 2 2 2 2 2 2 2 2 2 2 2 2 2 2 2 2 2 2 2 2
left_child=3 2 -2 10 5 7 8 23 -7 -8 11 20 22 14 18 16 -15 -17 -12 -16 -1 -22 -13 -5
right_child=1 -3 -4 4 -6 6 9 -9 -10 -11 13 12 -14 15 19 17 -18 -19 -20 -21 21 -23 -24 -25
leaf_value=0.029090753282819473 -0.067546938478946675 0.17221458250656724 0.085115741315213114 -0.018061854410916567 -0.032554879311857549 0.052482309574261303 0.0158574419827354 -0.049197770674591482 0.0089459768429876463 0.036075568286786701 -1.9444445986002654e-05 0.0089910358314334252 0.069994015228003262 -0.0023260648793535133 0.018005130802648525 0.021569920572743598 -0.031417077476208845 -0.0025721116486276631 -0.0056920968140333561 0.0043486444034533805 0.0023667972362501188 -0.018353493418339844 0.034345769501830402 0.016794644206324042
leaf_weight=21 25 32 22 20 29 24 182 23 797 176 18543 205 20 2525 483 553 539 5849 2166 1067 141 91 38 34
leaf_count=21 25 32 22 20 29 24 182 23 797 176 18543 205 20 2525 483 553 539 5849 2166 1067 141 91 38 34
internal_value=-3.34628e-12 0.0720853 0.00391219 -0.00016986 0.0122638 0.0132987 0.014949 -0.011971 0.0102187 0.0257971 -0.000665418 0.00740821 0.0172935 -0.000796734 2.90598e-05 -0.00273856 -0.00744358 -0.000486741 -0.00061276 0.00860418 -0.00286776 -0.00576056 0.012956 0.00388483
internal_weight=33605 79 47 33526 1285 1256 1179 77 821 358 32241 516 263 31725 22259 9466 3064 6402 20709 1550 253 232 243 54
internal_count=33605 79 47 33526 1285 1256 1179 77 821 358 32241 516 263 31725 22259 9466 3064 6402 20709 1550 253 232 243 54
is_linear=0
shrinkage=0.03


Tree=144
num_leaves=25
num_cat=0
split_feature=0 7 22 0 4 5 25 0 22 1 0 6 22 5 22 0 0 8 0 25 22 0 4 25
split_gain=430.174 611.141 605.669 215.962 62.3062 62.3262 60.346 66.1309 36.5398 44.5413 61.9393 61.5336 43.5991 106.213 57.642 42.1711 35.7637 34.5584 8.79508 7.07437 4.97758 2.9564 1.11399 0.448044
threshold=55.510000000000005 79.153350000000017 204.50000000000003 15.075000000000001 34.120000000000012 0.86035000000000006 -2.7926570458404067 26.785000000000004 344.50000000000006 28.545000000000005 9.4850000000000012 15.881350000000001 145.50000000000003 0.64175000000000015 127.50000000000001 4.0650000000000004 0.95500000000000007 510.00000000000006 1.7450000000000003 -1.5863101301641196 354.50000000000006 5.4050000000000011 21.305000000000003 -1.0808306451612901
decision_type=2 2 2 2 2 2 2 2 2 2 2 2 2 2 2 2 2 2 2 2 2 2 2 2
left_child=3 2 -2 8 5 -5 17 -8 9 10 16 -12 14 -14 -11 18 -1 -7 22 20 -17 -21 -10 -20
right_child=1 -3 -4 4 -6 6 7 -9 15 12 11 -13 13 -15 -16 19 -18 -19 23 21 -22 -23 -24 -25
leaf_value=-0.0013389058057732134 0.096454831073060632 0.19255521757900715 -0.10802445181391455 0.052964034032295729 -0.031578233704484746 -0.0020061660436066714 0.0087259199807098262 0.024382288658125511 -0.0022923896450240534 -0.0030884703187492478 0.021269685769616947 0.0036554384927024361 -0.003385367725904568 -0.023961766813439232 0.0037349053104939875 -0.023454773626765426 0.0010606006977121334 -0.048056426949799058 -0.0089643149703583658 -0.022692244648933411 -0.010361959014220962 -0.038629055158658464 -0.006292763368101484 -0.012631912529468535
leaf_weight=11416 32 25 22 34 29 55 798 349 965 4115 216 1028 1353 271 1528 49 10955 20 142 20 56 22 67 38
leaf_count=11416 32 25 22 34 29 55 798 349 965 4115 216 1028 1353 271 1528 49 10955 20 142 20 56 22 67 38
internal_value=-3.29922e-12 0.0699227 0.0131485 -0.000164765 0.0118959 0.0128997 0.011785 0.0134897 -0.000645456 -0.000433592 0.000198432 0.00671386 -0.00248743 -0.00681899 -0.00124085 -0.00545986 -0.000163876 -0.0142862 -0.0036194 -0.0206343 -0.0164719 -0.0310401 -0.0025521 -0.00973859
internal_weight=33605 79 54 33526 1285 1256 1222 1147 32241 30882 23615 1244 7267 1624 5643 1359 22371 75 1212 147 105 42 1032 180
internal_count=33605 79 54 33526 1285 1256 1222 1147 32241 30882 23615 1244 7267 1624 5643 1359 22371 75 1212 147 105 42 1032 180
is_linear=0
shrinkage=0.03


Tree=145
num_leaves=28
num_cat=0
split_feature=4 9 25 3 1 25 5 4 1 3 3 22 3 4 4 22 22 4 5 25 25 22 22 4 25 5 22
split_gain=182.48 1452.03 112.055 49.4978 161.681 91.5361 175.403 77.2087 56.9351 101.991 74.5738 47.8164 77.0764 79.8567 67.0401 44.0223 111.119 41.4874 37.9449 39.3508 17.1395 15.2586 15.1535 10.6428 6.21308 6.05539 3.41736
threshold=37.110000000000007 1.6500000000000001 1.4740000000000002 17.705000000000002 22.005000000000006 -1.0910384833050364 0.94715000000000016 13.425000000000002 24.495000000000001 19.105000000000004 22.295000000000005 158.50000000000003 21.715000000000003 15.085000000000003 22.565000000000001 198.50000000000003 204.50000000000003 17.145000000000003 0.90700000000000014 -1.2778225806451611 -0.11772043010752689 85.500000000000014 79.500000000000014 12.625000000000002 -0.33399999999999996 0.62385000000000013 180.50000000000003
decision_type=2 2 2 2 2 2 2 2 2 2 2 2 2 2 2 2 2 2 2 2 2 2 2 2 2 2 2
left_child=2 -2 3 18 5 6 -5 -7 9 -6 -10 -4 15 23 -15 17 -17 -13 20 22 25 -21 -20 -14 26 -1 -3
right_child=1 24 11 4 8 7 -8 -9 10 -11 -12 12 13 14 -16 16 -18 -19 19 21 -22 -23 -24 -25 -26 -27 -28
leaf_value=-0.0018094305139699043 0.26979314524680376 -0.014501625517239936 -0.032872972303469264 0.019213147583107153 -0.0028285663032859062 0.040227555773865713 0.10639568626880645 0.0051089459773919254 -0.0028238659246621052 0.0057300867274634338 0.00077268280079012932 0.014411913055566048 -0.012267369867666907 0.064568188637495041 0.0043200121278112579 0.056243230538675561 0.0073815438170679541 -0.016648466745120227 -0.0043877579730148258 -0.020059153437614437 -0.023790484947914425 -0.05354804985523224 -0.018889536594741799 0.015274395450417484 -0.027551645912200912 -0.0054292618843167339 -0.0011571227675003389
leaf_weight=5081 20 39 21 90 1988 65 27 423 9677 3390 11187 62 23 68 22 48 329 103 239 24 33 25 89 28 20 453 31
leaf_count=5081 20 39 21 90 1988 65 27 423 9677 3390 11187 62 23 68 22 48 329 103 239 24 33 25 89 28 20 453 31
internal_value=-4.6438e-12 0.0385763 -0.000126687 -0.000380935 0.000167505 0.0155004 0.0393322 0.00978663 -0.00018599 0.00256635 -0.000895444 0.0117157 0.0130866 0.0328455 0.0498409 0.0079464 0.0136027 -0.00497729 -0.00285805 -0.0120689 -0.00223428 -0.0371453 -0.00832269 0.0028536 -0.0128052 -0.00210574 -0.00859192
internal_weight=33605 110 33495 32791 26847 605 117 488 26242 5378 20864 704 683 141 90 542 377 165 5944 377 5567 49 328 51 90 5534 70
internal_count=33605 110 33495 32791 26847 605 117 488 26242 5378 20864 704 683 141 90 542 377 165 5944 377 5567 49 328 51 90 5534 70
is_linear=0
shrinkage=0.03


Tree=146
num_leaves=28
num_cat=0
split_feature=0 22 7 0 3 16 22 0 6 5 23 23 0 17 3 1 26 1 3 5 22 7 3 2 5 23 22
split_gain=395.101 588.445 293.953 197.147 46.4646 39.0923 81.2789 58.0877 50.6872 51.7133 37.5035 36.1338 98.9587 84.3068 54.861 77.9609 51.4091 50.2164 99.2394 81.41 117.273 65.4105 44.4545 33.6668 29.17 22.2376 17.3697
threshold=55.510000000000005 202.50000000000003 76.966650000000016 15.075000000000001 17.455000000000002 27.000000000000004 186.50000000000003 35.95000000000001 15.881350000000001 0.90700000000000014 1.5000000000000002 3.5000000000000004 10.785000000000002 44.500000000000007 21.855000000000004 28.815000000000001 0.29133870967741937 25.145000000000003 19.515000000000004 0.83805000000000007 144.50000000000003 74.830400000000012 21.545000000000005 23.285000000000004 0.92055000000000009 2.5000000000000004 144.50000000000003
decision_type=2 2 2 2 2 2 2 2 2 2 2 2 2 2 2 2 2 2 2 2 2 2 2 2 2 2 2
left_child=3 2 -2 11 -5 6 10 -8 25 -10 -6 17 14 22 24 -16 -15 18 23 26 -21 -20 -14 -1 -13 -7 -19
right_child=1 -3 -4 4 5 8 7 -9 9 -11 -12 12 13 16 15 -17 -18 19 21 20 -22 -23 -24 -25 -26 -27 -28
leaf_value=0.021069715313746459 0.076091813665369282 0.16623978411778806 -0.073994101034477344 -0.032892836390861442 0.084675798229873173 0.0039210570417344565 -0.00019157732057632234 0.055910142883658406 0.030452368792852964 0.0091522532352403835 0.036335797403007741 -0.0010157866945870574 -0.0094876749683171502 0.041822341570132891 0.0058470466104484009 -0.0014024364112173253 -0.010257156271487475 -0.00095057090073169981 0.00021162491354149223 -0.0019474082520296121 -0.021033919290802533 0.0096236835120522123 0.014341846468759824 -0.0023159286911965207 -0.0083776080280637995 -0.02982223447985374 -0.003655478392804285
leaf_weight=56 23 32 24 21 20 32 98 20 116 887 52 7469 110 116 2833 2525 20 6044 1295 664 514 1365 196 5211 518 39 3305
leaf_count=56 23 32 24 21 20 32 98 20 116 887 52 7469 110 116 2833 2525 20 6044 1295 664 514 1365 196 5211 518 39 3305
internal_value=-6.20425e-12 0.0670117 -0.000547802 -0.000157905 0.0113654 0.0121007 0.0246442 0.00931719 0.00988169 0.0116157 0.0497636 -0.00061718 0.000544761 0.0145104 8.22045e-05 0.00243067 0.0341636 -0.00148527 0.000318151 -0.00284327 -0.0102755 0.0050415 0.00577568 -0.00206729 -0.00149324 -0.014614 -0.00190679
internal_weight=33605 79 47 33526 1285 1264 190 118 1074 1003 72 32241 13787 442 13345 5358 136 18454 7927 10527 1178 2660 306 5267 7987 71 9349
internal_count=33605 79 47 33526 1285 1264 190 118 1074 1003 72 32241 13787 442 13345 5358 136 18454 7927 10527 1178 2660 306 5267 7987 71 9349
is_linear=0
shrinkage=0.03


Tree=147
num_leaves=31
num_cat=0
split_feature=2 3 26 3 23 22 22 22 23 22 22 5 22 22 5 5 22 2 25 22 25 22 5 22 2 22 5 17 23 22
split_gain=118.339 1111.67 66.7161 53.0325 60.7125 103.293 50.6549 121.756 119.472 109.587 347.104 321.807 262.262 167.645 155.026 71.5181 135.008 162.195 67.8788 60.7901 54.2246 50.0274 66.7007 64.4672 49.6428 175.314 124.301 44.2919 42.2573 39.1987
threshold=26.485000000000003 23.385000000000002 -0.28391612903225799 21.715000000000003 5.5000000000000009 190.50000000000003 208.50000000000003 172.50000000000003 1.5000000000000002 262.50000000000006 274.50000000000006 0.73155000000000014 254.50000000000003 234.50000000000003 0.92055000000000009 0.9547500000000001 110.50000000000001 35.525000000000013 -0.87870967741935468 180.50000000000003 -1.5899166666666666 145.50000000000003 0.82955000000000012 127.50000000000001 29.665000000000003 314.50000000000006 0.74315000000000009 50.000000000000007 2.5000000000000004 190.50000000000003
decision_type=2 2 2 2 2 2 2 2 2 2 2 2 2 2 2 2 2 2 2 2 2 2 2 2 2 2 2 2 2 2
left_child=1 2 3 29 5 -5 7 15 27 11 18 -8 13 -13 -14 21 28 -18 20 -10 -11 23 -23 -2 25 -12 -26 -9 -17 -1
right_child=6 -3 -4 4 -6 -7 9 8 19 10 24 12 14 -15 -16 16 17 -19 -20 -21 -22 22 -24 -25 26 -27 -28 -29 -30 -31
leaf_value=-0.010497492514550686 -0.00087840522630332056 0.22415130183100698 0.0010089134271677178 0.07709440437810762 0.076863102960315621 -0.00092413038547549929 -0.001787057214974663 -0.0019270902920084504 0.024571007338810954 0.0053492809608578678 0.016611870414779399 -0.037958544218286754 -0.040141561088653716 -0.0050771181814499664 -0.129235003804788 -0.011612614082825131 0.029561017909092387 -0.0037836501551950256 0.014514558895536036 0.009142768093698992 0.045019082329235974 -0.0037396416616436801 -0.025430399481072022 0.0047728866197270818 -0.0027481585291281099 -0.0034784874247593611 -0.020518593427776392 -0.03507494216412306 0.0037569375803863671 0.012355795252147379
leaf_weight=79 15495 21 1373 21 22 56 2214 390 323 40 498 244 39 326 32 269 362 206 497 797 138 1858 137 2058 2983 1818 402 40 401 466
leaf_count=79 15495 21 1373 21 22 56 2214 390 323 40 498 244 39 326 32 269 362 206 497 797 138 1858 137 2058 2983 1818 402 40 401 466
internal_value=-1.24542e-11 0.00700644 0.00474564 0.0127123 0.0329113 0.0203537 -0.000452344 0.000320225 0.00843139 -0.00232171 -0.000134421 -0.00720652 -0.0259252 -0.0191527 -0.0802964 -0.00028462 0.00670791 0.0174677 0.0202079 0.0135922 0.0361045 -0.000727466 -0.00522918 -0.00021582 -0.00254296 0.00084146 -0.00485856 -0.00501061 -0.00241382 0.00904312
internal_weight=33605 2038 2017 644 99 77 31567 22336 1550 9231 6376 2855 641 570 71 20786 1238 568 675 1120 178 19548 1995 17553 5701 2316 3385 430 670 545
internal_count=33605 2038 2017 644 99 77 31567 22336 1550 9231 6376 2855 641 570 71 20786 1238 568 675 1120 178 19548 1995 17553 5701 2316 3385 430 670 545
is_linear=0
shrinkage=0.03


Tree=148
num_leaves=31
num_cat=0
split_feature=25 3 1 1 22 5 1 3 22 22 5 22 24 18 9 22 3 22 23 22 22 3 26 17 16 5 1 25 26 23
split_gain=91.1634 52.7115 416.3 222.066 176.076 118.985 85.8119 131.775 116.171 179.527 99.2854 132.011 78.822 73.998 71.5156 43.3021 71.3763 50.6683 63.4753 39.5787 95.4876 145.233 111.179 38.3972 37.1881 52.8268 52.3524 35.3449 46.2929 33.4893
threshold=1.4740000000000002 23.535000000000004 25.015000000000004 29.175000000000004 208.50000000000003 0.5565500000000001 26.055000000000003 20.315000000000001 188.50000000000003 262.50000000000006 0.86740000000000006 142.50000000000003 1.5000000000000002 24.500000000000004 2.8500000000000005 158.50000000000003 21.715000000000003 190.50000000000003 3.5000000000000004 198.50000000000003 204.50000000000003 19.815000000000001 -1.0536129032258066 41.000000000000007 33.500000000000007 0.72025000000000017 31.665000000000003 8.5840322580645196 -1.0031666666666663 4.5000000000000009
decision_type=2 2 2 2 2 2 2 2 2 2 2 2 2 2 2 2 2 2 2 2 2 2 2 2 2 2 2 2 2 2
left_child=1 6 -3 4 5 -4 7 -1 13 -10 -8 14 -13 -9 -12 -2 19 18 -18 27 21 -21 -22 -6 25 -5 -26 28 -17 -19
right_child=15 2 3 24 23 -7 10 8 9 -11 11 12 -14 -15 -16 16 17 29 -20 20 22 -23 -24 -25 26 -27 -28 -29 -30 -31
leaf_value=-0.0014292486124191075 -0.031758449625756059 0.12431769761033357 0.0071438076245644751 -0.0035222677991760642 0.0015197303866301497 0.024814697043166207 -0.00226298876954629 0.026792694644175372 -0.0031263263543826513 0.00932296126054033 0.0019528617111497374 0.021986965067360711 -0.036204178029393894 0.0085423689194871009 -0.021499803544295405 -0.046207205357495694 0.026942662288610999 -0.0005572447879239916 0.089587029814720151 0.0085686426134458892 -0.045659648369659071 0.11365297450125217 0.012393707745217692 -0.01499574298569716 0.0039630092724854517 -0.019955981426886212 -0.0037863284341151235 0.023647394348536768 -0.002836251163257743 0.039063564869575199
leaf_weight=11980 21 25 677 1418 481 695 7656 248 2635 1725 391 23 235 1032 167 28 37 48 24 29 33 20 296 172 1548 201 1591 31 106 32
leaf_count=11980 21 25 677 1418 481 695 7656 248 2635 1725 391 23 235 1032 167 28 37 48 24 29 33 20 296 172 1548 201 1591 31 106 32
internal_value=2.5019e-12 -0.000228732 0.00212209 0.00167172 0.00999224 0.0160952 -0.000842115 0.00035086 0.00413201 0.00179914 -0.00332326 -0.0132711 -0.0310166 0.0120784 -0.00506613 0.0106741 0.0119769 0.0309947 0.0515896 0.00703857 0.0123897 0.0514602 0.00657073 -0.00283044 -0.00186949 -0.00556253 3.52628e-05 -0.00522046 -0.0118988 0.0152911
internal_weight=33605 32900 6808 6783 2025 1372 26092 17620 5640 4360 8472 816 258 1280 558 705 684 141 61 543 378 49 329 653 4758 1619 3139 165 134 80
internal_count=33605 32900 6808 6783 2025 1372 26092 17620 5640 4360 8472 816 258 1280 558 705 684 141 61 543 378 49 329 653 4758 1619 3139 165 134 80
is_linear=0
shrinkage=0.03


Tree=149
num_leaves=30
num_cat=0
split_feature=0 7 22 0 4 16 6 24 4 26 3 22 2 22 0 22 2 22 7 15 0 3 2 0 0 3 22 0 0
split_gain=352.2 570.506 573.258 173.336 63.5924 56.5074 51.6101 50.0046 45.9971 43.9631 54.5815 33.7959 88.0626 100.671 314.053 220.996 74.828 236.957 116.811 38.5469 47.5617 39.8554 30.2554 28.8151 27.5161 24.0696 24.7245 23.2955 14.458
threshold=55.510000000000005 79.153350000000017 204.50000000000003 16.190000000000001 28.705000000000002 27.000000000000004 17.947700000000001 4.5000000000000009 13.055000000000001 0.085793548387096991 20.465000000000003 206.50000000000003 24.515000000000004 260.50000000000006 4.745000000000001 274.50000000000006 33.125000000000007 73.500000000000014 76.966650000000016 0.03500000000000001 3.8750000000000004 23.045000000000005 25.845000000000002 29.145000000000003 29.145000000000003 18.905000000000005 268.50000000000006 7.2250000000000005 7.7650000000000006
decision_type=2 2 2 2 2 2 2 2 2 2 2 2 2 2 2 2 2 2 2 2 2 2 2 2 2 2 2 2 2
left_child=3 2 -2 11 5 8 7 23 -5 10 -7 16 25 14 -14 -15 17 28 -19 21 -21 -18 -11 -6 -10 27 -27 -13 -1
right_child=1 -3 -4 4 6 9 -8 -9 24 22 -12 12 13 15 -16 -17 19 18 -20 20 -22 -23 -24 -25 -26 26 -28 -29 -30
leaf_value=-0.0011798399128156378 0.089461516463197763 0.18175446520149707 -0.10947144920175725 0.070962708125060253 0.0096661911945085267 -0.019639520943546516 0.022825042635959105 -0.055577780240111875 0.013632342236616262 -0.0070970012247562409 0.010101560302696476 -0.022217507455497981 -0.0023810303260120643 0.015556383791240667 -0.027198587315049913 -0.0023121443181933566 -0.0025067159212227956 0.0047825433316737512 0.016742418653463657 -0.002941173100444716 -0.014008662901876051 0.001453136795945064 0.029132155370076789 -0.035028175815939908 0.042827017048994699 0.015218654694322211 0.045365432005242574 0.018529876367310467 -0.0088213395822869592
leaf_weight=6308 32 25 22 22 37 61 32 27 82 24 620 28 2444 697 565 5863 4512 2692 1011 2766 400 4640 153 20 45 195 28 23 231
leaf_count=6308 32 25 22 22 37 61 32 27 82 24 620 28 2444 697 565 5863 4512 2692 1011 2766 400 4640 153 20 45 195 28 23 231
internal_value=-4.45564e-12 0.0632691 0.00841475 -0.000149086 0.0114381 0.0138611 -0.0095958 -0.0219466 0.0309144 0.0108996 0.00743753 -0.000550666 -0.00201745 -0.00249762 -0.00704102 -0.000413613 8.92968e-05 0.00198409 0.00804785 -0.00148616 -0.00433947 -0.000499098 0.0242197 -0.00601604 0.0239769 0.0147517 0.0190039 -0.00384124 -0.00144979
internal_weight=33605 79 54 33526 1123 1007 116 84 149 858 681 32403 9843 9569 3009 6560 22560 10242 3703 12318 3166 9152 177 57 127 274 223 51 6539
internal_count=33605 79 54 33526 1123 1007 116 84 149 858 681 32403 9843 9569 3009 6560 22560 10242 3703 12318 3166 9152 177 57 127 274 223 51 6539
is_linear=0
shrinkage=0.03


Tree=150
num_leaves=28
num_cat=0
split_feature=0 22 9 0 4 16 0 25 26 4 22 0 1 3 0 6 1 3 0 0 18 0 25 11 0 0 22
split_gain=331.385 586.924 289.709 163.092 60.1158 60.1176 54.7922 54.448 58.6012 42.2219 41.7565 35.7595 33.6292 87.1406 120.481 130.591 66.632 107.932 97.5939 48.3213 34.57 30.9543 13.3877 6.22374 4.65095 2.58439 1.54054
threshold=55.510000000000005 202.50000000000003 9.5000000000000018 16.190000000000001 30.165000000000003 27.000000000000004 26.785000000000004 -2.6736700622524041 -0.04973333333333347 13.055000000000001 200.50000000000003 21.710000000000004 31.975000000000005 24.595000000000002 4.2950000000000008 16.639450000000004 28.545000000000005 23.535000000000004 3.8150000000000004 4.0650000000000004 24.500000000000004 35.95000000000001 -1.1172096774193547 17.500000000000004 1.7450000000000003 3.8750000000000004 116.50000000000001
decision_type=2 2 2 2 2 2 2 2 2 2 2 2 2 2 2 2 2 2 2 2 2 2 2 2 2 2 2
left_child=3 2 -2 12 5 9 10 11 -9 -5 -6 -7 13 16 20 -16 17 -1 -18 24 -15 -11 23 -21 26 -26 -14
right_child=1 -3 -4 4 6 7 -8 8 -10 21 -12 -13 19 14 15 -17 18 -19 -20 22 -22 -23 -24 -25 25 -27 -28
leaf_value=-0.0006229995693302436 -0.0790152937133098 0.16047079497948288 0.069983138526060973 0.06883382589132947 0.028667459092263519 -0.045554165346547958 -0.047636989118265256 0.0066142187797982657 0.023769248294728724 0.01692135688056734 -0.023690054191706271 0.00076611567288637156 -0.00079329553775118696 -0.0029734717793385118 0.057535000547118804 0.012440616219812021 -0.0027518183426126753 0.0090785255965511753 -0.017996426805026722 -0.012313307354696721 0.0054297963208159734 0.053998568487167352 -0.042493812024593354 -0.024965093735462195 -0.0071072762268440748 0.0035842048376798627 -0.0029450861173757506
leaf_weight=23733 24 32 23 22 29 24 28 558 264 107 26 40 490 740 69 356 3176 1079 429 107 1089 25 20 52 271 22 770
leaf_count=23733 24 32 23 22 29 24 28 558 264 107 26 40 490 740 69 356 3176 1079 429 107 1089 25 20 52 271 22 770
internal_value=-4.8336e-12 0.061371 -0.00610117 -0.000144613 0.011095 0.0130558 -0.0134749 0.0100487 0.0121239 0.0303565 0.00391663 -0.016604 -0.000534146 -0.00030448 0.00537332 0.0197618 -0.000754836 -0.000201109 -0.00456595 -0.00460118 0.0020299 0.0239436 -0.0193608 -0.016451 -0.00289997 -0.0063045 -0.00210828
internal_weight=33605 79 47 33526 1123 1040 83 886 822 154 55 64 32403 30671 2254 425 28417 24812 3605 1732 1829 132 179 159 1553 293 1260
internal_count=33605 79 47 33526 1123 1040 83 886 822 154 55 64 32403 30671 2254 425 28417 24812 3605 1732 1829 132 179 159 1553 293 1260
is_linear=0
shrinkage=0.03


Tree=151
num_leaves=31
num_cat=0
split_feature=0 4 23 22 0 13 3 0 24 23 22 2 7 22 2 7 21 22 6 22 5 22 26 22 0 22 5 24 21 22
split_gain=314.263 600.678 167.414 159.321 274.87 157.124 162.506 103.103 92.4146 74.4646 71.1145 86.6231 101.024 80.9001 48.8945 80.6178 49.9206 47.1929 33.1783 31.9646 81.1946 216.95 176.219 89.1932 72.9657 56.1582 64.242 56.6257 53.6907 47.8273
threshold=35.95000000000001 29.775000000000002 5.5000000000000009 200.50000000000003 55.510000000000005 0.090000000000000011 21.365000000000006 10.785000000000002 3.5000000000000004 3.5000000000000004 318.50000000000006 31.815000000000001 74.184400000000025 302.50000000000006 25.845000000000002 79.153350000000017 7.5000000000000009 288.50000000000006 14.099000000000002 214.50000000000003 0.87340000000000007 262.50000000000006 -0.17472365591397851 274.50000000000006 7.0850000000000009 172.50000000000003 0.89555000000000007 3.5000000000000004 6.5000000000000009 145.50000000000003
decision_type=2 2 2 2 2 2 2 2 2 2 2 2 2 2 2 2 2 2 2 2 2 2 2 2 2 2 2 2 2 2
left_child=7 2 3 5 9 -2 -7 19 14 -5 11 13 -13 -10 16 17 18 -16 -9 25 24 22 -22 -23 -21 29 27 -27 -28 -1
right_child=1 -3 -4 4 -6 6 -8 8 10 -11 -12 12 -14 -15 15 -17 -18 -19 -20 20 21 23 -24 -25 -26 26 28 -29 -30 -31
leaf_value=-1.9724908772596054e-05 -0.022117479450535028 0.18759771578546081 0.085295309603214256 0.039959193012293649 -0.11318918035788969 0.016952984411269426 0.10688828689130869 0.021007833227907356 0.0063380259523167851 -0.02824526031911373 -0.033778216736566911 -0.049072102446328189 -0.0035793612199932429 0.066151340752840043 0.020193344933466938 -0.0034131975697666186 0.020725488969595127 0.058882404789328574 -0.0096864779520394635 -0.0013633560296771755 -0.0068111313521339025 0.016100868400785007 -0.045972729986664691 -0.0070670372869819399 0.034289558299888785 0.0034804739733655119 0.014621895845091649 0.016173229612395656 -0.0093546217455224567 -0.004768985521891281
leaf_weight=18195 32 21 30 34 22 40 33 38 659 25 53 51 317 21 524 137 101 30 191 7948 201 224 213 450 52 815 107 517 392 2132
leaf_count=18195 32 21 30 34 22 40 33 38 659 25 53 51 317 21 524 137 101 30 191 7948 201 224 213 450 52 815 107 517 392 2132
internal_value=-8.43083e-13 0.0344236 0.0195317 0.00892469 -0.0226874 0.0333112 0.0576087 -0.000244498 0.00615457 0.011059 0.000125665 0.00184027 -0.00988406 0.0081852 0.0126559 0.0171927 0.00315592 0.0222884 -0.0045931 -0.000679075 -0.00217734 -0.00986655 -0.0269595 0.000632682 -0.00113161 -6.45679e-05 0.0049676 0.00840702 -0.00421336 -0.000517852
internal_weight=33605 237 216 186 81 105 73 33368 2122 59 1101 1048 368 680 1021 691 330 554 229 31246 9088 1088 414 674 8000 22158 1831 1332 499 20327
internal_count=33605 237 216 186 81 105 73 33368 2122 59 1101 1048 368 680 1021 691 330 554 229 31246 9088 1088 414 674 8000 22158 1831 1332 499 20327
is_linear=0
shrinkage=0.03


Tree=152
num_leaves=26
num_cat=0
split_feature=0 7 22 0 5 25 4 26 25 23 0 17 3 1 1 1 3 7 5 3 5 5 3 0 25
split_gain=304.961 562.673 542.935 143.199 59.273 55.5868 55.4237 66.1151 60.3134 33.0466 80.7977 68.8097 48.8681 68.5354 47.0186 43.9006 88.5366 69.2645 61.8881 94.6291 43.2636 27.2853 26.0115 22.3412 19.0889
threshold=55.510000000000005 79.153350000000017 204.50000000000003 16.190000000000001 0.86035000000000006 -2.7926570458404067 28.705000000000002 0.14501612903225816 -0.47028947368421042 3.5000000000000004 10.785000000000002 44.500000000000007 21.855000000000004 27.355000000000004 23.085000000000004 25.145000000000003 19.515000000000004 75.202200000000019 0.83805000000000007 24.595000000000002 0.9799500000000001 0.92055000000000009 24.065000000000001 8.7550000000000008 -0.18795161290322573
decision_type=2 2 2 2 2 2 2 2 2 2 2 2 2 2 2 2 2 2 2 2 2 2 2 2 2
left_child=3 2 -2 9 -5 22 7 -7 -8 15 12 20 21 -14 -13 16 23 -18 24 -20 -12 -11 -6 -1 -17
right_child=1 -3 -4 4 5 6 8 -9 -10 10 11 14 13 -15 -16 18 17 -19 19 -21 -22 -23 -24 -25 -26
leaf_value=-0.0015255282422281266 0.0832710516708903 0.17654256071448327 -0.11032905050299384 0.051299411000743991 -0.042211107498407362 0.0095822515830981964 -0.05510319102023329 0.030842986140435315 0.0015429867547133874 -0.00087068416322131454 0.017546505986730909 0.052217371286276508 0.0072057953388455203 -1.0126610949760676e-05 0.01751544792538888 -0.0014549734535065811 0.00092661983009940095 0.010780866976027082 -0.013616452911998029 0.0061738157946236013 -0.0039129603158573403 -0.0079907027529788413 -0.0021451481133699414 -0.011772344501305316 -0.0075318958326821379
leaf_weight=5082 32 25 22 31 25 765 21 159 87 7469 142 51 1768 3590 113 8860 1647 1052 928 284 209 518 35 199 491
leaf_count=5082 32 25 22 31 25 765 21 159 87 7469 142 51 1768 3590 113 8860 1647 1052 928 284 209 518 35 199 491
internal_value=1.10402e-11 0.0588734 0.00439694 -0.000138728 0.0103931 0.00923184 0.0108639 0.0132408 -0.00947155 -0.000503733 0.000604422 0.0122643 0.000154452 0.00237094 0.0283069 -0.00133203 0.000347391 0.00476755 -0.00260077 -0.00897913 0.00476865 -0.00133246 -0.0188393 -0.00191165 -0.00177406
internal_weight=33605 79 54 33526 1123 1092 1032 924 108 32403 13860 515 13345 5358 164 18543 7980 2699 10563 1212 351 7987 60 5281 9351
internal_count=33605 79 54 33526 1123 1092 1032 924 108 32403 13860 515 13345 5358 164 18543 7980 2699 10563 1212 351 7987 60 5281 9351
is_linear=0
shrinkage=0.03


Tree=153
num_leaves=31
num_cat=0
split_feature=4 11 25 3 1 4 5 25 2 3 1 3 3 4 4 5 1 5 25 2 5 5 1 5 25 2 1 5 5 3
split_gain=157.221 1296.14 76.026 38.5292 142.129 83.4025 90.6469 59.5808 47.6181 312.105 66.8539 36.1358 73.2155 72.5333 65.0963 83.0875 33.1004 32.5448 37.1046 24.5981 23.974 22.7591 27.5523 23.4538 16.5482 15.2623 15.0796 14.2566 5.61028 3.31895
threshold=37.110000000000007 17.500000000000004 1.4740000000000002 17.705000000000002 22.065000000000001 13.565000000000003 0.95905000000000007 -1.0910384833050364 25.405000000000005 22.755000000000006 24.305000000000003 21.325000000000003 21.225000000000005 16.815000000000001 21.645000000000003 0.9759500000000001 25.205000000000002 0.90700000000000014 -1.2778225806451611 25.635000000000002 0.79420000000000013 0.91190000000000015 20.865000000000006 0.95085000000000008 -0.11772043010752689 27.235000000000003 22.695000000000004 0.9759500000000001 0.62385000000000013 23.935000000000006
decision_type=2 2 2 2 2 2 2 2 2 2 2 2 2 2 2 2 2 2 2 2 2 2 2 2 2 2 2 2 2 2
left_child=2 20 3 17 5 6 -5 -7 9 -6 -10 12 21 16 15 -15 19 24 25 -13 29 22 -4 -23 28 -19 -16 -20 -1 -2
right_child=1 -3 11 4 8 7 -8 -9 10 -11 -12 13 -14 14 26 -17 -18 18 27 -21 -22 23 -24 -25 -26 -27 -28 -29 -30 -31
leaf_value=-0.0015233058248800019 -0.0072975794893018024 0.25425942583568395 0.041281375879179905 0.023511765131362428 -0.0037968316335805783 0.031568811977075797 0.088979494376108054 0.0045680132310787613 0.0033247296857532218 -0.12663389202207326 -0.0007401487322374465 0.0002638910996587309 -0.051668959178030494 0.084879956195751824 -0.011587605666030535 0.023733111679553984 -0.028129811999201771 -0.023427947415621018 -0.021954629738365525 0.030854548877238167 -0.036389409367822936 -0.013727702226203221 0.0097480607260661441 0.0068598105244233572 -0.023115930875593965 -0.0047914245065693011 0.022467615616321563 -0.054878654927015304 -0.0050075579221847627 0.0074949481291696424
leaf_weight=5081 43 20 32 92 269 88 24 448 4383 20 21523 73 20 36 22 45 25 46 29 35 27 65 113 213 33 282 25 20 453 20
leaf_count=5081 43 20 32 92 269 88 24 448 4383 20 21523 73 20 36 22 45 25 46 29 35 27 65 113 213 33 282 25 20 453 20
internal_value=-5.41605e-12 0.0358071 -0.000117593 -0.000327014 0.000156858 0.0139925 0.0370568 0.00900098 -0.000187515 -0.0122977 -5.24176e-05 0.00963687 0.00441985 0.0184918 0.0346127 0.0509095 0.0029769 -0.0025125 -0.0110428 0.0101775 -0.0127379 0.00707181 0.0167071 0.00204618 -0.00193482 -0.00740508 0.00652687 -0.035393 -0.00180852 -0.00260154
internal_weight=33605 110 33495 32791 26847 652 116 536 26195 289 25906 704 443 261 128 81 133 5944 377 108 90 423 145 278 5567 328 47 49 5534 63
internal_count=33605 110 33495 32791 26847 652 116 536 26195 289 25906 704 443 261 128 81 133 5944 377 108 90 423 145 278 5567 328 47 49 5534 63
is_linear=0
shrinkage=0.03


Tree=154
num_leaves=27
num_cat=0
split_feature=0 22 25 0 3 7 24 1 21 25 2 22 2 22 0 22 2 22 25 25 15 3 22 0 0 0
split_gain=282.741 571.449 268.433 133.784 49.9555 36.2567 53.1051 134.953 49.4863 39.4529 53.754 33.1056 79.4026 95.5244 318.352 254.286 65.3595 212.32 153.595 66.029 29.5651 22.338 21.8985 21.1782 12.9691 9.0426
threshold=55.510000000000005 202.50000000000003 2.2654354838709683 16.190000000000001 17.765000000000004 79.153350000000017 4.5000000000000009 25.465000000000003 6.5000000000000009 -1.3054999999999997 34.105000000000011 206.50000000000003 24.515000000000004 262.50000000000006 4.745000000000001 274.50000000000006 33.125000000000007 73.500000000000014 -0.45346774193548395 0.68298387096774216 0.03500000000000001 18.905000000000005 268.50000000000006 7.2250000000000005 7.7650000000000006 21.710000000000004
decision_type=2 2 2 2 2 2 2 2 2 2 2 2 2 2 2 2 2 2 2 2 2 2 2 2 2 2
left_child=3 2 -2 11 -5 6 8 -8 -6 10 -7 16 21 14 -14 -15 17 24 -19 20 -18 23 -23 -13 -1 -11
right_child=1 -3 -4 4 5 9 7 -9 -10 25 -12 12 13 15 -16 -17 19 18 -20 -21 -22 22 -24 -25 -26 -27
leaf_value=-0.0010769213815142373 -0.074322401720743919 0.15447259783744813 0.069886367661612367 -0.03471545849588107 0.033190083556409393 -0.0012313978137398088 0.012079553586642252 -0.0488097890393763 0.013307565684475494 -0.03715443816483021 0.051109678215746371 -0.021447758514966282 -0.0021242027882433377 0.018679388642043621 -0.026733863169728918 -0.002176818587344117 -0.00035637945577540601 0.014235988951089441 0.0019828672931565361 -0.047342104776596117 -0.0037259028691498317 0.014519214119905461 0.042890869085011732 0.017403772934947322 -0.0083142651927161516 -0.01108962036345316
leaf_weight=6308 26 32 21 22 140 111 163 41 577 25 21 28 2547 578 581 5863 9138 1715 1988 28 3152 195 28 23 231 23
leaf_count=6308 26 32 21 22 140 111 163 41 577 25 21 28 2547 578 581 5863 9138 1715 1988 28 3152 195 28 23 231 23
internal_value=-9.00695e-12 0.056688 -0.0098887 -0.000133579 0.0100461 0.0109405 0.0133473 -0.00015801 0.0171898 -0.00137391 0.00709559 -0.000486379 -0.00193811 -0.00239406 -0.00669524 -0.000305232 0.000147014 0.00191787 0.00765775 -0.0013254 -0.00122056 0.0139852 0.0180816 -0.00392648 -0.00133259 -0.024665
internal_weight=33605 79 47 33526 1123 1101 921 204 717 180 132 32403 9843 9569 3128 6441 22560 10242 3703 12318 12290 274 223 51 6539 48
internal_count=33605 79 47 33526 1123 1101 921 204 717 180 132 32403 9843 9569 3128 6441 22560 10242 3703 12318 12290 274 223 51 6539 48
is_linear=0
shrinkage=0.03


Tree=155
num_leaves=25
num_cat=0
split_feature=0 7 22 0 5 25 4 26 24 22 2 5 22 2 22 25 25 3 3 3 22 0 0 0
split_gain=266.031 548.78 523.998 125.877 55.719 50.1399 51.841 61.0672 57.9643 31.149 74.7099 97.3709 333.235 61.4968 199.772 144.518 62.1267 28.8805 23.5399 21.0179 20.6043 19.9266 19.6622 12.2026
threshold=55.510000000000005 79.153350000000017 204.50000000000003 16.190000000000001 0.86035000000000006 -2.7926570458404067 28.705000000000002 0.14501612903225816 4.5000000000000009 206.50000000000003 24.515000000000004 0.87340000000000007 262.50000000000006 33.125000000000007 73.500000000000014 -0.45346774193548395 0.68298387096774216 23.615000000000006 24.065000000000001 18.905000000000005 268.50000000000006 7.2250000000000005 7.0850000000000009 7.7650000000000006
decision_type=2 2 2 2 2 2 2 2 2 2 2 2 2 2 2 2 2 2 2 2 2 2 2 2
left_child=3 2 -2 9 -5 18 7 -7 -8 13 19 22 -13 14 23 -16 17 -15 -6 21 -21 -11 -12 -1
right_child=1 -3 -4 4 5 6 8 -9 -10 10 11 12 -14 16 15 -17 -18 -19 -20 20 -22 -23 -24 -25
leaf_value=-0.0010446137380556103 0.07867409980623051 0.17119480057675393 -0.11151988603852012 0.049405713004450638 -0.040275217911601061 0.0089515496899588397 0.0041319030953141352 0.029384547294170227 -0.044936920160427683 -0.020804325190505811 -0.0012216288808483745 -0.029794432349305955 0.0012886653040974174 -0.0024418875473837883 0.01380890925495128 0.0019233812592053953 -0.04592184200467142 0.00049730944856213257 -0.0021603214464017322 0.014083637667318375 0.041604142976658688 0.016881659793788972 0.015736814604230945 -0.0080648371655427445
leaf_weight=6308 32 25 22 31 25 765 78 159 30 28 8153 482 872 7030 1715 1988 28 5260 35 195 28 23 62 231
leaf_count=6308 32 25 22 31 25 765 78 159 30 28 8153 482 872 7030 1715 1988 28 5260 35 195 28 23 62 231
internal_value=1.07907e-12 0.0549874 0.00118766 -0.000129571 0.00974474 0.00861883 0.0101689 0.0124676 -0.00949833 -0.000471788 -0.00187996 -0.00232223 -0.00977637 0.000142603 0.00186034 0.00742802 -0.00128563 -0.00118394 -0.0180415 0.0135656 0.0175391 -0.00380868 -0.00109364 -0.00129261
internal_weight=33605 79 54 33526 1123 1092 1032 924 108 32403 9843 9569 1354 22560 10242 3703 12318 12290 60 274 223 51 8215 6539
internal_count=33605 79 54 33526 1123 1092 1032 924 108 32403 9843 9569 1354 22560 10242 3703 12318 12290 60 274 223 51 8215 6539
is_linear=0
shrinkage=0.03


Tree=156
num_leaves=27
num_cat=0
split_feature=4 7 25 7 5 1 22 5 4 24 22 22 22 22 22 4 2 1 25 2 5 8 5 8 9 1
split_gain=144.621 1251.15 65.9245 37.7677 66.2386 94.3522 86.6287 45.5296 52.7643 44.2781 36.3451 35.399 57.631 29.0951 72.9552 49.5071 21.1087 30.8536 15.1647 18.9848 14.2636 13.7108 13.4528 9.18519 6.25353 1.4199
threshold=37.110000000000007 76.966650000000016 1.4740000000000002 74.47975000000001 0.52525000000000011 31.975000000000005 188.50000000000003 0.91190000000000015 16.205000000000002 2.5000000000000004 276.50000000000006 158.50000000000003 168.50000000000003 198.50000000000003 204.50000000000003 19.135000000000002 26.845000000000002 22.845000000000002 -0.20972580645161285 24.835000000000004 0.87340000000000007 672.50000000000011 0.79420000000000013 521.00000000000011 2.8500000000000005 26.255000000000006
decision_type=2 2 2 2 2 2 2 2 2 2 2 2 2 2 2 2 2 2 2 2 2 2 2 2 2 2
left_child=2 22 3 7 18 6 -6 16 10 -10 -9 -4 -13 15 -15 -14 17 -1 23 -20 -7 -18 24 -5 25 -2
right_child=1 -3 11 4 5 20 -8 8 9 -11 -12 12 13 14 -16 -17 21 -19 19 -21 -22 -23 -24 -25 -26 -27
leaf_value=-0.0016036471676636858 -0.0043847922661474767 0.2489699444901198 -0.02939406573814007 -0.0010477627289112495 0.0068286380085211314 -0.0079615236347714471 -0.00020581909242221288 0.0049548213321884919 -0.00015070978094611253 -0.018009236153294955 -0.018056604063971651 0.050807119160890576 0.011626846360741183 0.043691302214638655 0.0078664443195108086 -0.017901736648146354 -0.00036541580661900966 0.01501975146683731 0.020929731829091906 -0.0045176569089829697 -0.021217295293234229 -0.0028061618164113406 -0.031550259693310809 0.00044733847214595545 -0.018480663853495019 0.0067842900278046727
leaf_weight=236 21 20 21 8749 3489 172 2873 330 171 464 76 30 120 59 385 89 4496 175 27 1159 127 3841 26 6406 23 20
leaf_count=236 21 20 21 8749 3489 172 2873 330 171 464 76 30 120 59 385 89 4496 175 27 1159 127 3841 26 6406 23 20
internal_value=-5.72781e-12 0.0343422 -0.000112782 -0.000307795 0.000356392 0.00287792 0.00365196 -0.00186849 -0.00779949 -0.0132001 0.000647264 0.00897056 0.0101501 0.00828229 0.012627 -0.000947526 -0.00116271 0.00547444 -0.000671445 -0.00393833 -0.0135919 -0.00148991 -0.0133529 -0.000415785 -0.00596016 0.00106354
internal_weight=33605 110 33495 32791 23002 6661 6362 9789 1041 635 406 704 683 653 444 209 8748 411 16341 1186 299 8337 90 15155 64 41
internal_count=33605 110 33495 32791 23002 6661 6362 9789 1041 635 406 704 683 653 444 209 8748 411 16341 1186 299 8337 90 15155 64 41
is_linear=0
shrinkage=0.03


Tree=157
num_leaves=31
num_cat=0
split_feature=0 3 5 5 23 12 23 2 0 24 22 22 22 2 7 22 24 22 0 2 22 5 22 26 3 0 22 5 22 24
split_gain=246.678 551.122 158.118 199.711 136.303 110.552 81.2017 116.345 78.6425 79.1223 64.7118 80.7626 76.8966 46.7393 76.1079 45.8014 41.963 33.7462 29.6576 29.0378 27.8397 71.1589 185.611 157.256 80.4439 65.2603 47.1541 59.65 68.4187 62.8332
threshold=35.95000000000001 24.255000000000006 0.9799500000000001 0.9547500000000001 3.5000000000000004 0.66500000000000015 2.5000000000000004 22.755000000000006 10.785000000000002 3.5000000000000004 318.50000000000006 306.50000000000006 276.50000000000006 25.845000000000002 78.197250000000011 212.50000000000003 3.5000000000000004 288.50000000000006 21.710000000000004 33.985000000000007 214.50000000000003 0.87340000000000007 262.50000000000006 -0.17472365591397851 20.315000000000001 7.0850000000000009 172.50000000000003 0.80260000000000009 176.50000000000003 3.5000000000000004
decision_type=2 2 2 2 2 2 2 2 2 2 2 2 2 2 2 2 2 2 2 2 2 2 2 2 2 2 2 2 2 2
left_child=8 2 3 4 -2 6 -4 -8 20 13 11 12 -11 15 17 18 -7 -15 -10 -16 26 25 23 -23 -24 -22 -1 29 -29 -28
right_child=1 -3 5 -5 -6 16 7 -9 9 10 -12 -13 -14 14 19 -17 -18 -19 -20 -21 21 22 24 -25 -26 -27 27 28 -30 -31
leaf_value=-0.0004380294113501545 -0.017760798543691635 0.17351241826333783 0.050868682041764257 0.11742787052392958 0.066048654351503616 -0.018049236412929454 -0.058552305745365824 0.039114756445799551 -0.015257695650986034 0.0016593338961212254 -0.032548066619080759 0.058302407567812638 -0.046320218394600578 0.021951970842437829 0.00031854079099372025 0.018928561686897778 -0.077466142594814297 0.056680622506472801 0.006409449405968189 0.027848290404304858 -0.0012346110921635206 -0.005969622958201303 -0.011443848338841774 -0.042964073902809284 0.0094981724513851888 0.032483255093057571 0.0031123289546811216 0.024786095108673276 -0.0057681886365413175 0.01746946899132263
leaf_weight=20327 40 22 32 25 31 23 23 21 124 995 53 22 31 374 250 101 20 27 105 40 7948 201 289 213 385 52 698 74 607 452
leaf_count=20327 40 22 32 25 31 23 23 21 124 995 53 22 31 374 250 101 20 27 105 40 7948 201 289 213 385 52 698 74 607 452
internal_value=-5.32317e-12 0.0304983 0.0158643 0.0445081 0.0188321 -0.00724328 0.0145066 -0.0119385 -0.000216618 0.00537206 -0.000206434 0.00142916 0.000209659 0.0113877 0.0158234 0.00209946 -0.045685 0.0242903 -0.00532298 0.00411575 -0.00059616 -0.00199442 -0.00919276 -0.025003 0.000518582 -0.00101544 -2.26707e-05 0.00458847 -0.00244805 0.00875531
internal_weight=33605 237 215 96 71 119 76 44 33368 2122 1101 1048 1026 1021 691 330 43 401 229 290 31246 9088 1088 414 674 8000 22158 1831 681 1150
internal_count=33605 237 215 96 71 119 76 44 33368 2122 1101 1048 1026 1021 691 330 43 401 229 290 31246 9088 1088 414 674 8000 22158 1831 681 1150
is_linear=0
shrinkage=0.03


Tree=158
num_leaves=26
num_cat=0
split_feature=0 8 4 0 4 25 2 8 25 3 2 3 1 25 9 3 1 21 5 26 3 0 5 2 25
split_gain=235.646 496.502 423.795 108.835 74.8179 57.3615 50.2883 57.6241 44.0799 41.1146 32.2283 63.2705 64.0731 172.11 47.1006 39.7931 153.095 189.278 55.3756 107.305 31.8282 30.6498 15.0716 30.6047 7.14243
threshold=55.510000000000005 496.50000000000006 24.045000000000005 18.420000000000005 34.120000000000012 -2.6529838709677418 25.845000000000002 785.00000000000011 -0.78887096774193533 24.065000000000001 29.315000000000001 17.705000000000002 21.775000000000002 -1.0910384833050364 1.3 23.535000000000004 29.175000000000004 6.5000000000000009 0.90160000000000007 -0.26966666666666655 24.705000000000002 12.055000000000001 0.90160000000000007 26.615000000000006 -0.11772043010752689
decision_type=2 2 2 2 2 2 2 2 2 2 2 2 2 2 2 2 2 2 2 2 2 2 2 2 2
left_child=3 -2 -3 10 5 9 8 -8 -7 -5 11 22 13 -13 -14 18 17 -17 21 -20 -18 -12 24 -24 -1
right_child=1 2 -4 4 -6 6 7 -9 -10 -11 15 12 14 -15 -16 16 20 -19 19 -21 -22 -23 23 -25 -26
leaf_value=-0.0016226181219741794 0.16228567548394202 0.067622116113250905 -0.1047748042004449 -0.04844695831122605 -0.044332091134380205 -0.033780483938753603 0.017395539236908304 0.057529952990157257 0.0082870380759293982 0.0038037790019403808 -0.00120462977541012 0.057932889129577281 0.019074567559463771 0.006748189099640335 0.0015119559276737219 0.017072429756584486 -0.0054558505127551673 -0.0024667356051153166 -0.036964832167187246 -0.0049822947228505797 -0.00012010181881706289 0.024455084625099384 -0.038407341409474612 -0.0053038066447892735 -0.016349054500460626
leaf_weight=2477 25 33 21 23 22 24 402 35 340 33 16830 67 142 503 4273 1017 1450 795 101 1448 3287 42 30 155 30
leaf_count=2477 25 33 21 23 22 24 402 35 340 33 16830 67 142 503 4273 1017 1450 795 101 1448 3287 42 30 155 30
internal_value=-3.6441e-12 0.0517519 0.000578869 -0.000121947 0.0102951 0.0116974 0.0137496 0.02061 0.00551336 -0.0176563 -0.000402418 0.00129751 0.0032989 0.0127646 0.00207682 -0.000925061 0.0010835 0.00849978 -0.00163914 -0.00706766 -0.00175338 -0.00114075 -0.00240862 -0.0106719 -0.00179884
internal_weight=33605 79 54 33526 879 857 801 437 364 56 32647 7677 4985 570 4415 24970 6549 1812 18421 1549 4737 16872 2692 185 2507
internal_count=33605 79 54 33526 879 857 801 437 364 56 32647 7677 4985 570 4415 24970 6549 1812 18421 1549 4737 16872 2692 185 2507
is_linear=0
shrinkage=0.03


Tree=159
num_leaves=29
num_cat=0
split_feature=0 22 8 0 0 22 22 22 22 22 5 22 22 0 1 3 5 8 2 22 5 26 0 2 2 6 5 0
split_gain=221.719 570.549 273.657 104.117 36.4351 59.2666 108.69 70.4131 47.1005 43.0017 36.9497 94.6801 111.035 86.8916 77.5675 36.2726 34.6051 46.9996 42.8985 37.2631 37.2116 29.7684 30.808 25.701 25.4103 22.4717 19.3987 12.5511
threshold=55.510000000000005 202.50000000000003 785.00000000000011 22.875000000000004 9.2550000000000008 314.50000000000006 306.50000000000006 290.50000000000006 328.50000000000006 340.50000000000006 0.86740000000000006 145.50000000000003 128.50000000000003 4.455000000000001 25.735000000000003 22.465000000000003 0.9759500000000001 368.50000000000006 25.405000000000005 204.50000000000003 0.96325000000000005 -1.0031666666666663 35.95000000000001 30.185000000000006 29.665000000000003 17.947700000000001 0.74315000000000009 29.145000000000003
decision_type=2 2 2 2 2 2 2 2 2 2 2 2 2 2 2 2 2 2 2 2 2 2 2 2 2 2 2 2
left_child=3 2 -2 4 10 6 7 -6 -7 -10 13 12 -12 26 -13 -15 20 23 19 -19 21 -5 -23 -18 -8 -20 -1 -25
right_child=1 -3 -4 16 5 8 24 -9 9 -11 11 14 -14 15 -16 -17 17 18 25 -21 -22 22 -24 27 -26 -27 -28 -29
leaf_value=-0.00050210262381241441 -0.08719031057786196 0.14790693316608666 0.057621494562405604 -0.015603965423677278 0.003971616300073845 -0.052659774505429795 0.061427297793860941 -0.040865749915537888 0.018198764078901149 -0.025723852167554875 -0.0022293657766302198 -0.0045283856028965619 0.021269143887970382 0.0038680046204490077 -0.019483882691323135 0.015342035453700397 -0.044866630248259751 -0.0095436445013524929 0.037057695412500341 0.022497533399763764 0.049278380145897735 0.013687900264339987 0.044143965416229683 -0.021083678108174353 0.019037768371403217 0.011093266866762529 -0.0059484549107082629 0.011411336028705473
leaf_weight=26395 24 32 23 23 2111 27 35 32 35 47 863 1068 229 669 441 394 20 98 66 49 37 128 39 20 20 55 602 23
leaf_count=26395 24 32 23 23 2111 27 35 32 35 47 863 1068 229 669 441 394 20 98 66 49 37 128 39 20 20 55 602 23
internal_value=-4.04674e-12 0.0501994 -0.016325 -0.000118289 -0.00033579 0.00330005 0.00437083 0.00330209 -0.0182925 -0.00697639 -0.000609358 -0.00402999 0.00269844 -0.000292285 -0.00889908 0.00812084 0.0127322 0.0065453 0.0120263 0.00113675 0.0217536 0.0163936 0.0208004 -0.0167706 0.0460129 0.0252557 -0.00062355 -0.00370262
internal_weight=33605 79 47 33526 32968 2307 2198 2143 109 82 30661 2601 1092 28060 1509 1063 558 331 268 147 227 190 167 63 55 121 26997 43
internal_count=33605 79 47 33526 32968 2307 2198 2143 109 82 30661 2601 1092 28060 1509 1063 558 331 268 147 227 190 167 63 55 121 26997 43
is_linear=0
shrinkage=0.03


Tree=160
num_leaves=31
num_cat=0
split_feature=0 25 4 23 0 24 1 1 22 22 22 4 0 4 4 1 2 7 25 21 6 2 22 22 0 16 22 2 25 16
split_gain=209.754 552.296 242.679 234.713 66.132 71.1094 74.8161 203.203 102.792 222.442 84.6225 57.8915 233.301 53.347 50.2166 48.7788 43.0201 70.9505 57.716 43.1747 28.6388 27.3949 25.7454 55.804 129.718 123.187 43.7137 147.88 135.023 42.6765
threshold=35.95000000000001 -2.7926570458404067 26.045000000000005 5.5000000000000009 10.785000000000002 3.5000000000000004 28.495000000000001 28.925000000000004 145.50000000000003 74.500000000000014 172.50000000000003 21.555000000000003 55.510000000000005 23.705000000000002 23.705000000000002 22.225000000000005 25.845000000000002 78.197250000000011 -0.86088709677419339 7.5000000000000009 14.099000000000002 33.985000000000007 214.50000000000003 234.50000000000003 3.2750000000000004 36.500000000000007 94.500000000000014 34.405000000000008 -0.57190350877192975 33.500000000000007
decision_type=2 2 2 2 2 2 2 2 2 2 2 2 2 2 2 2 2 2 2 2 2 2 2 2 2 2 2 2 2 2
left_child=4 -2 3 11 22 16 8 -8 9 -7 -10 12 -3 -9 -13 -4 19 18 -18 20 -6 -19 26 24 -24 -26 -1 28 -28 -29
right_child=1 2 15 -5 5 6 7 13 10 -11 -12 14 -14 -15 -16 -17 17 21 -20 -21 -22 -23 23 -25 25 -27 27 29 -30 -31
leaf_value=-0.0012325511011518286 0.15858633916538495 0.025076984772342256 -0.019935457728803157 0.11080587913210575 0.018295730625916468 -0.0068045403834163069 -0.1020516362397567 -0.017957020086546739 -0.064861204013228424 0.044054915559574442 -0.0021615140540163637 0.075418971266065324 -0.083338090667258141 0.024049565843664682 0.0089969049990177158 -0.085399676178182879 0.052874387178350898 -0.00010860717706382274 0.018714038144371337 0.018056432904657162 -0.010221549436469508 0.026630999794229861 -0.0019894327644496964 -0.00096148732498236981 -0.011523773641964512 -0.051191850900650024 0.013230969613862748 -0.0045770741591331897 0.0016905095595190934 0.00050907633702843989
leaf_weight=11908 26 80 20 26 38 166 23 90 20 145 618 21 23 39 20 21 51 250 350 101 191 40 906 7856 223 103 1468 2356 2411 4015
leaf_count=11908 26 80 20 26 38 166 23 90 20 145 618 21 23 39 20 21 51 250 350 101 191 40 906 7856 223 103 1468 2356 2411 4015
internal_value=-6.09743e-12 0.0281233 0.0120472 0.0278475 -0.000199749 0.00492516 -0.000363322 -0.0199039 0.00276646 0.0169081 -0.00412702 0.0128689 0.000867793 -0.00525735 0.043018 -0.0534659 0.010628 0.0148836 0.0230586 0.00171703 -0.00548942 0.00357961 -0.000547795 -0.00189243 -0.00782872 -0.0240569 3.70152e-06 0.00143993 0.00605797 -0.00137179
internal_weight=33605 237 211 170 33368 2122 1101 152 949 311 638 144 103 129 41 41 1021 691 401 330 229 290 31246 9088 1232 326 22158 10250 3879 6371
internal_count=33605 237 211 170 33368 2122 1101 152 949 311 638 144 103 129 41 41 1021 691 401 330 229 290 31246 9088 1232 326 22158 10250 3879 6371
is_linear=0
shrinkage=0.03


Tree=161
num_leaves=27
num_cat=0
split_feature=0 22 7 0 4 7 5 1 2 1 2 22 2 22 0 22 22 22 5 5 22 0 0 6 25 2
split_gain=203.864 538.018 265.775 91.9901 111.629 33.9101 39.0593 34.4036 34.0476 71.0683 39.4348 32.5222 51.6321 76.3237 144.479 45.8715 44.9126 140.117 85.6558 44.0805 9.1357 15.0198 6.13528 8.015 4.03111 2.09001
threshold=55.510000000000005 202.50000000000003 76.966650000000016 22.875000000000004 31.845000000000002 79.153350000000017 0.9547500000000001 26.115000000000006 25.405000000000005 23.245000000000001 28.095000000000002 342.50000000000006 29.315000000000001 268.50000000000006 4.455000000000001 206.50000000000003 145.50000000000003 127.50000000000001 0.89555000000000007 0.80260000000000009 356.50000000000006 10.055000000000001 1.7750000000000001 14.099000000000002 -1.6119354838709676 26.195000000000004
decision_type=2 2 2 2 2 2 2 2 2 2 2 2 2 2 2 2 2 2 2 2 2 2 2 2 2 2
left_child=3 2 -2 11 5 8 -7 -8 9 -5 -10 12 13 15 -15 -1 17 -14 -18 22 21 -21 25 -24 -22 -13
right_child=1 -3 -4 4 -6 6 7 -9 10 -11 -12 19 16 14 -16 -17 18 -19 -20 20 24 -23 23 -25 -26 -27
leaf_value=0.0027287426926289686 0.056409541932137111 0.14301687229424714 -0.086301607826026153 0.015322571515538532 -0.054265750660137696 0.032132892171325887 -0.045055697700008744 0.0008391941680896039 0.043474017556174652 -0.043824386000633236 0.016703657935301847 -0.0072965586502687068 -0.00095267901921752037 0.0020475733994645179 0.024159791679748872 -0.0029400806622812523 -0.0014023890698286396 0.0070941025595516018 -0.010645963612402573 -0.019478940361219905 -0.0061767835927788502 -0.049005262389779085 0.01043528962880373 -0.0095357289353001206 -0.022420372646301985 -0.0017153019137559433
leaf_weight=3592 23 32 24 213 22 23 21 49 80 20 130 64 14126 855 386 2000 7224 2259 1031 69 44 20 20 189 20 1069
leaf_count=3592 23 32 24 213 22 23 21 49 80 20 130 64 14126 855 386 2000 7224 2259 1031 69 44 20 20 189 20 1069
internal_value=2.12872e-12 0.0481357 -0.0164642 -0.000113426 0.0119656 0.014684 -0.00178487 -0.0129293 0.0181413 0.0102456 0.0269019 -0.000317869 -0.000112508 0.00219491 0.00892535 0.000701267 -0.000752387 0.000156731 -0.00255686 -0.00464115 -0.0198976 -0.0261141 -0.00290178 -0.00762463 -0.0112529 -0.00203057
internal_weight=33605 79 47 33526 558 536 93 70 443 233 210 32968 31473 6833 1241 5592 24640 16385 8255 1495 153 89 1342 209 64 1133
internal_count=33605 79 47 33526 558 536 93 70 443 233 210 32968 31473 6833 1241 5592 24640 16385 8255 1495 153 89 1342 209 64 1133
is_linear=0
shrinkage=0.03


Tree=162
num_leaves=25
num_cat=0
split_feature=0 22 7 0 22 22 4 0 2 2 3 1 21 16 1 0 3 0 25 23 7 5 3 0
split_gain=191.816 506.221 250.068 87.9779 54.9017 60.019 50.4854 43.8534 36.5464 27.3317 57.7623 83.6153 180.429 52.3735 49.1237 92.3672 90.9019 42.1633 16.5023 13.7079 8.64525 7.30671 6.88003 3.65793
threshold=55.510000000000005 202.50000000000003 76.966650000000016 12.055000000000001 314.50000000000006 306.50000000000006 34.120000000000012 22.875000000000004 26.845000000000002 38.595000000000006 23.455000000000002 28.815000000000001 6.5000000000000009 33.500000000000007 26.085000000000004 3.8750000000000004 20.315000000000001 4.8250000000000011 -1.1745350877192979 2.5000000000000004 78.472250000000017 0.5182500000000001 25.335000000000004 1.0000000180025095e-35
decision_type=2 2 2 2 2 2 2 2 2 2 2 2 2 2 2 2 2 2 2 2 2 2 2 2
left_child=3 2 -2 9 5 6 7 -5 -8 10 14 12 -12 -13 16 -16 -1 21 20 -6 -19 23 -23 -11
right_child=1 -3 -4 4 19 -7 8 -9 -10 17 11 13 -14 -15 15 -17 -18 18 -20 -21 -22 22 -24 -25
leaf_value=-0.0013536606578926935 0.054717253815868623 0.13872636644169686 -0.083712558904662726 0.0038850949403439455 -0.040969206709414722 0.045279921252901353 -0.055843835324048997 0.014091513585680091 0.0015074750930070878 0.0034815502425318222 0.018403216085975029 -0.0043340383938522738 -0.001420105901369133 0.0036065014511901176 -0.0016116782687622228 -0.011840548541922857 0.0034507632982694763 -0.010392626103042124 -0.040360279405117036 -0.010071668904441011 -0.028413214355707168 -0.01373722528275895 -0.0033172339072515223 -0.0021739367335867898
leaf_weight=11882 23 32 24 1281 24 36 20 538 20 109 806 1423 848 1575 6723 901 5051 119 25 28 30 94 145 1848
leaf_count=11882 23 32 24 1281 24 36 20 538 20 109 806 1423 848 1575 6723 901 5051 119 25 28 30 94 145 1848
internal_value=-5.05952e-13 0.0466916 -0.0159703 -0.000110023 0.00607916 0.00691366 0.00617069 0.00690382 -0.0271682 -0.000491617 -0.000240213 0.00282495 0.00823987 -0.000162474 -0.000820867 -0.00282052 7.94667e-05 -0.00359003 -0.0178053 -0.0243321 -0.0140209 -0.00246368 -0.00741547 -0.00185894
internal_weight=33605 79 47 33526 1947 1895 1859 1819 40 31579 29209 4652 1654 2998 24557 7624 16933 2370 174 52 149 2196 239 1957
internal_count=33605 79 47 33526 1947 1895 1859 1819 40 31579 29209 4652 1654 2998 24557 7624 16933 2370 174 52 149 2196 239 1957
is_linear=0
shrinkage=0.03


Tree=163
num_leaves=26
num_cat=0
split_feature=0 8 22 0 22 22 4 0 2 2 3 1 22 26 5 1 3 0 14 24 11 0 10 0 0
split_gain=180.48 516.17 521.432 82.7784 51.657 56.4719 47.5017 41.4721 34.3865 25.7164 54.7171 77.8398 159.234 49.9653 63.1776 50.8637 46.7807 39.6714 14.7375 7.22736 8.04331 6.92038 7.59744 4.0742 3.40008
threshold=55.510000000000005 496.50000000000006 204.50000000000003 12.055000000000001 314.50000000000006 306.50000000000006 34.120000000000012 24.73 26.845000000000002 38.595000000000006 23.145000000000003 28.765000000000004 145.50000000000003 0.42787096774193573 0.52525000000000011 26.085000000000004 24.595000000000002 4.8250000000000011 0.13000000000000003 3.5000000000000004 26.000000000000004 2.4850000000000008 100.00000000000001 7.3550000000000013 1.0000000180025095e-35
decision_type=2 2 2 2 2 2 2 2 2 2 2 2 2 2 2 2 2 2 2 2 2 2 2 2 2
left_child=3 -2 -3 9 5 6 7 -5 -8 10 13 12 -12 15 -15 -1 -13 21 -6 23 -21 24 -23 -19 -11
right_child=1 2 -4 4 18 -7 8 -9 -10 17 11 16 -14 14 -16 -17 -18 19 -20 20 -22 22 -24 -25 -26
leaf_value=-5.5351767999416022e-05 0.15799275117628278 0.070410532867535944 -0.11931708414446224 0.0040382614714081118 -0.0049520496247251597 0.043921523940128583 -0.054168520331382745 0.014415304815864326 0.0014622500762343405 0.003377103656946912 0.0208654490066735 -0.0043486052795139816 0.0022607839121751294 -0.0056217054781668328 0.050669150230915921 -0.003135876545395223 0.0027873209089308917 -0.018112853481010958 -0.037278818737715484 -0.0088790141436486288 -0.029890871530864387 -0.0010991504687024691 -0.011414241425993059 -0.033388342350721356 -0.0020773234263388798
leaf_weight=16757 25 32 22 1353 22 36 20 466 20 109 544 1530 1733 34 38 6774 1799 33 30 91 20 113 149 30 1825
leaf_count=16757 25 32 22 1353 22 36 20 466 20 109 544 1530 1733 34 38 6774 1799 33 30 91 20 113 149 30 1825
internal_value=-1.20618e-12 0.0452909 -0.0068859 -0.000106723 0.00589678 0.00670625 0.00598557 0.0066967 -0.0263531 -0.000476868 -0.000233007 0.00243128 0.00670564 -0.000865808 0.0240874 -0.00094216 -0.000492333 -0.00348233 -0.0236021 -0.0172712 -0.0126649 -0.00238977 -0.00696537 -0.0253869 -0.00176991
internal_weight=33605 79 54 33526 1947 1895 1859 1819 40 31579 29209 5606 2277 23603 72 23531 3329 2370 52 174 111 2196 262 63 1934
internal_count=33605 79 54 33526 1947 1895 1859 1819 40 31579 29209 5606 2277 23603 72 23531 3329 2370 52 174 111 2196 262 63 1934
is_linear=0
shrinkage=0.03


Tree=164
num_leaves=25
num_cat=0
split_feature=0 22 7 0 22 22 1 1 23 5 22 22 1 0 1 3 1 22 22 25 2 23 26 14
split_gain=169.813 506.089 243.025 77.8862 48.6041 53.1344 46.4704 61.0449 24.7266 39.1192 50.845 147.535 120.842 42.5204 44.2057 30.7994 106.535 62.1288 39.2986 21.5813 19.4904 38.1621 17.1714 13.8665
threshold=55.510000000000005 202.50000000000003 76.966650000000016 12.055000000000001 314.50000000000006 306.50000000000006 30.675000000000004 29.885000000000002 2.5000000000000004 0.86740000000000006 143.50000000000003 114.50000000000001 25.385000000000002 4.995000000000001 24.525000000000002 21.985000000000003 27.395000000000003 180.50000000000003 145.50000000000003 -0.18795161290322573 23.285000000000004 3.5000000000000004 0.41528975664968887 0.13000000000000003
decision_type=2 2 2 2 2 2 2 2 2 2 2 2 2 2 2 2 2 2 2 2 2 2 2 2
left_child=3 2 -2 8 5 6 7 -5 9 13 11 -11 -12 19 -15 20 17 -17 -18 -1 21 -10 -22 -6
right_child=1 -3 -4 4 23 -7 -8 -9 15 10 12 -13 -14 14 -16 16 18 -19 -20 -21 22 -23 -24 -25
leaf_value=-0.00077807448744825279 0.050963420336661132 0.13595485176891087 -0.085503054550499655 0.0057594798646506129 -0.0048034873803738838 0.042603877813865737 -0.027478587933992212 0.048220594032111784 0.043022136506107117 -0.0098536671252422055 -0.0032482195073230699 0.022100270655682833 -0.02836875295216244 0.025705999721251767 0.00030564855705474467 0.015685963342456012 0.0011551655430180961 0.004243876156578401 -0.0047431678411023886 -0.0056266031385616326 -0.00088762230040510728 0.00049301872326395818 0.023521549426592313 -0.036160454527009278
leaf_weight=11050 23 32 24 1791 22 36 37 31 27 403 550 192 251 109 142 591 3332 1540 1463 893 10946 64 26 30
leaf_count=11050 23 32 24 1791 22 36 37 31 27 403 550 192 251 109 142 591 3332 1540 1463 893 10946 64 26 30
internal_value=-4.4488e-12 0.0439322 -0.0187216 -0.000103521 0.00571988 0.00650507 0.005806 0.00648192 -0.000462562 -0.00142839 -0.00618543 0.00045752 -0.0111199 -0.000883789 0.0113361 0.000267081 0.00183594 0.00741716 -0.000644472 -0.00114061 -0.000715105 0.0131115 -0.000829781 -0.022894
internal_weight=33605 79 47 33526 1947 1895 1859 1822 31579 13590 1396 595 801 12194 251 17989 6926 2131 4795 11943 11063 91 10972 52
internal_count=33605 79 47 33526 1947 1895 1859 1822 31579 13590 1396 595 801 12194 251 17989 6926 2131 4795 11943 11063 91 10972 52
is_linear=0
shrinkage=0.03


Tree=165
num_leaves=26
num_cat=0
split_feature=0 8 22 0 4 22 22 22 22 0 19 23 0 22 8 25 23 26 2 3 2 17 3 2 22
split_gain=159.777 508.625 504.917 73.3577 100.681 29.8543 67.2365 85.8536 224.574 101.562 37.4162 94.7869 32.7107 27.19 26.758 35.4935 62.7567 60.5044 18.8277 27.6643 12.6312 12.3142 4.29807 4.18895 2.04832
threshold=55.510000000000005 496.50000000000006 204.50000000000003 22.875000000000004 30.165000000000003 336.50000000000006 326.50000000000006 314.50000000000006 310.50000000000006 4.0650000000000004 7.3500000000000005 5.5000000000000009 2.7350000000000008 332.50000000000006 368.50000000000006 4.2306451612903233 3.5000000000000004 -0.25563548387096785 29.015000000000004 24.825000000000003 25.845000000000002 44.500000000000007 18.665000000000003 27.055000000000003 344.50000000000006
decision_type=2 2 2 2 2 2 2 2 2 2 2 2 2 2 2 2 2 2 2 2 2 2 2 2 2
left_child=3 -2 -3 5 14 6 7 8 -1 -9 13 -12 22 -8 18 17 -17 -16 -5 -20 -14 -22 24 -24 -7
right_child=1 2 -4 4 -6 12 10 9 -10 -11 11 -13 20 -15 15 16 -18 -19 19 -21 21 -23 23 -25 -26
leaf_value=-0.00025037523015201572 0.15448931011408568 0.066882667327299708 -0.11981621597300876 -0.026304237098491282 -0.035800579259028804 0.0016483108974519934 0.010182487921905705 -0.0066108139738940428 0.027915555372116686 -0.043778260404320611 0.012433425845312497 0.074008402705192572 0.010337524540722369 -0.0057833031672489595 0.052362812031440588 0.025216538826139959 -0.027941865760546462 0.016398572862198119 0.020883080712209144 -0.017987168369671472 -0.017622083094353303 -0.0030832025315612552 -0.01587444672296787 -0.0040222578571964124 -0.0018054280491255109
leaf_weight=29398 25 32 22 20 39 183 240 707 257 73 225 25 20 160 49 41 39 299 45 26 229 68 29 360 994
leaf_count=29398 25 32 22 20 39 183 240 707 257 73 225 25 20 160 49 41 39 299 45 26 229 68 29 360 994
internal_value=-8.84896e-12 0.0426142 -0.00917984 -0.000100415 0.0106861 -0.000282983 -6.07911e-05 -0.000264692 -6.28e-06 -0.0100893 0.00948646 0.0185909 -0.00395098 0.00379617 0.0141794 0.0173203 -0.000698183 0.0214625 -0.000593544 0.0066489 -0.0127393 -0.0142933 -0.00217198 -0.00490584 -0.00126844
internal_weight=33605 79 54 33526 558 32968 31085 30435 29655 780 650 250 1883 400 519 428 80 348 91 71 317 297 1566 389 1177
internal_count=33605 79 54 33526 558 32968 31085 30435 29655 780 650 250 1883 400 519 428 80 348 91 71 317 297 1566 389 1177
is_linear=0
shrinkage=0.03


Tree=166
num_leaves=31
num_cat=0
split_feature=0 4 25 23 0 1 1 3 0 24 1 8 26 2 3 0 2 7 25 26 5 0 0 4 2 4 23 3 12 26
split_gain=151.439 515.289 160.561 168.367 123.119 76.4379 164.119 73.426 49.8464 80.7597 58.2926 95.3803 76.4075 70.4986 143.701 94.2778 46.2103 69.9397 50.8855 40.1541 33.6218 79.151 71.4445 56.8976 54.6131 48.8019 46.112 44.3195 31.9655 36.8382
threshold=35.95000000000001 29.775000000000002 -0.78887096774193533 5.5000000000000009 55.510000000000005 22.065000000000001 20.865000000000006 21.885000000000002 9.2550000000000008 3.5000000000000004 25.015000000000004 785.00000000000011 -0.082898245614035193 27.385000000000002 19.055000000000003 10.525 25.845000000000002 79.153350000000017 -1.3054999999999997 -0.24118709677419362 0.86740000000000006 4.455000000000001 5.6150000000000011 5.8950000000000005 31.405000000000005 34.120000000000012 1.5000000000000002 22.465000000000003 0.53500000000000014 -1.0536129032258066
decision_type=2 2 2 2 2 2 2 2 2 2 2 2 2 2 2 2 2 2 2 2 2 2 2 2 2 2 2 2 2 2
left_child=8 2 4 5 -2 6 -4 -7 20 16 13 12 -12 15 -15 -11 28 19 -19 -18 21 -1 -22 24 -24 27 -25 -23 29 -10
right_child=1 -3 3 -5 -6 7 -8 -9 9 10 11 -13 -14 14 -16 -17 17 18 -20 -21 22 25 23 26 -26 -27 -28 -29 -30 -31
leaf_value=-0.00052796052062401119 0.0035193574699488549 0.16576589039393833 0.058341292091037909 0.1068268894487992 -0.086899052424275355 0.081661020971157336 -0.038800358659758859 0.015024816045618576 -0.014199303911626339 -0.042755246380995961 0.0057211309437527075 -0.063935101066644365 -0.014947894681613512 -0.0059954459783689617 0.031877657739387361 0.0013645915484590018 0.034453883317142435 0.010000425127648706 -0.023672442420502194 0.014082574689760067 -0.012599380897345806 0.0040686677560756081 0.055382181897519096 -0.0095803001561288268 -0.005630712541549102 -0.036398900347677142 0.00095943510048579505 0.016933245415649421 -0.0090674101386550333 0.015258181733639771
leaf_weight=26997 33 21 23 20 23 22 49 46 50 50 301 26 346 170 192 340 101 92 72 632 627 662 31 508 23 22 1412 379 173 162
leaf_count=26997 33 21 23 20 23 22 49 46 50 50 301 26 346 170 192 340 101 92 72 632 627 662 31 508 23 22 1412 379 173 162
internal_value=2.58661e-12 0.0238962 0.0101033 0.0254053 -0.0336168 0.0137737 -0.007769 0.0365836 -0.000169725 0.00373259 -0.00118227 -0.00759617 -0.00533217 0.00455782 0.0140919 -0.0042918 0.00919567 0.0129271 -0.00478279 0.0168895 -0.000514253 -0.000211795 -0.00377722 -0.00097504 0.0293952 0.00781786 -0.0018292 0.00875231 0.000501814 0.00831066
internal_weight=33605 237 216 160 56 140 72 68 33368 2707 1425 673 647 752 362 390 1282 897 164 733 30661 28060 2601 1974 54 1063 1920 1041 385 212
internal_count=33605 237 216 160 56 140 72 68 33368 2707 1425 673 647 752 362 390 1282 897 164 733 30661 28060 2601 1974 54 1063 1920 1041 385 212
is_linear=0
shrinkage=0.03


Tree=167
num_leaves=31
num_cat=0
split_feature=4 9 25 7 3 5 1 2 5 1 3 3 1 3 3 4 4 5 23 2 3 5 24 1 2 1 25 5 5 8
split_gain=122.62 1131.06 39.2546 35.0944 53.7167 63.7459 55.3244 75.83 49.8922 80.2767 105.543 75.6917 44.2179 31.6639 66.8266 56.7079 76.2423 64.0304 41.3996 31.9839 31.8268 25.7186 28.5127 23.0211 20.8226 18.2099 14.9631 18.1522 8.69125 8.48227
threshold=37.110000000000007 1.6500000000000001 1.4740000000000002 74.47975000000001 24.395000000000003 0.91190000000000015 30.325000000000003 36.985000000000007 0.52525000000000011 28.495000000000001 19.435000000000006 24.595000000000002 27.395000000000003 21.325000000000003 21.225000000000005 17.945000000000004 21.645000000000003 0.97205000000000008 1.5000000000000002 25.635000000000002 22.395000000000003 0.91190000000000015 3.5000000000000004 20.865000000000006 26.845000000000002 22.695000000000004 -0.20972580645161285 0.28455000000000003 0.64175000000000015 521.00000000000011
decision_type=2 2 2 2 2 2 2 2 2 2 2 2 2 2 2 2 2 2 2 2 2 2 2 2 2 2 2 2 2 2
left_child=2 -2 3 4 5 24 7 -6 26 10 -10 -11 -7 14 21 18 17 -17 19 -15 -20 23 -23 -4 -1 -18 29 -28 -8 -5
right_child=1 -3 13 8 6 12 28 -9 9 11 -12 -13 -14 15 -16 16 25 -19 20 -21 -22 22 -24 -25 -26 -27 27 -29 -30 -31
leaf_value=0.0051621668064253225 0.23569017346948384 -0.013726056400065622 0.037260880144312974 -0.00085948296140954698 0.010115783713224309 -0.0069484313257945967 0.0011788564577087093 0.053858027644455436 -0.0028685218019723893 -0.012686270808150334 0.0067060917862303907 0.0019914953009948699 -0.025410456499498749 -0.049672006247565147 -0.051563946917653085 0.087148159437679812 -0.017015811259096316 0.02588607684873483 0.021060836060099643 0.0039801167668774727 -0.017913593834964558 0.0071047319457810147 -0.012483717054170222 0.0084369098611044146 -0.001764708568023047 0.0204074875831604 -0.0066481248279632258 0.0010038117602761039 -0.014716941776020186 0.0005772715336568923
leaf_weight=411 20 90 32 8749 172 864 268 45 1404 541 3955 761 135 20 20 28 22 34 88 20 24 166 112 113 7859 25 737 449 35 6406
leaf_count=411 20 90 32 8749 172 864 268 45 1404 541 3955 761 135 20 20 28 22 34 88 20 24 166 112 113 7859 25 737 449 35 6406
internal_value=4.04496e-12 0.0316223 -0.00010385 -0.000254332 -0.00175878 -0.00228515 0.00762378 0.0191868 0.000385917 0.0025743 0.00419765 -0.00410733 -0.0094433 0.00690533 0.00202178 0.0151943 0.0317075 0.0535528 0.00335256 -0.0228459 0.0127092 0.00455539 -0.000787017 0.0147981 -0.00142046 0.0028902 -0.000506124 -0.00375123 -0.000657292 -0.000252169
internal_weight=33605 110 33495 32791 9789 9269 520 217 23002 6661 5359 1302 999 704 443 261 109 62 152 40 112 423 278 145 8270 47 16341 1186 303 15155
internal_count=33605 110 33495 32791 9789 9269 520 217 23002 6661 5359 1302 999 704 443 261 109 62 152 40 112 423 278 145 8270 47 16341 1186 303 15155
is_linear=0
shrinkage=0.03


Tree=168
num_leaves=31
num_cat=0
split_feature=0 22 7 0 17 26 23 1 7 4 5 22 25 1 23 4 0 22 5 22 26 3 0 1 3 0 26 5 3 25
split_gain=142.963 484.49 225.932 64.4979 57.6023 55.2381 62.1794 52.2857 113.304 92.6232 51.83 43.2051 41.5294 33.9008 28.0602 62.8452 25.7465 23.6298 60.7866 172.45 143.298 71.9599 57.5396 37.9016 131.325 102.059 51.3637 42.2354 38.1168 20.561
threshold=55.510000000000005 202.50000000000003 76.966650000000016 10.785000000000002 44.500000000000007 -0.22272580645161286 1.5000000000000002 26.695000000000004 73.984100000000012 21.995000000000001 0.90700000000000014 202.50000000000003 -2.6736700622524041 25.695000000000004 4.5000000000000009 18.385000000000002 26.785000000000004 214.50000000000003 0.87340000000000007 262.50000000000006 -0.17472365591397851 20.315000000000001 7.0850000000000009 29.955000000000002 23.495000000000001 5.7150000000000007 0.42787096774193573 0.92945000000000011 25.395000000000003 1.4740000000000002
decision_type=2 2 2 2 2 2 2 2 2 2 2 2 2 2 2 2 2 2 2 2 2 2 2 2 2 2 2 2 2 2
left_child=3 2 -2 17 7 14 13 10 -9 -10 16 -8 -12 -7 15 -6 -5 23 22 20 -20 -21 29 24 26 -26 -1 -25 -29 -19
right_child=1 -3 -4 4 5 6 11 8 9 -11 12 -13 -14 -15 -16 -17 -18 18 19 21 -22 -23 -24 27 25 -27 -28 28 -30 -31
leaf_value=-0.0003268400300739222 0.046197113498397495 0.13034716095775364 -0.085382755162427201 0.016079675709928264 0.039199510334990917 -0.003417948335726661 0.023487862387221552 -0.077240338236093525 -0.013821653939534242 0.019238459667481413 -0.018586505344621352 0.0012343244946149412 0.004201541634531715 -0.045839681337986667 0.052507688283316187 -0.0139797731526196 0.050494125031906624 -0.0011905327246399338 -0.005462020480590038 -0.010345047487696846 -0.040776557977193255 0.009461880004093922 0.030620994135432945 -0.0017748534125866032 0.0050353205287439508 0.023682207872292825 0.024395941030724268 -0.030710976320287131 -0.0033764480194076892 0.014387484278965306
leaf_weight=15606 23 32 24 131 60 88 196 20 254 109 77 131 1103 21 37 30 23 7871 201 289 213 385 52 4340 1637 315 76 88 96 77
leaf_count=15606 23 32 24 131 60 88 196 20 254 109 77 131 1103 21 37 30 23 7871 201 289 213 385 52 4340 1637 315 76 88 96 77
internal_value=-2.19699e-12 0.0403096 -0.0209926 -9.49847e-05 0.00477618 0.0131035 0.00803189 0.00204568 -0.00772458 -0.00389451 0.00485078 0.0145728 0.00271453 -0.0115909 0.0305147 0.0214731 0.0212195 -0.00045043 -0.00173864 -0.0083917 -0.0236311 0.000968999 -0.000833819 7.7921e-05 0.000706371 0.00804442 -0.000207026 -0.0023717 -0.0164495 -0.00103961
internal_weight=33605 79 47 33526 2280 563 436 1717 383 363 1334 327 1180 109 127 90 154 31246 9088 1088 414 674 8000 22158 17634 1952 15682 4524 184 7948
internal_count=33605 79 47 33526 2280 563 436 1717 383 363 1334 327 1180 109 127 90 154 31246 9088 1088 414 674 8000 22158 17634 1952 15682 4524 184 7948
is_linear=0
shrinkage=0.03


Tree=169
num_leaves=25
num_cat=0
split_feature=0 7 22 0 22 22 4 22 2 1 3 0 22 1 3 5 0 17 14 25 19 0 0 22
split_gain=134.514 505.558 481.528 60.9649 43.6464 47.8788 44.3584 33.7876 32.5679 23.7135 62.2355 78.8612 121.508 42.9652 83.0962 62.8913 33.6828 19.1507 12.9876 12.6364 4.73338 4.02485 2.53282 1.36917
threshold=55.510000000000005 79.153350000000017 204.50000000000003 12.055000000000001 314.50000000000006 306.50000000000006 34.120000000000012 274.50000000000006 26.845000000000002 31.975000000000005 24.395000000000003 3.5050000000000003 144.50000000000003 27.275000000000002 22.295000000000005 0.54010000000000014 4.0650000000000004 43.000000000000007 0.13000000000000003 -1.2733387096774191 7.3500000000000005 1.7450000000000003 3.8750000000000004 116.50000000000001
decision_type=2 2 2 2 2 2 2 2 2 2 2 2 2 2 2 2 2 2 2 2 2 2 2 2
left_child=3 2 -2 9 5 6 7 -5 -8 10 13 17 -13 14 -1 -15 21 -12 -6 20 -18 23 -23 -11
right_child=1 -3 -4 4 18 -7 8 -9 -10 16 11 12 -14 15 -16 -17 19 -19 -20 -21 -22 22 -24 -25
leaf_value=-0.00069531223341814333 0.061742530837655067 0.1506376309365034 -0.1205808519504287 0.0063480873024162054 -0.0045474759489297868 0.040071112018389005 -0.053179826550185681 -0.026294944024933823 0.00095990064740180965 -0.00047268298823251002 0.0038713599533887395 0.028517668695895226 0.00016092571773569742 -0.0013625362629173308 0.0050265695990905053 -0.0090628708195992641 -0.018815318949280246 -0.0020987905629754919 -0.034894483052194114 -0.03385998432674716 -0.0076455535381836316 -0.0064106736924306826 0.0041736110740087243 -0.0025012649578592654
leaf_weight=18502 32 25 22 1790 22 36 20 29 20 490 1232 273 271 4997 2606 1180 62 796 30 31 76 271 22 770
leaf_count=18502 32 25 22 1790 22 36 20 29 20 490 1232 273 271 4997 2606 1180 62 796 30 31 76 271 22 770
internal_value=1.63416e-12 0.0391003 -0.0125374 -9.21351e-05 0.00505999 0.00580406 0.00514046 0.00582767 -0.02611 -0.000409789 -0.000212359 0.00424876 0.0143914 -0.000632883 1.1113e-05 -0.00283354 -0.00383295 0.00152805 -0.0220554 -0.0165519 -0.0126639 -0.00244885 -0.00561595 -0.00171237
internal_weight=33605 79 54 33526 1947 1895 1859 1819 40 31579 29857 2572 544 27285 21108 6177 1722 2028 52 169 138 1553 293 1260
internal_count=33605 79 54 33526 1947 1895 1859 1819 40 31579 29857 2572 544 27285 21108 6177 1722 2028 52 169 138 1553 293 1260
is_linear=0
shrinkage=0.03


Tree=170
num_leaves=31
num_cat=0
split_feature=0 4 5 0 5 5 4 22 25 1 0 22 22 8 0 4 2 22 5 22 21 22 23 0 22 5 2 22 5 0
split_gain=127.652 508.596 80.4596 158.543 100.67 60.0726 115.075 65.9041 48.378 28.528 38.9712 37.8093 99.7765 101.293 146.43 100.087 67.2858 87.4648 235.575 186.494 49.2575 39.7315 25.5067 21.3011 20.1821 18.3128 14.3328 92.7244 17.3692 9.73271
threshold=26.785000000000004 31.845000000000002 0.9799500000000001 55.510000000000005 0.96325000000000005 0.92505000000000015 19.585000000000004 188.50000000000003 -2.5141270514997163 30.805000000000003 8.7550000000000008 206.50000000000003 94.500000000000014 559.00000000000011 2.2650000000000001 11.915000000000001 24.515000000000004 260.50000000000006 0.68180000000000007 274.50000000000006 7.5000000000000009 216.50000000000003 3.5000000000000004 12.955000000000002 141.50000000000003 0.97205000000000008 28.035000000000004 74.500000000000014 0.79420000000000013 2.4850000000000008
decision_type=2 2 2 2 2 2 2 2 2 2 2 2 2 2 2 2 2 2 2 2 2 2 2 2 2 2 2 2 2 2
left_child=9 2 4 8 5 7 -7 -2 -4 11 29 12 26 14 -14 -15 20 18 -18 -19 23 -22 -10 -13 25 -12 27 -1 -28 -11
right_child=1 -3 3 -5 -6 6 -8 -9 22 10 24 16 13 15 -16 -17 17 19 -20 -21 21 -23 -24 -25 -26 -27 28 -29 -30 -31
leaf_value=0.00026171002897886153 0.07419580499115197 0.15976045336042133 -0.032869781926274301 -0.059753464888277895 0.067768089751134034 -0.042427856846211046 0.02913647411923323 0.01403397536052293 0.021647375089648577 -0.0015603506677516297 -0.028632358056248017 0.0094353331797398052 0.0014786976963696544 0.015196848805287988 0.013979086378713283 -0.0008516580057833388 -0.00072304899950515161 0.013513614159999575 -0.01883351227525671 -0.0018048400432829576 0.046528746575737995 0.012758334061751763 -0.00014795440599760587 -0.02544475650996901 -0.04612816243715908 0.0010184663498925195 -0.00082610872339629251 0.0400935900184725 -0.0049019084946285846 -0.0060163438927878475
leaf_weight=866 23 21 24 37 37 39 42 57 112 2560 38 26 1791 382 1594 4142 2208 814 914 5898 36 243 85 40 23 37 9887 56 1040 533
leaf_count=866 23 21 24 37 37 39 42 57 112 2560 38 26 1791 382 1594 4142 2208 814 914 5898 36 243 85 40 23 37 9887 56 1040 533
internal_value=-4.16302e-12 0.0154089 0.00876114 -0.00227838 0.023146 0.0128912 -0.00532043 0.0313305 0.00734414 -0.000221868 -0.00291837 6.55527e-05 0.000830793 0.00344021 0.00736514 0.000503455 -0.00141982 -0.00187667 -0.00602509 5.29105e-05 0.0116024 0.0171158 0.0122433 -0.0117041 -0.0215438 -0.0140046 -0.000910949 0.002681 -0.00121403 -0.00232823
internal_weight=33605 477 456 258 198 161 81 80 221 33128 3191 29937 19758 7909 3385 4524 10179 9834 3122 6712 345 279 197 66 98 75 11849 922 10927 3093
internal_count=33605 477 456 258 198 161 81 80 221 33128 3191 29937 19758 7909 3385 4524 10179 9834 3122 6712 345 279 197 66 98 75 11849 922 10927 3093
is_linear=0
shrinkage=0.03


Tree=171
num_leaves=29
num_cat=0
split_feature=4 25 23 25 1 5 24 22 22 5 22 22 22 21 22 5 4 25 25 5 22 2 2 5 2 15 2 5
split_gain=110.763 1074.28 34.7869 50.7992 47.6482 55.9812 57.3094 63.7787 35.9098 35.1454 97.609 218.505 174.534 30.1321 42.5744 66.4179 30.5792 21.7569 19.7322 14.0936 13.8558 13.5058 12.6855 12.4887 15.0471 12.4715 3.11959 2.60537
threshold=37.110000000000007 -2.006370967741935 3.5000000000000004 8.5840322580645196 24.495000000000001 0.83805000000000007 1.5000000000000002 144.50000000000003 196.50000000000003 0.64175000000000015 140.50000000000003 96.500000000000014 154.50000000000003 11.500000000000002 262.50000000000006 0.34595000000000004 31.385000000000002 1.7651881720430111 -0.18795161290322573 0.79420000000000013 158.50000000000003 29.185000000000006 28.095000000000002 0.78565000000000007 26.365000000000006 0.03500000000000001 26.195000000000004 0.46925000000000006
decision_type=2 2 2 2 2 2 2 2 2 2 2 2 2 2 2 2 2 2 2 2 2 2 2 2 2 2 2 2
left_child=2 -2 4 9 13 18 21 -8 -5 17 11 -11 -12 14 16 -16 -1 25 22 27 -20 -7 -6 26 -25 -4 -15 -3
right_child=1 19 3 8 5 6 7 -9 -10 10 12 -13 -14 23 15 -17 -18 -19 20 -21 -22 -23 -24 24 -26 -27 -28 -29
leaf_value=0.0010296667680680285 0.22305961804730551 -0.001642373576760292 0.00066445938177560305 0.061704546287655829 0.020851078731939195 -0.01029519997537136 -0.0030012656360599342 -0.015476127071267465 0.0062249699660709926 -0.0012413548297269697 -0.037765957562548809 0.022775864357217436 0.0014957599564387118 -0.0092115802969783538 -0.00053033855241356475 0.014710478263428984 -0.015730649500479921 0.030561684896903377 -0.016527648170971694 -0.031418986403150481 -0.0044516474130575166 0.012813714935400136 -0.00098590141116699061 0.0085444876713597264 -0.01858484020507287 -0.0015816993691754187 -0.002113396513600829 -0.014938728883862494
leaf_weight=4832 21 36 7472 21 24 27 753 723 21 743 107 630 2139 60 495 536 100 21 102 32 529 145 9950 23 92 3168 782 21
leaf_count=4832 21 36 7472 21 24 27 753 723 21 743 107 630 2139 60 495 536 100 21 102 32 529 145 9950 23 92 3168 782 21
internal_value=1.92404e-12 0.0300546 -9.87015e-05 0.00101992 -0.000934297 -0.00205821 -0.00720217 -0.00911192 0.0339648 0.000923022 0.00347746 0.00977893 -0.000374678 0.00105577 0.00184883 0.00739311 0.000689839 5.58871e-05 -0.00125884 -0.0154859 -0.00640371 0.00918615 -0.000933356 -0.00388574 -0.013159 -4.32172e-06 -0.00261921 -0.00654103
internal_weight=33605 110 33495 14322 19173 12253 1648 1476 42 14280 3619 1373 2246 6920 5963 1031 4932 10661 10605 89 631 172 9974 957 115 10640 842 57
internal_count=33605 110 33495 14322 19173 12253 1648 1476 42 14280 3619 1373 2246 6920 5963 1031 4932 10661 10605 89 631 172 9974 957 115 10640 842 57
is_linear=0
shrinkage=0.03


Tree=172
num_leaves=31
num_cat=0
split_feature=0 1 25 0 17 26 23 1 9 4 5 4 1 23 4 21 0 5 21 1 21 0 1 26 7 2 6 18 4 5
split_gain=123.904 466.921 309.362 52.6566 53.1121 51.3839 57.4775 48.3575 108.067 84.5794 48.4957 40.1924 31.8958 26.3856 58.954 25.3183 23.2956 21.1813 91.3755 79.6418 123.638 74.3302 53.7476 80.8022 42.3874 63.6009 42.323 41.5634 35.1348 18.5324
threshold=55.510000000000005 24.555000000000003 2.5754838709677421 10.785000000000002 44.500000000000007 -0.22272580645161286 1.5000000000000002 26.695000000000004 5.1500000000000012 21.995000000000001 0.90700000000000014 10.465000000000002 25.695000000000004 4.5000000000000009 18.385000000000002 6.5000000000000009 26.785000000000004 0.86740000000000006 6.5000000000000009 29.955000000000002 3.5000000000000004 4.455000000000001 24.745000000000001 0.17703225806451614 78.197250000000011 30.885000000000002 16.639450000000004 31.000000000000004 34.120000000000012 0.74315000000000009
decision_type=2 2 2 2 2 2 2 2 2 2 2 2 2 2 2 2 2 2 2 2 2 2 2 2 2 2 2 2 2 2
left_child=3 2 -2 17 7 13 12 10 9 -9 16 -12 -7 14 -6 -8 -5 21 19 20 -19 29 27 -24 28 -26 -21 -20 -23 -1
right_child=1 -3 -4 4 5 6 15 8 -10 -11 11 -13 -14 -15 -16 -17 -18 18 22 26 -22 24 23 -25 25 -27 -28 -29 -30 -31
leaf_value=-0.00033812250955016118 -0.090881212764804292 0.16279470187425613 0.04997161457935969 0.015333060076058565 0.037503062726929784 -0.0035210901024666699 0.024048344743178161 -0.013085258003463218 -0.06675447816459032 0.018621261957520192 0.01893243173880195 0.00047671181500671001 -0.044669243342110088 0.050428529512640589 -0.014003547071712091 0.0069684620507442473 0.04806859286582988 -0.0040333546023388006 0.0018280329533610965 0.0078794737253338101 0.014293937190009541 0.0054509267817277277 -0.0096095210786680783 -0.037551917240266568 0.039184625837309611 0.0068627731345996656 -0.018679566639992925 -0.010941848330612814 -0.032140003800716084 -0.0056614830295274501
leaf_weight=26395 23 20 36 131 60 88 129 248 26 109 118 1062 21 37 30 198 23 646 553 72 680 827 490 115 87 148 216 392 23 602
leaf_count=26395 23 20 36 131 60 88 129 248 26 109 118 1062 21 37 30 198 23 646 553 72 680 827 490 115 87 148 216 392 23 602
internal_value=8.0858e-12 0.0375266 -0.00493711 -8.8427e-05 0.00431293 0.0123091 0.00741762 0.00169101 -0.00770507 -0.00340456 0.00438868 0.00232228 -0.0114487 0.0291018 0.0203342 0.0137064 0.0202221 -0.000409591 -0.00273659 0.00225952 0.00536526 -0.000147408 -0.00793899 -0.0149209 0.00755157 0.0188287 -0.0120398 -0.0034691 0.00443376 -0.000456827
internal_weight=33605 79 59 33526 2280 563 436 1717 383 357 1334 1180 109 127 90 327 154 31246 3164 1614 1326 28082 1550 605 1085 235 288 945 850 26997
internal_count=33605 79 59 33526 2280 563 436 1717 383 357 1334 1180 109 127 90 327 154 31246 3164 1614 1326 28082 1550 605 1085 235 288 945 850 26997
is_linear=0
shrinkage=0.03


Tree=173
num_leaves=27
num_cat=0
split_feature=0 8 25 0 25 2 3 8 19 11 3 23 0 17 26 3 5 25 25 5 0 26 0 1 25 3
split_gain=116.581 447.484 336.129 50.3866 44.5052 55.4837 55.197 46.8319 42.7851 39.8804 39.2921 27.2989 35.6707 93.1518 82.4907 69.3656 33.9728 36.3554 31.4398 28.3052 49.9632 51.9263 39.317 29.8557 20.9567 18.3247
threshold=55.510000000000005 496.50000000000006 4.2306451612903233 18.420000000000005 -2.6529838709677418 25.845000000000002 22.725000000000005 785.00000000000011 6.9500000000000011 21.000000000000004 24.065000000000001 2.5000000000000004 5.5050000000000008 44.500000000000007 -0.26020215053763435 22.625000000000004 0.86740000000000006 1.4740000000000002 -0.91839784946236547 0.86740000000000006 5.7150000000000007 0.42787096774193573 4.995000000000001 24.525000000000002 -0.18795161290322573 19.005000000000006
decision_type=2 2 2 2 2 2 2 2 2 2 2 2 2 2 2 2 2 2 2 2 2 2 2 2 2 2
left_child=3 -2 -3 11 10 6 8 9 -6 -7 -5 19 16 15 -15 -14 17 -13 -18 22 25 -22 24 -24 -1 -21
right_child=1 2 -4 4 5 7 -8 -9 -10 -11 -12 12 13 14 -16 -17 18 -19 -20 20 21 -23 23 -25 -26 -27
leaf_value=-0.00065432221826728699 0.14133657389581203 -0.10600685783794948 0.047527143521742386 -0.048976782443730729 0.010503884453851824 0.020287871136611631 -0.048224892854690553 0.049222985773214267 -0.011409270360943724 0.00099578339860520578 0.002102730159055103 5.2995676693886408e-05 -0.0041442580722314236 0.03642021237457161 0.0084922387406807746 0.007758766771887189 -0.0019311489754781017 0.022710189261997582 -0.020471583081921183 -0.001961096216691658 -0.003357354370998095 0.042060764710540356 0.022440665870505784 0.0020560127521372018 -0.0054321749561074134 -0.020730697002235642
leaf_weight=11050 25 21 33 23 234 258 20 35 122 154 33 15574 1213 112 634 692 204 64 138 60 1512 23 112 153 893 213
leaf_count=11050 25 21 33 23 234 258 20 35 122 154 33 15574 1213 112 634 692 204 64 138 60 1512 23 112 153 893 213
internal_value=4.49413e-12 0.0364008 -0.0121805 -8.57742e-05 0.00700208 0.00876295 0.000269894 0.015907 0.00299432 0.0130768 -0.0188764 -0.00027661 0.00047582 0.00369869 0.0126852 0.00017957 -5.88377e-05 0.000145722 -0.00941238 -0.00127679 -0.00477999 -0.00267682 -0.000757968 0.0106714 -0.00101157 -0.0166055
internal_weight=33605 79 54 33526 879 823 376 447 356 412 56 32647 18631 2651 746 1905 15980 15638 342 14016 1808 1535 12208 265 11943 273
internal_count=33605 79 54 33526 879 823 376 447 356 412 56 32647 18631 2651 746 1905 15980 15638 342 14016 1808 1535 12208 265 11943 273
is_linear=0
shrinkage=0.03


Tree=174
num_leaves=31
num_cat=0
split_feature=0 4 16 0 5 4 2 0 24 22 22 22 5 2 3 2 7 22 3 5 22 22 22 2 0 22 22 24 3 7
split_gain=110.538 448.162 132.358 145.838 76.724 59.8182 70.8999 33.7351 67.4997 86.47 168.434 130.463 163.431 88.909 43.1618 41.8472 61.9015 51.0607 35.0597 28.9979 81.5813 88.0615 70.7814 69.3145 64.3479 63.8339 59.8626 57.0158 48.5824 47.0906
threshold=35.95000000000001 29.775000000000002 33.500000000000007 55.510000000000005 0.92505000000000015 25.025000000000002 22.755000000000006 9.2550000000000008 3.5000000000000004 144.50000000000003 158.50000000000003 132.50000000000003 0.9799500000000001 33.675000000000004 20.355000000000004 25.845000000000002 79.153350000000017 212.50000000000003 19.055000000000003 0.86740000000000006 145.50000000000003 128.50000000000003 266.50000000000006 32.965000000000011 4.3650000000000011 314.50000000000006 218.50000000000003 1.5000000000000002 23.145000000000003 78.197250000000011
decision_type=2 2 2 2 2 2 2 2 2 2 2 2 2 2 2 2 2 2 2 2 2 2 2 2 2 2 2 2 2 2
left_child=7 2 4 -4 -2 6 -6 19 15 11 -11 13 -13 -10 -12 17 18 -9 -17 24 21 23 26 -21 -1 -24 -22 -26 -23 -29
right_child=1 -3 3 -5 5 -7 -8 8 9 10 14 12 -14 -15 -16 16 -18 -19 -20 20 22 28 25 -25 27 -27 -28 29 -30 -31
leaf_value=-0.00044291322592926436 0.071457488983869555 0.15272241924490249 0.0078747082750002546 -0.087597105640452352 -0.0058928190949170478 -0.030818630599457282 0.043097255512894617 -0.0079689482327194132 0.013007435788783359 -0.073859593492339948 -0.018129652754747483 0.10023538081810392 0.010033853421919047 -0.012977961458913412 -0.0012511934596896744 -0.01233863461189545 -0.0050504293811802822 0.015177280342119725 0.016893825679796467 0.0071100579822052168 -0.0068136951577709836 -0.0023900202881883491 0.0096077228849304544 -0.0098992474667982909 0.027265489070198021 -0.012572233654978251 -0.021847093309729372 0.0012298493310187323 0.028117914219849924 0.016760699770847955
leaf_weight=26922 24 21 36 24 46 23 63 256 279 33 172 29 48 206 658 39 164 129 694 421 626 66 311 442 111 187 385 802 163 225
leaf_count=26922 24 21 36 24 46 23 63 256 279 33 172 29 48 206 658 39 164 129 694 421 626 66 311 442 111 187 385 802 163 225
internal_value=-4.92972e-12 0.0204158 0.00755263 -0.030314 0.0221167 0.0131457 0.0224225 -0.000145005 0.0030653 -0.00142799 -0.0073916 0.00772965 0.0440059 0.00197034 -0.0047489 0.00805979 0.0116107 -0.000213459 0.0153385 -0.000428437 -0.00345873 0.00278695 -0.00797847 -0.00160154 -0.000147546 0.0012791 -0.0125386 0.00684004 0.0193252 0.00463242
internal_weight=33605 237 216 60 156 132 109 33368 2707 1425 863 562 77 485 830 1282 897 385 733 30661 2601 1092 1509 863 28060 498 1011 1138 229 1027
internal_count=33605 237 216 60 156 132 109 33368 2707 1425 863 562 77 485 830 1282 897 385 733 30661 2601 1092 1509 863 28060 498 1011 1138 229 1027
is_linear=0
shrinkage=0.03


Tree=175
num_leaves=25
num_cat=0
split_feature=0 22 7 0 4 6 3 1 25 22 0 0 25 26 22 22 2 4 0 4 22 2 2 26
split_gain=108.983 465.15 224.072 45.591 101.089 26.5057 30.1811 134.353 58.6891 50.5689 27.8007 29.9871 23.086 63.902 27.3162 26.0767 21.8741 21.3468 19.38 29.553 29.44 17.4181 9.58563 5.37983
threshold=55.510000000000005 202.50000000000003 76.966650000000016 22.875000000000004 30.165000000000003 18.920200000000005 18.855000000000004 24.455000000000002 -0.33399999999999996 145.50000000000003 16.865000000000006 15.075000000000001 4.2306451612903233 -0.25563548387096785 204.50000000000003 200.50000000000003 34.305000000000007 14.615 2.5450000000000004 19.135000000000002 220.50000000000003 27.615000000000006 25.845000000000002 -0.044623655913978516
decision_type=2 2 2 2 2 2 2 2 2 2 2 2 2 2 2 2 2 2 2 2 2 2 2 2
left_child=3 2 -2 5 12 6 10 8 -8 -9 11 -1 13 17 15 -14 -15 -5 22 21 -21 -20 -7 -24
right_child=1 -3 -4 4 -6 18 7 9 -10 -11 -12 -13 14 16 -16 -17 -18 -19 19 20 -22 -23 23 -25
leaf_value=-0.0015620642769878662 0.042040999978780746 0.1234168787766248 -0.088996146149002003 0.023069134667515756 -0.038160231698017848 0.013757573870631555 0.0097567579746086035 0.00090979010670884472 0.0021753782455019477 -0.0022415459536915807 -0.033797917175979818 0.032022140885819679 0.0020265490326442214 0.0088698972785008715 0.027462343200109898 -0.039014677019281824 0.040347107265676772 0.063356744325880343 0.010309800423681735 -0.0090451614069007331 -0.030366891612739939 -0.0052019313957181665 -0.0031451278152544128 0.00020172105153081897
leaf_weight=7980 23 32 24 20 39 36 1772 10658 1909 8040 24 24 38 369 20 22 21 29 85 250 76 279 1138 697
leaf_count=7980 23 32 24 20 39 36 1772 10658 1909 8040 24 24 38 369 20 22 21 29 85 250 76 279 1138 697
internal_value=2.17531e-13 0.0351946 -0.0248716 -8.29319e-05 0.0084206 -0.000226858 2.00084e-05 0.000586098 0.00582499 -0.000445261 -0.00155803 -0.00146136 0.0119209 0.0146219 -0.00290084 -0.0130219 0.0105648 0.0469128 -0.00315793 -0.00745533 -0.0140159 -0.00157969 -0.00157311 -0.00187387
internal_weight=33605 79 47 33526 558 32968 30407 22379 3681 18698 8028 8004 519 439 80 60 390 49 2561 690 326 364 1871 1835
internal_count=33605 79 47 33526 558 32968 30407 22379 3681 18698 8028 8004 519 439 80 60 390 49 2561 690 326 364 1871 1835
is_linear=0
shrinkage=0.03


Tree=176
num_leaves=25
num_cat=0
split_feature=0 7 22 0 4 1 3 2 0 1 3 0 22 0 22 26 26 0 5 4 5 3 0 1
split_gain=102.542 452.645 463.986 42.8966 95.1145 25.6183 112.762 96.585 175.175 49.8205 106.049 80.3119 48.1631 27.5373 23.8176 22.0139 61.1516 22.1313 21.1455 20.0852 19.8086 13.4385 37.8462 30.3874
threshold=55.510000000000005 79.153350000000017 204.50000000000003 22.875000000000004 30.165000000000003 30.735000000000003 24.595000000000002 37.315000000000005 5.3050000000000006 27.475000000000005 22.075000000000003 5.1250000000000009 145.50000000000003 8.7550000000000008 141.50000000000003 -1.0536129032258066 -0.25563548387096785 45.055000000000007 0.92055000000000009 14.615 0.97205000000000008 25.605000000000004 3.0850000000000004 31.975000000000005
decision_type=2 2 2 2 2 2 2 2 2 2 2 2 2 2 2 2 2 2 2 2 2 2 2 2
left_child=3 2 -2 5 15 6 9 12 -9 10 -1 -11 -8 21 20 17 19 -5 -18 -17 -15 22 -7 -23
right_child=1 -3 -4 4 -6 13 7 8 -10 11 -12 -13 -14 14 -16 16 18 -19 -20 -21 -22 23 -24 -25
leaf_value=-0.00064861380273096485 0.058192471344955261 0.1396778788089752 -0.12077916968952523 -0.023722758600488305 -0.037015425390922105 -0.0026792152942859424 0.012987544475774349 0.015310859337007088 0.097606282778855025 -0.0017079414668793944 0.004794305661624431 -0.013882736518132103 0.00065821358926958684 -0.025753835124012671 -0.044982086905966633 0.022377062123268843 0.026325138390186378 0.012143426053225994 0.0071724133947944687 0.061456042177943059 0.0044925635755062102 0.0058367574646498869 -0.018224966368585262 -0.0029241500743374437
leaf_weight=18989 32 25 22 30 39 1241 486 118 29 4944 3880 541 690 38 23 20 61 32 347 29 40 491 159 1299
leaf_count=18989 32 25 22 30 39 1241 486 118 29 4944 3880 541 690 38 23 20 61 32 347 29 40 491 159 1299
internal_value=-3.00993e-12 0.0341388 -0.0147219 -8.0444e-05 0.00816798 -0.000220053 5.84336e-05 0.00861933 0.031546 -0.000341019 0.000274843 -0.00290877 0.0057535 -0.00273134 -0.0181538 0.0115633 0.013839 -0.00521118 0.0100359 0.0455054 -0.0102429 -0.00224304 -0.00444477 -0.000521018
internal_weight=33605 79 54 33526 558 32968 29677 1323 147 28354 22869 5485 1176 3291 101 519 457 62 408 49 78 3190 1400 1790
internal_count=33605 79 54 33526 558 32968 29677 1323 147 28354 22869 5485 1176 3291 101 519 457 62 408 49 78 3190 1400 1790
is_linear=0
shrinkage=0.03


Tree=177
num_leaves=21
num_cat=0
split_feature=4 0 0 23 23 0 4 22 22 22 19 5 23 26 17 2 5 19 0 3
split_gain=98.9052 1033.33 56.6668 513.257 456.317 43.947 73.7432 25.0125 62.5221 78.5878 35.6453 29.8137 22.9586 67.9298 38.2824 16.8943 14.4385 7.89335 6.82486 1.80647
threshold=37.110000000000007 10.525 55.510000000000005 3.5000000000000004 2.5000000000000004 22.875000000000004 30.165000000000003 336.50000000000006 326.50000000000006 314.50000000000006 7.3500000000000005 0.81955000000000011 3.5000000000000004 -1.0031666666666663 41.000000000000007 26.365000000000006 0.78565000000000007 7.3500000000000005 1.7750000000000001 23.575000000000003
decision_type=2 2 2 2 2 2 2 2 2 2 2 2 2 2 2 2 2 2 2 2
left_child=2 16 5 4 -4 7 12 8 9 -1 -10 18 14 -14 -7 -13 17 -2 -9 -19
right_child=1 -3 3 -5 -6 6 -8 11 10 -11 -12 15 13 -15 -16 -17 -18 19 -20 -21
leaf_value=7.8256513607855238e-05 -0.023944464214146137 0.22345254331827163 0.017139286416704241 0.087722039967775334 -0.16470250881380505 0.0046347461629477216 -0.033184746441741783 -0.0013916148046286439 0.0036795873509952795 -0.0095691014197923675 0.018119988643415273 0.0099600034842098287 -0.037786595694720745 0.010444872255287714 0.027081203743960565 -0.017988194967978276 -0.036070040008899837 -0.0066449877619743341 -0.0064201462196604329 0.0050868338013866114
leaf_weight=29553 20 20 23 24 27 123 36 1398 400 780 250 22 30 212 154 169 22 27 294 21
leaf_count=29553 20 20 23 24 27 123 36 1398 400 780 250 22 30 212 154 169 22 27 294 21
internal_value=1.8762e-12 0.0284003 -9.32685e-05 -0.0263167 -0.0810553 -3.52052e-05 0.00833629 -0.000176573 2.74553e-05 -0.000169821 0.00923359 -0.00353366 0.0112164 0.00446576 0.017114 -0.014769 -0.0149447 -0.00811001 -0.00226537 -0.00151232
internal_weight=33605 110 33495 74 50 33421 555 32866 30983 30333 650 1883 519 242 277 191 90 68 1692 48
internal_count=33605 110 33495 74 50 33421 555 32866 30983 30333 650 1883 519 242 277 191 90 68 1692 48
is_linear=0
shrinkage=0.03


Tree=178
num_leaves=31
num_cat=0
split_feature=0 22 8 0 24 22 22 22 5 1 8 2 1 3 3 5 22 22 22 23 2 0 22 2 24 4 0 24 3 22
split_gain=98.3278 457.314 207.811 39.5767 61.1306 72.0929 161.604 115.858 158.39 101.004 55.2955 56.0043 44.4313 33.7001 31.2658 27.1162 77.3494 81.5454 67.2743 68.4488 64.0661 61.0475 58.9166 47.9728 45.7465 31.8484 18.0869 27.543 24.9786 17.5753
threshold=55.510000000000005 202.50000000000003 785.00000000000011 9.2550000000000008 3.5000000000000004 144.50000000000003 158.50000000000003 132.50000000000003 0.9799500000000001 28.335000000000004 368.50000000000006 25.845000000000002 25.385000000000002 19.105000000000004 22.585000000000004 0.86740000000000006 145.50000000000003 128.50000000000003 266.50000000000006 1.5000000000000002 32.965000000000011 4.995000000000001 314.50000000000006 39.025000000000013 1.5000000000000002 14.675000000000002 0.65500000000000014 3.5000000000000004 21.645000000000003 148.50000000000003
decision_type=2 2 2 2 2 2 2 2 2 2 2 2 2 2 2 2 2 2 2 2 2 2 2 2 2 2 2 2 2 2
left_child=3 2 -2 15 10 7 -7 9 -9 -6 29 14 -8 -13 -12 21 17 20 19 -18 -17 26 -20 -19 -23 -26 27 -1 -28 -5
right_child=1 -3 -4 4 5 6 12 8 -10 -11 11 13 -14 -15 -16 16 18 23 22 -21 -22 24 -24 -25 25 -27 28 -29 -30 -31
leaf_value=-0.0020438902792553459 -0.087882261218037452 0.12090587499551475 0.038310727256795636 -0.020928220436987229 0.01002245143577247 -0.071321909353137009 0.00043022770324922436 0.096984291765196559 0.0085266438096153491 -0.021108715212903917 0.003586037194986999 -0.011306867604030341 -0.014656997965186958 0.016659506538063147 -0.031638474576175211 0.0069096354253136887 -0.026238751295179188 0.02314838883769867 0.0093015828518379622 -0.0078394394431788497 -0.0094430379059041395 0.03291329977987334 -0.012006961032947435 -0.023446662710471584 0.017053782835217385 0.0016611455483021922 -0.00068163246467373519 0.00088466681083181108 0.0018765372951593539 -0.0010879699044328715
leaf_weight=9192 24 32 23 59 367 33 641 29 49 126 412 41 242 716 24 421 238 207 311 773 442 65 187 22 174 397 7990 4216 6026 126
leaf_count=9192 24 32 23 59 367 33 641 29 49 126 412 41 242 716 24 421 238 207 311 773 442 65 187 22 174 397 7990 4216 6026 126
internal_value=-9.52871e-12 0.0334299 -0.0261282 -7.87735e-05 0.00329318 -0.000925319 -0.00614066 0.00744114 0.0414147 0.00206601 0.00784536 0.0102119 -0.00370466 0.0151448 0.00164707 -0.000393853 -0.00332418 0.00275735 -0.00772513 -0.0121708 -0.00146566 -0.000122228 0.00130018 0.018672 0.00906635 0.00635172 -0.000335324 -0.00112304 0.00041822 -0.0074154
internal_weight=33605 79 47 33526 2865 1487 916 571 78 493 1378 1193 883 757 436 30661 2601 1092 1509 1011 863 28060 498 229 636 571 27424 13408 14016 185
internal_count=33605 79 47 33526 2865 1487 916 571 78 493 1378 1193 883 757 436 30661 2601 1092 1509 1011 863 28060 498 229 636 571 27424 13408 14016 185
is_linear=0
shrinkage=0.03


Tree=179
num_leaves=31
num_cat=0
split_feature=0 7 22 0 24 22 22 22 1 1 7 22 1 1 25 5 22 22 1 24 0 24 18 4 1 7 5 0 4 22
split_gain=92.5166 443.358 439.941 37.2377 57.5178 67.8322 152.053 109.882 95.9101 76.3592 52.0276 47.2079 53.3881 41.8054 40.3595 25.5137 72.778 76.7261 65.7318 61.7891 57.8272 50.9179 49.7627 47.3922 45.857 43.8034 20.6895 20.0375 15.6476 13.834
threshold=55.510000000000005 79.153350000000017 204.50000000000003 9.2550000000000008 3.5000000000000004 144.50000000000003 158.50000000000003 127.50000000000001 28.335000000000004 30.015000000000004 79.153350000000017 272.50000000000006 25.205000000000002 25.385000000000002 -1.3054999999999997 0.86740000000000006 145.50000000000003 128.50000000000003 25.735000000000003 1.5000000000000002 4.3650000000000011 1.5000000000000002 31.000000000000004 13.835000000000003 26.815000000000001 78.197250000000011 0.74315000000000009 0.7350000000000001 18.015000000000004 103.50000000000001
decision_type=2 2 2 2 2 2 2 2 2 2 2 2 2 2 2 2 2 2 2 2 2 2 2 2 2 2 2 2 2 2
left_child=3 2 -2 15 10 7 -7 8 -6 -9 11 12 -5 -8 -12 20 17 24 22 -20 26 -22 -18 -19 -17 -23 27 -1 -13 -28
right_child=1 -3 -4 4 5 6 13 9 -10 -11 14 28 -14 -15 -16 16 18 23 19 -21 21 25 -24 -25 -26 -27 29 -29 -30 -31
leaf_value=-0.0010411571239634437 0.055070021655410528 0.1368778286844492 -0.11920248591087081 0.0043585689634637846 0.0086655960760158041 -0.06918225216594609 0.00041732089417113362 0.048670820905031949 -0.023028531953513218 -0.010331643028901173 0.0051731974968256857 0.021514422479085624 0.019722845262382181 -0.014217287927812104 -0.023070447735522907 0.0041136009282894612 0.001836052663276407 0.037863657177753141 0.016926501499445631 -0.020928281325725228 0.025807816677701632 0.0011376364060205538 -0.011373248641913223 0.0086819524442957284 -0.010061348240051518 0.016116598501801492 0.0011287111653019198 0.00061826862645281589 0.047207464606035497 -0.0091783564497240396
leaf_weight=14228 32 25 22 827 349 33 641 82 114 26 104 64 270 242 81 526 639 74 43 398 111 802 429 155 337 225 167 12134 32 393
leaf_count=14228 32 25 22 827 349 33 641 82 114 26 104 64 270 242 81 526 639 74 43 398 111 802 429 155 337 225 167 12134 32 393
internal_value=7.35632e-12 0.032427 -0.0159299 -7.64103e-05 0.00319438 -0.000897559 -0.00595644 0.00721791 0.000861858 0.0344665 0.00760999 0.0099055 0.00814011 -0.00359352 -0.00719294 -0.000382037 -0.00322446 0.00267463 -0.00749337 -0.0172372 -0.000118561 0.00650552 -0.00346993 0.0181118 -0.00142169 0.0044193 -0.000398563 -0.00027735 0.0300788 -0.00610464
internal_weight=33605 79 54 33526 2865 1487 916 571 463 108 1378 1193 1097 883 185 30661 2601 1092 1509 441 28060 1138 1068 229 863 1027 26922 26362 96 560
internal_count=33605 79 54 33526 2865 1487 916 571 463 108 1378 1193 1097 883 185 30661 2601 1092 1509 441 28060 1138 1068 229 863 1027 26922 26362 96 560
is_linear=0
shrinkage=0.03


Tree=180
num_leaves=19
num_cat=0
split_feature=4 26 0 25 0 4 5 1 3 21 3 5 1 1 25 26 4 16
split_gain=90.8679 973.386 60.1816 377.263 39.6982 69.1755 30.3831 24.4877 113.885 157.722 40.6577 99.5089 74.784 36.1573 19.687 54.2408 26.097 3.47353
threshold=37.110000000000007 -0.10503225806451603 55.510000000000005 2.5754838709677421 22.875000000000004 30.165000000000003 0.79420000000000013 28.545000000000005 23.535000000000004 6.5000000000000009 24.595000000000002 0.73155000000000014 30.805000000000003 26.055000000000003 4.2306451612903233 -0.25563548387096785 21.465000000000003 41.000000000000007
decision_type=2 2 2 2 2 2 2 2 2 2 2 2 2 2 2 2 2 2
left_child=2 -2 4 -4 7 14 17 8 13 -10 11 -9 -12 -1 15 -6 -16 -3
right_child=1 6 3 -5 5 -7 -8 10 9 -11 12 -13 -14 -15 16 -17 -18 -19
leaf_value=0.00047977367509221847 0.21094033518007821 -0.013621483233112556 -0.093044470534905013 0.042479571551084519 0.042960632853970233 -0.032287587088843189 -0.044172843454778191 -0.0020644779910190601 0.019585551228816948 -0.00035995063619194829 0.0073667775834200637 -0.017058784889635765 -0.0021844357529888568 -0.002152853288468504 0.0099499041609027797 0.0094728627241521066 -0.025693383295217462 0.00060896508089315735
leaf_weight=17742 21 26 38 36 49 36 25 3249 639 808 1038 454 2551 6385 51 390 29 38
leaf_count=17742 21 26 38 36 49 36 25 3249 639 808 1038 454 2551 6385 51 390 29 38
internal_value=-8.88458e-12 0.0272219 -8.93987e-05 -0.0271139 -2.95617e-05 0.00792698 -0.0161274 -0.000163922 0.000273344 0.00844805 -0.00169747 -0.00390283 0.000577938 -0.000216928 0.0107164 0.0132107 -0.00297079 -0.00517215
internal_weight=33605 110 33495 74 33421 555 89 32866 25574 1447 7292 3703 3589 24127 519 439 80 64
internal_count=33605 110 33495 74 33421 555 89 32866 25574 1447 7292 3703 3589 24127 519 439 80 64
is_linear=0
shrinkage=0.03


Tree=181
num_leaves=29
num_cat=0
split_feature=4 9 23 25 1 22 22 5 5 9 5 25 22 22 22 22 5 16 22 19 5 22 22 5 22 5 18 2
split_gain=85.4977 951.196 30.4072 42.3292 40.0062 52.8937 67.18 96.0086 65.6083 150.23 61.8489 35.2831 34.1828 30.0274 52.0354 40.8897 70.985 42.8493 39.487 36.6019 26.4471 24.199 197.83 40.5927 9.64749 6.40122 6.43355 1.17639
threshold=37.110000000000007 1.6500000000000001 3.5000000000000004 8.5840322580645196 25.145000000000003 144.50000000000003 127.50000000000001 0.61465000000000014 0.81955000000000011 1.8500000000000003 0.89045000000000007 -3.5187231182795702 196.50000000000003 278.50000000000006 270.50000000000006 300.50000000000006 0.5727000000000001 25.500000000000004 96.500000000000014 6.9500000000000011 0.78565000000000007 316.50000000000006 308.50000000000006 0.86740000000000006 172.50000000000003 0.81955000000000011 32.500000000000007 29.185000000000006
decision_type=2 2 2 2 2 2 2 2 2 2 2 2 2 2 2 2 2 2 2 2 2 2 2 2 2 2 2 2
left_child=2 -2 4 13 11 6 10 -8 24 -10 -6 20 -5 14 18 16 -15 -17 -4 -16 -1 22 -13 -23 -7 26 -3 -28
right_child=1 25 3 12 5 8 7 -9 9 -11 -12 21 -14 15 19 17 -18 -19 -20 -21 -22 23 -24 -25 -26 -27 27 -29
leaf_value=-0.0053373943869438438 0.2135450154421851 -0.024189953874796631 -0.00068882487676307142 0.058096791676112577 -0.0010441212464825467 -0.0054779114224062335 0.00041832819716561005 0.018218481394879974 -0.0012623272870107519 -0.030067443940961891 -0.013174701554945233 0.00077259418080794515 0.0039677281039101741 -0.0042026071092379205 0.033332047111913565 0.015815472521062475 -0.031038056376548308 -0.0011587632272349482 0.0028370430622892875 0.0065730426132095928 -0.050226300623533983 -0.0010962377684200283 0.03354325905381976 -0.018605490499767115 -0.001980686238637985 -0.027734015526679843 0.0017044303603470324 -0.0081470636650919914
leaf_weight=27 20 20 5196 21 5036 1045 941 384 386 282 409 6698 21 544 75 145 106 1740 6355 119 21 1430 170 130 2214 26 20 24
leaf_count=27 20 20 5196 21 5036 1045 941 384 386 282 409 6698 21 544 75 145 106 1740 6355 119 21 1430 170 130 2214 26 20 24
internal_value=8.16898e-12 0.0264052 -8.67167e-05 0.000959117 -0.000867942 -0.00208779 -0.000481108 0.00557701 -0.00485764 -0.0134226 -0.00195531 0.000671542 0.0310323 0.000870666 0.00150978 -0.00209044 -0.00857885 0.000146947 0.001251 0.016918 -0.0249763 0.000817615 0.00158375 -0.00255534 -0.00310207 -0.0151814 -0.0100819 -0.00366911
internal_weight=33605 110 33495 14322 19173 10697 6770 1325 3927 668 5445 8476 42 14280 11745 2535 650 1885 11551 194 48 8428 6868 1560 3259 90 64 44
internal_count=33605 110 33495 14322 19173 10697 6770 1325 3927 668 5445 8476 42 14280 11745 2535 650 1885 11551 194 48 8428 6868 1560 3259 90 64 44
is_linear=0
shrinkage=0.03


Tree=182
num_leaves=27
num_cat=0
split_feature=0 22 8 0 4 22 22 22 22 23 5 22 22 10 4 1 0 4 2 5 0 25 2 0 0 1
split_gain=86.4616 437.029 190.686 33.7725 54.6708 51.0886 76.9733 89.6252 34.4972 37.6303 32.0139 61.7709 64.4782 62.2673 62.0331 55.2924 39.5991 64.5383 63.3833 50.2878 31.108 28.3063 27.5931 26.7564 23.1883 21.8011
threshold=55.510000000000005 202.50000000000003 785.00000000000011 8.4250000000000025 34.120000000000012 314.50000000000006 306.50000000000006 290.50000000000006 326.50000000000006 1.5000000000000002 0.92505000000000015 142.50000000000003 128.50000000000003 100.00000000000001 15.225000000000003 25.735000000000003 5.4050000000000011 33.175000000000004 31.905000000000005 0.86740000000000006 13.655000000000003 -0.92615053763440847 35.235000000000007 7.9050000000000011 4.3650000000000011 24.785000000000004
decision_type=2 2 2 2 2 2 2 2 2 2 2 2 2 2 2 2 2 2 2 2 2 2 2 2 2 2
left_child=3 2 -2 10 5 6 7 -5 -7 -10 16 12 22 23 -14 -15 19 18 -18 24 -6 -21 -12 -13 -1 -8
right_child=1 -3 -4 4 20 8 25 -9 9 -11 11 13 14 15 -16 -17 17 -19 -20 21 -22 -23 -24 -25 -26 -27
leaf_value=-0.00038294453020184171 -0.08602915901690722 0.11686177731491625 0.034852432025515516 0.0040178561383444125 -0.0016650671190742788 -0.044392663614832732 0.049494705891929475 -0.042347371937510994 -0.032964299004524945 0.0053303055713574089 0.0028283177416403298 0.011515399605612939 0.054609019676080117 -0.0088904313280691975 0.0053292769646005973 -0.028498171932047848 0.013550280703031509 -0.044748030481013383 -0.0030295195272833689 -0.0051549927269471758 -0.043681058585643764 -0.023930944893254796 -0.014175783711700484 -0.024039656850932671 0.0050613430077963628 0.014777753651142119
leaf_weight=26922 24 32 23 2984 29 28 41 38 34 72 323 142 39 514 56 173 548 22 334 184 35 119 117 22 723 27
leaf_count=26922 24 32 23 2984 29 28 41 38 34 72 323 142 39 514 56 173 548 22 334 184 35 119 117 22 723 27
internal_value=1.95043e-12 0.0313479 -0.0268743 -7.38675e-05 0.00281364 0.00335867 0.0041451 0.00343484 -0.0147761 -0.00695287 -0.000387847 -0.00484154 0.00314611 -0.00986316 0.0255599 -0.013828 -0.000173899 0.00600579 0.00727176 -0.000373786 -0.0246426 -0.012529 -0.00169323 0.00674582 -0.00024056 0.03571
internal_weight=33605 79 47 33526 3288 3224 3090 3022 134 106 30238 1386 535 851 95 687 28852 904 882 27948 64 303 440 164 27645 68
internal_count=33605 79 47 33526 3288 3224 3090 3022 134 106 30238 1386 535 851 95 687 28852 904 882 27948 64 303 440 164 27645 68
is_linear=0
shrinkage=0.03


Tree=183
num_leaves=26
num_cat=0
split_feature=0 7 22 0 4 7 0 26 4 22 5 5 25 22 0 25 0 7 5 1 25 26 22 25 25
split_gain=81.3517 435.618 423.067 32.2252 82.0054 24.4326 40.6978 101.2 92.9845 66.2007 55.5081 31.7397 33.5543 45.1088 29.1775 27.9994 23.2813 20.7483 33.6109 29.7251 25.5861 42.2879 25.5338 19.954 17.3016
threshold=55.510000000000005 79.153350000000017 204.50000000000003 22.875000000000004 31.845000000000002 74.47975000000001 5.4050000000000011 -0.25563548387096785 17.145000000000003 314.50000000000006 0.86035000000000006 0.89045000000000007 1.7651881720430111 145.50000000000003 12.585000000000003 -0.82566666666666655 2.2650000000000001 79.153350000000017 0.9547500000000001 26.115000000000006 4.2306451612903233 -0.25563548387096785 204.50000000000003 0.32177419354838693 4.2306451612903233
decision_type=2 2 2 2 2 2 2 2 2 2 2 2 2 2 2 2 2 2 2 2 2 2 2 2 2
left_child=3 2 -2 5 17 11 10 8 -8 -9 16 14 13 -13 23 -12 -7 20 -19 -20 21 -5 -22 -1 -14
right_child=1 -3 -4 4 -6 6 7 9 -10 -11 15 12 24 -15 -16 -17 -18 18 19 -21 22 -23 -24 -25 -26
leaf_value=-0.0010476606401434202 0.052099525602534412 0.13394257830977441 -0.11879821688614108 0.041417053980486736 -0.049689519886266097 -0.00043790904861796019 0.038380512459829014 0.0030758752647880028 0.0024469508292017184 -0.014409979795956311 -0.005301867336381585 0.00016431416729060204 0.010463872827108828 -0.01224466273107485 0.030973563744471622 -0.022196622891917026 0.0022912523833549569 0.027988657922200535 -0.043674880074603219 -0.0010145338936423769 -0.013031168974936008 0.01145166497986028 0.026109954665182157 0.0097447594377407971 -0.0087437893071308209
leaf_weight=8591 32 25 22 49 22 15684 137 2881 123 209 239 414 155 726 26 140 3428 23 21 49 60 314 20 157 58
leaf_count=8591 32 25 22 49 22 15684 137 2881 123 209 239 414 155 726 26 140 3428 23 21 49 60 314 20 157 58
internal_value=-3.13191e-12 0.0304074 -0.0175255 -7.16515e-05 0.00707755 -0.000192655 0.000351149 0.00340568 0.0213812 0.00189318 -0.000173846 -0.00141918 -0.00569611 -0.00773824 -0.000759655 -0.0115427 5.16036e-05 0.00940754 -0.00347468 -0.0138126 0.0121119 0.0154966 -0.00324589 -0.00085397 0.00523362
internal_weight=33605 79 54 33526 558 32968 22841 3350 260 3090 19491 10127 1353 1140 8774 379 19112 536 93 70 443 363 80 8748 213
internal_count=33605 79 54 33526 558 32968 22841 3350 260 3090 19491 10127 1353 1140 8774 379 19112 536 93 70 443 363 80 8748 213
is_linear=0
shrinkage=0.03


Tree=184
num_leaves=21
num_cat=0
split_feature=4 7 0 23 23 0 4 23 1 1 1 22 0 22 0 5 0 0 2 18
split_gain=80.1786 920.633 63.4672 466.276 412.104 34.0853 80.7568 34.2722 82.6837 46.2629 23.7659 28.1865 85.0468 47.6546 26.3401 11.593 8.47438 5.78572 4.16237 4.58588
threshold=37.110000000000007 76.966650000000016 55.510000000000005 3.5000000000000004 2.5000000000000004 26.785000000000004 30.165000000000003 3.5000000000000004 22.895000000000003 23.165000000000003 31.665000000000003 190.50000000000003 6.3250000000000011 192.50000000000003 4.8250000000000011 0.79420000000000013 11.705000000000002 1.7450000000000003 29.015000000000004 33.500000000000007
decision_type=2 2 2 2 2 2 2 2 2 2 2 2 2 2 2 2 2 2 2 2
left_child=2 15 5 4 -4 10 7 9 -9 -7 11 12 -1 -13 17 18 -16 -12 -2 -20
right_child=1 -3 3 -5 -6 6 -8 8 -10 -11 14 13 -14 -15 16 -17 -18 -19 19 -21
leaf_value=0.0001020920684387486 0.0017350953849761381 0.20967937928438188 0.013306783116625054 0.080857873558998108 -0.15950125508838231 0.035187358277896416 -0.043446799993515015 -0.023529507333774173 0.018602416317194833 0.0056253560153501376 -0.0013498827064727895 -0.019196121835508027 0.0066599684247192984 -0.00092434853732271721 -0.01170490495257788 -0.032235129028558733 -0.031540984877131195 -0.0055498113165745825 -0.024490948475897313 -0.0044185304515329859
leaf_weight=18009 23 20 23 24 27 100 25 67 112 91 1476 130 1975 10882 163 26 22 369 20 21
leaf_count=18009 23 20 23 24 27 100 25 67 112 91 1476 130 1975 10882 163 26 22 369 20 21
internal_value=-2.39672e-12 0.0255707 -8.39759e-05 -0.0278363 -0.0800096 -2.25273e-05 0.00873789 0.0122639 0.00283237 0.0211028 -0.000127304 7.86475e-05 0.000750201 -0.00114005 -0.00327197 -0.0153424 -0.0140638 -0.00218987 -0.0084797 -0.01421
internal_weight=33605 110 33495 74 50 33421 395 370 179 191 33026 30996 19984 11012 2030 90 185 1845 64 41
internal_count=33605 110 33495 74 50 33421 395 370 179 191 33026 30996 19984 11012 2030 90 185 1845 64 41
is_linear=0
shrinkage=0.03


Tree=185
num_leaves=24
num_cat=0
split_feature=0 22 7 4 0 0 3 2 22 25 0 25 2 3 25 2 0 22 7 25 4 16 0
split_gain=78.5504 429.612 177.096 29.3259 48.2364 46.9299 24.4262 49.0063 49.7563 46.0614 25.2844 20.1313 20.0827 34.6425 28.5833 26.663 12.2697 28.9657 19.4507 9.1898 7.90763 5.57401 3.85618
threshold=55.510000000000005 202.50000000000003 76.966650000000016 34.120000000000012 13.655000000000003 22.875000000000004 17.395000000000003 29.525000000000002 145.50000000000003 -0.67306451612903218 4.535000000000001 -1.2778225806451611 34.305000000000007 22.785000000000004 4.2306451612903233 27.465000000000003 3.4450000000000007 208.50000000000003 75.202200000000019 -0.11772043010752689 37.110000000000007 41.000000000000007 1.155
decision_type=2 2 2 2 2 2 2 2 2 2 2 2 2 2 2 2 2 2 2 2 2 2 2
left_child=3 2 -2 5 16 6 10 9 -9 -8 19 -12 13 14 -7 -15 20 18 -18 -1 22 -22 -5
right_child=1 -3 -4 4 -6 12 7 8 -10 -11 11 -13 -14 15 -16 -17 17 -19 -20 -21 21 -23 -24
leaf_value=-0.0012518254371102974 0.031639773301456287 0.11466447721235454 -0.084854603489511654 -0.00096456519328057765 -0.04233008091790335 0.015969914707293698 0.006226013131289892 0.00066317130407834166 -0.0023240258952946032 0.0006583327512184263 -0.0060686770037640461 -0.023605522822750649 0.037514476025743142 -0.032497238160835371 -0.004192624571202677 0.0010994154556654393 -0.01380212385708896 -0.036564309466630217 0.022586658764630556 -0.018804028191500236 -0.021997819851067933 -0.0027271257750024753 0.0092782393768429741
leaf_weight=4718 23 32 24 83 35 318 2102 13767 7897 3676 403 69 21 27 79 100 39 33 20 27 22 35 55
leaf_count=4718 23 32 24 83 35 318 2102 13767 7897 3676 403 69 21 27 79 100 39 33 20 27 22 35 55
internal_value=-2.98981e-12 0.0298793 -0.0278467 -7.04071e-05 -0.00908038 1.69683e-05 -0.000128728 0.000228998 -0.000425727 0.00268382 -0.0020104 -0.00863233 0.00874777 0.00759491 0.0119577 -0.00604318 -0.00502554 -0.0140562 -0.00146694 -0.0013517 -0.000764909 -0.0101649 0.00311771
internal_weight=33605 79 47 33526 322 33204 32659 27442 21664 5778 5217 472 545 524 397 127 287 92 59 4745 195 57 138
internal_count=33605 79 47 33526 322 33204 32659 27442 21664 5778 5217 472 545 524 397 127 287 92 59 4745 195 57 138
is_linear=0
shrinkage=0.03


Tree=186
num_leaves=21
num_cat=0
split_feature=4 0 0 23 23 0 4 23 26 3 6 3 2 5 22 5 0 5 19 3
split_gain=77.3999 888.775 62.9692 435.143 383.153 30.3986 75.5932 32.365 69.5336 37.5054 23.737 29.8519 61.6675 25.147 31.7788 24.9077 21.6137 11.8518 7.77357 2.02171
threshold=37.110000000000007 10.525 55.510000000000005 3.5000000000000004 2.5000000000000004 26.785000000000004 30.165000000000003 3.5000000000000004 -0.9956247311827956 22.015000000000004 18.920200000000005 19.435000000000006 33.125000000000007 0.8852000000000001 182.50000000000003 0.91685000000000005 6.5750000000000011 0.78565000000000007 7.3500000000000005 23.575000000000003
decision_type=2 2 2 2 2 2 2 2 2 2 2 2 2 2 2 2 2 2 2 2
left_child=2 17 5 4 -4 10 7 9 -9 -7 11 15 -13 16 -15 -1 -12 18 -2 -20
right_child=1 -3 3 -5 -6 6 -8 8 -10 -11 13 12 -14 14 -16 -17 -18 -19 19 -21
leaf_value=-0.00084063715596537948 -0.024596846692613326 0.20601884794235228 0.011851787042358647 0.077277005724608896 -0.15477577070188192 0.032411602012311608 -0.042237004601955411 -0.039172248773276803 0.010887819458167976 0.0057179202210029655 -0.0020746407816953716 0.0024231350656550034 -0.00084443668583760356 -0.000248440082799247 -0.019411347711073428 -0.0067319328678341062 0.02780780844898386 -0.034215008780698879 -0.0077653967175218786 0.0046456775171515923
leaf_weight=8970 20 20 23 24 27 104 25 30 149 87 2220 10169 10634 141 174 696 22 22 27 21
leaf_count=8970 20 20 23 24 27 104 25 30 149 87 2220 10169 10634 141 174 696 22 22 27 21
internal_value=-3.99384e-12 0.0251237 -8.25079e-05 -0.0277258 -0.0781271 -2.13009e-05 0.00825179 0.0116632 0.00249786 0.0202527 -0.000120249 0.000112743 0.00075283 -0.00289657 -0.0108337 -0.00126484 -0.00178141 -0.0150753 -0.00888299 -0.00233555
internal_weight=33605 110 33495 74 50 33421 395 370 179 191 33026 30469 20803 2557 315 9666 2242 90 68 48
internal_count=33605 110 33495 74 50 33421 395 370 179 191 33026 30469 20803 2557 315 9666 2242 90 68 48
is_linear=0
shrinkage=0.03


Tree=187
num_leaves=31
num_cat=0
split_feature=2 3 3 25 2 22 5 6 3 22 22 5 2 3 5 22 7 23 22 22 6 25 5 5 13 2 22 2 26 2
split_gain=38.6328 678.252 39.7034 112.768 119.377 69.2985 62.693 68.6135 39.0246 35.4987 102.504 212.021 72.0594 65.9525 39.1641 79.054 161.082 91.3134 86.8168 75.8649 64.5268 39.0375 38.7129 30.7412 24.0096 39.4931 22.3495 262.628 21.9768 20.6406
threshold=28.035000000000004 24.155000000000005 17.525000000000002 -1.0910384833050364 24.835000000000004 336.50000000000006 0.9759500000000001 18.920200000000005 22.665000000000003 145.50000000000003 127.50000000000001 0.61465000000000014 38.925000000000004 25.605000000000004 0.81955000000000011 158.50000000000003 73.984100000000012 1.5000000000000002 266.50000000000006 188.50000000000003 15.881350000000001 -0.074510752688171922 0.42525000000000007 0.91685000000000005 0.090000000000000011 35.915000000000006 94.500000000000014 32.605000000000011 0.30208817204301103 31.405000000000005
decision_type=2 2 2 2 2 2 2 2 2 2 2 2 2 2 2 2 2 2 2 2 2 2 2 2 2 2 2 2 2 2
left_child=1 2 23 4 -4 -6 8 -8 -5 10 21 24 13 -13 28 16 -16 18 -17 -19 -18 26 -23 -1 25 -12 -2 -28 29 -11
right_child=9 -3 3 6 5 -7 7 -9 -10 14 11 12 -14 -15 15 17 20 19 -20 -21 -22 22 -24 -25 -26 -27 27 -29 -30 -31
leaf_value=-0.0015271416997522202 -0.0010462921638972281 0.17688594517484305 0.080987593996524804 0.0029118897777066482 0.02198132922281686 -0.0033759336530166709 -0.0028792512737276167 -0.032578898069460863 0.018262966274697746 0.00096444364862874853 0.01448260894730421 0.019049277093295673 -0.0078781744387823264 0.046810890642528455 -0.10344106807240418 -0.028741028800099856 0.025550183281302451 0.013728976974753957 -0.0025880508252431626 -0.0035074777466189287 -0.025219380910333135 -0.0084240607634939735 -0.058257679626345628 -0.020038535051561633 -0.0047522196178505166 -0.00016834844268637198 0.023759090715068411 -0.0010114569808232724 -0.0052813728648261468 -0.0020691172155735643
leaf_weight=1122 11287 20 25 1863 293 145 771 77 162 4535 210 572 77 89 21 226 29 285 231 1187 101 47 20 87 580 783 429 3775 918 3638
leaf_count=1122 11287 20 25 1863 293 145 771 77 162 4535 210 572 77 89 21 226 29 285 231 1187 101 47 20 87 580 783 429 3775 918 3638
internal_value=1.96718e-12 0.00256552 0.00179843 0.00348642 0.0172262 0.0135868 0.00127218 -0.00557604 0.00413998 -0.000403292 0.000426034 0.0063215 0.0195877 0.0227872 -0.00172987 -0.00544346 -0.0263474 -0.00380712 -0.0155215 -0.000170257 -0.0138939 -0.000449684 -0.0232998 -0.00285923 9.74213e-05 0.00293004 -0.000350855 0.00151627 -0.000880211 -0.000385868
internal_weight=33605 4565 4545 3336 463 438 2873 848 2025 29040 17869 2311 738 661 11171 2080 151 1929 457 1472 130 15558 67 1209 1573 993 15491 4204 9091 8173
internal_count=33605 4565 4545 3336 463 438 2873 848 2025 29040 17869 2311 738 661 11171 2080 151 1929 457 1472 130 15558 67 1209 1573 993 15491 4204 9091 8173
is_linear=0
shrinkage=0.03


Tree=188
num_leaves=25
num_cat=0
split_feature=0 8 22 4 0 0 15 2 5 22 0 26 5 8 5 2 2 22 2 5 22 2 5 4
split_gain=72.8293 412.912 393.396 28.6492 49.8443 41.3377 21.9853 32.9666 78.0619 53.4398 30.759 60.2435 50.1434 18.9833 31.3986 26.9383 24.5174 43.902 36.4749 14.3946 28.01 20.2527 8.4447 2.97125
threshold=55.510000000000005 496.50000000000006 204.50000000000003 34.120000000000012 13.655000000000003 22.875000000000004 0.03500000000000001 33.725000000000001 0.81085000000000007 194.50000000000003 6.8050000000000006 -0.25563548387096785 0.92055000000000009 368.50000000000006 0.9547500000000001 30.185000000000006 25.405000000000005 204.50000000000003 28.095000000000002 0.5968500000000001 208.50000000000003 29.395000000000003 0.38585000000000008 37.110000000000007
decision_type=2 2 2 2 2 2 2 2 2 2 2 2 2 2 2 2 2 2 2 2 2 2 2 2
left_child=3 -2 -3 5 19 6 10 9 -9 -8 12 -12 -1 14 -7 -16 17 -15 -18 22 21 -21 23 -5
right_child=1 2 -4 4 -6 13 7 8 -10 -11 11 -13 -14 16 15 -17 18 -19 -20 20 -22 -23 -24 -25
leaf_value=0.00026965718502596641 0.1295713432945311 0.049242771277204153 -0.11555322838100519 -0.0003559748429602178 -0.042772521947111404 0.026279467880401922 0.0020235921396979475 -0.0024141803464018557 -0.019362355693096214 -0.0031409326307687822 0.01910340267624976 0.002155924174724383 -0.0090046465349105462 -0.0040719401231583425 -0.041612174934284249 -0.0015233639121288434 0.034190893725579374 0.023877973516161242 0.008444787080632522 0.015995914511382579 -0.035565362851534568 -0.016120659955019174 0.012713184580206871 -0.010105015654833271
leaf_weight=19748 25 32 22 101 35 23 4108 2427 272 3214 207 2144 539 170 22 48 80 72 130 30 35 43 39 39
leaf_count=19748 25 32 22 101 35 23 4108 2427 272 3214 207 2144 539 170 22 48 80 72 130 30 35 43 39 39
internal_value=-8.83469e-13 0.0287706 -0.0178963 -6.77946e-05 -0.0089732 1.85668e-05 -0.000118173 -0.00128808 -0.00412218 -0.000243382 0.000399699 0.00364811 2.32506e-05 0.00821269 -0.00413077 -0.0141227 0.0107524 0.00424374 0.0182528 -0.00485134 -0.0135009 -0.00292207 0.000367403 -0.00307178
internal_weight=33605 79 54 33526 322 33204 32659 10021 2699 7322 22638 2351 20287 545 93 70 452 242 210 287 108 73 179 140
internal_count=33605 79 54 33526 322 33204 32659 10021 2699 7322 22638 2351 20287 545 93 70 452 242 210 287 108 73 179 140
is_linear=0
shrinkage=0.03


Tree=189
num_leaves=19
num_cat=0
split_feature=4 26 0 12 2 0 4 3 22 1 3 22 26 0 22 0 0 0
split_gain=73.0684 847.96 63.6568 298.548 337.229 26.8714 57.8153 36.4396 34.0341 21.1442 99.8033 136.98 48.8241 33.2617 24.8936 18.2154 3.19907 0.966087
threshold=37.110000000000007 -0.10503225806451603 55.510000000000005 0.71000000000000008 22.755000000000006 13.655000000000003 34.120000000000012 25.775000000000002 320.50000000000006 28.545000000000005 23.535000000000004 180.50000000000003 0.42787096774193573 12.320000000000002 145.50000000000003 5.0550000000000006 2.5450000000000004 0.63500000000000012
decision_type=2 2 2 2 2 2 2 2 2 2 2 2 2 2 2 2 2 2
left_child=2 -2 5 4 -4 9 7 8 -7 10 12 -12 -1 14 -11 16 17 -3
right_child=1 15 3 -5 -6 6 -8 -9 -10 13 11 -13 -14 -15 -16 -17 -18 -19
leaf_value=-0.00031426561552537783 0.19588439547589845 -0.0068667242112569514 -0.058631286025047302 -0.10510859594547323 0.10397821556438099 0.0045361127155642816 -0.0423166598379612 0.037918957811699988 -0.032246609952138815 -0.00053801110456933639 0.018907704108796757 -0.00039714022010921079 0.026560276881715313 -0.029264875284234923 -0.0047899667475690393 -0.037176129158872827 -0.016245809061371762 0.0024578566029667855
leaf_weight=23298 21 20 24 28 22 1445 24 29 23 5568 595 745 61 39 1594 26 23 20
leaf_count=23298 21 20 24 28 22 1445 24 29 23 5568 595 745 61 39 1594 26 23 20
internal_value=1.82181e-12 0.0244106 -8.01661e-05 -0.0278739 0.0191385 -1.86257e-05 0.00387709 0.00461768 0.00395982 -0.000204375 0.000212666 0.00817479 -0.000244085 -0.0016348 -0.00148434 -0.0160496 -0.00733065 -0.00220443
internal_weight=33605 110 33495 74 46 33421 1521 1497 1468 31900 24699 1340 23359 7201 7162 89 63 40
internal_count=33605 110 33495 74 46 33421 1521 1497 1468 31900 24699 1340 23359 7201 7162 89 63 40
is_linear=0
shrinkage=0.03


Tree=190
num_leaves=30
num_cat=0
split_feature=0 7 25 0 3 6 3 24 0 26 2 3 5 21 14 21 0 2 7 5 3 2 3 20 25 0 0 26 25
split_gain=70.5601 395.983 265.893 23.5506 43.7896 43.5938 96.1721 66.4169 44.1866 43.1249 39.0852 41.622 28.8456 44.1664 55.527 35.9586 35.8245 51.7437 65.5401 45.2526 38.7665 34.9638 75.9071 26.7326 25.8436 23.839 21.1336 20.5884 20.1033
threshold=55.510000000000005 79.153350000000017 4.2306451612903233 8.4250000000000025 18.355000000000004 14.099000000000002 20.395000000000003 4.5000000000000009 10.785000000000002 0.33555967741935494 39.815000000000005 24.155000000000005 0.92505000000000015 6.5000000000000009 0.15500000000000003 8.5000000000000018 5.4050000000000011 31.905000000000005 75.322650000000024 0.86740000000000006 23.045000000000005 34.515000000000008 23.495000000000001 0.51000000000000012 -0.92615053763440847 17.620000000000001 4.3650000000000011 0.099055913978494489 -1.7113469156762873
decision_type=2 2 2 2 2 2 2 2 2 2 2 2 2 2 2 2 2 2 2 2 2 2 2 2 2 2 2 2 2
left_child=3 2 -2 12 9 6 7 -6 -8 25 11 -7 16 21 27 -16 19 18 -18 26 -19 22 -14 -23 -21 28 -1 -15 -5
right_child=1 -3 -4 4 5 10 8 -9 -10 -11 -12 -13 13 14 15 -17 17 20 -20 24 -22 23 -24 -25 -26 -27 -28 -29 -30
leaf_value=-0.00032550901924972999 -0.10083122849464417 0.12703150241263209 0.035723045359958294 -0.0045492983719294658 0.013702480028252468 0.0012549652359073336 0.080543606257438657 -0.033642755616456271 0.025193757828738953 0.034245498186908661 -0.029585807188550993 0.011873591661803693 0.00047446318663542847 -0.0068286187969298475 -0.040490331146610929 -0.013381637997321181 0.00082558805350278818 -0.014616775975725915 0.02130439604872638 -0.0048006575405736881 0.0057089311567777622 0.0037438643111008274 0.034670962327888799 -0.015633677335249053 -0.022741258803504603 -0.039304161847382779 0.0048719761883154033 0.01387238713679835 -0.025196849844892913
leaf_weight=26922 21 25 33 213 160 2311 25 32 27 20 34 388 381 436 73 111 274 154 289 184 187 106 69 162 119 25 723 48 53
leaf_count=26922 21 25 33 213 160 2311 25 32 27 20 34 388 381 436 73 111 274 154 289 184 187 106 69 162 119 25 723 48 53
internal_value=-1.31754e-11 0.0283189 -0.0173814 -6.67301e-05 0.00234452 0.00346352 0.0156133 0.00581161 0.0518043 -0.00836697 0.0023788 0.00278147 -0.000328923 -0.00455649 -0.0101086 -0.0241367 -0.000125838 0.00575196 0.0113378 -0.00031596 -0.00347042 0.000608998 0.00571793 -0.00796943 -0.0118466 -0.0112957 -0.000189579 -0.00477563 -0.00866328
internal_weight=33605 79 54 33526 3288 2977 244 192 52 311 2733 2699 30238 1386 668 184 28852 904 563 27948 341 718 450 268 303 291 27645 484 266
internal_count=33605 79 54 33526 3288 2977 244 192 52 311 2733 2699 30238 1386 668 184 28852 904 563 27948 341 718 450 268 303 291 27645 484 266
is_linear=0
shrinkage=0.03


Tree=191
num_leaves=30
num_cat=0
split_feature=0 22 7 3 1 25 0 26 23 1 3 25 23 3 5 5 0 11 3 22 26 26 11 25 0 7 0 3 0
split_gain=66.39 408.633 166.62 22.7784 81.7934 92.2421 121.803 56.1267 36.0541 32.9466 61.8755 77.052 45.751 44.1345 41.6823 40.0228 23.8167 19.9504 18.472 17.4869 18.5826 13.5328 11.7734 7.39682 7.2126 6.67838 2.17197 3.58735 1.23055
threshold=55.510000000000005 202.50000000000003 76.966650000000016 17.395000000000003 21.775000000000002 -1.0910384833050364 4.745000000000001 -0.25563548387096785 5.5000000000000009 24.495000000000001 19.155000000000005 -1.1245161290322576 3.5000000000000004 21.545000000000005 0.82955000000000012 0.91190000000000015 2.4850000000000008 21.000000000000004 20.395000000000003 79.500000000000014 -0.23144516129032253 0.33800000000000013 -53.999999999999993 -0.11772043010752689 1.3550000000000002 79.153350000000017 1.0000000180025095e-35 16.845000000000002 1.7150000000000001
decision_type=2 2 2 2 2 2 2 2 2 2 2 2 2 2 2 2 2 2 2 2 2 2 2 2 2 2 2 2 2
left_child=3 2 -2 16 5 6 24 8 -7 10 15 -12 14 -14 -11 -6 23 -8 -9 21 -21 25 -22 26 -5 -18 27 -1 -28
right_child=1 -3 -4 4 9 7 17 18 -10 12 11 -13 13 -15 -16 -17 19 -19 -20 20 22 -23 -24 -25 -26 -27 28 -29 -30
leaf_value=-0.0011239133834054595 0.028870500676009964 0.11015844861511141 -0.084125636799726622 0.0050994011209812016 -0.00073431843505599511 0.019736462221312596 0.054859458535909657 -0.0040941008022182847 -0.01163596218427349 -0.0010738423985659172 0.013437921807941037 0.0023247756615530036 -0.0017774723882247822 0.0025842087253180905 -0.0061906336465264618 -0.016409512683995462 -0.0037962889933511809 0.096725777781435415 0.021264817586966925 -0.039252936824394222 -0.029891219316422937 0.020013911582396498 -0.0081182879825360994 -0.017215332841873168 0.026415920712053776 -0.018526728689702676 -0.00077892554058799242 0.010775916125919473 -0.0024893980293983768
leaf_weight=57 23 32 24 50 2432 249 20 337 38 10392 686 3094 3236 5885 1662 156 618 21 28 22 25 21 211 25 20 29 3753 38 421
leaf_count=57 23 32 24 50 2432 249 20 337 38 10392 686 3094 3236 5885 1662 156 618 21 28 22 25 21 211 25 20 29 3753 38 421
internal_value=2.77981e-12 0.0274693 -0.0288297 -6.47282e-05 0.000271078 0.0099602 0.0352407 0.00565631 0.0155826 2.66813e-06 0.00189471 0.00434161 -0.00056633 0.00103675 -0.00177934 -0.00167919 -0.00188567 0.0763032 -0.00214876 -0.00624934 -0.012883 -0.00368726 -0.0104247 -0.000944645 0.0111898 -0.00445654 -0.000849361 0.00363602 -0.000951448
internal_weight=33605 79 47 33526 28306 763 111 652 287 27543 6368 3780 21175 9121 12054 2588 5220 41 365 926 258 668 236 4294 70 647 4269 95 4174
internal_count=33605 79 47 33526 28306 763 111 652 287 27543 6368 3780 21175 9121 12054 2588 5220 41 365 926 258 668 236 4294 70 647 4269 95 4174
is_linear=0
shrinkage=0.03


Tree=192
num_leaves=21
num_cat=0
split_feature=4 8 0 23 23 0 4 23 26 3 22 22 22 19 0 3 23 0 2 3
split_gain=66.8455 799.792 65.8428 406.365 351.704 24.5346 68.7181 29.8589 65.0333 35.7691 21.5008 58.4638 70.1543 34.033 24.794 9.89989 8.74432 7.20945 10.6183 5.05589
threshold=37.110000000000007 521.00000000000011 55.510000000000005 3.5000000000000004 2.5000000000000004 26.785000000000004 30.165000000000003 3.5000000000000004 -0.9956247311827956 22.015000000000004 336.50000000000006 326.50000000000006 314.50000000000006 7.3500000000000005 2.2350000000000008 24.395000000000003 1.0000000180025095e-35 5.0550000000000006 29.015000000000004 18.665000000000003
decision_type=2 2 2 2 2 2 2 2 2 2 2 2 2 2 2 2 2 2 2 2
left_child=2 -2 5 4 -4 10 7 9 -9 -7 11 12 -1 -13 19 17 -16 18 -3 -12
right_child=1 15 3 -5 -6 6 -8 8 -10 -11 14 13 -14 -15 16 -17 -18 -19 -20 -21
leaf_value=0.00012871383949675659 0.19494890251010658 0.0017532142336395653 0.009157148409715812 0.073127609752118586 -0.15048545745097927 0.030795277782733766 -0.040719784748554227 -0.038431496467441317 0.0099814917439682363 0.004726813277550812 -0.00042920940713479431 0.0035612296952545874 -0.0089856885096479128 0.017671259423308074 -0.021587558332085609 0.0038288303911685941 -0.008173101683514844 -0.034325052394785664 -0.026565303143400412 -0.0044869247375675329
leaf_weight=29711 20 22 23 24 27 104 25 30 149 87 1119 400 780 250 50 20 349 22 26 367
leaf_count=29711 20 22 23 24 27 104 25 30 149 87 1119 400 780 250 50 20 349 22 26 367
internal_value=-2.7679e-12 0.023348 -7.66764e-05 -0.0283437 -0.0770499 -1.40883e-05 0.00741834 0.0106709 0.00186758 0.0189212 -0.000102982 8.53436e-05 -0.000104445 0.00898816 -0.00321421 -0.0147856 -0.00985411 -0.020104 -0.013586 -0.00143135
internal_weight=33605 110 33495 74 50 33421 395 370 179 191 33026 31141 30491 650 1885 90 399 70 48 1486
internal_count=33605 110 33495 74 50 33421 395 370 179 191 33026 31141 30491 650 1885 90 399 70 48 1486
is_linear=0
shrinkage=0.03


Tree=193
num_leaves=23
num_cat=0
split_feature=0 4 22 4 1 3 22 22 6 22 2 0 3 0 22 1 5 3 23 5 19 3
split_gain=64.4813 405.357 482.383 29.7908 23.4576 106.146 96.5081 149.962 70.9194 62.8003 85.3495 66.6939 114.898 66.4992 56.5086 23.4677 87.2259 60.3427 11.7657 11.6055 9.14605 3.12294
threshold=55.510000000000005 20.115000000000006 202.50000000000003 37.110000000000007 26.055000000000003 20.745000000000001 188.50000000000003 262.50000000000006 16.639450000000004 145.50000000000003 32.555000000000007 3.0050000000000003 23.535000000000004 2.4150000000000005 127.50000000000001 24.305000000000003 0.74315000000000009 18.855000000000004 3.5000000000000004 0.79420000000000013 7.3500000000000005 23.575000000000003
decision_type=2 2 2 2 2 2 2 2 2 2 2 2 2 2 2 2 2 2 2 2 2 2
left_child=3 -2 -3 4 5 15 8 -8 -7 10 13 18 -13 -6 -12 17 -17 -1 -11 20 -5 -22
right_child=1 2 -4 19 9 6 7 -9 -10 11 14 12 -14 -15 -16 16 -18 -19 -20 -21 21 -23
leaf_value=-0.0012385114502236141 -0.062158767474365648 -0.010701253133324477 0.17581214919686317 -0.02631059172749519 0.0033160424282971052 0.0022389286268200423 -0.0018020920558696448 0.010453102176973783 0.017987150209122671 -0.0030805992759974634 -0.0012134039452002992 -0.020779804061473665 -0.0023170092370559704 0.030081746907571687 0.0044065372025566462 -0.0010904850015847828 -0.01531654935237768 0.0045022885254184832 0.00038002146737735868 -0.030431227723465244 -0.0091019951871463226 0.005817190377932528
leaf_weight=7045 29 26 24 20 187 407 2745 1336 700 2080 7832 501 769 151 2027 3516 436 2151 1538 34 28 23
leaf_count=7045 29 26 24 20 187 407 2745 1336 700 2080 7832 501 769 151 2027 3516 436 2151 1538 34 28 23
internal_value=-6.78204e-12 0.0270716 0.0788252 -6.37909e-05 -1.36657e-05 0.000707232 0.00434095 0.0022099 0.0121972 -0.000889925 0.000450242 -0.00368569 -0.00960036 0.0152735 -5.795e-05 -0.000726578 -0.00265996 0.000104296 -0.0016095 -0.0160184 -0.00911651 -0.00237374
internal_weight=33605 79 50 33526 33421 18336 5188 4081 1107 15085 10197 4888 1270 338 9859 13148 3952 9196 3618 105 71 51
internal_count=33605 79 50 33526 33421 18336 5188 4081 1107 15085 10197 4888 1270 338 9859 13148 3952 9196 3618 105 71 51
is_linear=0
shrinkage=0.03


Tree=194
num_leaves=23
num_cat=0
split_feature=4 25 0 23 23 1 3 22 0 11 3 5 1 2 22 1 3 22 0 5 25 3
split_gain=64.117 810.559 64.2772 380.319 337.469 23.2124 90.8232 149.828 90.4565 59.3101 38.7338 93.6923 67.0552 95.4851 40.5747 32.9965 92.1808 53.0409 18.2849 17.6756 9.21747 3.95484
threshold=37.110000000000007 -2.006370967741935 55.510000000000005 3.5000000000000004 2.5000000000000004 28.545000000000005 23.535000000000004 180.50000000000003 1.0750000000000004 -36.499999999999993 24.595000000000002 0.73155000000000014 30.805000000000003 37.315000000000005 142.50000000000003 26.055000000000003 20.745000000000001 142.50000000000003 9.1150000000000002 0.79420000000000013 -0.32145161290322583 23.355000000000004
decision_type=2 2 2 2 2 2 2 2 2 2 2 2 2 2 2 2 2 2 2 2 2 2
left_child=2 -2 5 4 -4 6 15 8 -8 -9 11 20 13 -12 -13 16 -1 -17 -14 21 -7 -3
right_child=1 19 3 -5 -6 10 7 9 -10 -11 12 14 18 -15 -16 17 -18 -19 -20 -21 -22 -23
leaf_value=-0.00070478094034464938 0.19051615104079248 -0.013173380450290793 0.0093209838612086093 0.070161548620089886 -0.14705758881237771 -0.0015416314212044761 0.00075699740179026353 -0.02140447830568094 0.025789597387184598 0.0024173667925831339 0.0032381865259507661 -0.012457105318347664 -0.0015133661632296463 0.02834231637296793 -0.036727898054177296 0.00012136737329855365 0.0040681183236372081 -0.005597835157059518 -0.01775359564984683 -0.034534611232811582 -0.0095487397415046065 0.0029338075573880065
leaf_weight=13148 21 34 23 24 27 3114 182 107 454 778 891 382 2488 161 74 4157 5037 2249 64 32 135 23
leaf_count=13148 21 34 23 24 27 3114 182 107 454 778 891 382 2488 161 74 4157 5037 2249 64 32 135 23
internal_value=1.09269e-11 0.0228665 -7.50952e-05 -0.028004 -0.0751234 -1.32557e-05 0.000405037 0.00751919 0.0186262 -0.000462788 -0.00150764 -0.00366159 0.000706674 0.00708017 -0.0163958 -3.49866e-05 0.000617248 -0.00188651 -0.00192064 -0.0166913 -0.00187434 -0.00667399
internal_weight=33605 110 33495 74 50 33421 26112 1521 636 885 7309 3705 3604 1052 456 24591 18185 6406 2552 89 3249 57
internal_count=33605 110 33495 74 50 33421 26112 1521 636 885 7309 3705 3604 1052 456 24591 18185 6406 2552 89 3249 57
is_linear=0
shrinkage=0.03


Tree=195
num_leaves=31
num_cat=0
split_feature=0 3 22 1 3 22 0 24 23 0 1 3 0 1 2 0 0 10 1 1 3 0 26 7 22 25 0 22 3 2
split_gain=62.6512 399.809 406.253 21.282 84.9349 144.869 178.417 82.6504 79.2494 53.5259 43.7318 37.5054 88.2648 65.7081 89.7993 194.251 39.7634 38.7741 37.5467 33.7076 71.695 60.1951 119.055 59.7671 29.0692 21.6237 17.4485 15.675 11.4189 11.0294
threshold=55.510000000000005 23.115000000000006 204.50000000000003 28.545000000000005 22.295000000000005 144.50000000000003 2.4150000000000005 2.5000000000000004 1.5000000000000002 3.5050000000000003 25.665000000000003 24.595000000000002 3.8150000000000004 30.805000000000003 37.315000000000005 6.5750000000000011 12.955000000000002 92.500000000000014 29.245000000000001 24.495000000000001 18.855000000000004 3.0450000000000004 -0.23144516129032253 75.202200000000019 142.50000000000003 -0.081822580645161222 8.7550000000000008 142.50000000000003 23.495000000000001 23.285000000000004
decision_type=2 2 2 2 2 2 2 2 2 2 2 2 2 2 2 2 2 2 2 2 2 2 2 2 2 2 2 2 2 2
left_child=3 2 -2 4 19 6 28 -8 9 -7 -10 12 -5 14 17 -16 24 -13 -18 20 29 25 -23 -22 -14 -21 -15 -28 -6 -1
right_child=1 -3 -4 11 5 8 7 -9 10 -11 -12 13 16 26 15 -17 18 -19 -20 21 23 22 -24 -25 -26 -27 27 -29 -30 -31
leaf_value=0.0096001827449072145 0.048093069027605892 0.14260101964906788 -0.11469896718182346 -0.001879046085817736 0.00053375312951190964 -0.00073877196125454628 0.011926875839520606 0.037653157565563186 0.0093591089605803736 -0.014479405476929157 0.0013173943751527892 0.020069514929911946 -0.0094143385801866656 -0.0014855759168464001 0.013547220630271892 0.10433163866400719 -0.071884270970310471 0.00089883512396095246 -0.018398732232550778 -0.00041951641910692531 0.00056035351977073099 -0.031970400069209357 -0.0044067492000141231 0.0077282664597441908 -0.031160510917278856 -0.0095093232729791272 -0.0073357880895711346 -0.037459327170455997 0.010065512908808886 -0.0013337510749380547
leaf_weight=84 37 20 22 3260 460 724 186 284 890 394 1925 108 342 2489 140 25 21 786 27 7672 2395 155 1565 1860 66 243 53 22 150 7200
leaf_count=84 37 20 22 3260 460 724 186 284 890 394 1925 108 342 2489 140 25 21 786 27 7672 2395 155 1565 1860 66 243 53 22 150 7200
internal_value=8.90366e-12 0.0266846 -0.012609 -6.28791e-05 0.000337261 0.00384861 0.0135808 0.0274721 0.00117616 -0.00558118 0.00385989 -0.00149066 -0.00360827 0.000681312 0.00696779 0.0273024 -0.0159707 0.00321476 -0.0417987 -0.000494061 0.000599708 -0.00180397 -0.00689068 0.00369368 -0.0129321 -0.000698584 -0.00191517 -0.016172 0.00287763 -0.00120766
internal_weight=33605 79 59 33526 26187 5013 1080 470 3933 1118 2815 7339 3716 3623 1059 165 456 894 48 21174 11539 9635 1720 4255 408 7915 2564 75 610 7284
internal_count=33605 79 59 33526 26187 5013 1080 470 3933 1118 2815 7339 3716 3623 1059 165 456 894 48 21174 11539 9635 1720 4255 408 7915 2564 75 610 7284
is_linear=0
shrinkage=0.03


Tree=196
num_leaves=31
num_cat=0
split_feature=0 3 22 1 3 22 0 8 16 0 3 5 1 16 5 1 3 22 5 7 7 22 22 0 1 0 22 3 25 0
split_gain=58.9485 376.18 382.243 20.4467 100.245 100.061 83.503 71.8833 51.3739 39.8313 33.592 72.9346 64.4127 117.009 105.797 32.5805 75.6071 126.334 50.6222 104.526 30.494 29.9088 25.8818 22.9543 18.778 18.2086 17.8756 13.6643 8.51226 8.09248
threshold=55.510000000000005 23.115000000000006 204.50000000000003 29.695000000000004 24.255000000000006 145.50000000000003 3.5050000000000003 473.50000000000006 41.000000000000007 6.9350000000000014 25.395000000000003 0.66225000000000012 31.875000000000004 33.500000000000007 0.73155000000000014 26.815000000000001 22.075000000000003 144.50000000000003 0.90700000000000014 73.832350000000005 73.984100000000012 150.50000000000003 143.50000000000003 45.055000000000007 30.015000000000004 4.8250000000000011 133.50000000000003 24.545000000000005 -1.4881666666666666 1.8050000000000004
decision_type=2 2 2 2 2 2 2 2 2 2 2 2 2 2 2 2 2 2 2 2 2 2 2 2 2 2 2 2 2 2
left_child=3 2 -2 4 15 6 27 -8 20 -10 11 29 13 26 -15 16 23 -18 22 -20 -7 24 -17 -1 -13 -14 -12 -6 -27 -5
right_child=1 -3 -4 10 5 8 7 -9 9 -11 12 21 25 14 -16 18 17 -19 19 -21 -22 -23 -24 -25 -26 28 -28 -29 -30 -31
leaf_value=-0.00035197412579067016 0.046650275289005519 0.13832298908382654 -0.11125800120559605 -0.00138382001539969 -0.00017554380868872006 -0.020517209212084709 0.0022284882524754939 0.047704191044480961 0.010572956743148657 0.048343986561521883 0.0080804868316810916 -0.00029351553816751044 -0.0018973802662431386 0.010467670882342366 0.046339682225790831 7.6351668391788058e-05 0.027602647946846179 0.0031690596215910118 -0.07216658777324482 -0.0080531060401894308 0.0013071939617795804 -0.042782283677586484 -0.0044437343604383324 0.02086707894568858 -0.017393126726542092 -0.0087328434783792586 -0.0066533655038750134 0.0155230296575298 -0.025584630244656612 -0.0062469508803607351
leaf_weight=18077 37 20 22 2031 90 64 41 132 117 32 95 74 1327 312 97 3985 204 2868 24 493 578 35 1597 46 264 93 337 112 38 363
leaf_count=18077 37 20 22 2031 90 64 41 132 117 32 95 74 1327 312 97 3985 204 2868 24 493 578 35 1597 46 264 93 337 112 38 363
internal_value=-1.03237e-12 0.0258841 -0.0122308 -6.09928e-05 0.000251584 0.00886587 0.0216296 0.0369267 0.00281479 0.0186849 -0.001817 -0.00404375 0.000863041 0.00747482 0.0189752 -0.000116418 0.000439587 0.0047916 -0.00204862 -0.0110294 -0.000868447 -0.0163831 -0.00121684 -0.000298116 -0.0136494 -0.00295075 -0.00341328 0.00852862 -0.0136211 -0.00212121
internal_weight=33605 79 59 33526 28460 1166 375 173 791 149 5066 2767 2299 841 409 27294 21195 3072 6099 517 642 373 5582 18123 338 1458 432 202 131 2394
internal_count=33605 79 59 33526 28460 1166 375 173 791 149 5066 2767 2299 841 409 27294 21195 3072 6099 517 642 373 5582 18123 338 1458 432 202 131 2394
is_linear=0
shrinkage=0.03


Tree=197
num_leaves=29
num_cat=0
split_feature=4 9 23 25 22 1 22 5 9 22 5 5 25 26 2 5 22 22 6 22 5 6 22 26 8 5 18 2
split_gain=57.8419 783.25 24.374 32.5994 34.3152 31.2322 43.6274 58.8686 133.526 51.8493 77.7684 53.8304 29.9969 24.0147 60.7473 22.9278 22.6477 43.3355 45.662 37.8402 64.4053 37.1749 29.1306 19.229 8.71834 6.54651 9.43231 1.44729
threshold=37.110000000000007 1.6500000000000001 3.5000000000000004 8.5840322580645196 196.50000000000003 25.145000000000003 144.50000000000003 0.81955000000000011 1.8500000000000003 127.50000000000001 0.61465000000000014 0.89045000000000007 -3.5187231182795702 -1.0600000000000001 23.285000000000004 0.78565000000000007 278.50000000000006 270.50000000000006 16.455100000000005 300.50000000000006 0.87955000000000017 14.099000000000002 75.500000000000014 -0.21771182795698918 496.50000000000006 0.82955000000000012 32.500000000000007 29.185000000000006
decision_type=2 2 2 2 2 2 2 2 2 2 2 2 2 2 2 2 2 2 2 2 2 2 2 2 2 2 2 2
left_child=2 -2 5 16 -5 12 9 24 -9 11 -11 -7 15 14 -14 -1 17 22 -19 20 -18 -21 -4 -15 -8 26 -3 -28
right_child=1 25 3 4 -6 6 7 8 -10 10 -12 -13 13 23 -16 -17 19 18 -20 21 -22 -23 -24 -25 -26 -27 27 -29
leaf_value=-0.004773509540698594 0.19153573921322822 -0.027741110143916944 -0.00095261979505326555 0.054373394932065687 0.0001396284784589495 -0.00083444893562543087 -0.00051234979242184672 -0.0010129580529010976 -0.028169447371533058 0.000289910511424474 0.016310203076172911 -0.012151403837776936 -0.04192740193954328 0.0040133321669339047 -0.0016816435411727269 -0.046569214169867333 -0.0055757493626216207 -0.011469320571050047 0.023286514583975078 0.014962350066311674 -0.04442102275607062 -0.00084806955759724335 0.0022086807944387025 0.00029433774075297115 -0.0038011492589058067 -0.029435896290233358 0.0026233512684702871 -0.0082039495876058931
leaf_weight=27 20 21 4028 21 21 5036 1090 386 282 941 384 409 41 1541 191 21 609 44 150 145 41 1740 7523 6655 2169 24 20 25
leaf_count=27 20 21 4028 21 21 5036 1090 386 282 941 384 409 41 1541 191 21 609 44 150 145 41 1740 7523 6655 2169 24 20 25
internal_value=-2.55337e-14 0.0217187 -7.13258e-05 0.000865023 0.0272565 -0.000770767 -0.00184858 -0.00436413 -0.0124772 -0.000389407 0.00493277 -0.00168452 0.000589465 0.000724151 -0.00879404 -0.0230591 0.000787401 0.00134245 0.0154037 -0.00178422 -0.00802599 0.000368117 0.00110629 0.000993578 -0.00270118 -0.0160184 -0.0111393 -0.00339182
internal_weight=33605 110 33495 14322 42 19173 10697 3927 668 6770 1325 5445 8476 8428 232 48 14280 11745 194 2535 650 1885 11551 8196 3259 90 66 45
internal_count=33605 110 33495 14322 42 19173 10697 3927 668 6770 1325 5445 8476 8428 232 48 14280 11745 194 2535 650 1885 11551 8196 3259 90 66 45
is_linear=0
shrinkage=0.03


Tree=198
num_leaves=31
num_cat=0
split_feature=4 11 22 22 22 22 5 5 19 22 22 22 22 5 5 3 5 5 1 3 3 11 5 22 3 7 5 26 5 22
split_gain=54.4234 750.232 19.9681 53.3201 65.7483 186.304 87.4837 84.0668 32.7382 31.4266 60.6971 27.7389 23.5941 23.361 18.3843 12.2022 10.8214 9.99004 9.34061 36.5358 14.137 7.28495 6.70217 6.33751 5.24102 4.31595 3.58212 2.43009 2.02593 1.42495
threshold=37.110000000000007 17.500000000000004 336.50000000000006 326.50000000000006 314.50000000000006 310.50000000000006 0.5968500000000001 0.58935000000000015 7.3500000000000005 328.50000000000006 330.50000000000006 276.50000000000006 332.50000000000006 0.56555000000000011 0.79420000000000013 19.475000000000005 0.62385000000000013 0.82955000000000012 23.205000000000002 19.435000000000006 18.705000000000002 -53.999999999999993 0.39905000000000007 344.50000000000006 19.005000000000006 78.197250000000011 0.31755000000000005 0.14885483870967767 0.32055000000000006 344.50000000000006
decision_type=2 2 2 2 2 2 2 2 2 2 2 2 2 2 2 2 2 2 2 2 2 2 2 2 2 2 2 2 2 2
left_child=2 14 3 4 5 11 -7 22 12 26 -11 -1 15 24 27 -5 -14 -9 19 21 -20 -15 -6 -22 29 28 -10 -2 -26 -4
right_child=1 -3 13 8 7 6 -8 17 9 10 -12 -13 16 18 -16 -17 -18 -19 20 -21 23 -23 -24 -25 25 -27 -28 -29 -30 -31
leaf_value=0.00019165333589183072 -0.0029713338065545918 0.18726631734520197 0.0015294899541159345 2.1095931567417987e-05 -0.0036528609023429451 0.0086935678293060242 0.043523259212002161 -0.023071426203846931 0.0026895348999071223 0.051073139002919196 0.012906003765016794 -0.0033008157076558856 -0.002684209959581494 -0.027158563211560249 -0.036577498242259025 0.014203315563499927 -0.026275084957480429 -0.041228280477691441 -0.002965516751366002 0.031631684247404333 -0.01970051870495081 -0.0088870412423313581 -0.013462241720275155 -0.039746856926517048 -0.004827909198377397 0.0060170858109305642 -0.01357971366494894 -0.01562900311499834 -0.011029267540201546 -0.0011451763538632002
leaf_weight=27710 43 20 217 84 600 135 125 50 29 50 150 2210 140 22 27 156 20 60 35 20 40 183 70 22 226 29 21 20 60 1031
leaf_count=27710 43 20 217 84 600 135 125 50 29 50 150 2210 140 22 27 156 20 60 35 20 40 183 70 22 226 29 21 20 60 1031
internal_value=-2.70643e-12 0.0210671 -6.9186e-05 0.000109686 -6.88434e-05 0.000153411 0.0254386 -0.00866839 0.0086132 0.0171295 0.0224478 -6.63131e-05 0.0032905 -0.00306874 -0.015866 0.00923954 -0.00563307 -0.0329752 -0.0104268 -0.00707193 -0.0182087 -0.0108479 -0.00467772 -0.0268137 -0.00155288 -0.00501069 -0.00414355 -0.00698964 -0.00612889 -0.00068011
internal_weight=33605 110 33495 31610 30960 30180 260 780 650 250 200 29920 400 1885 90 240 160 110 322 225 97 205 670 62 1563 315 50 63 286 1248
internal_count=33605 110 33495 31610 30960 30180 260 780 650 250 200 29920 400 1885 90 240 160 110 322 225 97 205 670 62 1563 315 50 63 286 1248
is_linear=0
shrinkage=0.03


Tree=199
num_leaves=21
num_cat=0
split_feature=0 22 25 4 6 0 22 22 7 5 26 0 23 23 5 2 5 3 22 25
split_gain=53.4833 381.511 153.27 33.0797 20.6272 27.2031 39.8903 63.807 21.3318 20.4704 33.1215 27.9183 24.0158 19.7229 35.8964 24.7271 13.0489 9.10021 5.45975 10.9133
threshold=55.510000000000005 202.50000000000003 2.2654354838709683 37.110000000000007 18.920200000000005 9.2550000000000008 63.500000000000007 145.50000000000003 79.153350000000017 0.89045000000000007 -0.0066290322580647622 6.5750000000000011 3.5000000000000004 2.5000000000000004 0.82955000000000012 23.745000000000001 0.81085000000000007 22.135000000000002 208.50000000000003 -0.84609139784946219
decision_type=2 2 2 2 2 2 2 2 2 2 2 2 2 2 2 2 2 2 2 2
left_child=3 2 -2 4 5 13 8 -8 -7 11 12 16 -11 14 -1 -15 -6 -5 19 -19
right_child=1 -3 -4 17 9 6 7 -9 -10 10 -12 -13 -14 15 -16 -17 -18 18 -20 -21
leaf_value=-0.00045456362678733856 -0.078431753622224695 0.10455294823274015 0.030537140922886986 -0.029915900999172167 -0.0015582887466387048 -0.0061347941614171165 0.01258578601338162 0.0013950289779730784 -0.03677892134241436 -0.020665150024436134 0.019374827538676982 0.028756174747314719 -0.0034592337794601916 0.01676370816173799 -0.0060763257321464256 0.00053995557289119927 -0.015977195313778416 -0.016855090298689899 -0.023345344903963533 0.011754299171268939
leaf_weight=10996 26 32 21 33 2166 184 610 1847 23 159 32 27 135 85 1127 15972 58 30 22 20
leaf_count=10996 26 32 21 33 2166 184 610 1847 23 159 32 27 135 85 1127 15972 58 30 22 20
internal_value=6.89557e-12 0.024655 -0.0297435 -5.80967e-05 -5.2769e-06 0.000210152 0.00310782 0.00417336 -0.0095397 -0.00258373 -0.0096097 -0.0015662 -0.0127645 -6.37798e-05 -0.000977184 0.000625838 -0.00193432 -0.0168704 -0.0108912 -0.00541133
internal_weight=33605 79 47 33526 33421 30844 2664 2457 207 2577 326 2251 294 28180 12123 16057 2224 105 72 50
internal_count=33605 79 47 33526 33421 30844 2664 2457 207 2577 326 2251 294 28180 12123 16057 2224 105 72 50
is_linear=0
shrinkage=0.03


Tree=200
num_leaves=23
num_cat=0
split_feature=4 9 0 25 1 3 22 0 26 3 0 1 2 22 1 3 0 0 25 3 2 26
split_gain=52.9278 727.591 66.9459 296.756 20.6683 81.0533 134.492 170.335 73.1987 32.5345 88.998 56.6538 83.6849 43.9079 31.2555 70.55 54.1863 16.3448 8.40351 6.81476 7.78617 1.96951
threshold=37.110000000000007 1.6500000000000001 55.510000000000005 2.5754838709677421 28.495000000000001 22.295000000000005 144.50000000000003 2.4150000000000005 0.28357719298245637 24.595000000000002 3.8150000000000004 30.805000000000003 37.315000000000005 142.50000000000003 24.495000000000001 19.435000000000006 3.0450000000000004 9.1150000000000002 -0.32145161290322583 21.915000000000003 29.015000000000004 0.024039784946236389
decision_type=2 2 2 2 2 2 2 2 2 2 2 2 2 2 2 2 2 2 2 2 2 2
left_child=2 -2 4 -4 5 14 7 -7 -8 10 18 12 -11 -12 15 -1 -16 -13 -6 -3 -21 -22
right_child=1 19 3 -5 9 6 8 -9 -10 11 13 17 -14 -15 16 -17 -18 -19 -20 20 21 -23
leaf_value=-0.00087331706441175065 0.1844478433728218 -0.029285550739150491 -0.087045237918286333 0.033151787109673023 -0.001308569351764018 0.0026315046351036717 0.0030287209111543685 0.027192910806318794 -0.0085908318022474787 0.0028997503776388711 -0.011611131958002296 -0.001406414593666487 0.026369796306797252 -0.036801748733866858 -0.00062493793336808833 0.004283946924529468 -0.0065080773681092273 -0.016760956165853713 -0.0088432214971926569 0.0034711679346535514 -0.02503905560262501 -0.012166768878536379
leaf_weight=8128 20 24 38 36 3205 574 3287 456 573 907 393 2488 161 74 7876 3380 1716 64 139 23 20 23
leaf_count=8128 20 24 38 36 3205 574 3287 456 573 907 393 2488 161 74 7876 3380 1716 64 139 23 20 23
internal_value=-4.22718e-12 0.0207757 -6.82288e-05 -0.028571 -5.11861e-06 0.0003938 0.00387389 0.0135053 0.00130385 -0.00140034 -0.003335 0.000636395 0.00643784 -0.0156028 -0.000412723 0.000641416 -0.00167743 -0.00179148 -0.00162176 -0.0155959 -0.0106179 -0.0181539
internal_weight=33605 110 33495 74 33421 25990 4890 1030 3860 7431 3811 3620 1068 467 21100 11508 9592 2552 3344 90 66 43
internal_count=33605 110 33495 74 33421 25990 4890 1030 3860 7431 3811 3620 1068 467 21100 11508 9592 2552 3344 90 66 43
is_linear=0
shrinkage=0.03


Tree=201
num_leaves=30
num_cat=0
split_feature=0 7 22 6 0 1 3 7 1 25 0 22 0 24 1 8 26 2 3 0 0 26 3 23 12 0 2 22 0
split_gain=52.2455 354.747 342.008 19.1308 23.6737 41.6558 53.232 139.731 66.3751 21.5074 34.0167 27.327 21.3363 20.7168 17.3574 15.4269 15.42 41.3764 35.0355 16.6709 15.461 14.7089 32.8949 16.9136 12.4901 11.1448 9.57809 4.92557 3.49159
threshold=55.510000000000005 79.153350000000017 204.50000000000003 18.920200000000005 9.2550000000000008 30.805000000000003 24.595000000000002 79.153350000000017 27.575000000000003 -0.33032258064516123 0.53500000000000014 127.50000000000001 1.0000000180025095e-35 2.5000000000000004 29.955000000000002 645.00000000000011 -0.0066290322580647622 28.035000000000004 17.275000000000002 2.5450000000000004 4.9150000000000009 -0.032926344086021457 21.265000000000004 3.5000000000000004 0.79000000000000015 11.705000000000002 25.845000000000002 119.50000000000001 1.0000000180025095e-35
decision_type=2 2 2 2 2 2 2 2 2 2 2 2 2 2 2 2 2 2 2 2 2 2 2 2 2 2 2 2 2
left_child=3 2 -2 4 9 6 8 -8 -6 12 13 -12 15 -11 -14 -1 19 18 -18 26 28 23 -23 -21 25 -7 -5 -28 -19
right_child=1 -3 -4 16 5 24 7 -9 -10 10 11 -13 14 -15 -16 -17 17 20 -20 21 -22 22 -24 -25 -26 -27 27 -29 -30
leaf_value=0.0019885203739118101 0.043713378086686135 0.11779964769780635 -0.10994283664632927 0.013384213775473957 0.0038785323107490203 -0.01548675267607905 0.056603540467098354 0.00045406103869821842 -0.013509842852127312 -0.0097158244071048894 -0.014328187972566754 0.00020209667419163584 0.00034532253958571271 -0.00056319419407777278 -0.0018521771898487988 0.0089781523017224626 0.0045291771051352439 0.011561367027461529 0.058124649120228626 -0.010852752074073997 -0.020864668635110703 -0.04660531463722388 -0.0037493856232613323 -0.00033050858741065102 -0.00038810901121114907 -0.04322424360804937 -0.00052804255148917675 -0.0040059870808163839 0.00037369404476303111
leaf_weight=1458 32 25 22 36 2207 32 60 119 217 711 122 2579 18807 324 3907 353 23 27 21 307 31 27 40 249 23 22 728 738 358
leaf_count=1458 32 25 22 36 2207 32 60 119 217 711 122 2579 18807 324 3907 353 23 27 21 307 31 27 40 249 23 22 728 738 358
internal_value=6.08891e-12 0.0243681 -0.0188873 -5.74204e-05 0.000149718 0.00284444 0.00348772 0.0192751 0.0023219 -0.000105824 -0.00222625 -0.000454214 0.00021719 -0.00685065 -3.2666e-05 0.00335094 -0.00253675 0.00244331 0.0301088 -0.00361478 -0.000482849 -0.00774063 -0.0210197 -0.00614045 -0.0189018 -0.0267872 -0.00190346 -0.00227888 0.00115828
internal_weight=33605 79 54 33526 30941 2680 2603 179 2424 28261 3736 2701 24525 1035 22714 1811 2585 460 44 2125 416 623 67 556 77 54 1502 1466 385
internal_count=33605 79 54 33526 30941 2680 2603 179 2424 28261 3736 2701 24525 1035 22714 1811 2585 460 44 2125 416 623 67 556 77 54 1502 1466 385
is_linear=0
shrinkage=0.03


Tree=202
num_leaves=30
num_cat=0
split_feature=4 25 25 22 5 1 3 1 3 22 22 5 25 3 1 5 1 3 5 5 2 3 22 5 22 22 3 3 11
split_gain=49.0588 717.568 20.1362 30.0872 33.4349 19.7249 21.6936 19.1909 76.6611 119.951 120.159 95.8998 51.3319 38.7044 76.4699 74.1065 23.9069 57.873 41.5427 16.2286 11.7884 84.6808 11.325 13.3337 11.9697 8.61597 3.69612 2.98712 2.3273
threshold=37.110000000000007 -2.006370967741935 -2.241774193548387 194.50000000000003 0.46385000000000004 28.175000000000004 24.445000000000004 27.355000000000004 21.815000000000001 190.50000000000003 262.50000000000006 0.58935000000000015 0.13525268817204303 24.255000000000006 29.695000000000004 0.54010000000000014 24.245000000000001 18.855000000000004 0.8852000000000001 0.79420000000000013 27.135000000000002 17.215000000000003 168.50000000000003 0.71015000000000017 135.50000000000003 224.50000000000003 23.355000000000004 13.055000000000001 21.000000000000004
decision_type=2 2 2 2 2 2 2 2 2 2 2 2 2 2 2 2 2 2 2 2 2 2 2 2 2 2 2 2 2
left_child=2 -2 3 20 25 6 -6 8 16 11 -11 -10 13 15 -15 -9 17 -4 -18 26 21 27 24 -24 -22 -5 -3 -1 -27
right_child=1 19 7 4 5 -7 -8 12 9 10 -12 -13 -14 14 -16 -17 18 -19 -20 -21 22 -23 23 -25 -26 28 -28 -29 -30
leaf_value=-0.015133864356408592 0.17774186191814287 -0.013902321000419118 -0.0010345884734856217 -0.020404041061516512 -0.014101616782081477 -0.040224083700905675 0.0089987366910024395 -0.0008302421545350933 0.003163182918799703 -0.0028271607529662727 0.010787622184921099 0.018396235566440735 -0.046700842167166141 0.0093848901479164134 -0.00074732296251209197 -0.010108158852840003 -0.00093276045032022852 0.004034022289769441 -0.0098533655824856112 -0.03431502646068111 -0.00077392363245483995 0.064578407485038042 -0.0023580186696429001 0.02245743031008169 -0.0096781627436565779 -0.0026517544280672926 0.0016691077954095342 -0.0014541676510399315 0.0014529476592074484
leaf_weight=20 21 34 5702 22 340 23 41 4163 711 2231 790 780 22 847 3215 952 6410 3146 507 32 2726 20 38 40 143 367 23 51 188
leaf_count=20 21 34 5702 22 340 23 41 4163 711 2231 790 780 22 847 3215 952 6410 3146 507 32 2726 20 38 40 143 367 23 51 188
internal_value=-6.70598e-12 0.0200019 -6.56877e-05 -0.00205771 -0.00662557 -0.0132444 -0.0116158 0.000205922 0.000721511 0.00416953 0.000733143 0.0111322 -0.000930571 -0.000820846 0.00136543 -0.00255704 -0.000265324 0.00076761 -0.00158662 -0.0172176 -0.00058271 0.010052 -0.000911096 0.0103679 -0.00121774 -0.00199121 -0.00761911 -0.0053076 -0.00126133
internal_weight=33605 110 33495 4019 981 404 381 29476 20277 4512 3021 1491 9199 9177 4062 5115 15765 8848 6917 89 3038 91 2947 78 2869 577 57 71 555
internal_count=33605 110 33495 4019 981 404 381 29476 20277 4512 3021 1491 9199 9177 4062 5115 15765 8848 6917 89 3038 91 2947 78 2869 577 57 71 555
is_linear=0
shrinkage=0.03


Tree=203
num_leaves=22
num_cat=0
split_feature=0 25 4 23 0 4 25 25 22 22 7 0 5 22 5 23 0 1 24 5 18
split_gain=48.0354 388.037 180.461 149 216.965 33.9816 23.2945 23.5632 33.0435 44.786 26.6408 43.4086 37.6484 20.3449 24.1893 27.6802 15.2476 11.3611 8.64669 13.6479 8.25831
threshold=45.055000000000007 -2.6529838709677418 26.045000000000005 3.5000000000000004 55.510000000000005 37.110000000000007 4.2306451612903233 1.7651881720430111 158.50000000000003 168.50000000000003 74.47975000000001 5.0550000000000006 0.89555000000000007 186.50000000000003 0.97205000000000008 3.5000000000000004 13.285000000000002 21.945000000000004 3.5000000000000004 0.80260000000000009 32.500000000000007
decision_type=2 2 2 2 2 2 2 2 2 2 2 2 2 2 2 2 2 2 2 2 2
left_child=5 -2 3 4 17 6 7 10 -9 -10 12 -12 -1 -8 16 -16 -15 -3 -7 20 -20
right_child=1 2 -4 -5 -6 18 13 8 9 -11 11 -13 -14 14 15 -17 -18 -19 19 -21 -22
leaf_value=-0.00067588872599082294 0.13339520019584927 0.050076288297772407 -0.067365079965442415 0.064549704749841952 -0.074441005600882418 0.00010014563798904419 -0.036040171783130896 -0.028728650595460616 0.045031094670295709 0.0065871154896914958 -7.5536993735229836e-05 0.0034315587702752007 -0.006391140919890557 -0.0069975618174713521 0.001164984582838687 -0.037132433729512353 0.025516535514593121 0.018482751037393299 -0.027592744578647872 -0.039999105517566198 -0.0045795094004521765
leaf_weight=8687 22 20 30 37 28 21 26 21 30 300 19173 3807 1178 27 33 35 25 21 23 25 36
leaf_count=8687 22 20 30 37 28 21 26 21 30 300 19173 3807 1178 27 33 35 25 21 23 25 36
internal_value=1.18322e-11 0.0165025 -0.0024066 0.0159779 -0.0100679 -7.79561e-05 -2.42945e-05 2.82935e-05 0.00776002 0.010082 -5.4332e-05 0.000505469 -0.00135836 -0.0119812 -0.00676843 -0.0185469 0.00863422 0.0338942 -0.0171178 -0.0214223 -0.0135508
internal_weight=33605 158 136 106 69 33447 33342 33196 351 330 32845 22980 9865 146 120 68 52 41 105 84 59
internal_count=33605 158 136 106 69 33447 33342 33196 351 330 32845 22980 9865 146 120 68 52 41 105 84 59
is_linear=0
shrinkage=0.03


Tree=204
num_leaves=31
num_cat=0
split_feature=4 7 23 3 1 22 25 22 5 5 5 25 1 3 7 3 22 5 9 22 5 5 3 2 5 5 17 5 5 9
split_gain=47.638 683.607 21.4015 35.1702 67.9719 53.561 69.9081 44.5234 59.1497 37.9888 36.8721 32.3077 28.0389 46.0286 53.1882 124.117 42.1247 56.9413 122.674 46.8513 70.5766 48.4919 40.1775 20.098 45.9942 22.8918 15.1358 45.1926 19.6379 8.1166
threshold=37.110000000000007 76.966650000000016 3.5000000000000004 21.815000000000001 27.355000000000004 188.50000000000003 -0.52868279569892462 180.50000000000003 0.68180000000000007 0.9678500000000001 0.9799500000000001 8.5840322580645196 25.145000000000003 19.515000000000004 75.202200000000019 23.005000000000006 144.50000000000003 0.81955000000000011 1.8500000000000003 127.50000000000001 0.5565500000000001 0.89045000000000007 22.495000000000001 23.285000000000004 0.93395000000000017 0.86740000000000006 43.000000000000007 0.9547500000000001 0.9759500000000001 1.8500000000000003
decision_type=2 2 2 2 2 2 2 2 2 2 2 2 2 2 2 2 2 2 2 2 2 2 2 2 2 2 2 2 2 2
left_child=2 -2 12 11 5 6 -5 9 -9 -6 -7 26 13 23 22 -16 19 29 -19 21 -21 -14 -15 24 -1 -25 27 -4 -28 -18
right_child=1 -3 3 4 7 10 -8 8 -10 -11 -12 -13 16 14 15 -17 17 18 -20 20 -22 -23 -24 25 -26 -27 28 -29 -30 -31
leaf_value=0.04116057723760605 -0.015544968374849607 0.17835807736963033 -0.00071787668844869681 0.022480215137802004 0.0005204704860393136 0.0058510912133431965 0.0035359096895712849 -0.0024171457460116074 -0.027938849329440432 0.01443937684317184 -0.006190824013058583 0.03117215673985152 -0.00073183235378492526 -0.0012544087423858759 0.010193576817178336 -0.035883477545597335 -0.00092608152224954898 -0.0012038652253954869 -0.02723344043788916 1.8411818315488505e-05 0.014879807859959336 -0.011472971109812281 0.013199156067126619 -0.00076856467515143477 -0.0026805437145934951 -0.007859803039906247 0.0004567535068220726 -0.011349325805871797 0.0092610313380137085 -0.0039348350787745045
leaf_weight=33 90 20 5130 374 3136 1196 330 318 110 187 283 29 5036 1678 1213 55 1470 386 282 903 422 409 193 4794 62 448 2592 387 250 1789
leaf_count=33 90 20 5130 374 3136 1196 330 318 110 187 283 29 5036 1678 1213 55 1470 386 282 903 422 409 193 4794 62 448 2592 387 250 1789
internal_value=4.35218e-12 0.0197101 -6.47295e-05 0.000812669 0.00258018 0.00678898 0.0136001 0.000130747 -0.00897646 0.00130375 0.00354692 -0.000437737 -0.000720136 0.000568685 0.00345134 0.00819497 -0.00174136 -0.00421321 -0.0121924 -0.00030754 0.00475163 -0.00153865 0.000236526 -0.00112677 0.0125485 -0.00137461 -0.000547402 -0.00146364 0.00123123 -0.00257771
internal_weight=33605 110 33495 14322 5934 2183 704 3751 428 3323 1479 8388 19173 8476 3139 1268 10697 3927 668 6770 1325 5445 1871 5337 95 5242 8359 5517 2842 3259
internal_count=33605 110 33495 14322 5934 2183 704 3751 428 3323 1479 8388 19173 8476 3139 1268 10697 3927 668 6770 1325 5445 1871 5337 95 5242 8359 5517 2842 3259
is_linear=0
shrinkage=0.03


Tree=205
num_leaves=31
num_cat=0
split_feature=2 3 22 22 5 2 3 5 26 2 22 22 3 22 5 7 22 2 5 22 22 2 3 22 2 26 5 5 24 20
split_gain=22.9946 539.814 34.4423 71.1719 168.246 59.4071 62.2301 48.0154 103.175 74.086 53.8391 354.415 58.6794 39.2766 44.0065 47.6949 40.6479 290.688 31.9106 57.4478 82.286 66.4094 53.9578 49.6646 46.2095 44.5015 52.7162 38.152 32.6486 45.732
threshold=28.345000000000002 24.255000000000006 145.50000000000003 127.50000000000001 0.61465000000000014 38.925000000000004 25.605000000000004 0.89555000000000007 -0.28391612903225799 29.275000000000002 262.50000000000006 252.50000000000003 20.545000000000005 121.50000000000001 0.89045000000000007 76.966650000000016 94.500000000000014 32.605000000000011 0.9759500000000001 234.50000000000003 228.50000000000003 25.635000000000002 22.525000000000002 262.50000000000006 25.405000000000005 0.38380215053763428 0.47535000000000005 0.9678500000000001 2.5000000000000004 0.51000000000000012
decision_type=2 2 2 2 2 2 2 2 2 2 2 2 2 2 2 2 2 2 2 2 2 2 2 2 2 2 2 2 2 2
left_child=1 18 3 13 -5 6 -6 -4 9 -9 11 -10 -12 16 -15 -16 -2 -18 22 20 24 -21 25 -23 -20 27 -27 -1 -24 -30
right_child=2 -3 7 4 5 -7 -8 8 10 -11 12 -13 -14 14 15 -17 17 -19 19 21 -22 23 28 -25 -26 26 -28 -29 29 -31
leaf_value=0.00056327916937453932 -0.00080710317945934928 0.15738088536635039 -0.00085936219010937889 -0.00012927504128952853 0.016557278449404387 -0.0076249969402303929 0.043549804058857264 -0.0038642727383054218 -0.0055879027050048588 -0.068913875503465533 -0.013308122924539598 -0.097162604548037046 0.0069711139220254197 -0.0045725543104952358 -0.051058845330029724 -0.0019207410621856979 0.031830765268779988 0.00031902787284043225 -0.013024011257240344 0.024040858578450217 -0.060442178601828905 -0.031548451147973534 0.0027712917144110958 0.004680888869267489 0.0023489787626240284 -0.0027845250371843575 0.038617504101486934 0.024290147597465905 0.057967811963553058 0.016417536273904475
leaf_weight=3755 11044 20 9191 1573 564 77 89 26 775 40 176 40 475 690 40 32 287 3213 391 127 26 45 112 140 320 50 62 62 29 134
leaf_count=3755 11044 20 9191 1573 564 77 89 26 775 40 176 40 475 690 40 32 287 3213 391 127 26 45 112 140 320 50 62 62 29 134
internal_value=3.97682e-12 0.00181904 -0.00033855 0.000477693 0.0053946 0.0172974 0.0202362 -0.00167896 -0.00659602 -0.0432883 -0.00494412 -0.0100824 0.00148856 -0.000262123 -0.00690142 -0.0292197 8.57274e-05 0.00290299 0.00122676 -0.00345413 -0.008022 0.007336 0.00239476 -0.00413165 -0.00610508 0.00149559 0.0201345 0.000948678 0.0152415 0.0238099
internal_weight=33605 5273 28332 17609 2303 730 653 10723 1532 66 1466 815 651 15306 762 72 14544 3500 5253 1049 737 312 4204 185 711 3929 112 3817 275 163
internal_count=33605 5273 28332 17609 2303 730 653 10723 1532 66 1466 815 651 15306 762 72 14544 3500 5253 1049 737 312 4204 185 711 3929 112 3817 275 163
is_linear=0
shrinkage=0.03


Tree=206
num_leaves=21
num_cat=0
split_feature=4 0 0 23 23 1 3 21 9 18 25 3 1 0 0 1 5 3 24 0
split_gain=43.9336 667.082 66.1207 338.875 311.662 18.573 82.1335 71.6692 61.1585 56.2024 52.1147 40.9009 82.843 62.1712 39.2357 19.3258 60.8258 47.8849 8.08365 4.7658
threshold=37.110000000000007 10.525 55.510000000000005 3.5000000000000004 2.5000000000000004 26.055000000000003 20.745000000000001 6.5000000000000009 1.3 24.500000000000004 0.74876881720430111 23.615000000000006 29.435000000000006 3.8150000000000004 1.8050000000000004 23.865000000000006 0.74315000000000009 18.855000000000004 4.5000000000000009 2.6150000000000007
decision_type=2 2 2 2 2 2 2 2 2 2 2 2 2 2 2 2 2 2 2 2
left_child=2 18 5 4 -4 6 15 9 -9 -8 11 13 -13 -7 -12 17 -17 -1 -2 -20
right_child=1 -3 3 -5 -6 10 7 8 -10 -11 14 12 -14 -15 -16 16 -18 -19 19 -21
leaf_value=-0.00088543445193460264 -0.005380540423487362 0.17564692711830138 0.0082845761853715654 0.064273898303508756 -0.1419957346551948 -0.00098857648112901523 0.026755808963740274 0.019169531364705897 0.0014922795364893996 0.007836724513113371 -0.0052646784670650959 0.0062675849219260117 -0.0011398831644344211 -0.0082266136147105644 -0.064688689554110168 -0.000891200088711363 -0.011202833820304006 0.0048369982384710731 -0.014844670231557553 -0.033022375401109458
leaf_weight=6323 38 20 23 24 27 7407 177 184 4126 701 20 1960 4430 1248 20 4583 580 1662 27 25
leaf_count=6323 38 20 23 24 27 7407 177 184 4126 701 20 1960 4430 1248 20 4583 580 1662 27 25
internal_value=4.25052e-14 0.0189283 -6.21619e-05 -0.0283887 -0.0728668 5.58137e-07 0.000642023 0.00383841 0.00224695 0.0116507 -0.00077915 -0.00068823 0.0011322 -0.00203226 -0.0349767 -0.000619222 -0.00204959 0.000305634 -0.0158981 -0.023584
internal_weight=33605 110 33495 74 50 33421 18336 5188 4310 878 15085 15045 6390 8655 40 13148 5163 7985 90 52
internal_count=33605 110 33495 74 50 33421 18336 5188 4310 878 15085 15045 6390 8655 40 13148 5163 7985 90 52
is_linear=0
shrinkage=0.03


Tree=207
num_leaves=22
num_cat=0
split_feature=0 4 22 4 22 22 22 22 0 19 23 22 0 6 0 26 23 22 4 6 2
split_gain=45.6818 370.581 432.126 34.8747 18.3751 47.8908 61.2264 171.245 77.2599 31.37 87.3972 21.356 20.6683 10.0507 8.53545 7.73353 6.43055 5.34314 2.76098 2.48206 2.3719
threshold=55.510000000000005 20.115000000000006 202.50000000000003 37.110000000000007 336.50000000000006 326.50000000000006 314.50000000000006 310.50000000000006 4.0650000000000004 7.3500000000000005 5.5000000000000009 332.50000000000006 2.2350000000000008 17.947700000000001 13.285000000000002 0.17383709677419359 1.0000000180025095e-35 208.50000000000003 19.675000000000004 14.099000000000002 26.365000000000006
decision_type=2 2 2 2 2 2 2 2 2 2 2 2 2 2 2 2 2 2 2 2 2
left_child=3 -2 -3 4 5 6 7 -1 -8 11 -11 -7 18 15 16 -5 -14 -15 19 -6 -20
right_child=1 2 -4 13 12 9 8 -9 -10 10 -12 -13 14 17 -16 -17 -18 -19 20 -21 -22
leaf_value=6.7428793990695369e-06 -0.062530971025598459 -0.012464654660568788 0.16406558305025101 -0.016480348184704782 0.0048986136093100699 0.008680851164564957 -0.0052614631861027739 0.024459449372272221 -0.037678596392171838 0.010655142338418713 0.069781180845201005 -0.0054687922006269214 -0.018416926564405793 -0.0014559247456490993 -0.027554947371993745 -0.040441894720901143 -0.0064483266479282422 -0.020597158787505968 -0.013314198374887929 -0.0010718439983057116 -0.003351761323170035
leaf_weight=29846 29 26 24 27 66 240 707 260 73 225 25 160 46 35 21 22 332 21 25 1241 154
leaf_count=29846 29 26 24 27 66 240 707 260 73 225 25 160 46 35 21 22 332 21 25 1241 154
internal_value=-4.85349e-12 0.022786 0.0722699 -5.36925e-05 5.4139e-07 0.000172522 2.92407e-06 0.00021792 -0.00829537 0.00823128 0.0165677 0.00302099 -0.00287669 -0.0173161 -0.00893904 -0.0272386 -0.00790482 -0.00863389 -0.00124891 -0.000770352 -0.00474316
internal_weight=33605 79 50 33526 33421 31536 30886 30106 780 650 250 400 1885 105 399 49 378 56 1486 1307 179
internal_count=33605 79 50 33526 33421 31536 30886 30106 780 650 250 400 1885 105 399 49 378 56 1486 1307 179
is_linear=0
shrinkage=0.03


Tree=208
num_leaves=23
num_cat=0
split_feature=0 4 22 4 22 22 0 2 1 3 22 0 3 25 13 0 0 1 16 3 2 3
split_gain=42.982 348.68 406.587 32.8136 17.7738 74.0789 185.845 64.7995 53.6344 65.0515 89.2076 63.9404 109.594 50.2956 36.5455 35.7458 31.7313 19.3182 13.6895 9.55523 5.62339 5.5147
threshold=55.510000000000005 20.115000000000006 202.50000000000003 37.110000000000007 144.50000000000003 127.50000000000001 5.6150000000000011 39.025000000000013 25.695000000000004 21.815000000000001 262.50000000000006 3.0050000000000003 23.455000000000002 -0.19527419354838704 0.090000000000000011 1.9850000000000001 45.055000000000007 28.395000000000003 36.500000000000007 22.135000000000002 29.015000000000004 24.545000000000005
decision_type=2 2 2 2 2 2 2 2 2 2 2 2 2 2 2 2 2 2 2 2 2 2
left_child=3 -2 -3 4 5 13 14 -8 9 16 -11 18 -13 17 -7 -15 -6 -1 -10 -5 -21 -22
right_child=1 2 -4 19 8 6 7 -9 11 10 -12 12 -14 15 -16 -17 -18 -19 -20 20 21 -23
leaf_value=0.00066402987167663648 -0.060655041547684835 -0.012090715075341554 0.15914360970258712 -0.030164295590736648 -0.00088767420893160452 0.0048323320931191694 0.027303226438762068 -0.015907349413370384 -0.0029922390384856468 0.0025174112811512505 0.01908291660318024 -0.017775402261936784 -0.0014755969505145321 -0.010744734816253185 -0.0040797256867704619 -0.052867084658145908 0.026249556598755028 -0.0016733434128752751 0.00043124444660596999 0.0023958615426506315 -0.024303346446715293 -0.0042587658170876756
leaf_weight=12077 29 26 24 33 6849 1129 384 34 1944 1733 352 639 886 66 654 25 39 4321 2289 21 30 21
leaf_count=12077 29 26 24 33 6849 1129 384 34 1944 1733 352 639 886 66 654 25 39 4321 2289 21 30 21
internal_value=-8.55473e-12 0.0221024 0.0701018 -5.20817e-05 5.25149e-07 0.000614729 0.00578426 0.0237885 -0.000778748 0.000671338 0.00531408 -0.0030385 -0.00830548 -7.53143e-05 0.00156341 -0.0223168 -0.000734023 4.81139e-05 -0.00114099 -0.0167966 -0.0106697 -0.0160497
internal_weight=33605 79 50 33526 33421 18690 2201 418 14731 8973 2085 5758 1525 16489 1783 91 6888 16398 4233 105 72 51
internal_count=33605 79 50 33526 33421 18690 2201 418 14731 8973 2085 5758 1525 16489 1783 91 6888 16398 4233 105 72 51
is_linear=0
shrinkage=0.03


Tree=209
num_leaves=31
num_cat=0
split_feature=0 22 25 22 22 0 2 1 0 7 24 25 0 25 13 2 12 22 22 6 22 24 2 1 22 0 19 0 0 8
split_gain=40.4418 312.059 142.097 18.21 70.0791 175.105 60.9698 48.7673 61.189 108.393 66.8862 47.4153 39.6924 38.795 34.6763 57.3604 30.0535 46.0612 38.2069 71.3002 46.7998 27.5099 22.8804 19.2456 100.324 58.846 13.3559 9.26197 6.43123 5.44112
threshold=55.510000000000005 202.50000000000003 2.2654354838709683 144.50000000000003 127.50000000000001 5.6150000000000011 39.025000000000013 25.695000000000004 3.0050000000000003 73.832350000000005 1.5000000000000002 -0.074510752688171922 1.9850000000000001 -0.9556890209394453 0.090000000000000011 36.095000000000006 0.79000000000000015 336.50000000000006 188.50000000000003 15.881350000000001 234.50000000000003 3.5000000000000004 32.505000000000003 28.395000000000003 95.500000000000014 8.9350000000000005 7.3500000000000005 2.9250000000000003 1.7750000000000001 672.50000000000011
decision_type=2 2 2 2 2 2 2 2 2 2 2 2 2 2 2 2 2 2 2 2 2 2 2 2 2 2 2 2 2 2
left_child=3 2 -2 4 11 14 13 16 26 -10 -11 23 -13 -7 15 -6 18 21 19 -5 -20 -18 -16 24 -1 -25 29 -28 -19 -9
right_child=1 -3 -4 7 5 6 -8 8 9 10 -12 12 -14 -15 22 -17 17 28 20 -21 -22 -23 -24 25 -26 -27 27 -29 -30 -31
leaf_value=-0.0003319209786529358 -0.0746390861330124 0.093699641469866035 0.030282706863113809 -0.003753583057934278 0.016299629502219859 0.035970100579020892 -0.015430128938134977 -0.0021978264652402013 -0.071373304594308143 0.010050450092103952 -0.0094334946531825486 -0.01086732084252711 -0.059878305941820142 0.016898829395669765 0.0082268384089203266 0.00075851415440849701 0.0054625221961206449 -0.0014986486055401213 -0.0047359057120351438 0.01459874079218969 0.00072555752550035736 0.019118235684873069 -0.0065616184742234695 -0.0010715842755784119 0.0084193570834794323 -0.021051084719339967 0.00041769341316276129 0.020933908212929963 -0.012448874729152227 -0.0067799339728113611
leaf_weight=10763 26 32 21 346 286 193 34 1946 24 180 1332 58 20 191 114 846 326 218 1896 424 5533 224 541 4203 1324 137 2020 20 62 265
leaf_count=10763 26 32 21 346 286 193 34 1946 24 180 1332 58 20 191 114 846 326 218 1896 424 5533 224 541 4203 1324 137 2020 20 62 265
internal_value=3.20014e-13 0.0214394 -0.0277591 -5.05193e-05 0.000571658 0.00559488 0.0230748 -0.00083622 -0.00298609 -0.00811803 -0.00711398 -9.94229e-05 -0.0234342 0.0264841 0.00150611 0.00468498 0.000541709 0.0059816 -8.98172e-06 0.00635211 -0.000668296 0.0110241 -0.00398775 1.13774e-05 0.000626687 -0.00170227 -0.00113179 0.000618833 -0.00392334 -0.00274702
internal_weight=33605 79 47 33526 18710 2205 418 14816 5787 1536 1512 16505 78 384 1787 1132 9029 830 8199 770 7429 550 655 16427 12087 4340 4251 2040 280 2211
internal_count=33605 79 47 33526 18710 2205 418 14816 5787 1536 1512 16505 78 384 1787 1132 9029 830 8199 770 7429 550 655 16427 12087 4340 4251 2040 280 2211
is_linear=0
shrinkage=0.03


Tree=210
num_leaves=20
num_cat=0
split_feature=4 9 0 25 22 22 22 22 5 2 19 5 1 22 22 6 22 2 1
split_gain=43.3982 629.715 68.1335 277.874 17.0097 44.8416 57.559 160.636 72.0621 30.5442 32.5012 19.3387 8.42112 10.8804 10.6985 8.28826 4.98818 3.32298 2.89989
threshold=37.110000000000007 1.6500000000000001 55.510000000000005 2.5754838709677421 336.50000000000006 326.50000000000006 314.50000000000006 310.50000000000006 0.58935000000000015 26.485000000000003 7.3500000000000005 0.56555000000000011 23.205000000000002 354.50000000000006 340.50000000000006 17.947700000000001 208.50000000000003 25.405000000000005 22.535000000000004
decision_type=2 2 2 2 2 2 2 2 2 2 2 2 2 2 2 2 2 2 2
left_child=2 -2 4 -4 5 6 7 -1 -8 -7 -11 17 14 -14 -13 -3 -17 -6 -19
right_child=1 15 3 -5 11 9 8 -9 -10 10 -12 12 13 -15 -16 16 -18 18 -20
leaf_value=7.1693255193951536e-06 0.17107870175130663 -0.026708166417391859 -0.085399649973566583 0.030910639557987448 -0.013537092743441462 0.043556689620018005 -0.0043479254050640768 0.023690320139607559 -0.030547133214856411 0.0013117818132483013 0.015286066590967338 0.010731101215913377 -0.022930219864446509 -0.00024648146417278506 -0.0087919112279944665 -0.00099509364396466724 -0.019489605575799939 3.1834318223085368e-05 -0.0025704836932569854
leaf_weight=29846 20 34 38 36 20 21 670 260 110 383 246 29 71 26 196 35 21 795 748
leaf_count=29846 20 34 38 36 20 21 670 260 110 383 246 29 71 26 196 35 21 795 748
internal_value=2.60628e-12 0.0188126 -6.17819e-05 -0.0288163 1.88556e-06 0.000167353 3.24303e-06 0.000211701 -0.00804269 0.00796535 0.00677708 -0.00276638 -0.00946108 -0.01685 -0.00627561 -0.0150243 -0.00793054 -0.00138718 -0.00122969
internal_weight=33605 110 33495 74 33421 31536 30886 30106 780 650 629 1885 322 97 225 90 56 1563 1543
internal_count=33605 110 33495 74 33421 31536 30886 30106 780 650 629 1885 322 97 225 90 56 1563 1543
is_linear=0
shrinkage=0.03


Tree=211
num_leaves=21
num_cat=0
split_feature=4 26 0 23 23 5 23 26 22 0 7 0 1 0 22 5 22 26 18 5
split_gain=40.8334 626.956 64.1068 315.715 294.248 26.1035 17.2541 46.5291 84.6282 41.659 52.9082 28.4404 23.4298 57.8028 39.2172 58.6154 49.7008 19.4475 5.33442 1.04558
threshold=37.110000000000007 -0.10503225806451603 55.510000000000005 3.5000000000000004 2.5000000000000004 0.80260000000000009 2.5000000000000004 -1.1093638936049799 196.50000000000003 35.95000000000001 74.830400000000012 5.5050000000000008 24.245000000000001 45.055000000000007 143.50000000000003 0.93805000000000016 127.50000000000001 0.41528975664968887 32.500000000000007 0.38585000000000008
decision_type=2 2 2 2 2 2 2 2 2 2 2 2 2 2 2 2 2 2 2 2
left_child=2 -2 6 4 -4 18 12 8 -8 11 -11 -9 13 17 16 -16 -14 -1 -3 -20
right_child=1 5 3 -5 -6 -7 7 9 -10 10 -12 -13 14 -15 15 -17 -18 -19 19 -21
leaf_value=0.00055494964398104644 0.16569283049021449 -0.017540609192848205 0.0079686014896825589 0.061488412856124337 -0.13805300852076874 -0.043279930604621764 0.0081558757798897239 9.6446500695437711e-05 -0.056918527390275683 0.057714662425793137 0.0037364323733543809 0.0032899189598962464 -0.0013215420102457172 0.049470246007496659 -0.002618864524438188 -0.014107544076236466 0.0060699320516972291 0.022391328385250792 -0.0047255846463376654 0.004975023496896029
leaf_weight=4631 21 25 23 24 27 24 37 15938 35 26 44 2979 4779 22 3453 452 988 37 20 20
leaf_count=4631 21 25 23 24 27 24 37 15938 35 26 44 2979 4779 22 3453 452 988 37 20 20
internal_value=3.16905e-12 0.0182482 -5.99285e-05 -0.0279518 -0.0708831 -0.0165421 1.829e-06 0.000593548 -0.0234775 0.000684827 0.0237855 0.000599346 -0.000783408 0.000956673 -0.00162718 -0.00394867 -5.52378e-05 0.000728031 -0.00666964 0.000124719
internal_weight=33605 110 33495 74 50 89 33421 19059 72 18987 70 18917 14362 4690 9672 3905 5767 4668 65 40
internal_count=33605 110 33495 74 50 89 33421 19059 72 18987 70 18917 14362 4690 9672 3905 5767 4668 65 40
is_linear=0
shrinkage=0.03


Tree=212
num_leaves=31
num_cat=0
split_feature=0 3 22 22 22 2 0 5 22 22 22 5 11 22 5 24 0 9 26 3 22 0 22 15 22 22 23 24 0 22
split_gain=41.6298 321.723 360.288 16.8275 59.5318 62.1388 72.7203 50.061 49.6917 150.719 112.66 117.856 287.022 91.7563 63.8466 57.7985 72.3022 49.6597 46.531 52.0896 44.9421 62.5282 161.465 44.9407 40.7183 90.3099 57.233 36.5342 33.4494 60.1203
threshold=55.510000000000005 23.115000000000006 204.50000000000003 190.50000000000003 172.50000000000003 24.515000000000004 29.145000000000003 0.93395000000000017 260.50000000000006 274.50000000000006 252.50000000000003 0.92055000000000009 26.000000000000004 250.50000000000003 0.61465000000000014 3.5000000000000004 21.710000000000004 9.5000000000000018 0.37422580645161313 23.075000000000003 145.50000000000003 6.3250000000000011 127.50000000000001 0.045000000000000005 300.50000000000006 314.50000000000006 1.0000000180025095e-35 2.5000000000000004 2.7350000000000008 158.50000000000003
decision_type=2 2 2 2 2 2 2 2 2 2 2 2 2 2 2 2 2 2 2 2 2 2 2 2 2 2 2 2 2 2
left_child=3 2 -2 4 20 6 7 -6 10 15 13 17 -13 14 -5 -10 -17 -12 27 -20 21 -1 -23 -15 26 -26 -11 -7 -22 -30
right_child=1 -3 -4 8 5 18 -8 -9 9 24 11 12 -14 23 -16 16 -18 -19 19 -21 28 22 -24 -25 25 -27 -28 -29 29 -31
leaf_value=1.7730343046994245e-05 0.043668790266949788 0.12573436048999428 -0.10963750963861292 0.001217463980369307 0.0064372274144129313 0.0043678953684546601 0.023246211847756059 -0.0380879367040853 0.0058356381156730039 0.0078888655125897798 -0.012964845260507181 -0.11652205916888574 -0.0056421769650822334 0.015544264158233999 -0.0065080302130026083 0.026097235212137346 -0.016209238321497673 0.02587704397214111 0.013001101140019504 -0.032690346976147686 -0.0018189526709693796 0.00068095011802647341 0.022780232545928491 0.064432194180786606 0.0088226520449582266 -0.0018467424532232122 -0.0074126063976233331 0.016611191200677042 -0.019809225489449654 -0.00023021855035966092
leaf_weight=17263 37 20 22 1969 33 364 40 73 544 260 399 34 55 110 1884 321 41 32 43 47 1645 1179 398 20 910 3315 1430 552 290 275
leaf_count=17263 37 20 22 1969 33 364 40 73 544 260 399 34 55 110 1884 321 41 32 43 47 1645 1179 398 20 910 3315 1430 552 290 275
internal_value=6.92377e-12 0.021752 -0.0134963 -5.1256e-05 0.000428747 0.00706923 -0.0112202 -0.0242263 -0.000992357 0.000622337 -0.00343824 -0.0165711 -0.0480008 -0.00172368 -0.00256007 0.0120168 0.0213056 -0.010081 0.00972355 -0.01086 6.53344e-05 0.000540098 0.00625832 0.0230655 -0.00112295 0.000451281 -0.00505853 0.011746 -0.00398197 -0.0102796
internal_weight=33605 79 59 33526 22202 1152 146 106 11324 6821 4503 520 89 3983 3853 906 362 431 1006 90 21050 18840 1577 130 5915 4225 1690 916 2210 565
internal_count=33605 79 59 33526 22202 1152 146 106 11324 6821 4503 520 89 3983 3853 906 362 431 1006 90 21050 18840 1577 130 5915 4225 1690 916 2210 565
is_linear=0
shrinkage=0.03


Tree=213
num_leaves=22
num_cat=0
split_feature=0 4 22 4 6 0 3 1 24 0 22 5 5 1 3 23 0 5 6 26 22
split_gain=39.1695 322.328 368.322 33.2336 16.8979 21.1276 39.0916 89.9654 21.0113 26.3358 23.8577 19.4709 18.3468 37.9927 35.5483 31.1914 26.0038 11.9586 11.1928 6.2923 5.01578
threshold=55.510000000000005 20.115000000000006 202.50000000000003 37.110000000000007 18.920200000000005 0.65500000000000014 19.435000000000006 24.745000000000001 3.5000000000000004 1.0000000180025095e-35 117.50000000000001 0.91685000000000005 0.89045000000000007 22.495000000000001 17.915000000000003 3.5000000000000004 6.5750000000000011 0.81085000000000007 17.947700000000001 0.16612903225806477 208.50000000000003
decision_type=2 2 2 2 2 2 2 2 2 2 2 2 2 2 2 2 2 2 2 2 2
left_child=3 -2 -3 4 5 8 11 -8 10 -10 -1 -7 16 14 -14 -15 17 -6 19 -5 -20
right_child=1 2 -4 18 12 6 7 -9 9 -11 -12 -13 13 15 -16 -17 -18 -19 20 -21 -22
leaf_value=-0.00017565944576842697 -0.058469357608239451 -0.010979909396533353 0.15199766635894774 -0.017260868383141666 -0.0013625237135044682 -0.00062840488749879727 0.0061299364969213789 0.00032907813540887428 0.0050244144213903918 -0.00048212583259823333 -0.0033860587990801987 -0.005903242467173022 -0.0065212693569451771 -0.023949187237646101 0.039786660271883011 -0.0033160180505365133 0.027897049457662634 -0.015165917183561571 -0.00078425993238176613 -0.038802244740983712 -0.019329863967640058
leaf_weight=4678 29 26 24 26 2166 4437 3147 10222 1087 2783 3756 734 37 136 25 128 27 58 35 23 21
leaf_count=4678 29 26 24 26 2166 4437 3147 10222 1087 2783 3756 734 37 136 25 128 27 58 35 23 21
internal_value=5.14016e-13 0.0210994 0.0672493 -4.97183e-05 3.22419e-06 0.000198209 0.000837839 0.00169457 -0.000765604 0.00106454 -0.00160538 -0.00137714 -0.00233054 -0.00898209 0.0121513 -0.0139452 -0.00136723 -0.0017225 -0.0169011 -0.0273721 -0.00773886
internal_weight=33605 79 50 33526 33421 30844 18540 13369 12304 3870 8434 5171 2577 326 62 264 2251 2224 105 49 56
internal_count=33605 79 50 33526 33421 30844 18540 13369 12304 3870 8434 5171 2577 326 62 264 2251 2224 105 49 56
is_linear=0
shrinkage=0.03


Tree=214
num_leaves=23
num_cat=0
split_feature=4 25 0 23 23 5 15 1 5 6 3 25 23 0 16 2 5 24 0 0 5 2
split_gain=39.0012 594.151 63.9793 294.855 283.983 18.0483 16.6428 27.4005 53.2937 57.5656 37.8953 50.8823 21.7684 37.3847 54.2394 42.8689 25.892 44.3741 29.9652 15.4209 11.1602 4.47288
threshold=37.110000000000007 -2.006370967741935 55.510000000000005 3.5000000000000004 2.5000000000000004 0.79420000000000013 0.03500000000000001 27.355000000000004 0.83805000000000007 17.823850000000004 21.815000000000001 -0.54592473118279561 1.5000000000000002 5.5050000000000008 33.500000000000007 23.745000000000001 0.9799500000000001 4.5000000000000009 15.075000000000001 22.875000000000004 0.45225000000000004 29.015000000000004
decision_type=2 2 2 2 2 2 2 2 2 2 2 2 2 2 2 2 2 2 2 2 2 2
left_child=2 -2 6 4 -4 21 12 10 20 -10 19 -12 16 15 -15 -14 18 -18 -1 -8 -9 -3
right_child=1 5 3 -5 -6 -7 7 8 9 -11 11 -13 13 14 -16 -17 17 -19 -20 -21 -22 -23
leaf_value=-0.00073672365265576331 0.16136943625552311 0.0035964437484741212 0.0080527540506876022 0.05851219040341675 -0.13539935309025974 -0.034064196761464702 -0.0014036060817259712 -0.0012104186764129658 -0.0444353536505682 -0.0095393003641257579 0.011696094271879743 0.00031341240701271563 0.039679080341756337 0.011634041253781962 0.0017076482057116892 0.00035939335108000622 -0.0021147929789052783 -0.023138567946176046 0.01763081886633127 0.0095485629416189252 -0.0067724430472518573 -0.01333940922468173
leaf_weight=6101 21 25 23 24 27 32 5949 1914 52 234 521 1099 25 681 1818 13986 326 125 81 118 391 32
leaf_count=6101 21 25 23 24 27 32 5949 1914 52 234 521 1099 25 681 1818 13986 326 125 81 118 391 32
internal_value=-1.33522e-12 0.0178341 -5.85686e-05 -0.0279227 -0.0694114 -0.0160338 3.12746e-06 -0.00100144 -0.00366947 -0.015884 -0.000102149 0.00397414 0.000449265 0.00103245 0.00441268 0.000429552 -0.00100232 -0.00794178 -0.000496062 -0.00119059 -0.00215391 -0.0059114
internal_weight=33605 110 33495 74 50 89 33421 10278 2591 286 7687 1620 23143 16510 2499 14011 6633 451 6182 6067 2305 57
internal_count=33605 110 33495 74 50 89 33421 10278 2591 286 7687 1620 23143 16510 2499 14011 6633 451 6182 6067 2305 57
is_linear=0
shrinkage=0.03


Tree=215
num_leaves=31
num_cat=0
split_feature=0 3 22 22 22 0 1 3 3 1 3 21 22 0 3 26 24 22 6 0 0 22 2 24 5 22 0 2 1 3
split_gain=38.5972 307.143 344.157 16.7386 61.135 157.723 55.7876 81.6351 80.4119 43.3112 57.8391 91.7882 57.3143 56.5674 101.439 103.265 70.8931 42.6182 46.1001 44.6428 36.5304 36.4374 284.1 35.1209 27.1696 68.9492 41.624 16.3317 44.1651 18.3379
threshold=55.510000000000005 23.115000000000006 204.50000000000003 144.50000000000003 127.50000000000001 3.5050000000000003 29.435000000000006 22.265000000000004 25.605000000000004 25.695000000000004 22.075000000000003 9.5000000000000018 188.50000000000003 3.0050000000000003 23.455000000000002 0.36829032258064531 1.5000000000000002 121.50000000000001 14.099000000000002 1.5950000000000004 7.495000000000001 95.500000000000014 32.605000000000011 2.5000000000000004 0.97205000000000008 244.50000000000003 26.785000000000004 32.555000000000007 26.435000000000006 22.975000000000005
decision_type=2 2 2 2 2 2 2 2 2 2 2 2 2 2 2 2 2 2 2 2 2 2 2 2 2 2 2 2 2 2
left_child=3 2 -2 4 17 27 7 -7 -8 10 24 12 -12 -11 16 -16 -15 21 19 -19 -20 -1 -23 -13 26 -26 -5 28 -6 -29
right_child=1 -3 -4 9 5 6 8 -9 -10 13 11 23 -14 14 15 -17 -18 18 20 -21 -22 22 -24 -25 25 -27 -28 29 -30 -31
leaf_value=-0.00049504279153573041 0.042375154226036688 0.12254353964701295 -0.10745996377684852 -0.00018874072946701101 -0.001838694926444441 0.0040766166425601109 -0.008513438503475898 0.032780277181549793 0.027194610452573549 -0.0010457853706168912 0.015293143876665912 0.0074452255879129681 0.0011941228388349674 0.012344004584114943 0.00070262952259279572 -0.055026168772770515 -0.020263636568889184 -0.013891092661768197 -0.002992936648211918 -0.068785407163202764 -0.029825092240388752 0.03135783422335061 0.00034866052221105721 0.054111138430047535 -0.013543365782506431 0.0025151695548301196 0.02307219988799521 -0.0072819889733196199 0.038973732967461858 0.00093799381388972192
leaf_weight=12350 37 20 22 6344 75 128 141 294 95 4251 327 21 1257 67 863 31 575 40 671 20 49 291 3084 47 471 492 70 312 35 1125
leaf_count=12350 37 20 22 6344 75 128 141 294 95 4251 327 21 1257 67 863 31 575 40 671 20 49 291 3084 47 471 492 70 312 35 1125
internal_value=-8.10038e-12 0.0209447 -0.0134956 -4.93537e-05 0.000547158 0.00523889 0.0175415 0.024074 0.00586056 -0.000802643 0.00049592 0.00556988 0.00410472 -0.00282869 -0.00776301 -0.0012298 -0.0168607 -7.96378e-05 -0.00692441 -0.0321892 -0.00481901 0.00025988 0.00302234 0.0396996 -0.000640339 -0.00533901 6.51205e-05 6.10279e-06 0.0111471 -0.000846721
internal_weight=33605 79 59 33526 18710 2205 658 422 236 14816 9029 1652 1584 5787 1536 894 642 16505 780 60 720 15725 3375 68 7377 963 6414 1547 110 1437
internal_count=33605 79 59 33526 18710 2205 658 422 236 14816 9029 1652 1584 5787 1536 894 642 16505 780 60 720 15725 3375 68 7377 963 6414 1547 110 1437
is_linear=0
shrinkage=0.03


Tree=216
num_leaves=23
num_cat=0
split_feature=0 4 3 4 1 3 17 0 1 3 0 0 21 6 26 25 26 0 23 0 1 21
split_gain=36.3161 305.621 157.442 32.505 16.104 54.0047 81.5722 74.2076 35.4793 75.039 61.4963 24.7524 10.8317 10.2305 5.71172 6.46873 5.52532 4.04633 2.8583 2.42995 2.2025 0.90593
threshold=55.510000000000005 20.115000000000006 21.405000000000005 37.110000000000007 31.975000000000005 25.605000000000004 43.000000000000007 1.9550000000000003 29.955000000000002 24.255000000000006 3.4450000000000007 4.0650000000000004 4.5000000000000009 17.947700000000001 0.064790322580645224 -1.1745350877192979 0.16612903225806477 1.7750000000000001 3.5000000000000004 3.8750000000000004 33.32500000000001 4.5000000000000009
decision_type=2 2 2 2 2 2 2 2 2 2 2 2 2 2 2 2 2 2 2 2 2 2
left_child=3 -2 -3 4 5 8 7 -7 9 -1 -10 17 -8 16 15 -13 -5 21 -15 -19 -16 -6
right_child=1 2 -4 13 11 6 12 -9 10 -11 -12 14 -14 18 20 -17 -18 19 -20 -21 -22 -23
leaf_value=-8.1334784487975249e-05 -0.057162833533988426 5.5091712623834608e-05 0.10872045329958201 -0.017249307666833583 -6.8121593935588693e-05 0.0045437190475953373 0.012422980903525296 0.02794767348023015 -0.0018019819323944401 0.0077867228314318429 -0.016834822647895802 -0.01386365496427752 -0.0044433157213224373 -0.0018674357109252483 -0.0097461828596091694 -0.032178952039352483 -0.03743517179042101 -0.0056093565968640801 -0.015501287687569858 0.0047695791111751033 0.002349629608914256 -0.0016776198766784349
leaf_weight=27493 29 20 30 26 648 257 38 232 1907 1136 281 100 349 31 42 21 23 263 25 22 20 612
leaf_count=27493 29 20 30 26 648 257 38 232 1907 1136 281 100 349 31 42 21 23 263 25 22 20 612
internal_value=4.74882e-12 0.0203164 0.0652543 -4.78731e-05 4.48582e-06 0.000158255 0.00750337 0.0156474 -5.05365e-05 0.00023087 -0.00373262 -0.00281577 -0.00278719 -0.0167135 -0.0132485 -0.0170423 -0.0267243 -0.00158005 -0.00795398 -0.00480818 -0.00584431 -0.000849878
internal_weight=33605 79 50 33526 33421 31693 876 489 30817 28629 2188 1728 387 105 183 121 49 1545 56 285 62 1260
internal_count=33605 79 50 33526 33421 31693 876 489 30817 28629 2188 1728 387 105 183 121 49 1545 56 285 62 1260
is_linear=0
shrinkage=0.03


Tree=217
num_leaves=24
num_cat=0
split_feature=4 7 0 23 23 15 4 4 22 5 22 25 26 4 0 0 3 3 0 0 5 25 25
split_gain=37.4352 569.019 64.0537 278.996 272.931 15.9052 24.1037 30.8 34.0385 28.7242 40.9112 21.5855 21.3735 70.8146 40.2921 34.5079 20.3655 20.2318 39.4585 21.088 8.28706 10.5567 2.04218
threshold=37.110000000000007 76.966650000000016 55.510000000000005 3.5000000000000004 2.5000000000000004 0.03500000000000001 28.705000000000002 27.765000000000004 198.50000000000003 0.95085000000000008 202.50000000000003 1.7651881720430111 -0.26020215053763435 12.235000000000001 2.9250000000000003 5.5050000000000008 23.205000000000002 22.295000000000005 0.95500000000000007 45.055000000000007 0.79420000000000013 -1.6119354838709676 -0.74443548387096758
decision_type=2 2 2 2 2 2 2 2 2 2 2 2 2 2 2 2 2 2 2 2 2 2 2
left_child=2 20 5 4 -4 12 7 11 -9 16 -11 -7 13 14 -1 -15 -8 19 -19 -14 21 -2 -23
right_child=1 -3 3 -5 -6 6 9 8 -10 10 -12 -13 17 15 -16 -17 -18 18 -20 -21 -22 22 -24
leaf_value=0.010623521774720687 -0.026962271265685556 0.16221444739401342 0.0076464916684705272 0.056140540582127862 -0.13298628750981556 -0.0011636896887582461 0.0017379590958886432 0.0038421697151311235 0.045226070996787812 -0.00055866284103229125 -0.048438071773077046 0.0060372491416413911 -0.00046545797697737624 -0.0018402287003517225 0.048739640626590697 0.014786612244206481 -0.017702996871421035 -0.00084573077757302761 0.0033082097183321025 0.029619813774313244 -0.028974967295160657 0.0064043168183416125 -0.0065756635263096545
leaf_weight=52 20 20 23 24 27 9519 153 53 27 29 36 390 14046 511 48 144 71 3731 4590 21 26 20 24
leaf_count=52 20 20 23 24 27 9519 153 53 27 29 36 390 14046 511 48 144 71 3731 4590 21 26 20 24
internal_value=-2.42309e-13 0.0174724 -5.73806e-05 -0.0279377 -0.0682952 4.35124e-06 -0.000977707 -0.000730593 0.0178092 -0.00951895 -0.0270765 -0.000880274 0.000440492 0.00540509 0.0289193 0.00181514 -0.00442413 0.000273068 0.00144565 -0.000420545 -0.0146925 -0.00889023 -0.000675672
internal_weight=33605 110 33495 74 50 33421 10278 9989 80 289 65 9909 23143 755 100 655 224 22388 8321 14067 90 64 44
internal_count=33605 110 33495 74 50 33421 10278 9989 80 289 65 9909 23143 755 100 655 224 22388 8321 14067 90 64 44
is_linear=0
shrinkage=0.03


Tree=218
num_leaves=20
num_cat=0
split_feature=0 4 5 4 1 3 21 2 25 25 3 1 5 17 0 5 6 5 23
split_gain=35.8443 288.666 240.243 31.7924 16.1357 64.9259 64.0846 56.845 54.4466 34.5366 34.6143 68.0658 58.9202 17.308 72.3533 32.859 10.7628 5.28922 2.66396
threshold=55.510000000000005 20.115000000000006 0.97205000000000008 37.110000000000007 26.815000000000001 22.075000000000003 6.5000000000000009 30.925000000000004 -0.52580645161290318 0.32177419354838693 24.255000000000006 29.695000000000004 0.54010000000000014 44.500000000000007 5.1250000000000009 0.97205000000000008 17.947700000000001 0.78565000000000007 3.5000000000000004
decision_type=2 2 2 2 2 2 2 2 2 2 2 2 2 2 2 2 2 2 2
left_child=3 -2 -3 4 5 13 8 -8 -7 10 12 -12 -6 15 -15 -1 17 -5 -18
right_child=1 2 -4 16 9 6 7 -9 -10 -11 11 -13 -14 14 -16 -17 18 -19 -20
leaf_value=-0.00032817736221865305 -0.055115480887992632 0.13230275690555571 0.00067752634103481586 -0.018612118488627261 -0.00067051300389321569 0.021151819961090737 0.00012027028567513548 0.012083296807322267 0.0040458559752547772 -0.038418406938964672 0.0078450925868418821 -0.0007530881772329313 -0.0071425011772416553 -0.00044451078843525389 0.0087016445588254301 -0.0060182551501075723 -0.0016690019935730004 -0.038666129641234871 -0.014831197031470946
leaf_weight=12097 29 24 26 29 5925 340 2006 435 330 22 1078 3582 1610 4044 964 988 31 20 25
leaf_count=12097 29 24 26 29 5925 340 2006 435 330 22 1078 3582 1610 4044 964 988 31 20 25
internal_value=2.97617e-12 0.020184 0.0638576 -4.75611e-05 4.22071e-06 0.000504576 0.00450795 0.00225215 0.0127265 -0.000864203 -0.000796455 0.00123593 -0.00205338 -0.000183785 0.00131605 -0.000757814 -0.0165295 -0.0267974 -0.00754498
internal_weight=33605 79 50 33526 33421 21204 3111 2441 670 12217 12195 4660 7535 18093 5008 13085 105 49 56
internal_count=33605 79 50 33526 33421 21204 3111 2441 670 12217 12195 4660 7535 18093 5008 13085 105 49 56
is_linear=0
shrinkage=0.03


Tree=219
num_leaves=23
num_cat=0
split_feature=4 9 0 25 3 22 22 0 1 3 22 0 26 1 25 5 1 3 22 19 6 22
split_gain=36.755 563.998 62.4436 264.783 107.433 15.949 55.7673 145.276 43.8905 55.3195 97.0617 54.2784 100.055 43.8507 42.319 34.1643 30.996 27.8349 17.3782 12.0501 8.99751 4.26169
threshold=37.110000000000007 1.6500000000000001 55.510000000000005 -0.0012903225806452302 21.365000000000006 144.50000000000003 127.50000000000001 5.6150000000000011 25.695000000000004 21.295000000000005 262.50000000000006 3.0050000000000003 -0.9956247311827956 32.205000000000005 -0.19527419354838704 0.54840000000000011 24.245000000000001 22.815000000000001 121.50000000000001 7.3500000000000005 17.947700000000001 208.50000000000003
decision_type=2 2 2 2 2 2 2 2 2 2 2 2 2 2 2 2 2 2 2 2 2 2
left_child=2 -2 5 -4 -5 6 14 17 9 16 -11 19 -13 -9 18 -16 -7 -8 -1 -10 -3 -22
right_child=1 20 3 4 -6 8 7 13 11 10 -12 12 -14 -15 15 -17 -18 -19 -20 -21 21 -23
leaf_value=0.00030603566031804945 0.1614148942530155 -0.026883200639311006 -0.096309777431190013 -0.025519353397514509 0.06833259233406612 0.00016738738760833702 -0.005476771580709981 0.023491934013776958 -0.0025628891386492358 0.0010873299322397912 0.014152462784075868 -0.071145545830103477 -0.0067013601706658625 -0.016739729115596184 -0.010658478678374644 -0.055048386186361313 -0.0047870737004454484 0.0034007104396147595 -0.004538332741062261 0.00064137880039440154 -0.0009081059452146292 -0.018002843558788301
leaf_weight=15702 20 34 30 23 21 4353 414 392 2208 2434 648 22 1503 26 71 20 1538 1369 696 2025 35 21
leaf_count=15702 20 34 30 23 21 4353 414 392 2208 2434 648 22 1503 26 71 20 1538 1369 696 2025 35 21
internal_value=-9.18017e-14 0.017313 -5.6857e-05 -0.0275845 0.0192736 4.09408e-06 0.000585916 0.00507124 -0.000734094 0.000577675 0.00383431 -0.00277829 -0.00763105 0.0209895 -1.27981e-05 -0.0204145 -0.0011261 0.00133942 0.00010042 -0.00103002 -0.0147097 -0.00731863
internal_weight=33605 110 33495 74 44 33421 18690 2201 14731 8973 3082 5758 1525 418 16489 91 5891 1783 16398 4233 90 56
internal_count=33605 110 33495 74 44 33421 18690 2201 14731 8973 3082 5758 1525 418 16489 91 5891 1783 16398 4233 90 56
is_linear=0
shrinkage=0.03


Tree=220
num_leaves=23
num_cat=0
split_feature=0 9 22 4 1 3 22 25 11 3 5 1 6 0 1 3 22 5 18 25 3 24
split_gain=35.3599 293.95 292.813 31.094 15.7059 61.5873 112.303 76.2116 48.6435 26.9 82.043 44.3496 67.6963 40.0156 21.2923 59.7 39.1319 17.4769 11.4496 8.72235 5.86965 4.9642
threshold=55.510000000000005 1.8500000000000003 204.50000000000003 37.110000000000007 28.495000000000001 23.535000000000004 180.50000000000003 -1.0258091397849463 -36.499999999999993 24.595000000000002 0.73155000000000014 31.255000000000006 16.639450000000004 12.955000000000002 26.055000000000003 20.745000000000001 118.50000000000001 0.83805000000000007 32.500000000000007 -0.17766666666666656 22.135000000000002 4.5000000000000009
decision_type=2 2 2 2 2 2 2 2 2 2 2 2 2 2 2 2 2 2 2 2 2 2
left_child=3 -2 -3 4 5 14 7 -7 -8 10 19 12 -11 -12 15 -1 -16 -13 20 -6 -5 -20
right_child=1 2 -4 18 9 6 8 -9 -10 11 13 17 -14 -15 16 -17 -18 -19 21 -21 -22 -23
leaf_value=-0.00054878471648249104 0.10509650338590144 0.038596041166456416 -0.10358015729622407 -0.03733575349673629 -0.0011921602166455223 0.028357899770648641 -0.019507924271051153 0.0068324599223824924 0.0020844184993001275 0.019492856639320964 -0.011694387610877257 -0.0011756638117466636 0.0018569013976899541 -0.040088623476773493 0.00062275468803276975 0.0032922599576895341 -0.0041198475043920171 -0.010496116338938887 0.0038403771250792168 -0.019343033067416398 -0.016945389219456247 -0.014554542955611982
leaf_weight=13148 25 32 22 24 3318 264 107 337 767 235 419 2009 1177 50 3490 5037 2840 199 23 24 27 31
leaf_count=13148 25 32 22 24 3318 264 107 337 767 235 419 2009 1177 50 3490 5037 2840 199 23 24 27 31
internal_value=-7.43107e-12 0.0200471 -0.0193276 -4.72386e-05 3.97125e-06 0.000351719 0.00630537 0.0162879 -0.000559038 -0.00121228 -0.00297145 0.000639712 0.00479206 -0.0147215 -6.49648e-06 0.000515133 -0.00150505 -0.00201569 -0.0163471 -0.00132251 -0.0265409 -0.00671967
internal_weight=33605 79 54 33526 33421 25990 1475 601 874 7431 3811 3620 1412 469 24515 18185 6330 2208 105 3342 51 54
internal_count=33605 79 54 33526 33421 25990 1475 601 874 7431 3811 3620 1412 469 24515 18185 6330 2208 105 3342 51 54
is_linear=0
shrinkage=0.03


Tree=221
num_leaves=24
num_cat=0
split_feature=4 26 0 23 23 22 0 22 2 23 22 0 7 23 22 22 9 0 13 22 0 2 3
split_gain=35.9335 541.219 60.6516 259.678 253.812 15.5777 52.5167 123.955 103.764 41.3583 41.1402 63.293 112.974 40.4622 69.0926 40.474 20.6797 13.8346 8.63249 25.7251 19.8544 5.76119 3.32329
threshold=37.110000000000007 -0.10503225806451603 55.510000000000005 3.5000000000000004 2.5000000000000004 144.50000000000003 5.0550000000000006 110.50000000000001 38.815000000000005 2.5000000000000004 158.50000000000003 5.3050000000000006 74.184400000000025 1.5000000000000002 194.50000000000003 204.50000000000003 2.8500000000000005 5.0550000000000006 0.11000000000000001 121.50000000000001 3.6450000000000005 29.015000000000004 23.775000000000002
decision_type=2 2 2 2 2 2 2 2 2 2 2 2 2 2 2 2 2 2 2 2 2 2 2
left_child=2 -2 5 4 -4 6 18 9 -9 -8 11 16 -13 15 -15 -12 -7 21 20 -20 -1 -3 -23
right_child=1 17 3 -5 -6 10 7 8 -10 -11 13 12 -14 14 -16 -17 -18 -19 19 -21 -22 22 -24
leaf_value=0.00019711844563566368 0.15411093363272294 0.0043566594499608747 0.0071122829988598821 0.053929214524105186 -0.12850545292099316 -0.00046456199357414857 -0.0074332409050751821 0.018277387032705025 -0.017012280667466774 0.0036955524420379587 -0.0089941520779393616 -0.077324377976614858 -0.01112301779910922 0.0063877365393923118 -0.0003423967797758689 -0.001267881273089454 -0.0083508477774416005 -0.033617343211976382 -0.00014298917374365252 -0.0062641831017234521 0.0060079389440053617 -0.023133696511387823 -0.0058393044183030728
leaf_weight=10981 21 23 23 24 27 792 498 699 84 758 768 29 116 1661 7914 2970 481 26 4395 719 556 20 20
leaf_count=10981 21 23 23 24 27 792 498 699 84 758 768 29 116 1661 7914 2970 481 26 4395 719 556 20 20
internal_value=-5.05967e-12 0.0171184 -5.6218e-05 -0.027186 -0.0661213 3.85212e-06 0.000578862 0.00512326 0.0144915 -0.000716979 -0.000725693 -0.00558348 -0.0243633 -0.000208279 0.000825097 -0.0028553 -0.00344438 -0.0152057 2.23762e-05 -0.0010036 0.000477158 -0.00760725 -0.0144865
internal_weight=33605 110 33495 74 50 33421 18690 2039 783 1256 14731 1418 145 13313 9575 3738 1273 89 16651 5114 11537 63 40
internal_count=33605 110 33495 74 50 33421 18690 2039 783 1256 14731 1418 145 13313 9575 3738 1273 89 16651 5114 11537 63 40
is_linear=0
shrinkage=0.03


Tree=222
num_leaves=20
num_cat=0
split_feature=0 22 25 4 25 23 22 3 25 22 22 7 0 0 4 5 18 26 25
split_gain=34.9025 281.364 111.739 30.4403 15.8569 43.6335 43.296 28.5049 22.0034 26.3706 42.1551 21.1677 38.9665 29.6922 19.0845 15.7498 11.4838 6.35806 4.77751
threshold=55.510000000000005 202.50000000000003 2.2654354838709683 37.110000000000007 4.2306451612903233 3.5000000000000004 204.50000000000003 21.045000000000005 1.7651881720430111 158.50000000000003 168.50000000000003 74.47975000000001 35.95000000000001 5.0550000000000006 16.885000000000002 0.97205000000000008 32.500000000000007 0.16612903225806477 -0.74443548387096758
decision_type=2 2 2 2 2 2 2 2 2 2 2 2 2 2 2 2 2 2 2
left_child=3 2 -2 4 8 6 14 15 11 -10 -11 12 -1 -13 -6 -7 17 -5 -18
right_child=1 -3 -4 16 5 7 -8 -9 9 10 -12 13 -14 -15 -16 -17 18 -19 -20
leaf_value=-0.0012943232075965396 -0.068370871297441987 0.088531546248123053 0.024670473911932538 -0.016783223668379445 0.0086558243746940912 0.006387548461659915 0.042158225659619672 -0.043622942610006578 -0.025193862526544503 0.043401703760027881 0.0061534208388890604 -1.1415516788954783e-05 0.032948317684233189 0.0028818643681909253 -0.021859027774738412 -0.027395401089249746 0.00086605521559249602 -0.038070767421437349 -0.017294647510756146
leaf_weight=9844 26 32 21 28 39 27 22 38 21 30 309 19173 30 3830 35 23 32 23 22
leaf_count=9844 26 32 21 28 39 27 22 38 21 30 309 19173 30 3830 35 23 32 23 22
internal_value=1.0277e-12 0.019917 -0.0267992 -4.69321e-05 3.73656e-06 -0.00877886 0.00520825 -0.0240375 5.2357e-05 0.00742885 0.00944973 -2.84149e-05 -0.00119028 0.000470316 -0.00577688 -0.00915261 -0.0161745 -0.0263835 -0.00653275
internal_weight=33605 79 47 33526 33421 184 96 88 33237 360 339 32877 9874 23003 74 50 105 51 54
internal_count=33605 79 47 33526 33421 184 96 88 33237 360 339 32877 9874 23003 74 50 105 51 54
is_linear=0
shrinkage=0.03


Tree=223
num_leaves=23
num_cat=0
split_feature=4 9 0 23 23 22 0 22 1 1 5 12 9 22 0 22 25 0 22 18 23 24
split_gain=35.2188 523.382 59.0677 243.177 235.926 14.9625 49.1557 129.419 62.6665 44.0624 60.8265 45.2479 39.8596 38.0738 34.3371 29.5203 28.2946 21.2665 16.3825 8.58216 7.0534 4.50617
threshold=37.110000000000007 1.6500000000000001 55.510000000000005 3.5000000000000004 2.5000000000000004 145.50000000000003 6.3250000000000011 127.50000000000001 28.395000000000003 26.895000000000003 0.5968500000000001 0.53500000000000014 1.6500000000000001 135.50000000000003 35.95000000000001 314.50000000000006 -0.31401881720430108 4.535000000000001 93.500000000000014 32.500000000000007 4.5000000000000009 4.5000000000000009
decision_type=2 2 2 2 2 2 2 2 2 2 2 2 2 2 2 2 2 2 2 2 2 2
left_child=2 -2 5 4 -4 6 16 8 -8 12 20 -12 15 -9 -14 -7 18 -18 -1 -3 -11 -21
right_child=1 19 3 -5 -6 9 7 13 -10 10 11 -13 14 -15 -16 -17 17 -19 -20 21 -22 -23
leaf_value=-0.00034686263147694796 0.15576359129324555 -0.025246812993039686 0.0060992158949375154 0.051666898906696589 -0.12465265959501265 0.0074890410317280118 0.0041921536098970067 0.030635845217698566 -0.012830841201272361 -0.0024140548553451507 -0.04014939615006248 -0.0091913567587557279 -0.00080315985313744015 0.011993031196334663 0.015281119905392953 -0.00032838150229789733 -0.0052081336444825864 -0.02832233390555932 0.0016546068884109391 0.0037243236212626749 0.0011686704026147104 -0.013801447168713616
leaf_weight=11307 20 36 23 24 27 1058 932 180 246 1850 45 762 9353 218 121 738 440 39 5457 23 675 31
leaf_count=11307 20 36 23 24 27 1058 932 180 246 1850 45 762 9353 218 121 738 440 39 5457 23 675 31
internal_value=-4.28827e-12 0.0169473 -5.56561e-05 -0.0268288 -0.0645068 3.62446e-06 0.000562766 0.00563429 0.000637267 -0.000716995 -0.0037478 -0.0109176 0.00017907 0.0204245 -0.000597735 0.00427676 9.92324e-05 -0.00709008 0.000304654 -0.0139008 -0.0014563 -0.00633677
internal_weight=33605 110 33495 74 50 33421 18819 1576 1178 14602 3332 807 11270 398 9474 1796 17243 479 16764 90 2525 54
internal_count=33605 110 33495 74 50 33421 18819 1576 1178 14602 3332 807 11270 398 9474 1796 17243 479 16764 90 2525 54
is_linear=0
shrinkage=0.03


Tree=224
num_leaves=23
num_cat=0
split_feature=0 3 25 4 0 0 15 1 5 3 26 4 3 2 3 2 25 5 5 26 5 4
split_gain=34.4159 287.148 187.854 30.0723 46.4634 18.5488 17.2099 23.701 62.716 38.3541 20.0057 66.063 21.3381 17.0044 28.1067 26.113 24.432 9.61482 20.4916 14.7361 9.49693 6.08196
threshold=55.510000000000005 23.115000000000006 2.5754838709677421 34.120000000000012 13.655000000000003 22.875000000000004 0.03500000000000001 27.355000000000004 0.83805000000000007 22.075000000000003 -0.26020215053763435 12.235000000000001 23.115000000000006 34.305000000000007 22.785000000000004 26.735000000000003 4.2306451612903233 0.5968500000000001 0.92055000000000009 0.085793548387096991 0.38585000000000008 37.110000000000007
decision_type=2 2 2 2 2 2 2 2 2 2 2 2 2 2 2 2 2 2 2 2 2 2
left_child=3 2 -2 5 17 6 10 9 -9 -8 11 -1 -12 14 16 -16 -7 20 19 -19 21 -5
right_child=1 -3 -4 4 -6 13 7 8 -10 -11 12 -13 -14 -15 15 -17 -18 18 -20 -21 -22 -23
leaf_value=0.027922359731979665 -0.080494619734261336 0.11801396584510804 0.029264886192977426 -0.00068733928034988017 -0.041803424860749928 0.01210913962302378 -0.0012004703262472472 -0.0019272786437278121 -0.016941322402786663 0.0045333511072869889 -0.00032535190383662174 0.0017406891117517521 0.0017871462332313445 0.032001172282866065 -0.037533225579695267 -0.001587635311165026 -0.0065318390802492068 -0.011634012799371372 0.0051215974442087682 -0.040477056866884235 0.012166650100396229 -0.014635403798176691
leaf_weight=100 23 20 36 101 35 318 6176 2299 281 1265 15997 654 5887 21 22 105 79 44 39 25 39 39
leaf_count=100 23 20 36 101 35 318 6176 2299 281 1265 15997 654 5887 21 22 105 79 44 39 25 39 39
internal_value=4.47631e-12 0.0197777 -0.0135227 -4.66038e-05 -0.00917051 4.18764e-05 -4.97204e-05 -0.0010848 -0.00356253 -0.000225698 0.000408469 0.00521306 0.00024293 0.00553079 0.00446996 -0.00781443 0.00839973 -0.00519088 -0.01226 -0.0220844 -0.000925713 -0.00457287
internal_weight=33605 79 59 33526 322 33204 32659 10021 2580 7441 22638 754 21884 545 524 127 397 287 108 69 179 140
internal_count=33605 79 59 33526 322 33204 32659 10021 2580 7441 22638 754 21884 545 524 127 397 287 108 69 179 140
is_linear=0
shrinkage=0.03


end of trees

feature_importances:
forecast_rainfall=1342
day_of_year=1001
forecast_temperature_min=578
hist_rain_bias=554
forecast_temperature_max=503
forecast_temperature=388
forecast_rain_probability=364
forecast_wind=274
longitude=184
hist_temp_bias=181
day_of_week=167
lead_days=161
elevation_m=119
month=94
latitude=67
cropland_frac=56
slope_deg=53
soil_clay_pct=43
soil_ph=37
soil_sand_pct=29
elev_diff=26
forest_frac=25
builtup_frac=20
soil_silt_pct=20
aspect_deg=17
water_frac=17
soil_organic_carbon_pct=9

parameters:
[boosting: gbdt]
[objective: regression]
[metric: l1]
[tree_learner: serial]
[device_type: cpu]
[data_sample_strategy: bagging]
[data: ]
[valid: ]
[num_iterations: 400]
[learning_rate: 0.03]
[num_leaves: 31]
[num_threads: 0]
[seed: 42]
[deterministic: 0]
[force_col_wise: 0]
[force_row_wise: 0]
[histogram_pool_size: -1]
[max_depth: 6]
[min_data_in_leaf: 20]
[min_sum_hessian_in_leaf: 0.001]
[bagging_fraction: 0.8]
[pos_bagging_fraction: 1]
[neg_bagging_fraction: 1]
[bagging_freq: 0]
[bagging_seed: 400]
[bagging_by_query: 0]
[feature_fraction: 0.8]
[feature_fraction_bynode: 1]
[feature_fraction_seed: 30056]
[extra_trees: 0]
[extra_seed: 12879]
[early_stopping_round: 0]
[early_stopping_min_delta: 0]
[first_metric_only: 0]
[max_delta_step: 0]
[lambda_l1: 0]
[lambda_l2: 0]
[linear_lambda: 0]
[min_gain_to_split: 0]
[drop_rate: 0.1]
[max_drop: 50]
[skip_drop: 0.5]
[xgboost_dart_mode: 0]
[uniform_drop: 0]
[drop_seed: 17869]
[top_rate: 0.2]
[other_rate: 0.1]
[min_data_per_group: 100]
[max_cat_threshold: 32]
[cat_l2: 10]
[cat_smooth: 10]
[max_cat_to_onehot: 4]
[top_k: 20]
[monotone_constraints: ]
[monotone_constraints_method: basic]
[monotone_penalty: 0]
[feature_contri: ]
[forcedsplits_filename: ]
[refit_decay_rate: 0.9]
[cegb_tradeoff: 1]
[cegb_penalty_split: 0]
[cegb_penalty_feature_lazy: ]
[cegb_penalty_feature_coupled: ]
[path_smooth: 0]
[interaction_constraints: ]
[verbosity: -1]
[saved_feature_importance_type: 0]
[use_quantized_grad: 0]
[num_grad_quant_bins: 4]
[quant_train_renew_leaf: 0]
[stochastic_rounding: 1]
[linear_tree: 0]
[max_bin: 255]
[max_bin_by_feature: ]
[min_data_in_bin: 3]
[bin_construct_sample_cnt: 200000]
[data_random_seed: 175]
[is_enable_sparse: 1]
[enable_bundle: 1]
[use_missing: 1]
[zero_as_missing: 0]
[feature_pre_filter: 1]
[pre_partition: 0]
[two_round: 0]
[header: 0]
[label_column: ]
[weight_column: ]
[group_column: ]
[ignore_column: ]
[categorical_feature: ]
[forcedbins_filename: ]
[precise_float_parser: 0]
[parser_config_file: ]
[objective_seed: 16083]
[num_class: 1]
[is_unbalance: 0]
[scale_pos_weight: 1]
[sigmoid: 1]
[boost_from_average: 1]
[reg_sqrt: 0]
[alpha: 0.9]
[fair_c: 1]
[poisson_max_delta_step: 0.7]
[tweedie_variance_power: 1.5]
[lambdarank_truncation_level: 30]
[lambdarank_norm: 1]
[label_gain: ]
[lambdarank_position_bias_regularization: 0]
[eval_at: ]
[multi_error_top_k: 1]
[auc_mu_weights: ]
[num_machines: 1]
[local_listen_port: 12400]
[time_out: 120]
[machine_list_filename: ]
[machines: ]
[gpu_platform_id: -1]
[gpu_device_id: -1]
[gpu_device_id_list: ]
[gpu_use_dp: 0]
[num_gpu: 1]

end of parameters

pandas_categorical:null
