tree
version=v4
num_class=1
num_tree_per_iteration=1
label_index=0
max_feature_idx=26
objective=regression
average_output
feature_names=forecast_rainfall forecast_temperature forecast_temperature_max forecast_temperature_min forecast_wind forecast_rain_probability latitude longitude elevation_m slope_deg aspect_deg elev_diff cropland_frac forest_frac builtup_frac water_frac soil_clay_pct soil_sand_pct soil_silt_pct soil_ph soil_organic_carbon_pct month day_of_year day_of_week lead_days hist_rain_bias hist_temp_bias
feature_infos=[0:167.75999999999999] [16.91:37.340000000000003] [18.850000000000001:44.590000000000003] [8.6799999999999997:33.020000000000003] [1:55.509999999999998] [0.02:0.97999999999999998] [12.833299999999999:19.261099999999999] [73.683300000000003:79.623400000000004] [275:950] [1.2:14.199999999999999] [80:270] [-59:158] [0.29999999999999999:0.81999999999999995] [0.01:0.55000000000000004] [0.040000000000000001:0.40000000000000002] [0.02:0.080000000000000002] [25:52] [18:52] [22:35] [5.9000000000000004:8.0999999999999996] [0.41999999999999998:1.3999999999999999] [1:12] [1:365] [0:6] [1:5] [-4.5377419354838713:8.8641935483870977] [-1.1389032258064518:0.4315483870967744]
tree_sizes=2652 2664 2636 2650 2648 2647 2635 2638 2646 2656 2659 2667 2665 2669 2679 2668 2669 2650 2659 2662 2643 2653 2644 2650 2660 2683 2654 2639 2655 2661 2667 2654 2653 2666 2668 2657 2660 2651 2653 2649 2657 2664 2648 2659 2656 2655 2646 2644 2672 2667 2650 2653 2656 2657 2639 2665 2656 2673 2633 2642 2681 2643 2676 2641 2655 2642 2686 2659 2636 2664 2653 2661 2666 2670 2661 2658 2662 2662 2667 2648 2674 2666 2666 2657 2666 2656 2646 2639 2658 2652 2658 2664 2644 2662 2641 2653 2659 2626 2647 2649 2653 2665 2646 2645 2664 2666 2650 2650 2654 2662 2682 2667 2658 2668 2651 2653 2645 2644 2657 2663

Tree=0
num_leaves=31
num_cat=0
split_feature=0 0 0 22 0 0 0 0 22 22 22 1 22 0 9 0 0 24 22 1 0 22 0 9 1 9 24 1 0 9
split_gain=748166 166189 110851 27306.4 18930.9 18240.9 17016.4 12137.6 5169.36 4588.17 4386.69 4537.65 4329.22 4066.58 3384.27 2891.88 2395.04 2204.57 2000.32 2097.01 1831.45 1690.2 1728.96 1487.8 1399.64 1382.79 1235.97 1201.79 1144.74 1140.13
threshold=19.395000000000003 45.055000000000007 7.495000000000001 110.50000000000001 12.320000000000002 29.145000000000003 55.510000000000005 3.6450000000000005 124.50000000000001 202.50000000000003 276.50000000000006 29.245000000000001 278.50000000000006 35.95000000000001 3.5000000000000004 15.075000000000001 24.73 2.5000000000000004 274.50000000000006 28.495000000000001 8.9350000000000005 126.50000000000001 1.7150000000000001 9.5000000000000018 28.495000000000001 9.5000000000000018 2.5000000000000004 24.595000000000002 5.7150000000000007 5.1500000000000012
decision_type=2 2 2 2 2 2 2 2 2 2 2 2 2 2 2 2 2 2 2 2 2 2 2 2 2 2 2 2 2 2
left_child=2 5 7 17 10 16 14 21 -9 -8 11 20 15 23 -3 24 29 -4 19 28 -5 -1 -23 -7 -6 -15 -12 -17 -10 -2
right_child=1 6 3 4 12 13 9 8 18 -11 26 -13 -14 25 -16 27 -18 -19 -20 -21 -22 22 -24 -25 -26 -27 -28 -29 -30 -31
leaf_value=0.084836356961087489 20.463414438356565 45.800002362294812 11.290908849074397 7.0054284034451939 13.180070942934536 30.252999757038236 72.458332780109529 0.62141392627168135 3.8263090352154312 90.308334909982165 9.5230767115864126 1.7069306534290192 4.6437499653366014 38.652382252010099 61.229546571696659 18.392090222648548 26.860317449022869 1.0709615272813193 1.5737777544789981 1.6621018880104175 9.9497183672703766 0.41317203823853976 1.4064806819542222 38.618520148149251 6.7871793631091215 48.755001595722312 2.167021234494976 14.360629595441052 5.8277776669197756 25.590908820897656
leaf_weight=11244 205 21 22 350 281 100 36 976 783 24 26 101 48 42 44 177 126 520 450 314 533 7068 2330 27 39 20 188 127 450 55
leaf_count=11244 205 21 22 350 281 100 36 976 783 24 26 101 48 42 44 177 126 520 450 314 533 7068 2330 27 39 20 188 127 450 55
internal_value=2.14576 34.4074 1.27808 7.73557 9.54701 27.2233 67.4544 0.618522 2.5076 79.5983 7.16402 8.0564 13.7952 35.2725 56.2446 14.4992 23.2821 1.48579 3.42944 3.96923 8.78267 0.346444 0.659438 32.0315 12.4009 41.9113 3.06075 16.7079 4.55677 21.5481
internal_weight=26727 700 26027 2412 1870 575 125 23615 2973 60 1198 984 672 189 65 624 386 542 1997 1547 883 20642 9398 127 320 62 214 304 1233 260
internal_count=26727 700 26027 2412 1870 575 125 23615 2973 60 1198 984 672 189 65 624 386 542 1997 1547 883 20642 9398 127 320 62 214 304 1233 260
is_linear=0
shrinkage=1


Tree=1
num_leaves=31
num_cat=0
split_feature=5 2 22 22 6 6 22 22 2 2 25 4 5 2 25 1 25 22 22 2 4 9 22 25 6 22 25 1 2 3
split_gain=361959 180894 51830.5 39957.2 39924.4 30329.1 40971.1 22416.2 18208 15631.3 15311.5 13726.4 11746.2 11681.5 9645.79 10252.9 7076.78 6695.05 6164.97 9560.32 5562.95 3869.65 3970.05 3511.75 3409.96 3203.48 2807.03 2474.98 2380.51 2195.62
threshold=0.87955000000000017 25.405000000000005 208.50000000000003 116.50000000000001 16.639450000000004 18.100050000000003 202.50000000000003 276.50000000000006 33.225000000000001 21.925000000000004 4.2306451612903233 17.695000000000004 0.75455000000000017 23.285000000000004 -2.9043548387096769 26.195000000000004 -0.63928494623655918 188.50000000000003 74.500000000000014 31.185000000000006 19.675000000000004 13.350000000000001 216.50000000000003 -0.70428947368421035 14.099000000000002 121.50000000000001 -0.18795161290322573 30.735000000000003 34.675000000000004 20.965000000000003
decision_type=2 2 2 2 2 2 2 2 2 2 2 2 2 2 2 2 2 2 2 2 2 2 2 2 2 2 2 2 2 2
left_child=10 2 4 18 9 6 11 8 14 17 12 -6 26 -13 15 -5 -14 -2 -3 -20 25 -4 -23 -9 -11 -16 -1 -10 29 -21
right_child=1 3 21 7 5 -7 -8 23 27 24 -12 13 16 -15 20 -17 -18 -19 19 28 -22 22 -24 -25 -26 -27 -28 -29 -30 -31
leaf_value=0.2785445081499982 51.195000508533596 0.019011409703682869 11.019117530234514 43.870001891361355 28.249206020020317 15.014705885439152 74.462792094677624 2.1247933565433881 7.1087612073971638 11.348333258536142 26.959091102911984 62.656249943481562 1.7114606530199179 36.564864516122576 21.547272993052864 15.767567386362661 6.4436733920882823 28.878048987102069 14.692857020205937 0.71874995838272637 10.399056470933893 28.955172928246061 15.709708550215424 9.520512616052601 21.170930061543341 13.646874929124646 1.6776341201791929 1.8552845631036794 0.73831774112094628 9.1788234446600114
leaf_weight=19636 20 526 136 20 63 34 43 363 331 60 22 32 890 37 55 37 490 41 84 48 742 29 103 78 86 768 1547 123 214 85
leaf_count=19636 20 526 136 20 63 34 43 363 331 60 22 32 890 37 55 37 490 41 84 48 742 29 103 78 86 768 1547 123 214 85
internal_value=2.16914 10.7433 25.608 7.81658 32.595 42.3445 47.6543 9.90779 11.2832 22.7512 0.590591 38.9212 0.564881 48.6652 12.8501 25.6281 3.39174 36.1951 2.31651 5.12042 12.3847 14.7627 18.6197 3.43288 17.1342 14.1748 0.38072 5.68546 2.80317 6.12556
internal_weight=26743 4158 684 3474 416 209 175 2517 2076 207 22585 132 22563 69 1622 57 1380 61 957 431 1565 268 132 441 146 823 21183 454 347 133
internal_count=26743 4158 684 3474 416 209 175 2517 2076 207 22585 132 22563 69 1622 57 1380 61 957 431 1565 268 132 441 146 823 21183 454 347 133
is_linear=0
shrinkage=1


Tree=2
num_leaves=31
num_cat=0
split_feature=0 0 0 22 0 0 0 0 2 22 22 0 2 13 2 24 0 26 22 22 0 8 24 24 8 0 22 1 22 22
split_gain=787550 177862 115748 25009.2 21181.7 19248.7 16965 12594 8485.78 7121.81 5649.24 4622.49 4416.91 3839.57 2759.88 2704.78 2319.1 2069.06 2057.91 2038.53 2267.87 1685.8 1647.03 1514.31 1496.89 1392.23 1288.19 1735.37 1215.03 1174.95
threshold=19.395000000000003 45.055000000000007 8.9350000000000005 114.50000000000001 55.510000000000005 4.0650000000000004 29.145000000000003 14.585000000000003 25.845000000000002 114.50000000000001 282.50000000000006 35.95000000000001 35.525000000000013 0.11000000000000001 28.035000000000004 2.5000000000000004 24.73 -1.0031666666666663 286.50000000000006 126.50000000000001 1.7150000000000001 785.00000000000011 1.5000000000000002 2.5000000000000004 785.00000000000011 10.525 276.50000000000006 28.875000000000004 328.50000000000006 74.500000000000014
decision_type=2 2 2 2 2 2 2 2 2 2 2 2 2 2 2 2 2 2 2 2 2 2 2 2 2 2 2 2 2 2
left_child=2 6 5 15 13 19 16 10 17 -7 12 -8 25 -3 28 -4 -2 -6 24 -1 -21 -13 -16 -12 -9 -5 27 -24 -11 -17
right_child=1 4 3 7 8 9 11 18 -10 14 23 21 -14 -15 22 29 -18 -19 -20 20 -22 -23 26 -25 -26 -27 -28 -29 -30 -31
leaf_value=0.089466884551006931 21.86953102081436 44.263638694554878 12.127999757038237 9.2170416047916071 92.935713123955438 0.68031144953831091 31.577343735204817 15.18586929472692 62.86500182460415 6.2391914431823245 11.442857007433512 38.54782744384562 3.1879517316082691 60.571429880140329 6.2284882598511757 0.010638299944003116 27.152845550537446 79.804762014568823 5.9399999530183081 0.41720579507260003 1.5020493310531031 49.545001748310206 4.2401533895081496 2.3052631297893433 19.82473106846717 11.942160799902277 1.2061538242404926 1.3077205682685311 1.396491202295189 3.6381943860788866
leaf_weight=11611 256 22 25 311 28 899 128 276 20 569 21 46 83 42 172 235 123 21 20 7172 2635 20 782 133 93 472 325 272 57 144
leaf_count=11611 256 22 25 311 28 899 128 276 20 569 21 46 83 42 172 235 123 21 20 7172 2635 20 782 133 93 472 325 272 57 144
internal_value=2.16417 35.1241 1.27963 8.98958 68.0692 0.708949 27.4771 10.9784 80.2232 3.04815 9.13206 35.0825 10.1245 54.9656 4.02595 2.05347 23.5842 87.3082 15.8195 0.372999 0.708688 41.8803 3.31064 3.5513 16.355 10.8598 2.9467 3.4834 5.79824 1.38892
internal_weight=27013 706 26307 1813 133 24494 573 1409 69 3076 1020 194 866 64 2177 404 379 49 389 21418 9807 66 1551 154 369 783 1379 1054 626 379
internal_count=27013 706 26307 1813 133 24494 573 1409 69 3076 1020 194 866 64 2177 404 379 49 389 21418 9807 66 1551 154 369 783 1379 1054 626 379
is_linear=0
shrinkage=1


Tree=3
num_leaves=31
num_cat=0
split_feature=0 0 0 25 0 0 0 0 25 0 22 8 5 25 0 0 25 8 25 22 0 0 12 25 22 0 26 22 2 25
split_gain=746985 180694 93424.2 39328.3 25731.3 15271.3 12376 9906.09 7433.99 6015.13 4245.89 3561.64 3169.03 3146.36 2511.69 2144.43 1780.3 1679.33 1584.85 1476.32 1401.76 1362.64 1266.03 1213.28 1131.04 1081.06 1052.03 869.163 1564.57 724.053
threshold=17.620000000000001 45.055000000000007 6.8050000000000006 -1.153774759479343 26.785000000000004 55.510000000000005 10.525 3.1250000000000004 -0.56120967741935468 35.95000000000001 110.50000000000001 785.00000000000011 0.97205000000000008 -0.91839784946236547 12.320000000000002 14.585000000000003 -0.18795161290322573 785.00000000000011 -0.41918279569892464 286.50000000000006 22.875000000000004 19.395000000000003 0.53500000000000014 -1.7326612903225802 93.500000000000014 4.9150000000000009 -0.097193548387096665 276.50000000000006 35.355000000000011 -1.7113469156762873
decision_type=2 2 2 2 2 2 2 2 2 2 2 2 2 2 2 2 2 2 2 2 2 2 2 2 2 2 2 2 2 2
left_child=2 4 7 10 13 11 18 16 24 17 -4 -3 -7 21 27 -8 -1 -6 -5 26 -15 23 -11 -2 -9 -10 -16 28 -12 -28
right_child=1 5 3 6 9 12 15 8 25 22 14 -13 -14 20 19 -17 -18 -19 -20 -21 -22 -23 -24 -25 -26 -27 29 -29 -30 -31
leaf_value=0.2253466279471712 6.7549998671876192 45.230002167926905 0.80301002124861443 5.6438245390833561 29.224999779339544 86.992308161227129 12.376537351601224 0.18692403456603923 3.4584158301454249 48.27142991647078 6.0907690806562202 61.507318168330336 72.2303023441428 21.331223377263846 12.185293940516873 16.249528096244283 1.4272933929890956 36.561539634709696 8.7113279472553806 2.0911764568448983 25.780197927992877 19.340229791131986 38.761906206855706 16.879310175265861 1.660242569483257 5.487904878695856 3.2031248838769204 1.649726745669593 1.3028571171060581 10.30769202192524
leaf_weight=18752 20 20 598 251 156 26 439 803 606 21 195 41 33 237 68 212 1319 39 512 34 101 87 42 29 1484 463 32 183 105 26
leaf_count=18752 20 20 598 251 156 26 439 803 606 21 195 41 33 237 68 212 1319 39 512 34 101 87 42 29 1484 463 32 183 105 26
internal_value=2.15919 31.2969 1.20737 6.8293 25.4005 67.265 10.4349 0.570235 2.16049 33.4368 2.72103 56.1705 78.7356 21.0264 4.50482 13.6378 0.304335 30.6923 7.70223 7.93875 22.6607 16.9647 41.9317 12.7469 1.14294 4.33742 9.51667 3.36729 4.415 6.38793
internal_weight=26934 852 26082 2655 732 120 1414 23427 3356 258 1241 61 59 474 643 651 20071 195 763 160 338 136 63 49 2287 1069 126 483 300 58
internal_count=26934 852 26082 2655 732 120 1414 23427 3356 258 1241 61 59 474 643 651 20071 195 763 160 338 136 63 49 2287 1069 126 483 300 58
is_linear=0
shrinkage=1


Tree=4
num_leaves=31
num_cat=0
split_feature=0 0 0 25 0 0 0 25 0 3 22 0 2 8 0 25 0 22 0 0 8 12 8 8 25 22 0 0 0 8
split_gain=780646 181987 113705 37849.5 20285.5 19544.6 17533.6 12961.9 8499.16 4554.27 4424.68 4420.89 3959.98 2862.73 2773.17 2496.5 1897.89 1818.5 1736.19 1663.57 1553.35 1333.03 1058.83 1045.64 969.43 961.372 1054.02 922.075 872.343 795.129
threshold=19.395000000000003 45.055000000000007 8.9350000000000005 -1.2778225806451611 55.510000000000005 3.9450000000000007 29.145000000000003 -0.65118562535370672 14.585000000000003 20.585000000000004 202.50000000000003 35.95000000000001 35.475000000000001 785.00000000000011 24.73 -0.18795161290322573 5.9150000000000009 94.500000000000014 15.555000000000001 10.525 785.00000000000011 0.53500000000000014 672.50000000000011 645.00000000000011 -1.8455967741935482 126.50000000000001 1.7450000000000003 1.6650000000000003 15.075000000000001 785.00000000000011
decision_type=2 2 2 2 2 2 2 2 2 2 2 2 2 2 2 2 2 2 2 2 2 2 2 2 2 2 2 2 2 2
left_child=2 6 5 9 13 15 14 17 19 -4 -6 20 18 -3 22 25 -9 -7 24 -5 -8 -13 -2 -16 -11 -1 -27 -17 -14 -10
right_child=1 4 3 8 10 7 11 16 29 12 -12 21 28 -15 23 27 -18 -19 -20 -21 -22 -23 -24 -25 -26 26 -28 -29 -30 -31
leaf_value=0.082481242171160485 20.563499775634885 46.910002473102686 0.61437699631123444 9.1476508197828128 74.728570920760689 0.24552845439207194 30.110784070913322 4.4187393133536403 16.193664883985491 4.9098483553595154 91.766668225654868 48.395456078754542 0.53484847095640209 61.288889967507799 25.334408596520369 1.0025917827589941 6.9771377159552426 2.2052989790845809 13.570454251059392 12.202026806829069 38.640742172572359 38.746342772569449 25.55370346130708 31.29767456474201 8.9098212579526734 0.32780022181923907 1.1647887275472819 2.6299283097726716 7.3363635733428758 19.733707741812538
leaf_weight=11462 200 20 313 298 35 738 102 587 221 132 27 22 132 45 93 926 573 1321 44 444 27 41 54 43 112 6187 1988 558 22 89
leaf_count=11462 200 20 313 298 35 738 102 587 221 132 27 22 132 45 93 926 573 1321 44 444 27 41 54 43 112 6187 1988 558 22 89
internal_value=2.16969 34.9109 1.28188 8.93536 69.2079 0.713685 27.4268 3.00904 12.8125 3.53298 82.1484 35.2495 5.59977 56.8646 23.5756 0.363856 5.6825 1.50287 7.78854 10.9753 31.8961 42.1159 21.6244 27.2199 6.7459 0.269344 0.531339 1.61449 1.50649 17.21
internal_weight=26856 709 26147 1807 127 24340 582 3219 1052 755 62 192 442 65 390 21121 1160 2059 288 742 129 63 254 136 244 19637 8175 1484 154 310
internal_count=26856 709 26147 1807 127 24340 582 3219 1052 755 62 192 442 65 390 21121 1160 2059 288 742 129 63 254 136 244 19637 8175 1484 154 310
is_linear=0
shrinkage=1


Tree=5
num_leaves=31
num_cat=0
split_feature=0 0 0 25 0 0 0 25 0 0 2 25 0 10 25 2 0 7 0 22 10 12 25 0 0 10 22 0 0 25
split_gain=773252 175449 110484 37692 19852.3 18886.8 17309.8 12398.3 8276.18 4405.68 4133.97 4022.94 3533.36 2957.8 2883.53 2335.32 2039.56 1983.45 1936.3 1795.97 1448.56 1401.9 1215.99 1168.34 1164.63 1082.92 957.47 1103.82 951.186 885.373
threshold=19.395000000000003 45.055000000000007 8.9350000000000005 -1.2733387096774191 4.0650000000000004 55.510000000000005 29.145000000000003 -0.65118562535370672 13.285000000000002 35.95000000000001 25.135000000000002 -1.8455967741935482 12.320000000000002 240.00000000000003 -0.18795161290322573 22.755000000000006 24.73 79.153350000000017 5.9150000000000009 93.500000000000014 240.00000000000003 0.53500000000000014 -0.52868279569892462 15.555000000000001 1.925 215.00000000000003 126.50000000000001 1.7450000000000003 12.955000000000002 1.1675000000000002
decision_type=2 2 2 2 2 2 2 2 2 2 2 2 2 2 2 2 2 2 2 2 2 2 2 2 2 2 2 2 2 2
left_child=2 6 4 11 14 13 16 19 22 20 15 17 -13 -3 26 -7 25 -4 -9 -6 -8 -11 -5 -10 -16 -2 -1 -28 -19 -18
right_child=1 5 3 8 7 10 9 18 23 21 -12 12 -14 -15 24 -17 29 28 -20 -21 -22 -23 -24 -25 -26 -27 27 -29 -30 -31
leaf_value=0.086055811312790276 20.807407190492558 46.010002473102688 0.94444442456263 8.1026843840853573 0.24704141826137938 78.724998556680163 30.174038193194288 4.4055356737421221 14.601069324693096 48.152175419203338 68.460002091632973 3.6513888072040483 11.344117457540221 61.034211676320844 1.0735976678707131 92.826086969973971 25.541999982105377 3.5684209528213495 7.0236840531701539 2.2619530871173299 38.519232514606593 38.518183299463217 11.392341140279436 18.015277575338342 2.908269222358622 25.885184971045579 0.32249040514945992 1.1667638439485017 10.19142839195427 32.092308175899035
leaf_weight=11503 189 20 405 149 676 24 104 560 187 23 20 144 102 38 1034 23 100 57 570 1280 26 44 457 216 520 54 6256 2058 35 26
leaf_count=11503 189 20 405 149 676 24 104 560 187 23 20 144 102 38 1034 23 100 57 570 1280 26 44 457 216 520 54 6256 2058 35 26
internal_value=2.13824 35.1577 1.26768 8.93881 0.718154 69.0648 27.6694 3.08908 12.919 35.2381 80.5015 3.53365 6.84106 55.8534 0.37579 85.6255 23.6287 1.89658 5.72619 1.56559 31.8431 41.8254 10.5835 16.431 1.68752 21.9358 0.272927 0.531477 6.08804 26.8937
internal_weight=26900 691 26209 1752 24457 125 566 3086 1009 197 67 743 246 58 21371 47 369 497 1130 1956 130 67 606 403 1554 243 19817 8314 92 126
internal_count=26900 691 26209 1752 24457 125 566 3086 1009 197 67 743 246 58 21371 47 369 497 1130 1956 130 67 606 403 1554 243 19817 8314 92 126
is_linear=0
shrinkage=1


Tree=6
num_leaves=31
num_cat=0
split_feature=5 2 25 25 7 7 4 6 2 3 25 1 2 5 21 3 3 1 3 2 5 25 1 3 4 4 2 21 21 11
split_gain=361002 182624 61606.8 39360.6 26656.8 22325.1 11313.3 19438.4 11085.5 10988.1 9995.69 8376.33 8318.96 7616.21 7073.06 5288.41 5244.95 9978.68 4913.12 5666.81 4540.01 4527.72 4466 4805.14 4582.6 3720.63 3673.33 3385.95 3261.72 2718.27
threshold=0.86740000000000006 25.405000000000005 4.2306451612903233 -0.94790322580645159 76.966650000000016 79.153350000000017 16.685000000000006 17.728850000000005 24.155000000000005 21.745000000000001 -3.2685483870967738 26.195000000000004 22.755000000000006 0.63270000000000015 7.5000000000000009 20.545000000000005 20.075000000000003 25.495000000000001 21.155000000000005 32.855000000000011 0.77595000000000014 -0.63928494623655918 24.905000000000005 22.235000000000003 13.975000000000003 20.115000000000006 24.155000000000005 5.5000000000000009 7.5000000000000009 21.000000000000004
decision_type=2 2 2 2 2 2 2 2 2 2 2 2 2 2 2 2 2 2 2 2 2 2 2 2 2 2 2 2 2 2
left_child=8 2 4 5 12 16 -4 -8 20 -6 11 -7 14 -10 -2 -14 -3 -18 -12 27 -1 -15 23 -5 -25 -9 -17 -20 -22 -26
right_child=1 3 6 22 9 10 7 25 13 -11 18 -13 15 21 -16 26 17 -19 19 -21 28 -23 -24 24 29 -27 -28 -29 -30 -31
leaf_value=4.4641024638740561 31.668571495690056 1.0378765991539041 30.331110676566773 11.302403703707769 24.893548291739183 39.970001223789332 29.100000280247809 51.805714453649912 0.31793633367109742 50.263158813852328 2.1561643911692334 15.456521529713129 9.5116503362129823 1.2557059855280768 16.095999992595793 21.958064434230554 10.828292628174728 2.9509382841026093 25.844828296327513 6.5371680701667305 27.850000113625732 4.2377308383975407 9.4409882624924499 29.537500305083078 13.308808159949606 66.606060659720455 14.686708715965826 13.367815899098527 10.204999736057403 21.335185098202153
leaf_weight=39 70 697 45 624 31 20 32 35 20294 38 73 46 103 1551 50 124 205 746 29 113 22 758 688 24 193 33 158 87 20 54
leaf_count=39 70 697 45 624 31 20 32 35 20294 38 73 46 103 1551 50 124 205 746 29 113 22 758 688 24 193 33 158 87 20 54
internal_value=2.15087 10.5315 25.0815 7.6247 20.4291 4.69425 43.4986 49.424 0.555585 38.8652 11.7364 22.8848 17.9101 0.513737 25.18 15.6442 3.12172 4.649 9.3 11.5773 12.2333 2.23465 11.3567 12.8294 16.3454 58.9882 17.884 16.4871 19.4476 15.0636
internal_weight=27002 4318 719 3599 574 2016 145 100 22684 69 368 66 505 22603 120 385 1648 951 302 229 81 2309 1583 895 271 68 282 116 42 247
internal_count=27002 4318 719 3599 574 2016 145 100 22684 69 368 66 505 22603 120 385 1648 951 302 229 81 2309 1583 895 271 68 282 116 42 247
is_linear=0
shrinkage=1


Tree=7
num_leaves=31
num_cat=0
split_feature=0 0 0 25 0 0 0 0 25 22 0 2 0 8 3 8 2 22 25 0 0 0 7 8 0 25 25 22 0 25
split_gain=757245 179551 113868 42415.1 20278.8 16627.1 13520 12215 8502.6 4927.19 4925.83 4604.65 4202.69 2779.93 2643.39 2447.44 2095.75 2513.78 2024.5 1980.47 1807.31 1710.99 1679.99 1364.58 1313.06 1197.69 1196.84 1171.93 1162.16 751.456
threshold=19.395000000000003 45.055000000000007 7.495000000000001 -1.0910384833050364 55.510000000000005 29.145000000000003 12.585000000000003 3.3250000000000006 -0.77983333333333327 74.500000000000014 15.075000000000001 25.135000000000002 35.95000000000001 597.50000000000011 21.405000000000005 672.50000000000011 35.475000000000001 276.50000000000006 -0.18795161290322573 9.6750000000000025 15.555000000000001 5.5050000000000008 76.966650000000016 785.00000000000011 24.73 0.13525268817204303 -1.9140322580645157 110.50000000000001 9.2550000000000008 -0.3850860215053763
decision_type=2 2 2 2 2 2 2 2 2 2 2 2 2 2 2 2 2 2 2 2 2 2 2 2 2 2 2 2 2 2
left_child=2 5 7 9 13 15 19 18 27 -4 16 14 23 -3 -6 24 17 28 -1 29 -8 -10 26 -7 -2 -14 -12 -9 -11 -5
right_child=1 4 3 6 11 12 20 8 21 10 22 -13 25 -15 -16 -17 -18 -19 -20 -21 -22 -23 -24 -25 -26 -27 -28 -29 -30 -31
leaf_value=0.23686447167963731 20.604455238067029 46.615002396808741 0.015902143540260205 5.8798505836795307 79.657141586392669 30.032652736363513 14.179457132505869 0.323092996228735 3.5417582252982767 4.0210936640517723 0.020000001894116881 69.155002167926909 38.618422523874301 60.736958143998471 95.523809924260036 28.157142789838819 0.70439558741846509 1.6703910351942586 1.4798862740159866 10.96489340597463 18.120282792532482 5.9552400561743335 13.53378360805606 38.445834798720156 25.128723375890569 48.028572846274535 10.959999826656462 1.8134353493354729 7.9151830760251798 8.687878589031687
leaf_weight=19059 202 20 327 134 21 98 258 957 819 128 20 20 38 46 21 84 182 179 1407 376 212 458 74 24 94 21 20 1176 191 330
leaf_count=19059 202 20 327 134 21 98 258 957 819 128 20 20 38 46 21 84 182 179 1407 376 212 458 74 24 94 21 20 1176 191 330
internal_value=2.13526 34.8614 1.27814 7.79823 68.657 27.1504 11.6622 0.614282 2.36657 3.28278 4.62821 81.6435 35.0387 56.4576 87.5905 23.3932 3.60838 4.66968 0.32232 9.25917 15.957 4.40736 10.7114 31.6877 22.0412 41.9678 5.49 1.14477 6.35266 7.87694
internal_weight=26996 689 26307 2431 128 561 1310 23876 3410 1121 794 62 181 66 42 380 680 498 20466 840 470 1277 114 122 296 59 40 2133 319 464
internal_count=26996 689 26307 2431 128 561 1310 23876 3410 1121 794 62 181 66 42 380 680 498 20466 840 470 1277 114 122 296 59 40 2133 319 464
is_linear=0
shrinkage=1


Tree=8
num_leaves=31
num_cat=0
split_feature=5 2 26 25 1 22 7 22 22 25 5 1 2 2 7 22 22 5 2 22 7 22 2 22 22 1 8 1 22 25
split_gain=361017 189017 55458.8 42017.2 30961.5 21611.6 20616.9 17639.9 17338.1 11050.1 10967.6 10762 10159.6 9847.65 9636.06 8335.79 6323.71 5160.34 4826.63 10902 4694.16 4528.58 4433.65 3904.91 11498.1 3591.22 3296.47 3242.26 5480.54 3196.2
threshold=0.86740000000000006 25.405000000000005 -1.0536129032258066 -0.94790322580645159 23.565000000000001 198.50000000000003 79.153350000000017 208.50000000000003 190.50000000000003 -3.2685483870967738 0.75455000000000017 26.195000000000004 25.635000000000002 22.755000000000006 76.966650000000016 206.50000000000003 74.500000000000014 0.95905000000000007 31.185000000000006 274.50000000000006 75.562100000000015 74.500000000000014 24.515000000000004 180.50000000000003 188.50000000000003 24.875000000000004 496.50000000000006 28.445000000000004 292.50000000000006 -0.63928494623655918
decision_type=2 2 2 2 2 2 2 2 2 2 2 2 2 2 2 2 2 2 2 2 2 2 2 2 2 2 2 2 2 2
left_child=10 2 5 6 7 8 16 13 -2 11 -1 -8 -12 23 20 -7 -3 -5 19 -18 -15 -11 -16 -4 -25 26 -19 28 -23 -14
right_child=1 3 4 17 -6 15 9 -9 -10 21 12 -13 29 14 22 -17 18 25 -20 -21 -22 27 -24 24 -26 -27 -28 -29 -30 -31
leaf_value=0.38479314468850445 49.567647081544209 0.014837400878684903 20.105000212894559 9.2618748848105721 60.11000223468411 73.140740123938656 42.125002005802273 13.982129127267109 17.390908786218588 0.10000000171071832 13.401052494374646 14.677999728428007 1.4564814595027951 20.940714173337785 45.685000470386619 46.576191803067459 11.964976889502296 22.180769231104456 2.6198560791627297 2.2864541515877237 9.1999999130169687 16.099224805192829 24.8809519185547 53.261538270221827 28.266666949043213 10.60078932039842 13.806938668324781 5.5021977677772984 2.8268292533521224 5.0565573352364819
leaf_weight=21247 34 492 20 640 20 27 20 263 33 52 95 50 756 140 20 21 217 52 695 251 45 129 21 26 63 380 490 91 41 366
leaf_count=21247 34 492 20 640 20 27 20 263 33 52 95 50 756 140 20 21 217 52 695 251 45 129 21 26 63 380 490 91 41 366
internal_value=2.16404 10.5214 25.1585 7.54114 21.4063 45.3226 4.55025 20.1119 33.7194 11.1619 0.552021 22.52 3.47157 24.9242 21.1588 61.5188 3.02018 11.4435 4.29157 6.77415 18.0849 8.62173 35.0293 32.7312 35.5685 12.9578 14.6103 10.3195 12.8982 2.63084
internal_weight=26797 4333 733 3600 618 115 2038 598 67 383 22464 70 1217 335 226 48 1655 1562 1163 468 185 313 41 109 89 922 542 261 170 1122
internal_count=26797 4333 733 3600 618 115 2038 598 67 383 22464 70 1217 335 226 48 1655 1562 1163 468 185 313 41 109 89 922 542 261 170 1122
is_linear=0
shrinkage=1


Tree=9
num_leaves=31
num_cat=0
split_feature=0 0 0 25 0 0 0 0 0 25 22 0 0 25 25 7 0 25 25 22 8 8 12 11 22 22 0 22 22 7
split_gain=724913 184374 90436.3 39236.8 23210.2 15306.3 14998.8 6945.2 5714.43 5361.48 4292.67 3125.19 3044.21 2604.41 2500.1 2152.24 1995.73 1869.3 1829.74 1534.56 1332.37 1265.41 1179.01 1011.65 1004.33 806.204 806.068 791.623 702.805 1174.88
threshold=17.620000000000001 45.055000000000007 6.1250000000000009 -1.0594999999999997 26.785000000000004 10.525 55.510000000000005 3.1250000000000004 35.95000000000001 -0.44901075268817198 110.50000000000001 12.320000000000002 20.515000000000004 2.5754838709677421 -1.8455967741935482 73.832350000000005 14.585000000000003 -0.26881720430107531 -0.18795161290322573 278.50000000000006 785.00000000000011 785.00000000000011 0.53500000000000014 12.500000000000002 95.500000000000014 276.50000000000006 8.5950000000000006 172.50000000000003 74.500000000000014 78.197250000000011
decision_type=2 2 2 2 2 2 2 2 2 2 2 2 2 2 2 2 2 2 2 2 2 2 2 2 2 2 2 2 2 2
left_child=2 4 7 10 12 17 15 18 20 24 28 25 14 -8 -2 -3 -7 -5 -1 23 -6 -14 -10 -13 -9 27 -19 -12 -4 -30
right_child=1 6 3 5 8 16 13 9 22 -11 11 19 21 -15 -16 -17 -18 26 -20 -21 -22 -23 -24 -25 -26 -27 -28 -29 29 -31
leaf_value=0.23008321990419689 8.5541664690839063 62.848149170253023 0.012903228123569477 5.7539757644089411 29.038094992382742 12.531295610977372 73.069697809415658 0.2141025648915118 47.680953653333688 4.1236296877290206 2.971428488392152 6.0819998772012003 22.242646931013265 86.182141477401316 19.449418377358491 50.441381613759255 16.41897414344907 7.6006152059165988 1.4382440381712081 2.7488371635958959 35.612821685991747 27.811764537868171 38.387180826632395 11.789024184568479 1.6348617050744902 1.6970338639805405 10.121634418222143 5.9729925685146812 0.70363634803742059 5.5928570710117995
leaf_weight=18625 24 27 434 415 147 409 33 780 21 821 245 50 204 28 172 29 195 325 1344 43 39 51 39 82 1374 236 208 137 165 70
leaf_count=18625 24 27 434 415 147 409 33 780 21 821 245 50 204 28 172 29 195 325 1344 43 39 51 39 82 1374 236 208 137 165 70
internal_value=2.12173 31.5068 1.20027 6.35017 25.3406 9.85206 68.2402 0.523758 33.1541 1.94918 2.63269 4.20656 21.0787 79.0885 18.1153 56.4232 13.7864 7.34536 0.311398 7.93714 30.4167 23.3565 41.64 9.62727 1.12038 3.15016 8.58443 4.04791 0.767115 2.16
internal_weight=26772 814 25958 3014 697 1552 117 22944 246 2975 1462 793 451 61 196 56 604 948 19969 175 186 255 60 132 2154 618 533 382 669 235
internal_count=26772 814 25958 3014 697 1552 117 22944 246 2975 1462 793 451 61 196 56 604 948 19969 175 186 255 60 132 2154 618 533 382 669 235
is_linear=0
shrinkage=1


Tree=10
num_leaves=31
num_cat=0
split_feature=0 0 0 25 0 0 0 0 25 4 3 0 0 9 0 2 0 25 0 25 9 25 9 9 22 0 0 25 11 22
split_gain=747588 179032 102087 40318.4 20912 19535.6 12952.3 11570.3 9253.54 3867.35 3852.16 3564.33 3289.61 3049.91 2787.67 2553.98 2275.93 1870.8 1782.25 1773.96 1541.47 1328.88 1172.76 1167.03 1156.94 971.73 788.683 787.064 688.354 678.918
threshold=18.420000000000005 45.055000000000007 7.495000000000001 -1.2432258064516126 29.145000000000003 55.510000000000005 3.2350000000000008 11.705000000000002 -0.77983333333333327 20.115000000000006 20.845000000000002 35.95000000000001 15.075000000000001 9.5000000000000018 22.875000000000004 35.475000000000001 15.075000000000001 -0.18795161290322573 5.6150000000000011 -0.53209677419354828 9.5000000000000018 1.4740000000000002 5.1500000000000012 9.5000000000000018 110.50000000000001 9.2550000000000008 12.055000000000001 -1.7866666666666668 17.500000000000004 126.50000000000001
decision_type=2 2 2 2 2 2 2 2 2 2 2 2 2 2 2 2 2 2 2 2 2 2 2 2 2 2 2 2 2 2
left_child=2 4 6 10 14 13 17 19 24 -7 -4 20 15 -3 23 26 -9 29 -10 -5 -6 -16 -13 27 -8 -21 -12 -2 -14 -1
right_child=1 5 3 7 11 9 8 16 18 -11 12 22 28 -15 21 -17 -18 -19 -20 25 -22 -23 -24 -25 -26 -27 -28 -29 -30 -31
leaf_value=0.077935167272169981 13.324999764667631 46.578263171835808 0.821711891230271 6.00274707832952 30.274489537230711 70.626085875321721 0.31639510932033676 13.110302803556891 3.6398015244127802 87.055263585115057 4.5895926438252959 38.0923090317606 6.5142856015686146 61.030001214252586 24.348299251775096 0.90264548376235521 17.285647934008541 1.450513186957423 6.0776784421439078 8.3470196857307251 38.466668147948063 31.459375086532713 47.095653879100581 24.381034254003318 1.774897430751825 10.947810006878493 8.1892855879446955 19.952906694837026 13.423912818511917 0.4640731635865385
leaf_weight=11013 20 23 479 182 98 23 982 330 907 38 221 39 21 40 147 189 216 1364 448 302 30 32 23 58 1219 274 84 172 46 7763
leaf_count=11013 20 23 479 182 98 23 982 330 907 38 221 39 21 40 147 189 216 1364 448 302 30 32 23 58 1219 274 84 172 46 7763
internal_value=2.14557 33.4227 1.25313 7.54855 26.4751 68.1048 0.630393 11.2524 2.38988 80.8607 2.90452 35.2089 4.68289 55.754 22.607 3.79109 14.7621 0.319732 4.44583 8.72427 32.1945 25.6196 41.4323 20.45 1.12417 9.5842 5.58098 19.2625 11.2582 0.237585
internal_weight=26783 743 26040 2344 619 124 23696 1304 3556 61 1040 190 561 63 429 494 546 20140 1355 758 128 179 62 250 2201 576 305 192 67 18776
internal_count=26783 743 26040 2344 619 124 23696 1304 3556 61 1040 190 561 63 429 494 546 20140 1355 758 128 179 62 250 2201 576 305 192 67 18776
is_linear=0
shrinkage=1


Tree=11
num_leaves=31
num_cat=0
split_feature=2 26 3 25 22 2 22 22 22 25 2 2 22 6 3 2 22 22 2 22 6 22 22 8 18 7 22 22 21 2
split_gain=330453 98040.5 45350.1 39164 32591.7 24634.3 15925.2 13754.4 12775.9 13391.1 11182.6 11160.2 10979.1 19242.9 10855.3 10765.5 8918.32 20658 8560.86 11331.3 8072.07 7403.61 6513.98 4074.48 3950.12 3630.31 3601.92 5579.83 3045.08 3040.87
threshold=25.405000000000005 -1.0600000000000001 22.725000000000005 -0.32145161290322583 198.50000000000003 23.745000000000001 208.50000000000003 190.50000000000003 117.50000000000001 -3.2685483870967738 27.545000000000005 28.285000000000004 178.50000000000003 16.639450000000004 20.925000000000004 21.925000000000004 276.50000000000006 262.50000000000006 33.125000000000007 121.50000000000001 16.455100000000005 204.50000000000003 274.50000000000006 496.50000000000006 24.500000000000004 73.984100000000012 210.50000000000003 198.50000000000003 9.5000000000000018 32.755000000000003
decision_type=2 2 2 2 2 2 2 2 2 2 2 2 2 2 2 2 2 2 2 2 2 2 2 2 2 2 2 2 2 2
left_child=1 4 5 8 7 6 12 -1 -2 10 -10 20 -3 15 -7 -14 17 18 19 -11 -5 -6 28 -22 -16 -8 27 -12 -19 -13
right_child=3 2 -4 11 21 14 25 -9 9 16 26 29 13 -15 24 -17 -18 22 -20 -21 23 -23 -24 -25 -26 -27 -28 -29 -30 -31
leaf_value=49.131034681512489 0.30376321484287416 10.41612870002008 61.622729337050465 4.1350119591729717 81.690908196674471 6.3122950002084099 21.439534927837315 19.062499645458342 32.725001290546537 13.139655276622367 5.9571426828084881 4.1330479080925748 35.857971412178983 57.78260962131462 25.332432182923824 18.811249816523674 0.56087464150829303 10.554347717187701 0.99813538554003278 2.9832528659842747 18.628571114414957 56.765384805537707 2.6020407486702379 9.0983050014192681 14.066836581591589 10.365262990825372 0.062222213652412872 21.338235598733238 19.236734952898807 1.4470270088314254
leaf_weight=29 12011 31 22 417 22 244 43 32 20 116 77 1752 69 23 37 80 4276 230 3486 2072 49 26 98 531 196 95 45 34 49 555
leaf_count=29 12011 31 22 417 22 244 43 32 20 116 77 1752 69 23 37 80 4276 230 3486 2072 49 26 98 531 196 95 45 34 49 555
internal_value=2.15365 20.4803 16.8189 1.48001 48.6963 15.6139 22.1044 33.3574 1.00819 1.81376 10.4631 4.69507 27.7389 30.861 10.974 26.7054 1.66635 2.44755 1.97127 3.52171 7.49077 68.1896 9.61565 9.90345 15.8558 13.8159 7.60897 10.6685 12.0792 3.48687
internal_weight=26767 949 840 25818 109 818 341 61 22514 10503 176 3304 203 172 477 149 10327 6051 5674 2188 997 48 377 580 233 138 156 111 279 2307
internal_count=26767 949 840 25818 109 818 341 61 22514 10503 176 3304 203 172 477 149 10327 6051 5674 2188 997 48 377 580 233 138 156 111 279 2307
is_linear=0
shrinkage=1


Tree=12
num_leaves=31
num_cat=0
split_feature=0 0 0 25 0 0 0 0 25 22 0 22 0 0 8 0 25 25 8 7 8 0 22 0 12 25 1 22 7 8
split_gain=752912 188291 100863 40461.5 23827.6 21076 12431.7 11553.4 8810.9 6865.02 4251.32 3794.95 3921.43 3251.51 3007.17 2267.31 2068.41 1597.36 1497.38 1494.07 1476.17 1445.98 1351.56 1340.9 1241.67 1165.21 1140.64 1571.97 1441.83 888.578
threshold=18.420000000000005 45.055000000000007 7.495000000000001 -1.2432258064516126 55.510000000000005 29.145000000000003 3.3250000000000006 12.585000000000003 -0.6151451612903226 202.50000000000003 35.95000000000001 74.500000000000014 15.075000000000001 22.875000000000004 785.00000000000011 9.6750000000000025 -0.18795161290322573 -2.0174999999999996 785.00000000000011 76.966650000000016 785.00000000000011 5.5050000000000008 93.500000000000014 15.075000000000001 0.53500000000000014 -0.54592473118279561 30.205000000000002 276.50000000000006 78.197250000000011 785.00000000000011
decision_type=2 2 2 2 2 2 2 2 2 2 2 2 2 2 2 2 2 2 2 2 2 2 2 2 2 2 2 2 2 2
left_child=2 5 6 11 14 13 16 15 22 -6 18 -4 26 17 -3 25 -1 -2 -7 -14 -15 -10 -8 -9 -12 -5 27 28 -13 -19
right_child=1 4 3 7 9 10 8 23 21 -11 24 12 19 20 -16 -17 -18 29 -20 -21 -22 -23 -24 -25 -26 -27 -28 -29 -30 -31
leaf_value=0.23805768543317174 11.764999809967161 46.328573718205341 0.017080747687394648 4.8473212941412083 75.730554769211366 30.159405727923257 0.19336734548906431 13.740552771248941 3.8284923729136029 97.847828090685596 47.726088329996472 3.5333332552436936 4.4387095889835937 24.327777726557535 61.239474914524997 10.93170082662675 1.509693866912305 19.977906707035185 38.66923227985599 12.896874812723876 31.00465125569972 6.1886418467458526 1.8172972736102486 17.264185829809175 38.623257335156133 8.5492915952197457 0.29816512976425669 1.3738094996035475 7.8447152765634076 24.627777606023695
leaf_weight=18895 20 21 322 112 36 101 784 217 723 23 23 210 31 144 38 388 1372 172 26 64 43 405 1480 215 43 353 109 168 123 54
leaf_count=18895 20 21 322 112 36 101 784 217 723 23 23 210 31 144 38 388 1372 172 26 64 43 405 1480 215 43 353 109 168 123 54
internal_value=2.13528 33.5008 1.23674 7.54087 70.1424 26.5939 0.620694 11.2808 2.39257 84.3525 35.285 2.86144 4.16057 22.7201 55.9322 9.14689 0.324143 20.3309 31.9016 10.1368 25.8631 4.67589 1.25495 15.4942 41.7955 7.65763 3.22984 3.86766 5.12583 21.0889
internal_weight=26715 744 25971 2312 118 626 23659 1285 3392 59 193 1027 705 433 59 853 20267 246 127 95 187 1128 2264 432 66 465 610 501 333 226
internal_count=26715 744 25971 2312 118 626 23659 1285 3392 59 193 1027 705 433 59 853 20267 246 127 95 187 1128 2264 432 66 465 610 501 333 226
is_linear=0
shrinkage=1


Tree=13
num_leaves=31
num_cat=0
split_feature=0 0 0 0 22 0 0 0 22 0 22 2 26 22 0 8 1 2 0 8 22 22 22 1 22 2 0 0 8 12
split_gain=742290 192207 93275.2 25616 23608.6 18041.3 12386.3 12120.9 5762.91 5715.37 4197.95 4543.74 3752.68 3016.82 2665.4 2615.69 2561.92 2373.95 1860.48 1784 1726.37 1456.85 1374.92 1583.93 1312.07 1800.83 1801.4 1292.11 1222.47 1170.29
threshold=17.620000000000001 45.055000000000007 7.495000000000001 26.785000000000004 110.50000000000001 55.510000000000005 12.320000000000002 3.2350000000000008 119.50000000000001 35.95000000000001 276.50000000000006 35.355000000000011 -1.0031666666666663 286.50000000000006 20.515000000000004 785.00000000000011 27.575000000000003 26.615000000000006 9.8650000000000002 785.00000000000011 117.50000000000001 126.50000000000001 276.50000000000006 28.495000000000001 74.500000000000014 34.355000000000011 12.320000000000002 1.7450000000000003 785.00000000000011 0.53500000000000014
decision_type=2 2 2 2 2 2 2 2 2 2 2 2 2 2 2 2 2 2 2 2 2 2 2 2 2 2 2 2 2 2
left_child=2 3 7 14 24 15 10 21 -9 19 11 18 -7 16 20 -3 -8 -10 -6 -5 -2 -1 23 -19 -4 26 -26 -23 -16 -11
right_child=1 5 4 9 6 12 13 8 17 29 -12 -13 -14 -15 28 -17 -18 22 -20 -21 -22 27 -24 -25 25 -27 -28 -29 -30 -31
leaf_value=0.078210081474587412 9.8999999118651889 47.009093309367557 0.041311477401665631 29.045774425986988 7.6803881740805213 89.080767909715334 14.608466589290844 0.50983050248560025 5.6960724172434638 47.861906179607871 3.1383494487495303 1.9682242366422265 73.48947441259115 5.6442307310522253 21.941666517351983 60.710527586258657 8.6082351196521394 3.8752388802741162 10.691788639430829 36.534147399406457 19.131176233572912 0.42024873748655689 1.3696606613461584 1.5883211508401645 2.6773584504669956 0.54166665426532723 11.504877904744991 1.3362894965994874 27.699999764667631 38.719049172989919
leaf_weight=11129 23 22 305 142 515 26 437 1180 331 21 206 107 38 52 204 38 85 1151 341 41 170 7156 501 411 53 108 41 1962 45 42
leaf_count=11129 23 22 305 142 515 26 437 1180 331 21 206 107 38 52 204 38 85 1151 341 41 170 7156 501 411 53 108 41 1962 45 42
internal_value=2.12939 31.9042 1.20203 25.3725 7.35653 68.1444 9.10356 0.620709 2.31852 33.5516 7.23559 8.11205 79.8234 12.9078 20.8204 55.6867 13.6314 3.21003 8.88002 30.7235 18.0311 0.321011 2.81115 3.2735 1.35049 3.32723 6.52766 0.617361 22.9823 41.7667
internal_weight=26883 812 26071 688 2250 124 1743 23821 3574 246 1169 963 64 574 442 60 522 2394 856 183 193 20247 2063 1562 507 202 94 9118 249 63
internal_count=26883 812 26071 688 2250 124 1743 23821 3574 246 1169 963 64 574 442 60 522 2394 856 183 193 20247 2063 1562 507 202 94 9118 249 63
is_linear=0
shrinkage=1


Tree=14
num_leaves=31
num_cat=0
split_feature=0 0 0 25 0 0 0 25 0 22 7 0 22 8 0 25 7 0 0 22 0 8 12 8 0 26 8 25 22 0
split_gain=784777 194271 106101 36200.6 20924.4 20836.5 19723 12881.9 7093.78 4911.95 6058.88 3851.31 3814.27 3025.88 2768.17 2681.98 2526.83 2486.43 1979.36 1796.79 1514.66 1514.57 1477.35 1278.15 1164.21 1101.33 1077.84 807.79 804.617 871.05
threshold=18.420000000000005 45.055000000000007 8.9350000000000005 -1.2432258064516126 55.510000000000005 29.145000000000003 4.0650000000000004 -0.63928494623655918 13.285000000000002 202.50000000000003 76.966650000000016 35.95000000000001 74.500000000000014 785.00000000000011 22.875000000000004 -0.33032258064516123 76.966650000000016 12.955000000000002 5.9150000000000009 94.500000000000014 2.0750000000000006 785.00000000000011 0.53500000000000014 785.00000000000011 10.785000000000002 -0.19772688172043004 785.00000000000011 -1.7113469156762873 126.50000000000001 1.7150000000000001
decision_type=2 2 2 2 2 2 2 2 2 2 2 2 2 2 2 2 2 2 2 2 2 2 2 2 2 2 2 2 2 2
left_child=2 5 6 12 13 14 15 19 24 10 -6 21 -4 -3 26 28 27 -18 -9 -8 -17 -7 -13 -16 -5 -10 -2 -14 -1 -30
right_child=1 4 3 8 9 11 7 18 25 -11 -12 22 16 -15 23 20 17 -19 -20 -21 -22 -23 -24 -25 -26 -27 -28 -29 29 -31
leaf_value=0.080794293604621092 19.599509590561109 46.476192874815737 0.0031818198591908597 9.3522253325588967 87.719997933612945 30.206060405407303 0.25335235213365137 4.3998154542131811 18.656034302098099 93.521740636594643 63.400000654763659 48.645001366840482 1.514525101573029 61.065910364116093 24.46474351335694 0.89747291645535188 4.6558138481772975 10.777777621918268 7.057758455200057 2.2356653617402031 2.7246794781155197 38.655557185186289 38.315557032598399 31.151428641271984 12.095454303273375 14.963533588319111 24.452542182808106 5.5632352368979809 0.30491489675666195 1.0813374760247867
leaf_weight=11356 204 21 220 337 20 99 701 542 116 23 21 20 179 44 156 1662 172 108 580 1315 624 27 45 35 286 266 59 68 5758 1929
leaf_count=11356 204 21 220 337 20 99 701 542 116 23 21 20 179 44 156 1662 172 108 580 1315 624 27 45 35 286 266 59 68 5758 1929
internal_value=2.18188 33.5642 1.25546 8.773 68.9899 26.4791 0.717154 3.0579 12.6919 81.825 75.2634 35.2419 3.50054 56.3523 22.7925 0.372774 4.96053 7.01714 5.7738 1.54638 1.39624 32.0167 41.4938 25.6901 10.6116 16.0848 20.6882 2.62915 0.249913 0.499753
internal_weight=26993 774 26219 1752 129 645 24467 3138 1005 64 41 191 747 65 454 21329 527 280 1122 2016 2286 126 65 191 623 382 263 247 19043 7687
internal_count=26993 774 26219 1752 129 645 24467 3138 1005 64 41 191 747 65 454 21329 527 280 1122 2016 2286 126 65 191 623 382 263 247 19043 7687
is_linear=0
shrinkage=1


Tree=15
num_leaves=31
num_cat=0
split_feature=0 0 0 22 0 0 0 0 22 0 22 22 2 0 26 2 8 2 24 24 0 24 8 8 22 12 0 22 1 0
split_gain=756164 180179 97236.2 25351.3 22678.5 18822 15227.6 12308.1 5667.97 4628.71 4483.17 4027.22 4022.41 3408.2 3407.21 2991.82 2839.82 2213.28 1972.79 1847.64 1731.16 1683.63 1598.1 1552.44 1526 1464.96 1387.27 1374.79 1385.64 1362.16
threshold=18.420000000000005 45.055000000000007 7.495000000000001 114.50000000000001 29.145000000000003 55.510000000000005 12.320000000000002 3.3250000000000006 124.50000000000001 35.95000000000001 276.50000000000006 286.50000000000006 33.275000000000013 21.710000000000004 -1.0031666666666663 32.255000000000003 785.00000000000011 26.615000000000006 4.5000000000000009 2.5000000000000004 9.8650000000000002 2.5000000000000004 785.00000000000011 785.00000000000011 126.50000000000001 0.53500000000000014 1.7450000000000003 276.50000000000006 28.875000000000004 15.075000000000001
decision_type=2 2 2 2 2 2 2 2 2 2 2 2 2 2 2 2 2 2 2 2 2 2 2 2 2 2 2 2 2 2
left_child=2 4 7 19 13 16 10 24 -9 23 12 15 20 -2 -7 29 -3 -10 -17 -4 -5 -12 -15 -6 -1 -11 -26 28 -19 -8
right_child=1 5 3 6 9 14 11 8 17 25 21 -13 -14 22 -16 18 -18 27 -20 -21 -22 -23 -24 -25 26 -27 -28 -29 -30 -31
leaf_value=0.079634768234100761 19.532512052455836 47.622729673003917 9.8719997436867963 7.8574559750637682 30.214999707447173 91.627270723307987 13.669468782549234 0.6014468001730473 5.7220857930863804 48.650001608437975 10.141379063502596 4.6244897678641914 3.8305554453929407 23.745893634666583 75.655883778124092 13.110389381249933 61.647620011191528 3.9077332902650177 5.1830187369565177 1.0720841158735479 10.941253909909044 1.9582010172224058 29.899999887025846 38.639287236438868 0.42122772328153801 38.767501500354882 1.3514050349515858 1.4282105059883539 1.5259615225201117 17.243069094141863
leaf_weight=11171 203 22 25 456 100 22 226 1175 326 24 29 49 180 207 34 77 42 1125 53 523 303 189 53 28 7184 40 2064 475 312 202
leaf_count=11171 203 22 25 456 100 22 226 1175 326 24 29 49 180 207 34 77 42 1125 53 523 303 189 53 28 7184 40 2064 475 312 202
internal_value=2.13538 32.9186 1.22286 7.41462 26.3922 68.5417 9.26026 0.62218 2.37996 35.5297 7.13215 13.3166 8.08062 22.603 81.9304 14.0799 56.8266 3.31372 9.87846 1.47354 9.08854 3.04679 25.0004 32.0578 0.328371 42.4734 0.628828 2.90309 3.39061 15.3561
internal_weight=26919 775 26144 2312 655 120 1764 23832 3413 192 1157 607 939 463 56 558 64 2238 130 548 759 218 260 128 20419 64 9248 1912 1437 428
internal_count=26919 775 26144 2312 655 120 1764 23832 3413 192 1157 607 939 463 56 558 64 2238 130 548 759 218 260 128 20419 64 9248 1912 1437 428
is_linear=0
shrinkage=1


Tree=16
num_leaves=31
num_cat=0
split_feature=0 0 0 22 0 0 0 0 0 22 26 22 1 0 22 0 8 24 1 8 22 1 12 3 24 22 24 8 0 8
split_gain=750653 186025 92627.2 26495.2 26414.7 16280.7 15196 9589.82 6456.18 4548.49 4456.74 4391.91 4310.78 3121.83 3096.46 2978.81 2745.71 2282.35 2236.83 1734.6 1604.85 1831.28 1447.39 1412.29 1400.9 1379.89 1377.12 1289.45 1147.23 900.753
threshold=17.620000000000001 45.055000000000007 6.6850000000000014 114.50000000000001 26.785000000000004 55.510000000000005 12.320000000000002 3.2350000000000008 35.95000000000001 276.50000000000006 -1.0031666666666663 124.50000000000001 29.245000000000001 8.9350000000000005 286.50000000000006 20.515000000000004 785.00000000000011 2.5000000000000004 25.015000000000004 785.00000000000011 276.50000000000006 25.695000000000004 0.53500000000000014 19.685000000000006 2.5000000000000004 126.50000000000001 4.5000000000000009 785.00000000000011 1.7150000000000001 785.00000000000011
decision_type=2 2 2 2 2 2 2 2 2 2 2 2 2 2 2 2 2 2 2 2 2 2 2 2 2 2 2 2 2 2
left_child=2 4 7 17 15 16 9 25 19 12 -7 -9 13 -5 18 23 -3 -4 -8 -6 21 -13 -10 -2 -11 -1 -20 -17 -27 -25
right_child=1 5 3 6 8 10 14 11 22 24 -12 20 -14 -15 -16 27 -18 -19 26 -21 -22 -23 -24 29 -26 28 -28 -29 -30 -31
leaf_value=0.07827685117773342 10.010000112758757 46.950002244220848 8.4302323699364194 6.70106935785814 28.819177927856408 91.380950964880384 15.743382129179121 0.55697247273197581 48.079168084369776 8.5815787659939406 73.050000273293932 4.5663402166069016 2.2279069260476003 10.092205129108867 5.4755101915976496 22.049532565859014 60.984783849485268 0.90436816039441581 13.264238126948369 35.981819350987983 1.4535641351245698 2.4212628714446276 38.425001429262799 17.673426271070241 1.9833332938270576 0.41440844583363501 8.0897434338363201 27.834042334091876 1.2713429811275891 22.990243722931492
leaf_weight=11154 20 20 43 561 146 21 272 1090 24 38 36 817 129 526 49 214 46 641 151 44 491 776 44 143 210 7100 78 47 2003 41
leaf_count=11154 20 20 43 561 146 21 272 1090 24 38 36 817 129 526 49 214 46 641 151 44 491 776 44 143 210 7100 78 47 2003 41
internal_value=2.15541 31.4721 1.2062 6.75478 25.3559 67.4236 8.58103 0.567295 33.4705 6.8974 79.8035 2.18349 7.69342 8.34204 13.0625 20.8535 56.7318 1.37749 13.8046 30.4779 3.03421 3.52141 41.8324 17.9907 2.99435 0.314059 11.5017 23.0912 0.602966 18.8582
internal_weight=26975 846 26129 2698 723 123 2014 23431 258 1464 57 3174 1216 1087 550 465 66 684 501 190 2084 1593 68 204 248 20257 229 261 9103 184
internal_count=26975 846 26129 2698 723 123 2014 23431 258 1464 57 3174 1216 1087 550 465 66 684 501 190 2084 1593 68 204 248 20257 229 261 9103 184
is_linear=0
shrinkage=1


Tree=17
num_leaves=31
num_cat=0
split_feature=0 0 0 25 0 0 0 0 25 22 26 0 4 0 22 1 0 0 25 0 25 25 8 12 25 25 8 22 0 0
split_gain=800358 198488 98311.2 38996 22548.2 19499.4 11737 11387.1 8425.15 4639.28 4504.31 4318.56 3650.92 3452.87 2980.49 2492.51 2230.9 2109.48 2000.28 1788.17 1751.47 1743.84 1558.99 1466.41 1379.42 1191.1 1089.45 1076.08 894.849 794.103
threshold=18.420000000000005 45.055000000000007 7.3550000000000013 -1.0910384833050364 29.145000000000003 55.510000000000005 3.2350000000000008 11.705000000000002 -0.77983333333333327 110.50000000000001 -1.0031666666666663 35.95000000000001 24.515000000000004 24.73 276.50000000000006 30.805000000000003 15.075000000000001 11.705000000000002 -0.18795161290322573 5.5050000000000008 0.037951612903225691 -1.8455967741935482 785.00000000000011 0.53500000000000014 -0.43153225806451612 1.0635000000000001 672.50000000000011 110.50000000000001 8.9350000000000005 15.555000000000001
decision_type=2 2 2 2 2 2 2 2 2 2 2 2 2 2 2 2 2 2 2 2 2 2 2 2 2 2 2 2 2 2
left_child=2 4 6 9 13 20 18 24 27 29 -7 22 -12 21 15 17 -9 -11 -1 -10 -3 -2 -6 -13 -5 -23 -15 -8 -26 -4
right_child=1 5 3 7 11 10 8 16 19 14 12 23 -14 26 -16 -17 -18 -19 -20 -21 -22 25 -24 -25 28 -27 -28 -29 -30 -31
leaf_value=0.23267515737388655 13.222222013380806 48.780954670586297 0.64326529689087253 6.531862556496149 30.156310447982872 91.26153702310927 0.32572313811036513 13.292356472902958 3.4981154108170016 5.4831729367288906 65.157143039610659 48.020834846403872 83.590910762925361 25.14752473998163 1.9191387226412182 0.41403508704100433 17.640740526348839 10.422297107071147 1.4863003549117084 5.9914941333266416 60.160527847264255 20.665181970979802 38.571430039086053 38.378262243039956 8.0071088213844774 25.773214036757999 31.428947414171642 1.7436925416292641 10.673397243816643 5.9433333189355135
leaf_weight=18840 27 21 490 204 103 26 968 314 849 208 21 24 22 101 209 57 189 148 1365 435 38 247 28 46 211 56 38 1197 312 30
leaf_count=18840 27 21 490 204 103 26 968 314 849 208 21 24 22 101 209 57 189 148 1365 435 38 247 28 46 211 56 38 1197 312 30
internal_value=2.18035 33.3752 1.22386 7.36138 26.4818 69.4578 0.6084 11.2683 2.31334 3.15342 80.871 35.3433 74.5884 22.684 4.9963 6.55351 14.9262 7.53652 0.317367 4.34283 56.1102 20.923 31.955 41.6843 8.73741 21.6092 26.8647 1.1097 9.59771 0.949038
internal_weight=26824 798 26026 2372 670 128 23654 1230 3449 1142 69 201 43 469 622 413 503 356 20205 1284 59 330 131 70 727 303 139 2165 523 520
internal_count=26824 798 26026 2372 670 128 23654 1230 3449 1142 69 201 43 469 622 413 503 356 20205 1284 59 330 131 70 727 303 139 2165 523 520
is_linear=0
shrinkage=1


Tree=18
num_leaves=31
num_cat=0
split_feature=0 0 0 25 0 0 0 0 25 22 22 0 0 25 25 0 0 0 2 22 25 7 22 0 12 8 25 8 0 0
split_gain=730288 172164 112049 40404.6 22844.6 16342.3 12610.9 12524.8 8499.11 7478.16 4502.07 4628.39 4336.14 3609.29 2273.02 2180.14 1855.53 1810.06 1685.23 2105.37 1514.01 1483.67 1325.09 1196.96 1187.62 1083.48 1065.49 1031.84 990.138 843.532
threshold=19.395000000000003 45.055000000000007 7.495000000000001 -1.1745350877192979 55.510000000000005 29.145000000000003 12.585000000000003 3.6450000000000005 -0.63928494623655918 202.50000000000003 74.500000000000014 14.585000000000003 35.95000000000001 0.070645161290322403 -0.18795161290322573 9.6750000000000025 24.73 15.555000000000001 35.475000000000001 276.50000000000006 -1.8877730616864741 76.966650000000016 110.50000000000001 5.9150000000000009 0.53500000000000014 785.00000000000011 -0.53944736842105245 672.50000000000011 12.320000000000002 1.8650000000000004
decision_type=2 2 2 2 2 2 2 2 2 2 2 2 2 2 2 2 2 2 2 2 2 2 2 2 2 2 2 2 2 2
left_child=2 5 7 10 13 16 15 14 22 -6 -4 18 25 -3 -1 26 27 -8 19 28 21 -13 -9 -10 -14 -7 -5 -2 -12 -16
right_child=1 4 3 6 9 12 17 8 23 -11 11 20 24 -15 29 -17 -18 -19 -20 -21 -22 -23 -24 -25 -26 -27 -28 -29 -30 -31
leaf_value=0.25474015414425666 20.770791877159731 44.980954706916741 0.045016079106698914 5.0099998645866899 73.253124240146761 30.252380662552909 13.861363414924908 0.38275057899667342 4.135185154226912 96.336001427875644 5.1065216245622587 0.59166666677264446 48.109525263557366 61.102440249807799 1.0355669999345167 10.967021066056372 26.513599999652982 17.779811983105361 0.82601154159176415 1.7586591866906343 13.752458811938235 10.799999798727429 2.0401088646231065 6.4613001712957026 38.597144245781607 37.830436637067002 8.5707863308586383 25.656363407967081 9.4499998211167355 2.6846491139968069
leaf_weight=19377 202 21 311 110 32 105 264 858 702 25 230 24 21 41 970 376 125 213 173 179 61 35 1102 323 35 23 356 55 68 456
leaf_count=19377 202 21 311 110 32 105 264 858 702 25 230 24 21 41 970 376 125 213 173 179 61 35 1102 323 35 23 356 55 68 456
internal_value=2.1194 34.352 1.27629 7.78846 68.9269 27.0827 11.503 0.619274 2.53484 83.3772 3.25615 4.55312 34.825 55.6419 0.344412 9.17565 23.3534 15.6111 3.49969 4.46939 10.2592 6.64746 1.31459 4.8682 42.1643 31.6141 7.73026 21.8163 6.09765 1.5629
internal_weight=26873 685 26188 2400 119 566 1319 23788 2985 57 1081 770 184 62 20803 842 382 477 650 477 120 59 1960 1025 56 128 466 257 298 1426
internal_count=26873 685 26188 2400 119 566 1319 23788 2985 57 1081 770 184 62 20803 842 382 477 650 477 120 59 1960 1025 56 128 466 257 298 1426
is_linear=0
shrinkage=1


Tree=19
num_leaves=31
num_cat=0
split_feature=5 2 26 25 3 7 22 22 22 2 2 22 2 3 15 22 5 3 22 2 5 2 22 25 22 9 23 15 2 3
split_gain=360320 174421 53367.6 40332 39219.5 24569.6 19468.4 15257.1 13847.8 13576.7 11011.3 10409.3 10363.3 7846.89 7403.44 7918.27 7139.93 6831.57 6661.49 6428.21 5079.42 4607.53 11792 4224.96 3719.89 3384.91 2386.49 2335.02 2169.35 3269.18
threshold=0.86740000000000006 25.405000000000005 -1.0536129032258066 -0.9556890209394453 22.755000000000006 79.153350000000017 198.50000000000003 208.50000000000003 190.50000000000003 24.155000000000005 27.895000000000003 206.50000000000003 24.155000000000005 21.585000000000004 0.03500000000000001 184.50000000000003 0.63270000000000015 20.275000000000002 74.500000000000014 32.695000000000007 0.94715000000000016 31.185000000000006 274.50000000000006 -0.62209677419354825 137.50000000000003 5.1500000000000012 3.5000000000000004 0.045000000000000005 26.195000000000004 22.235000000000003
decision_type=2 2 2 2 2 2 2 2 2 2 2 2 2 2 2 2 2 2 2 2 2 2 2 2 2 2 2 2 2 2
left_child=9 2 6 5 7 18 8 12 -2 17 -7 -8 14 -12 15 -4 -11 -1 -3 24 -5 22 26 -18 -15 -14 -20 -9 29 -22
right_child=1 3 4 20 -6 10 11 27 -10 16 13 -13 25 19 -16 -17 23 -19 21 -21 28 -23 -24 -25 -26 -27 -28 -29 -30 -31
leaf_value=8.2296295572166223 47.953125062690852 0.019153228411978862 10.84827576321068 8.9932603549491645 64.670002225147371 33.208696928208013 74.049999441885561 11.171739000835871 17.782758280124259 0.32043180921117154 0.8805970286314404 43.70500121425259 21.182432287312498 29.680953187849802 42.061764565917414 28.992198756104962 1.2581829758062182 29.865000012622954 8.3170211205724289 7.8779410881940528 12.036922872401725 2.7482758107648664 2.1747081389471132 4.1835635028336817 15.359398367182642 10.399999909705601 14.963779544508039 17.101562329860212 12.236294569428093 22.618868147139544
leaf_weight=54 32 496 29 549 20 23 26 138 29 20194 67 20 74 21 34 141 1552 20 94 136 65 696 257 724 133 48 127 128 923 53
leaf_count=54 32 496 29 549 20 23 26 138 29 20194 67 20 74 21 34 141 1552 20 94 136 65 696 257 724 133 48 127 128 923 53
internal_value=2.16345 10.4862 24.7191 7.67481 21.1167 4.74327 45.3234 19.6453 33.6098 0.55421 12.0008 60.8565 24.231 10.6345 28.5912 25.8971 0.509675 14.077 3.09186 12.8879 11.4545 4.39003 6.78054 2.18875 17.3123 16.9402 12.1367 14.0252 12.7524 16.7898
internal_weight=26903 4359 719 3640 612 2050 107 592 61 22544 380 46 326 357 204 170 22470 74 1670 290 1590 1174 478 2276 154 122 221 266 1041 118
internal_count=26903 4359 719 3640 612 2050 107 592 61 22544 380 46 326 357 204 170 22470 74 1670 290 1590 1174 478 2276 154 122 221 266 1041 118
is_linear=0
shrinkage=1


Tree=20
num_leaves=31
num_cat=0
split_feature=5 2 26 25 3 7 2 25 2 26 2 5 4 3 6 25 2 3 2 25 2 5 23 4 2 4 26 2 21 2
split_gain=359514 168801 64356.3 37810.7 34336 23594.1 19838.4 16654.8 14012.1 10874.9 12191.8 8438.36 8246.48 7122.21 6995.99 6680.86 6148.37 5696.11 11818.9 5468.29 5329.07 4834.36 2981.09 2892.3 2472.5 2461.12 2402.86 3372.46 2363.09 1979.98
threshold=0.86740000000000006 25.405000000000005 -1.0536129032258066 -0.94790322580645159 22.695000000000004 79.153350000000017 23.285000000000004 4.2306451612903233 27.315000000000001 0.37422580645161313 21.925000000000004 0.63270000000000015 20.355000000000004 21.585000000000004 14.099000000000002 2.5754838709677421 23.745000000000001 20.075000000000003 31.185000000000006 -0.47028947368421042 31.625000000000004 0.95905000000000007 4.5000000000000009 22.675000000000004 37.555000000000007 16.885000000000002 0.33362419354838702 30.535000000000004 4.5000000000000009 29.445000000000004
decision_type=2 2 2 2 2 2 2 2 2 2 2 2 2 2 2 2 2 2 2 2 2 2 2 2 2 2 2 2 2 2
left_child=7 2 6 5 9 17 12 11 -7 10 15 -1 -2 -10 -12 -4 -16 26 22 -13 -15 -5 -19 -17 -22 -8 -3 -28 -24 -23
right_child=1 3 4 21 -6 8 25 -9 13 -11 14 19 -14 20 16 23 -18 18 -20 -21 24 29 28 -25 -26 -27 27 -29 -30 -31
leaf_value=0.31788102204269708 50.718420847415238 0.49457363411408228 15.415384460747767 9.2003061761750242 60.123811849773887 37.061905977519743 26.751612520227738 29.395000174747587 1.669863026256263 36.358823302494166 10.225850195954191 1.3486535983925814 75.804999688373684 18.403809627712732 24.464035035174508 24.700000241504789 15.408219029190166 7.9538959736362731 2.74903576410308 4.7356611667466382 11.096026377890473 13.943291476546856 23.180769396163473 39.368293294271169 1.1566666872369058 40.980000642047997 14.646666601406217 0.09999999887882316 12.058333371799453 11.02706755141782
leaf_weight=20189 38 645 26 653 21 21 31 20 73 34 147 1634 20 105 114 20 219 154 726 673 151 559 26 41 30 20 30 34 72 399
leaf_count=20189 38 645 26 653 21 21 31 20 73 34 147 1634 20 105 114 20 219 154 726 673 151 559 26 41 30 20 30 34 72 399
internal_value=2.16754 10.4252 24.3044 7.66669 20.3765 4.83609 46.7183 0.55056 11.9547 18.9877 17.946 0.524916 59.369 10.4861 15.9719 28.8379 18.5084 3.2326 4.79714 2.33671 12.7364 11.2985 10.6976 34.559 9.44862 32.3314 1.07447 6.91875 15.0092 12.7287
internal_weight=26925 4409 731 3678 622 2067 109 22516 380 601 567 22496 58 359 480 87 333 1687 978 2307 286 1611 252 61 181 51 709 64 98 958
internal_count=26925 4409 731 3678 622 2067 109 22516 380 601 567 22496 58 359 480 87 333 1687 978 2307 286 1611 252 61 181 51 709 64 98 958
is_linear=0
shrinkage=1


Tree=21
num_leaves=31
num_cat=0
split_feature=0 0 0 25 0 0 0 0 25 0 22 26 0 8 25 0 0 0 25 7 1 22 12 0 22 8 22 8 25 8
split_gain=792466 184470 112856 41814.1 23207.2 18507.2 13432.8 12596.1 9042.93 4763.52 4586.11 4539.24 4009.46 3099.76 2336.34 2262.66 2243.05 2099.68 1815.19 1680.4 1428.02 2237.01 1382.87 1306.11 1289.68 1286.46 1275.16 1068.29 1063.01 867.312
threshold=19.395000000000003 45.055000000000007 7.495000000000001 -1.153774759479343 55.510000000000005 29.145000000000003 12.585000000000003 3.6450000000000005 -0.6151451612903226 35.95000000000001 74.500000000000014 -1.0031666666666663 14.585000000000003 785.00000000000011 -0.18795161290322573 24.73 9.6750000000000025 15.075000000000001 -1.8455967741935482 78.472250000000017 29.375000000000004 276.50000000000006 0.53500000000000014 5.5050000000000008 93.500000000000014 785.00000000000011 102.50000000000001 672.50000000000011 -0.54592473118279561 672.50000000000011
decision_type=2 2 2 2 2 2 2 2 2 2 2 2 2 2 2 2 2 2 2 2 2 2 2 2 2 2 2 2 2 2
left_child=2 5 7 10 13 15 16 14 24 25 -4 -6 20 -3 -1 27 28 -8 19 -14 21 26 -11 -10 -9 -7 -12 -2 -5 -17
right_child=1 4 3 6 11 9 17 8 23 22 12 -13 18 -15 -16 29 -18 -19 -20 -21 -22 -23 -24 -25 -26 -27 -28 -29 -30 -31
leaf_value=0.25594604175722147 20.645770931246087 46.77500224422085 0.047839508523189522 5.0090088757026088 92.067855599628572 30.254807456975325 13.480840888819404 0.21603905049513683 3.9930920811584247 48.096001427875635 2.7035293581914415 75.191893007168559 1.4588234806068723 61.021429825644653 1.5611788530104345 25.323655846820952 10.962532085355569 17.706513206966548 13.837287948348667 12.52608673777501 1.0367469688972255 1.5790960179344098 38.702382397331903 6.2797168481608434 1.887056985426085 38.119232382559382 7.2310343225486573 25.655555313158931 8.5464086507266792 31.290909040531741
leaf_weight=19349 201 24 324 111 28 104 214 717 608 25 85 37 34 42 1476 93 387 261 59 23 166 177 42 424 1298 26 232 54 362 33
leaf_count=19349 201 24 324 111 28 104 214 717 608 25 85 37 34 42 1476 93 387 261 59 23 166 177 42 424 1298 26 232 54 362 33
internal_value=2.17695 35.1677 1.28781 7.77298 69.0496 27.4886 11.5345 0.626311 2.52534 35.3579 3.20782 82.4615 4.52719 55.8409 0.348456 23.4197 9.17709 15.8027 9.94914 5.92456 3.57424 4.42692 42.2075 4.93256 1.29246 31.8277 6.01703 21.7067 7.71628 26.8865
internal_weight=27016 709 26307 2435 131 578 1335 23872 3047 197 1100 65 776 66 20825 381 860 475 116 57 660 494 67 1032 2015 130 317 255 473 126
internal_count=27016 709 26307 2435 131 578 1335 23872 3047 197 1100 65 776 66 20825 381 860 475 116 57 660 494 67 1032 2015 130 317 255 473 126
is_linear=0
shrinkage=1


Tree=22
num_leaves=31
num_cat=0
split_feature=0 0 0 25 0 0 0 0 25 26 22 0 4 9 0 0 0 0 25 22 2 12 0 22 9 25 9 25 9 0
split_gain=789943 189001 113588 43198.1 21851.5 17252.8 13808 12217.1 8626.39 4809.75 4632.92 4183.85 3554.88 3065.07 3032.59 2480.06 2353.86 2222.29 1939.24 1692.83 2333.76 1499.99 1486.83 1316.22 1190.24 1085.4 1076 993.79 956.578 872.032
threshold=19.395000000000003 45.055000000000007 7.495000000000001 -1.1745350877192979 55.510000000000005 29.145000000000003 12.585000000000003 3.3250000000000006 -0.65118562535370672 -1.0031666666666663 110.50000000000001 35.95000000000001 24.515000000000004 3.5000000000000004 14.585000000000003 24.73 9.6750000000000025 15.075000000000001 -0.33032258064516123 276.50000000000006 35.525000000000013 0.53500000000000014 5.9150000000000009 110.50000000000001 9.5000000000000018 -0.53944736842105245 5.1500000000000012 -2.3274660441426143 5.1500000000000012 1.6150000000000004
decision_type=2 2 2 2 2 2 2 2 2 2 2 2 2 2 2 2 2 2 2 2 2 2 2 2 2 2 2 2 2 2
left_child=2 5 7 10 13 15 16 18 23 -6 -4 24 -11 -3 19 26 25 -8 -1 20 -12 -13 -10 -9 -7 -5 -2 -16 -17 -20
right_child=1 4 3 6 9 11 17 8 22 12 14 21 -14 -15 27 28 -18 -19 29 -21 -22 -23 -24 -25 -26 -27 -28 -29 -30 -31
leaf_value=0.21980665570587377 20.602970101591136 46.417393739303542 0.98921567719874259 4.8097086018342043 91.439284225552825 30.193877296225299 13.542533712522056 0.35210688351344377 3.8798088130326889 65.319047874176334 7.3120533966587793 48.66190614327742 83.719049400055241 60.905001309620019 4.9879998667107825 25.312499963349779 11.051474322792224 17.829587779648904 0.80196210193649753 1.7048912804418783 1.5798076605481099 38.351164072372818 6.4027776468915114 1.89438812866406 37.924001687275052 8.4969012045954635 25.703845925849741 12.376119166585161 31.297297319714744 2.1880915943427031
leaf_weight=18206 202 23 510 103 28 98 221 973 837 21 224 21 21 40 25 96 373 267 1478 184 104 43 324 1283 25 355 52 67 37 655
leaf_count=18206 202 23 510 103 28 98 221 973 837 21 224 21 21 40 25 96 373 267 1478 184 104 43 324 1283 25 355 52 67 37 655
internal_value=2.17636 35.1604 1.28592 7.79355 69.1271 27.2901 11.666 0.619435 2.36904 81.2871 3.20853 35.177 74.519 55.6159 5.08245 23.4791 9.18652 15.8881 0.325498 4.13262 5.49451 41.7344 4.58389 1.22921 31.765 7.66769 21.6472 10.3685 26.9774 1.22761
internal_weight=26896 707 26189 2433 133 574 1319 23756 3417 70 1114 187 42 63 604 387 831 488 20339 512 328 64 1161 2256 123 458 254 92 133 2133
internal_count=26896 707 26189 2433 133 574 1319 23756 3417 70 1114 187 42 63 604 387 831 488 20339 512 328 64 1161 2256 123 458 254 92 133 2133
is_linear=0
shrinkage=1


Tree=23
num_leaves=31
num_cat=0
split_feature=0 0 0 25 0 0 0 25 0 22 7 22 0 8 22 25 0 0 0 22 2 0 0 8 8 8 8 26 1 22
split_gain=796642 191945 114737 39199 21223.4 20112.9 17048.7 12360.5 8627.35 5590.05 6521.83 4300.29 4086.47 3339.35 2929.5 2801.82 2374.87 2317.03 2064.77 1861.26 1833.95 1538.55 1492.72 1443.49 1276.86 1041.02 986.425 899.989 826.144 1023.16
threshold=19.395000000000003 45.055000000000007 8.9350000000000005 -1.2733387096774191 55.510000000000005 4.0650000000000004 29.145000000000003 -0.65118562535370672 14.585000000000003 202.50000000000003 76.966650000000016 110.50000000000001 35.95000000000001 785.00000000000011 276.50000000000006 -0.33032258064516123 24.73 15.075000000000001 5.9150000000000009 93.500000000000014 35.525000000000013 1.6150000000000004 10.785000000000002 785.00000000000011 672.50000000000011 785.00000000000011 672.50000000000011 -0.19772688172043004 30.145000000000003 276.50000000000006
decision_type=2 2 2 2 2 2 2 2 2 2 2 2 2 2 2 2 2 2 2 2 2 2 2 2 2 2 2 2 2 2
left_child=2 6 5 11 13 15 16 19 22 10 -6 -4 23 -3 17 -1 26 20 -9 -7 -13 -17 -5 -8 -14 -18 -2 -10 29 -21
right_child=1 4 3 8 9 7 12 18 27 -11 -12 14 24 -15 -16 21 25 -19 -20 28 -22 -23 -24 -25 -26 -27 -28 -29 -30 -31
leaf_value=0.25206228791541307 20.594845194805817 46.127275058191245 1.0275481979927277 9.4984846565013115 87.264997628437172 0.25793412939764337 30.110784014814833 4.3821428146026644 19.750485316835061 92.214287113823602 62.573913753527385 8.2320893437730085 38.11282173489812 61.335715467269466 1.8835937318520553 0.80321499490199244 25.376288660422102 13.118032524975069 7.1214033540090931 3.4437966510632991 1.855882319913984 2.4937054552383553 12.376574075266062 38.457693671598406 47.383335037138735 32.116666876382311 25.392727044330716 16.152803496523575 0.66040815545238107 1.3873350666563815
leaf_weight=19008 194 22 363 330 20 668 102 532 103 28 23 134 39 42 128 1493 97 61 570 669 68 842 397 26 24 30 55 214 245 379
leaf_count=19008 194 22 363 330 20 668 102 532 103 28 23 134 39 42 128 1493 97 61 570 669 68 842 397 26 24 30 55 214 245 379
internal_value=2.18153 35.4262 1.29091 9.00033 69.3141 0.722953 27.3577 3.11926 12.9684 81.2183 74.0581 3.5061 35.0513 56.1078 5.80716 0.379052 23.4495 7.71673 5.799 1.61336 6.08564 1.41281 11.0702 31.8063 41.6444 26.9685 21.6546 17.3218 2.31361 2.7001
internal_weight=26906 702 26204 1798 135 24406 567 3063 1044 71 43 754 191 64 391 21343 376 263 1102 1961 202 2335 727 128 63 127 249 317 1293 1048
internal_count=26906 702 26204 1798 135 24406 567 3063 1044 71 43 754 191 64 391 21343 376 263 1102 1961 202 2335 727 128 63 127 249 317 1293 1048
is_linear=0
shrinkage=1


Tree=24
num_leaves=31
num_cat=0
split_feature=5 25 25 7 26 22 25 1 25 22 1 22 7 5 22 22 1 25 3 1 26 3 22 26 22 25 22 26 26 1
split_gain=358176 164708 61311.8 29865.2 23397 21917.3 21653.7 38269.2 14444.8 14336 13242.8 13106.4 10219.1 9009.57 7632.77 7214.43 6807.84 5738.87 5715.89 5605.07 5521.42 5363.13 5166.31 4644.04 14923.7 3547.32 3193.97 3069.53 2964.89 2928.13
threshold=0.86740000000000006 2.5754838709677421 -0.94790322580645159 79.153350000000017 -1.0536129032258066 198.50000000000003 -3.2685483870967738 25.915000000000003 4.2306451612903233 190.50000000000003 24.495000000000001 206.50000000000003 76.966650000000016 0.67180000000000006 74.500000000000014 188.50000000000003 23.125000000000004 -0.63928494623655918 21.155000000000005 28.605000000000004 -0.95235806451612881 21.745000000000001 77.500000000000014 -1.0031666666666663 178.50000000000003 -1.6525806451612901 137.50000000000003 0.33800000000000013 -0.099838709677419313 29.755000000000006
decision_type=2 2 2 2 2 2 2 2 2 2 2 2 2 2 2 2 2 2 2 2 2 2 2 2 2 2 2 2 2 2
left_child=8 2 3 14 5 9 7 -5 13 -3 12 -7 20 -1 -2 -6 21 -15 -8 26 23 -14 27 -4 -25 -24 -20 -16 -18 -27
right_child=1 4 10 6 15 11 18 -9 -10 -11 -12 -13 16 17 22 -17 28 -19 19 -21 -22 -23 25 24 -26 29 -28 -29 -30 -31
leaf_value=0.34576353270429183 0.08118609530299814 47.688889321128535 14.730120300024083 65.780002358661775 41.591304865067144 75.123332614805975 1.6069444580752954 14.938596297723523 26.780952479406022 18.351612594060587 9.9732226308056067 43.770834449039576 23.827272642216311 1.3546218338020171 7.8354837002391164 21.602381133145769 26.773333806898872 4.942603497143411 22.632558692647212 5.1678571362487284 12.940925135976011 44.580000260578274 2.3312748893418709 15.065853255729703 47.847619468505428 6.9399609219783489 12.518420871884517 23.082608516296339 15.355318929836557 1.5249999696306995
leaf_weight=20595 489 36 83 20 23 30 72 57 21 31 844 24 33 1309 31 84 30 676 43 84 843 20 502 41 21 513 114 23 94 124
leaf_count=20595 489 36 83 20 23 30 72 57 21 31 844 24 33 1309 31 84 30 676 43 84 843 20 502 41 21 513 114 23 94 124
internal_value=2.15925 10.5146 9.0533 5.23663 36.6715 46.1975 13.121 28.1442 0.566249 34.1149 12.9896 61.1889 15.1749 0.541869 3.4085 25.8991 22.1723 2.57652 9.42524 11.761 13.9214 31.6585 4.77234 19.6214 26.1694 4.31923 15.2885 14.3296 18.1177 5.88587
internal_weight=26910 4309 4081 2072 228 121 390 77 22601 67 2009 54 1165 22580 1682 107 177 1985 313 241 988 53 1193 145 62 1139 157 54 124 637
internal_count=26910 4309 4081 2072 228 121 390 77 22601 67 2009 54 1165 22580 1682 107 177 1985 313 241 988 53 1193 145 62 1139 157 54 124 637
is_linear=0
shrinkage=1


Tree=25
num_leaves=31
num_cat=0
split_feature=0 0 0 25 0 0 0 0 25 26 0 3 2 0 25 0 25 25 0 0 8 25 8 22 8 0 8 22 0 0
split_gain=750352 181595 104756 40572.1 21988 17591.1 12988.9 12202.1 8889.21 4519.58 4183.71 3859.99 3969.83 3065.78 2883.85 2194.78 2075.49 1994.3 1783.81 1639.12 1580.39 1505.4 1505.25 1368.7 1121.4 1055.55 907.974 692.799 665.457 643.555
threshold=18.420000000000005 45.055000000000007 7.495000000000001 -1.2432258064516126 29.145000000000003 55.510000000000005 3.3250000000000006 11.705000000000002 -0.63928494623655918 -1.0031666666666663 35.95000000000001 21.155000000000005 35.475000000000001 22.875000000000004 0.037951612903225691 15.075000000000001 -0.18795161290322573 -0.53944736842105245 12.320000000000002 5.5050000000000008 785.00000000000011 -1.8455967741935482 785.00000000000011 93.500000000000014 785.00000000000011 9.1150000000000002 785.00000000000011 126.50000000000001 1.5550000000000004 1.7450000000000003
decision_type=2 2 2 2 2 2 2 2 2 2 2 2 2 2 2 2 2 2 2 2 2 2 2 2 2 2 2 2 2 2
left_child=2 4 6 11 13 14 16 17 23 -7 20 -4 18 21 -3 -9 27 -5 -13 -10 -6 -2 -15 -8 -12 -19 -23 -1 -18 -29
right_child=1 5 3 7 10 9 8 15 19 -11 24 12 -14 22 -16 -17 28 25 -20 -21 -22 26 -24 -25 -26 -27 -28 29 -30 -31
leaf_value=0.079375278770458912 12.238094991409604 46.310002282367826 0.9780582407843923 5.8747366710204272 30.079999688373686 90.543998711811184 0.22243107674238027 13.234808036973387 3.7804347611241864 73.231579695826397 39.175556795239459 5.2048779239166052 1.3090908877143794 24.160135085382635 61.079488421127337 17.296346786179875 0.97457816568487354 8.1232822527050157 10.072268740550602 6.2488206284547854 38.628572841733231 19.981966976740118 31.007317144874971 1.853103424355002 48.175001481281399 10.835961928204714 24.552631410539512 0.32196932588391181 2.4031067876897594 1.0347989925658132
leaf_weight=11205 21 20 515 190 95 25 798 339 736 38 45 205 198 148 39 219 889 262 119 424 28 183 41 1450 20 317 57 6195 515 1592
leaf_count=11205 21 20 515 190 95 25 798 339 736 38 45 205 198 148 39 219 889 262 119 424 28 183 41 1450 20 317 57 6195 515 1592
internal_value=2.15741 33.1322 1.25781 7.60681 26.3727 68.4811 0.627281 11.269 2.43439 80.1016 35.4553 2.92044 4.83678 22.5782 56.0729 14.8289 0.325328 8.68596 6.99259 4.68267 32.026 20.3571 25.6455 1.27424 41.9446 9.60846 21.0675 0.238595 1.49858 0.467703
internal_weight=26928 760 26168 2364 638 122 23804 1327 3408 63 188 1037 522 450 59 558 20396 769 324 1160 123 261 189 2248 65 579 240 18992 1404 7787
internal_count=26928 760 26168 2364 638 122 23804 1327 3408 63 188 1037 522 450 59 558 20396 769 324 1160 123 261 189 2248 65 579 240 18992 1404 7787
is_linear=0
shrinkage=1


Tree=26
num_leaves=31
num_cat=0
split_feature=0 0 0 25 0 0 0 0 25 22 0 25 0 13 0 0 0 25 2 22 7 25 8 25 22 8 12 25 0 0
split_gain=761411 181693 102140 41050.4 21438.6 20304 12517.6 11362.2 8835.53 4057.63 3683.65 3595.72 3588.88 3418.34 3225.42 2179.16 1788.83 1780.88 1634.68 2237.32 1576.48 1559.98 1445.5 1387.8 1377.9 1351.56 1306.35 904.297 898.483 755.924
threshold=18.420000000000005 45.055000000000007 7.495000000000001 -1.153774759479343 29.145000000000003 55.510000000000005 3.1250000000000004 11.705000000000002 -0.6151451612903226 74.500000000000014 15.075000000000001 4.2306451612903233 35.95000000000001 0.11000000000000001 22.875000000000004 15.075000000000001 5.2150000000000007 -0.18795161290322573 35.415000000000006 276.50000000000006 76.966650000000016 -0.41918279569892464 785.00000000000011 -1.8455967741935482 93.500000000000014 785.00000000000011 0.53500000000000014 1.0635000000000001 12.055000000000001 8.9350000000000005
decision_type=2 2 2 2 2 2 2 2 2 2 2 2 2 2 2 2 2 2 2 2 2 2 2 2 2 2 2 2 2 2
left_child=2 4 6 9 14 13 17 21 24 -4 18 -7 25 -3 23 -9 -10 -1 19 28 -12 -5 -16 -2 -8 -6 -14 -25 -11 -23
right_child=1 5 3 7 12 11 8 15 16 10 20 -13 26 -15 22 -17 -18 -19 -20 -21 -22 29 -24 27 -26 -27 -28 -29 -30 -31
leaf_value=0.22938977996472665 12.38999983380902 44.835002282367824 0.0012738872216568886 6.5661833990759177 30.339583062238177 74.100000839718689 0.21418685036059171 13.287096536169358 3.5300689493665658 5.0418603512110467 4.7031248652504694 89.507141695384007 47.975001481281396 60.602273965800663 24.382312844242112 17.418893798495169 6.0065572627032475 1.4068890408238772 1.043877528664406 1.6144508353659859 13.473684014930377 8.2844218998821901 31.162500003086212 20.083419440939377 1.7806147833927268 38.235715698876092 38.325533367767697 24.893877300117847 8.8823527703573646 10.768024883023099
leaf_weight=18731 20 20 314 207 96 33 867 310 725 215 32 28 20 44 147 217 488 1379 196 173 57 199 40 193 1594 28 47 49 85 319
leaf_count=18731 20 20 314 207 96 33 867 310 725 215 32 28 20 44 147 217 488 1379 196 173 57 199 40 193 1594 28 47 49 85 319
internal_value=2.14966 33.2459 1.2385 7.56605 26.435 68.1176 0.620219 11.455 2.3175 3.02407 4.27625 81.1721 35.3089 55.675 22.6601 14.9884 4.52638 0.310134 3.4722 4.47844 10.3202 8.88662 25.8326 20.3958 1.22877 32.1226 41.206 21.0574 6.13 9.8139
internal_weight=26873 765 26108 2324 640 125 23784 1252 3674 1072 758 61 191 64 449 527 1213 20110 669 473 89 725 187 262 2461 124 67 242 300 518
internal_count=26873 765 26108 2324 640 125 23784 1252 3674 1072 758 61 191 64 449 527 1213 20110 669 473 89 725 187 262 2461 124 67 242 300 518
is_linear=0
shrinkage=1


Tree=27
num_leaves=31
num_cat=0
split_feature=0 0 0 25 0 0 0 0 25 2 2 22 0 0 9 0 25 0 0 22 9 7 2 22 0 25 12 25 7 22
split_gain=747523 177907 112070 40910.2 21616.4 16525.6 15761.6 10900.2 10648.4 5179.8 4260.26 4172.19 3867.26 3570.74 3417 2510.58 2239.12 1996.06 1712.59 1656.29 1576.38 1424 1397.77 2511.21 1232.86 1166.76 1069.64 986.206 857.513 808.921
threshold=19.395000000000003 45.055000000000007 8.2450000000000028 -1.2733387096774191 55.510000000000005 3.6450000000000005 29.145000000000003 13.285000000000002 -0.65118562535370672 25.135000000000002 22.755000000000006 74.500000000000014 15.075000000000001 35.95000000000001 9.5000000000000018 24.73 -0.18795161290322573 5.9150000000000009 10.525 93.500000000000014 9.5000000000000018 76.966650000000016 35.475000000000001 276.50000000000006 16.190000000000001 1.0635000000000001 0.63500000000000012 -0.57641666666666658 78.197250000000011 126.50000000000001
decision_type=2 2 2 2 2 2 2 2 2 2 2 2 2 2 2 2 2 2 2 2 2 2 2 2 2 2 2 2 2 2
left_child=2 6 5 11 14 16 15 18 19 10 -6 -4 22 20 -3 25 29 -10 27 -7 -8 -14 23 28 -9 -2 -15 -5 -13 -1
right_child=1 4 3 7 9 8 13 24 17 -11 -12 12 21 26 -16 -17 -18 -19 -20 -21 -22 -23 -24 -25 -26 -27 -28 -29 -30 -31
leaf_value=0.08439127737052976 20.568499813781859 45.609093170651292 0.010256412294626482 5.7315215602929026 77.104998925434231 0.22988047724276295 30.008080603574275 14.856410043900862 4.1122534872895722 68.47500224422086 96.866666081653719 4.8272726024798818 5.4242423442433712 46.560870806007003 61.125001385913968 27.117073211422149 1.5496872724441939 6.7793102030401471 11.64911742552975 2.0643208710027805 39.041668179737208 13.627118426919896 1.0520270038298036 1.3979310140045804 18.332043945911781 26.424389952745234 37.830556899083994 9.446562309296608 8.6408693728003669 0.49841759993117196
leaf_weight=11327 200 22 273 92 20 753 99 234 710 20 24 121 33 23 40 123 1439 464 340 1421 24 59 148 145 181 41 36 320 115 8089
leaf_count=11327 200 22 273 92 20 753 99 234 710 20 24 121 33 23 40 123 1439 464 340 1421 24 59 148 145 181 41 36 320 115 8089
internal_value=2.12261 35.0564 1.27996 8.35876 68.927 0.677164 27.2401 12.2583 2.73949 81.8188 87.8841 3.26846 4.70081 34.8385 55.6194 23.4409 0.346085 5.16635 9.9879 1.42893 31.7707 10.6848 3.66011 4.67323 16.3723 21.5647 41.2339 8.61699 6.68559 0.256881
internal_weight=26936 672 26264 2061 126 24203 546 1167 3348 64 44 894 621 182 62 364 20855 1174 752 2174 123 92 529 381 415 241 59 412 236 19416
internal_count=26936 672 26264 2061 126 24203 546 1167 3348 64 44 894 621 182 62 364 20855 1174 752 2174 123 92 529 381 415 241 59 412 236 19416
is_linear=0
shrinkage=1


Tree=28
num_leaves=31
num_cat=0
split_feature=0 0 0 25 0 0 0 0 25 0 25 22 13 0 0 8 25 3 0 12 0 8 22 0 3 1 17 25 25 24
split_gain=717206 162773 101272 40778.9 21357 17454.1 14890.2 9495.73 7013.81 6223.66 5091.21 4499.03 3984.33 3508.78 2939.96 2112.62 1949.43 1616.42 1545.48 1243.9 1230.44 1194.69 1188.33 917.268 862.404 910.08 787.57 742.871 731.712 726.259
threshold=18.420000000000005 45.055000000000007 6.6850000000000014 -1.153774759479343 26.785000000000004 55.510000000000005 10.785000000000002 3.2350000000000008 -0.45470005659309559 35.95000000000001 2.5754838709677421 110.50000000000001 0.11000000000000001 12.320000000000002 14.585000000000003 785.00000000000011 -0.18795161290322573 20.585000000000004 8.4250000000000025 0.53500000000000014 20.515000000000004 785.00000000000011 93.500000000000014 5.5050000000000008 19.295000000000005 30.145000000000003 38.000000000000007 -0.595157894736842 -1.7113469156762873 4.5000000000000009
decision_type=2 2 2 2 2 2 2 2 2 2 2 2 2 2 2 2 2 2 2 2 2 2 2 2 2 2 2 2 2 2
left_child=2 4 7 11 15 12 18 16 22 21 -7 -4 -3 24 -8 20 -1 -15 -5 -11 29 -6 -9 -10 -13 -26 28 -20 -19 -2
right_child=1 5 3 6 9 10 14 8 23 19 -12 13 -14 17 -16 -17 -18 26 27 -21 -22 -23 -24 -25 25 -27 -28 -29 -30 -31
leaf_value=0.2348875433867168 18.937930726802684 43.175002244220849 0.86399999151049123 6.4822012548960632 29.121678137030742 68.715384761521975 12.486910767223932 0.20771241839007448 3.8865889002078404 47.708696959306089 87.690321225514566 0.44659090892595654 60.323810796190834 1.0959999592171914 16.876771443742374 26.097560833318784 1.4728738902426275 3.6290321573232802 6.5518070188614086 38.597675842222017 21.834634010563388 35.6400012796474 1.7461327702826002 6.1306450426226293 4.6209725331589748 0.78157893445548954 11.716091749657631 9.9113205608454535 10.617241217147816 12.385714170726533
leaf_weight=18852 87 20 600 427 143 26 382 765 686 23 31 88 42 25 254 82 1364 31 83 43 205 35 1461 248 329 76 87 318 29 21
leaf_count=18852 87 20 600 427 143 26 382 765 686 23 31 88 42 25 254 82 1364 31 83 43 205 35 1461 248 329 76 87 318 29 21
internal_value=2.12385 32.4468 1.24338 7.00795 26.123 66.4042 10.6012 0.570401 2.18247 33.4787 79.0351 2.84941 54.7919 4.64075 14.2401 21.5792 0.318416 8.52965 7.80616 41.7727 20.3955 30.4034 1.21743 4.48244 3.28398 3.90049 9.79388 9.21596 7.00667 17.6639
internal_weight=26863 758 26105 2729 639 119 1464 23376 3160 244 57 1265 62 665 636 395 20216 172 828 66 313 178 2226 934 493 405 147 401 60 108
internal_count=26863 758 26105 2729 639 119 1464 23376 3160 244 57 1265 62 665 636 395 20216 172 828 66 313 178 2226 934 493 405 147 401 60 108
is_linear=0
shrinkage=1


Tree=29
num_leaves=31
num_cat=0
split_feature=0 0 0 25 0 0 0 0 2 25 0 22 0 0 25 25 0 25 8 25 8 12 8 0 0 3 2 22 22 22
split_gain=731150 185603 90619.1 39047.3 25705.7 16326.4 11844.9 9322.75 6870.84 6790.45 5982.2 4036.98 3113.2 2720.17 3494.06 2701.86 2016.26 1951.99 1386.12 1370.72 1492.02 1323.16 1144.26 1102.35 1083.16 1065.09 1202.6 901.089 876.823 667.284
threshold=17.620000000000001 45.055000000000007 6.6850000000000014 -1.0594999999999997 26.785000000000004 55.510000000000005 10.525 3.2350000000000008 25.135000000000002 -0.77983333333333327 35.95000000000001 110.50000000000001 12.955000000000002 20.515000000000004 -1.8455967741935482 0.037951612903225691 14.585000000000003 -0.18795161290322573 785.00000000000011 -1.7113469156762873 368.50000000000006 0.53500000000000014 785.00000000000011 4.6050000000000013 8.9350000000000005 19.295000000000005 35.295000000000009 110.50000000000001 274.50000000000006 126.50000000000001
decision_type=2 2 2 2 2 2 2 2 2 2 2 2 2 2 2 2 2 2 2 2 2 2 2 2 2 2 2 2 2 2
left_child=2 4 7 11 13 15 24 17 -7 27 18 -4 25 14 -2 -3 -8 29 -6 20 -14 -12 -15 -11 -5 -13 28 -9 -27 -1
right_child=1 5 3 6 10 8 16 9 -10 23 21 12 19 22 -16 -17 -18 -19 -20 -21 -22 -23 -24 -25 -26 26 -28 -29 -30 -31
leaf_value=0.07695585144254391 6.3652172637786411 47.247621300922511 0.85759161025689323 6.966454178436539 29.187417053946785 87.492306351691241 12.613414399967905 0.28161434863470891 64.695001557575353 3.0625861986732943 48.580001595722315 0.38181818081033536 11.182758441262333 21.973786266876157 19.484392851404234 61.255001214252587 16.547120218467214 1.4772123788304201 35.743903599312972 11.695774445799236 2.0239129926611401 38.697620565230892 27.758536498899719 4.9866012312667278 9.5092305814904172 6.1804649749834244 1.2764705610683902 1.6434863922171505 2.778632424801347 0.46019417079220415
leaf_weight=11031 23 21 573 471 151 39 410 892 20 580 20 99 29 206 173 40 191 1356 41 71 46 42 41 612 260 215 119 1067 117 7725
leaf_count=11031 23 21 573 471 151 39 410 892 20 580 20 99 29 206 173 40 191 1356 41 71 46 42 41 612 260 215 119 1067 117 7725
internal_value=2.12542 31.5791 1.19503 6.79293 25.3251 67.9042 10.5748 0.56914 79.7644 2.16849 33.3453 2.82333 4.44167 20.7266 17.9449 56.4328 13.8636 0.318566 30.5875 8.54658 5.56533 41.8855 22.934 4.05042 7.87086 3.352 4.00399 1.02338 4.98163 0.2348
internal_weight=26681 817 25864 2601 697 120 1332 23263 59 3151 254 1269 696 443 196 61 601 20112 192 146 75 62 247 1192 731 550 451 1959 332 18756
internal_count=26681 817 25864 2601 697 120 1332 23263 59 3151 254 1269 696 443 196 61 601 20112 192 146 75 62 247 1192 731 550 451 1959 332 18756
is_linear=0
shrinkage=1


Tree=30
num_leaves=31
num_cat=0
split_feature=0 0 0 25 0 0 0 0 25 3 2 0 0 25 13 0 0 25 0 0 8 25 12 21 25 8 25 25 21 0
split_gain=775547 182469 103595 41551.4 20759.7 19412.6 12439.8 12158.2 8571.07 4173.87 4017.97 4003.15 3514.47 3495.85 3375.01 2252.89 2126.66 1848.07 1701.28 1676.57 1409.55 1257.38 1181.11 1148.7 1139.31 1049.08 748.12 735.804 613.789 606.609
threshold=18.420000000000005 45.055000000000007 7.495000000000001 -1.2432258064516126 29.145000000000003 55.510000000000005 3.2350000000000008 12.585000000000003 -0.77983333333333327 21.155000000000005 35.525000000000013 35.95000000000001 24.73 4.2306451612903233 0.11000000000000001 9.6750000000000025 15.075000000000001 -0.18795161290322573 5.6150000000000011 15.555000000000001 785.00000000000011 1.0635000000000001 0.53500000000000014 3.5000000000000004 -0.41918279569892464 672.50000000000011 -0.51994623655913974 -1.8455967741935482 4.5000000000000009 12.055000000000001
decision_type=2 2 2 2 2 2 2 2 2 2 2 2 2 2 2 2 2 2 2 2 2 2 2 2 2 2 2 2 2 2
left_child=2 4 6 9 12 14 17 15 23 -4 16 20 21 -7 -3 24 29 28 -10 -9 -6 27 -13 -8 -5 -14 -17 -2 -1 -11
right_child=1 5 3 7 11 13 8 19 18 10 -12 22 25 -15 -16 26 -18 -19 -20 -21 -22 -23 -24 -25 -26 -27 -28 -29 -30 -31
leaf_value=0.075450788824884096 14.572727141432102 44.75500235866177 0.89418385126523403 5.2450702783465291 30.277227468555267 74.189744714008455 0.18748450986236698 13.855893322169354 3.5687637764030193 5.0519800836302728 1.3075757304381983 48.025001290546534 25.257291637963732 89.529165032611971 60.216668211526354 8.3712763918632724 13.238297622804398 1.4253218797025404 5.9841859299276514 17.766489129667036 38.664001229511378 25.719148725186976 38.756819793146079 1.6844839609310129 8.6311176282538433 31.407692404923289 11.596731813094989 20.606023851861131 0.43992893482053574 8.3202530101058318
leaf_weight=10648 22 20 533 142 101 39 807 263 906 202 198 20 96 24 48 94 47 1398 430 188 25 47 44 1405 331 39 306 249 8162 79
leaf_count=10648 22 20 533 142 101 39 807 263 906 202 198 20 96 24 48 94 47 1398 430 188 25 47 44 1405 331 39 306 249 8162 79
internal_value=2.17352 33.3694 1.24978 7.53542 26.439 67.3863 0.619262 11.2699 2.34625 2.86638 4.86483 35.2126 22.7592 80.0333 55.6691 9.09187 7.01219 0.316048 4.34618 15.486 31.9413 20.9443 41.6531 1.13834 7.61459 27.0341 10.8387 20.1162 0.233604 5.97082
internal_weight=26913 774 26139 2383 643 131 23756 1324 3548 1059 526 190 453 63 68 873 328 20208 1336 451 126 318 64 2212 473 135 400 271 18810 281
internal_count=26913 774 26139 2383 643 131 23756 1324 3548 1059 526 190 453 63 68 873 328 20208 1336 451 126 318 64 2212 473 135 400 271 18810 281
is_linear=0
shrinkage=1


Tree=31
num_leaves=31
num_cat=0
split_feature=0 0 0 25 0 0 0 0 25 22 25 0 0 0 25 0 25 0 0 12 1 3 8 22 25 1 7 8 25 25
split_gain=755413 179316 103653 40479.7 20847.7 14353.6 12789.8 10809.5 8926.02 4351.37 4318.81 4288.5 3593.85 3185.76 2212.72 2101.68 1981.23 1706.93 1579.1 1516.84 1442.3 1754.25 1273.68 1254.25 1234.87 1032.64 1003.05 973.71 774.878 740.642
threshold=18.420000000000005 45.055000000000007 7.495000000000001 -1.153774759479343 29.145000000000003 55.510000000000005 3.3250000000000006 12.055000000000001 -0.77983333333333327 74.500000000000014 2.5754838709677421 35.95000000000001 15.075000000000001 24.73 2.5754838709677421 15.075000000000001 -0.18795161290322573 8.9350000000000005 5.5050000000000008 0.53500000000000014 30.205000000000002 21.115000000000006 785.00000000000011 93.500000000000014 -0.91839784946236547 27.675000000000004 76.966650000000016 672.50000000000011 -0.53944736842105245 0.070645161290322403
decision_type=2 2 2 2 2 2 2 2 2 2 2 2 2 2 2 2 2 2 2 2 2 2 2 2 2 2 2 2 2 2
left_child=2 4 6 9 13 14 16 17 23 -4 -7 22 20 24 -3 -9 -1 28 -10 -13 21 -11 -6 -8 -2 -23 -14 -15 -5 -19
right_child=1 5 3 7 11 10 8 15 18 12 -12 19 26 27 -16 -17 -18 29 -20 -21 -22 25 -24 -25 -26 -27 -28 -29 -30 -31
leaf_value=0.24081449690387502 17.811235781873371 48.923811631791189 0.017484665077820871 4.3648647310214859 30.347169550796988 71.51142974208463 0.16641509346718442 13.229138847923922 3.6564575443240344 2.01032859925547 88.344442979931856 48.550001602658128 5.6999998799032774 25.154639175886018 61.600001099811671 17.336792215698434 1.4690290471467362 9.2533099067460967 5.9575370340258003 38.300001317794369 0.37391304345466336 7.1578678776581786 38.556523377975417 1.7554380437130332 22.208849338224987 3.6486300415768564 12.822413581201872 31.244444558792658 8.0717297506096966 11.897023575184852
leaf_weight=18981 89 21 326 74 106 35 795 302 813 213 27 22 30 97 40 212 1411 287 471 42 115 197 23 1324 226 146 58 36 237 168
leaf_count=18981 89 21 326 74 106 35 795 302 813 213 27 22 30 97 40 212 1411 287 471 42 115 197 23 1324 226 146 58 36 237 168
internal_value=2.15805 33.1533 1.25284 7.56677 26.4423 68.1268 0.625295 11.3758 2.41998 3.07318 78.8419 35.1311 4.38564 22.6991 57.2361 14.9233 0.325799 8.9953 4.50055 41.8234 3.59762 4.26439 31.8109 1.15927 20.9663 5.66414 10.3943 26.803 7.18971 10.2295
internal_weight=26924 764 26160 2365 641 123 23795 1280 3403 1085 62 193 759 448 61 514 20392 766 1284 64 671 556 129 2119 315 343 88 133 311 455
internal_count=26924 764 26160 2365 641 123 23795 1280 3403 1085 62 193 759 448 61 514 20392 766 1284 64 671 556 129 2119 315 343 88 133 311 455
is_linear=0
shrinkage=1


Tree=32
num_leaves=31
num_cat=0
split_feature=2 26 25 8 22 2 22 22 22 2 8 1 4 22 22 1 22 22 6 2 21 23 2 8 1 6 9 1 4 26
split_gain=313229 92515.6 37615.2 27579.7 25058.3 21111.4 16400 15735.7 14181.2 23988.7 15098.2 27064.1 13182.6 11221.2 11061.4 9697.9 9296.61 8193.16 8547.15 7027.18 6282.74 5804.81 5235.13 6158.69 4958.72 4132.13 3268.42 2686 2473.86 2334.2
threshold=25.405000000000005 -1.0600000000000001 -0.18795161290322573 510.00000000000006 198.50000000000003 23.745000000000001 190.50000000000003 117.50000000000001 276.50000000000006 33.175000000000004 368.50000000000006 25.595000000000002 25.585000000000004 262.50000000000006 208.50000000000003 22.535000000000004 204.50000000000003 178.50000000000003 16.455100000000005 21.925000000000004 4.5000000000000009 1.5000000000000002 28.285000000000004 496.50000000000006 27.395000000000003 16.455100000000005 13.350000000000001 21.635000000000002 13.495000000000003 -0.26020215053763435
decision_type=2 2 2 2 2 2 2 2 2 2 2 2 2 2 2 2 2 2 2 2 2 2 2 2 2 2 2 2 2 2
left_child=1 4 7 12 6 14 -1 -2 9 10 11 -9 -3 20 17 27 -6 -5 19 -19 -12 -15 23 -4 -13 -25 -16 -7 29 -24
right_child=2 3 22 5 16 15 -8 8 -10 -11 13 24 -14 21 26 -17 -18 18 -20 -21 -22 -23 28 25 -26 -27 -28 -29 -30 -31
leaf_value=49.965625169979212 0.29213797460258562 24.707142952190519 19.033333140008047 10.923332972433846 80.649999383197908 4.9138727473282735 17.949999693142058 40.91071536594157 0.52462413833214594 1.1238032100980457 12.097468419988294 12.97173910167786 57.41818478199329 3.7540322072541876 10.787911926463279 17.490908964282255 52.421428308848363 33.187879225898286 46.329166852540453 18.70294095446161 3.031881572098674 12.198312208156141 2.2079999715156164 4.0605041739461054 4.9848314225980026 8.585991293628668 21.367441895710112 10.645806279475879 3.5509584340163252 8.8063829026353062
leaf_weight=32 12147 28 42 30 20 173 32 28 4390 3781 79 138 22 124 91 143 28 66 24 68 2365 237 75 357 178 464 43 155 1252 188
leaf_count=32 12147 28 42 30 20 173 32 28 4390 3781 79 138 22 124 91 143 28 66 24 68 2365 237 75 357 178 464 43 155 1252 188
internal_value=2.12384 19.9087 1.46667 16.3211 46.9116 14.8849 33.9578 1.08264 1.93089 2.82173 4.86043 11.1131 39.1 4.09362 21.1252 10.6187 64.1833 26.0734 28.95 25.8373 3.32492 9.29778 5.25648 7.22236 8.47278 6.61815 14.1828 7.62256 4.13663 6.92471
internal_weight=26800 955 25845 843 112 793 64 23467 11320 6930 3149 344 50 2805 322 471 48 188 158 134 2444 361 2378 863 316 821 134 328 1515 263
internal_count=26800 955 25845 843 112 793 64 23467 11320 6930 3149 344 50 2805 322 471 48 188 158 134 2444 361 2378 863 316 821 134 328 1515 263
is_linear=0
shrinkage=1


Tree=33
num_leaves=31
num_cat=0
split_feature=0 0 0 25 0 0 0 0 25 3 2 25 0 0 9 0 25 0 9 0 0 21 12 9 25 25 25 25 25 0
split_gain=733082 181465 102368 39963.7 19243.2 18387.2 12122.2 10929.6 8824.02 3919.88 4132.52 3794.56 3478.81 3181.59 3025.16 2411.39 2020.15 1942.67 1621.04 1474.01 1381.55 1246.73 1204.8 1169.54 1165.36 871.923 802.532 802.211 782.242 711.549
threshold=18.420000000000005 45.055000000000007 7.495000000000001 -1.1245161290322576 29.145000000000003 55.510000000000005 3.3250000000000006 12.585000000000003 -0.6151451612903226 21.155000000000005 35.525000000000013 4.2306451612903233 35.95000000000001 22.875000000000004 9.5000000000000018 13.285000000000002 -0.18795161290322573 9.6750000000000025 9.5000000000000018 15.555000000000001 5.5050000000000008 3.5000000000000004 0.63500000000000012 9.5000000000000018 -1.8455967741935482 -1.3054999999999997 -0.53944736842105245 1.0635000000000001 -0.52868279569892462 1.6150000000000004
decision_type=2 2 2 2 2 2 2 2 2 2 2 2 2 2 2 2 2 2 2 2 2 2 2 2 2 2 2 2 2 2
left_child=2 4 6 9 13 14 16 17 21 25 15 -7 23 24 -3 -11 -1 26 -15 -9 -10 -8 -14 -6 -2 -4 -5 -26 -19 -18
right_child=1 5 3 7 12 11 8 19 20 10 -12 -13 22 18 -16 -17 29 28 -20 -21 -22 -23 -24 -25 27 -27 -28 -29 -30 -31
leaf_value=0.24034619631506327 13.185714032216692 46.581820686132026 0.83868311843528831 5.2114940802973493 30.323912737656922 74.397369550980343 0.22364779771506549 14.082448776552413 3.8029914322761358 5.5292133543151438 1.4142856898891916 90.899997996035268 47.557144383837318 24.180519395050219 61.057144020532817 11.441935291095033 0.96666665587272083 8.249366891603275 31.256097604767429 17.908186923988396 6.0976132424047691 1.7749831640380216 37.923530960364289 38.162501656121691 20.075897221105745 5.3062498948044388 8.6014122424496797 24.759999696850791 11.797594307023513 2.465082635710254
leaf_weight=19122 21 22 486 87 92 38 795 245 702 267 203 22 21 154 42 93 918 79 41 171 419 1487 34 24 195 48 354 45 291 484
leaf_count=19122 21 22 486 87 92 38 795 245 702 267 203 22 21 154 42 93 918 79 41 171 419 1487 34 24 195 48 354 45 291 484
internal_value=2.11187 32.9176 1.23057 7.56687 26.0048 67.8718 0.615129 11.4879 2.36315 3.18122 5.0222 80.4483 35.0515 22.6123 56.0813 7.05667 0.325297 9.35031 25.6682 15.655 4.66066 1.23453 41.6018 31.9457 20.3291 1.24026 7.93265 20.9542 11.04 1.48395
internal_weight=27002 751 26251 2324 627 124 23927 1227 3403 1097 563 60 171 456 64 360 20524 811 195 416 1121 2282 55 116 261 534 441 240 370 1402
internal_count=27002 751 26251 2324 627 124 23927 1227 3403 1097 563 60 171 456 64 360 20524 811 195 416 1121 2282 55 116 261 534 441 240 370 1402
is_linear=0
shrinkage=1


Tree=34
num_leaves=31
num_cat=0
split_feature=0 0 0 25 0 0 0 0 25 0 22 0 22 8 25 0 25 0 8 8 22 22 0 0 9 2 26 0 25 22
split_gain=769747 205179 93245.3 37979.4 24384.6 23323 12167.6 8616.76 8213.67 4608.43 3717.28 3595.49 3546.89 3010.53 2561.13 2413.77 2393.22 1574.55 1541.88 1528.68 1429.28 1339.78 1324.9 1169.92 1148.46 1120.86 1083.6 972.727 815.817 751.847
threshold=17.620000000000001 45.055000000000007 7.495000000000001 -1.153774759479343 29.145000000000003 55.510000000000005 3.6450000000000005 11.705000000000002 -0.6151451612903226 22.875000000000004 110.50000000000001 35.95000000000001 202.50000000000003 597.50000000000011 -1.8455967741935482 12.320000000000002 -0.21981720430107521 14.585000000000003 785.00000000000011 785.00000000000011 278.50000000000006 93.500000000000014 9.6750000000000025 5.5050000000000008 2.8500000000000005 35.725000000000001 -0.2490870967741938 1.8650000000000004 -0.31401881720430108 126.50000000000001
decision_type=2 2 2 2 2 2 2 2 2 2 2 2 2 2 2 2 2 2 2 2 2 2 2 2 2 2 2 2 2 2
left_child=2 4 6 10 9 13 16 22 21 14 -4 18 -7 -3 -2 -12 29 -9 -6 -11 25 -8 28 -10 -13 -17 -16 -18 -5 -1
right_child=1 5 3 7 11 12 8 17 23 19 15 24 -14 -15 26 20 27 -19 -20 -21 -22 -23 -24 -25 -26 -27 -28 -29 -30 -31
leaf_value=0.082258635868631025 10.946666490144214 46.022729638324854 0.88425356591612614 6.0880950712860358 30.343157603187883 76.321620757379705 0.19839181218175672 12.733216551789457 3.9270363729351225 24.410738210436051 3.3722771534225311 36.971430066333888 91.239286732353875 60.794595998551046 24.049295619907713 11.340217172298468 0.99422571308759711 16.305529750227333 38.566668147948064 31.179069904707831 2.3914285350054167 1.9271329482933173 10.624908201016655 6.1224342350611947 45.678789134655347 4.1142856254104725 19.568444199999188 2.6630218631342366 8.869964457356609 0.48484886526136095
leaf_weight=11290 30 22 489 168 95 37 684 286 577 149 404 28 28 37 71 92 1143 217 30 43 35 1301 273 419 33 28 225 503 283 7874
leaf_count=11290 30 22 489 168 95 37 684 286 577 149 404 28 28 37 71 92 1143 217 30 43 35 1301 273 419 33 28 225 503 283 7874
internal_value=2.15611 32.1732 1.2026 7.31894 25.5666 69.6815 0.617729 11.095 2.50725 22.04 2.8979 35.3882 82.7477 55.2864 19.7509 4.65939 0.347059 14.2744 32.3168 25.9266 8.01419 1.33144 8.88619 4.8506 41.682 9.65417 20.6432 1.50419 7.8337 0.247673
internal_weight=26894 828 26066 2275 704 124 23791 1227 2981 518 1048 186 65 59 326 559 20810 503 125 192 155 1985 724 996 61 120 296 1646 451 19164
internal_count=26894 828 26066 2275 704 124 23791 1227 2981 518 1048 186 65 59 326 559 20810 503 125 192 155 1985 724 996 61 120 296 1646 451 19164
is_linear=0
shrinkage=1


Tree=35
num_leaves=31
num_cat=0
split_feature=0 0 0 25 0 0 0 25 0 3 4 0 2 25 8 8 0 21 0 0 8 25 0 12 0 5 0 0 21 0
split_gain=752761 171902 109483 39308.3 18961.8 17694.5 16839.9 12157.3 8401.29 4169.86 3999.05 3913.17 3547.06 2812.37 2770.39 2448.03 1698.95 1642.7 1627.97 1585.72 1447.3 1400.12 1365.4 1276.03 1225.51 1142.76 813.067 795.68 769.676 905.835
threshold=19.395000000000003 45.055000000000007 8.9350000000000005 -1.2778225806451611 4.2150000000000007 29.145000000000003 55.510000000000005 -0.65118562535370672 13.285000000000002 21.405000000000005 20.115000000000006 35.95000000000001 35.595000000000006 -0.33032258064516123 672.50000000000011 597.50000000000011 5.9150000000000009 3.5000000000000004 13.655000000000003 1.7150000000000001 785.00000000000011 -0.47532258064516125 24.73 0.53500000000000014 15.555000000000001 0.9799500000000001 14.585000000000003 22.875000000000004 4.5000000000000009 1.7450000000000003
decision_type=2 2 2 2 2 2 2 2 2 2 2 2 2 2 2 2 2 2 2 2 2 2 2 2 2 2 2 2 2 2
left_child=2 5 4 9 13 14 15 17 21 -4 -8 20 18 28 22 -3 -9 -6 -11 -15 -7 -5 -2 -13 -10 -12 -14 -16 -1 -30
right_child=1 6 3 8 7 11 10 16 24 12 25 23 26 19 27 -17 -18 -19 -20 -21 -22 -23 -24 -25 -26 -27 -28 -29 29 -31
leaf_value=0.087246926987240236 20.448529211493891 47.600002434955712 1.0447916524923648 7.9831248142652154 0.27736433839930275 30.229702666979957 69.304544907101501 4.454693839158784 14.479678922057309 6.1521125264948431 91.435000184284334 47.827274087177393 0.81416664730179367 0.81820562340880354 24.961904562902845 61.150001195179101 7.0012431861281303 2.2480064725934139 11.705952180531304 2.5449754836577085 38.140001633869289 11.424282346531708 25.106593368283864 38.302565412673189 17.947321206224355 80.745001176105617 7.4272726642519675 30.866000054584624 0.3014596133230445 1.0734754554376589
leaf_weight=11064 204 20 384 160 645 101 22 490 187 142 20 22 120 1527 42 40 563 1229 84 816 30 453 91 39 224 20 22 50 6166 2017
leaf_count=11064 204 20 384 160 645 101 22 490 187 142 20 22 120 1527 42 40 563 1229 84 816 30 453 91 39 224 20 22 50 6166 2017
internal_value=2.12043 34.4616 1.25818 8.83986 0.708961 27.2734 68.5762 3.09744 12.8715 3.35 80.1339 35.1219 5.75543 0.385151 23.3796 56.6333 5.81624 1.56974 8.21637 1.41959 32.0412 10.5261 21.8854 41.7377 16.3696 86.09 1.83873 28.1707 0.259225 0.491751
internal_weight=26994 701 26293 1776 24517 579 122 2927 1024 752 62 192 368 21590 387 60 1053 1874 226 2343 131 613 295 61 411 40 142 92 19247 8183
internal_count=26994 701 26293 1776 24517 579 122 2927 1024 752 62 192 368 21590 387 60 1053 1874 226 2343 131 613 295 61 411 40 142 92 19247 8183
is_linear=0
shrinkage=1


Tree=36
num_leaves=31
num_cat=0
split_feature=0 0 0 25 0 0 0 25 0 2 3 0 2 8 25 2 0 0 21 0 8 0 12 0 25 25 0 21 25 8
split_gain=769376 189404 110678 37069.4 20542.9 19924.2 17120.2 12407.8 8290.71 7425 4207.93 4151.43 4137.13 3168.63 2906.67 2748.42 2369.25 2131.36 1808.53 1696.96 1423.46 1327.18 1252.25 1202.93 1100.52 989.404 981.813 968.264 862.132 796.623
threshold=19.395000000000003 45.055000000000007 8.9350000000000005 -1.2778225806451611 55.510000000000005 4.2150000000000007 29.145000000000003 -0.63928494623655918 13.285000000000002 25.135000000000002 20.585000000000004 35.95000000000001 35.525000000000013 785.00000000000011 -0.18795161290322573 22.755000000000006 24.73 14.045000000000002 3.5000000000000004 5.9150000000000009 785.00000000000011 15.555000000000001 0.53500000000000014 1.6150000000000004 -0.48503225806451605 1.0635000000000001 1.7450000000000003 4.5000000000000009 -1.8455967741935482 645.00000000000011
decision_type=2 2 2 2 2 2 2 2 2 2 2 2 2 2 2 2 2 2 2 2 2 2 2 2 2 2 2 2 2 2
left_child=2 6 5 10 13 14 16 18 24 15 -4 20 17 -3 26 -6 25 28 -7 -9 -8 -10 -13 -16 -5 -2 -1 -28 -12 -18
right_child=1 4 3 8 9 7 11 19 21 -11 12 22 -14 -15 23 -17 29 -19 -20 -21 -22 -23 -24 -25 -26 -27 27 -29 -30 -31
leaf_value=0.16263248993588486 20.587254715480849 46.165002396808738 0.81170885705530105 8.2809814084444007 79.354998543964513 0.25793528313826242 30.132291379676939 4.5196786745003852 14.364170890977194 65.375001481281402 4.1037734664982048 48.000001506159855 1.4878980681126086 61.345455627926682 0.96677630459050246 94.703571492965281 25.322619066599831 11.908888651702153 2.3143540290098881 7.0444054371454108 38.235715835115279 17.980179934752609 38.387880205581901 2.7593700695229364 11.318202033878876 25.970731406855727 0.2151862460859626 1.1643568795950692 8.3788233563487182 31.121212232670413
leaf_weight=15567 204 20 316 163 20 649 96 498 187 20 106 23 157 44 912 28 84 90 1254 572 28 222 33 635 445 41 2094 2208 85 33
leaf_count=15567 204 20 316 163 20 649 96 498 187 20 106 23 157 44 912 28 84 90 1254 572 28 222 33 635 445 41 2094 2208 85 33
internal_value=2.13281 35.492 1.27332 8.90638 69.4606 0.71905 27.2192 3.1449 12.8457 81.5632 3.59297 35.1894 5.59954 56.6016 0.382289 88.3083 23.2561 7.8968 1.61303 5.86935 31.9621 16.3269 42.3357 1.70259 10.5039 21.4882 0.279491 0.702348 6.00628 26.9581
internal_weight=26834 674 26160 1771 132 24389 542 2973 1017 68 754 180 438 64 21416 48 362 281 1903 1070 124 409 56 1547 608 245 19869 4302 191 117
internal_count=26834 674 26160 1771 132 24389 542 2973 1017 68 754 180 438 64 21416 48 362 281 1903 1070 124 409 56 1547 608 245 19869 4302 191 117
is_linear=0
shrinkage=1


Tree=37
num_leaves=31
num_cat=0
split_feature=0 0 0 25 0 0 0 0 25 0 22 0 26 8 0 0 0 25 0 12 7 1 22 22 8 25 22 25 8 8
split_gain=771747 180211 113141 43710 21888.3 17488.6 14819.4 12311.8 8959.25 4473.9 3855.46 3739.19 3494.67 3365.92 2264.18 2217.33 2144.79 1957.07 1565.7 1462.46 1424.48 1360.53 1623.83 1357.01 1193.89 1191.79 1141.67 1076.78 927.849 818.555
threshold=19.395000000000003 45.055000000000007 7.495000000000001 -1.2432258064516126 55.510000000000005 29.145000000000003 12.585000000000003 3.3250000000000006 -0.77983333333333327 35.95000000000001 74.500000000000014 15.075000000000001 -1.0031666666666663 785.00000000000011 24.73 9.6750000000000025 15.075000000000001 -0.18795161290322573 5.4050000000000011 0.53500000000000014 76.966650000000016 30.205000000000002 276.50000000000006 114.50000000000001 785.00000000000011 -0.53944736842105245 110.50000000000001 1.0635000000000001 672.50000000000011 785.00000000000011
decision_type=2 2 2 2 2 2 2 2 2 2 2 2 2 2 2 2 2 2 2 2 2 2 2 2 2 2 2 2 2 2
left_child=2 5 7 10 13 14 15 17 26 24 -4 21 -6 -3 27 25 -8 -1 -10 -11 -13 22 23 -12 -7 -5 -9 -2 -16 -18
right_child=1 4 3 6 12 9 16 8 18 19 11 20 -14 -15 28 -17 29 -19 -20 -21 -22 -23 -24 -25 -26 -27 -28 -29 -30 -31
leaf_value=0.24161962363623002 20.862380762007515 45.245002129779934 0.049681530685617759 4.9817458819415972 90.585712742485711 30.260605721236495 13.597757625869571 0.32395086772013082 3.5844696796119653 48.400001539331136 2.6193547904289409 5.1833332907226488 75.597143264859454 60.890910520171886 25.392708324498614 10.868266460008106 16.579678854739122 1.4713462824309387 5.8502015047775036 38.520931673918284 13.191379112419511 0.35123966659649319 1.5294117439283208 6.7203461685120605 38.561906215938322 8.5629941548675497 1.7863211307800726 26.157446524480008 31.539394027732854 20.264044839752017
leaf_weight=18955 210 20 314 126 28 99 223 977 792 23 124 36 35 44 96 375 187 1389 496 43 58 121 170 231 21 354 1177 47 33 89
leaf_count=18955 210 20 314 126 28 99 223 977 792 23 124 36 35 44 96 375 187 1389 496 43 58 121 170 231 21 354 1177 47 33 89
internal_value=2.15787 34.9508 1.28277 7.8147 69.0268 27.385 11.5737 0.621508 2.3706 35.3505 2.98577 4.23162 82.2587 56.0016 23.5466 9.04632 15.9042 0.32558 4.45699 41.9636 10.1245 3.37415 4.07086 5.28789 31.7133 7.62292 1.12303 21.8307 26.9651 17.7678
internal_weight=26893 699 26194 2408 127 572 1354 23786 3442 186 1054 740 63 64 386 855 499 20344 1288 66 94 646 525 355 120 480 2154 257 129 276
internal_count=26893 699 26194 2408 127 572 1354 23786 3442 186 1054 740 63 64 386 855 499 20344 1288 66 94 646 525 355 120 480 2154 257 129 276
is_linear=0
shrinkage=1


Tree=38
num_leaves=31
num_cat=0
split_feature=0 0 0 25 0 0 0 0 2 25 0 22 0 0 8 25 25 0 25 3 8 12 8 8 0 2 3 25 22 0
split_gain=781463 189677 106344 39809.9 21597 18078 12421 11589.7 8952.45 8605.25 4728.57 4530.93 4026.79 3341.36 2756.08 2523.6 2368.71 2119.63 1693.63 1662.56 1526.57 1516.85 1434.61 1389.33 1377.72 1311.85 1314.44 1171.65 1060.97 989.761
threshold=18.420000000000005 45.055000000000007 7.495000000000001 -1.153774759479343 29.145000000000003 55.510000000000005 3.6450000000000005 11.705000000000002 25.845000000000002 -0.77983333333333327 35.95000000000001 74.500000000000014 12.320000000000002 22.875000000000004 785.00000000000011 -1.8455967741935482 -0.18795161290322573 15.555000000000001 -0.53209677419354828 21.405000000000005 785.00000000000011 0.53500000000000014 785.00000000000011 368.50000000000006 5.9150000000000009 35.415000000000006 20.885000000000002 -1.7866666666666668 93.500000000000014 9.6750000000000025
decision_type=2 2 2 2 2 2 2 2 2 2 2 2 2 2 2 2 2 2 2 2 2 2 2 2 2 2 2 2 2 2
left_child=2 4 6 11 13 14 16 18 19 28 22 -4 25 27 -3 23 -1 -9 -5 -7 -15 -12 -6 -14 -11 26 -13 -2 -8 -20
right_child=1 5 3 7 10 8 9 17 -10 24 21 12 15 20 -16 -17 -18 -19 29 -21 -22 -23 -24 -25 -26 -27 -28 -29 -30 -31
leaf_value=0.25530685746689952 13.014999881492734 46.623811849773887 0.048307694073430163 5.9658534942936585 30.098038999053401 81.0045442828783 0.21997126337226391 13.479891078140394 62.509525699522769 3.963429977302102 48.37200148891079 1.758064477684264 10.171428390591878 24.310897377850676 60.833334809724093 11.418918737284429 1.5863509638547617 17.659668261626749 8.5763229281998292 92.924000085102207 30.922222241203006 38.442501261936307 38.41923227985599 2.7227272083518619 6.3549131592212706 0.55923565560338129 5.545982016376426 20.978925390807628 1.7845082442176059 11.258744180883125
leaf_weight=19390 20 21 325 164 102 22 696 368 21 793 25 155 35 156 39 111 1436 181 359 25 45 40 26 88 346 157 224 242 1149 223
leaf_count=19390 20 21 325 164 102 22 696 368 21 793 25 155 35 156 39 111 1436 181 359 25 45 40 26 88 346 157 224 242 1149 223
internal_value=2.18969 33.2992 1.25878 7.61774 26.4285 68.5117 0.620483 11.3707 79.675 2.52859 35.3155 3.17936 4.50091 22.724 55.86 7.96197 0.347085 14.8579 8.80429 87.3447 25.791 42.2615 31.7883 4.84228 4.6899 2.98993 3.99683 20.371 1.19431 9.60412
internal_weight=26984 784 26200 2390 656 128 23810 1295 68 2984 193 1095 770 463 60 234 20826 549 746 47 201 65 128 123 1139 536 379 262 1845 582
internal_count=26984 784 26200 2390 656 128 23810 1295 68 2984 193 1095 770 463 60 234 20826 549 746 47 201 65 128 123 1139 536 379 262 1845 582
is_linear=0
shrinkage=1


Tree=39
num_leaves=31
num_cat=0
split_feature=0 0 0 25 0 0 0 0 25 25 0 22 9 0 0 0 25 0 7 9 9 22 0 9 1 22 22 25 25 25
split_gain=752545 170027 101936 40192 21531.8 15731.1 11998.8 10756.2 8428.31 4698.91 4123.15 3852.93 3387.42 3055.95 3023.85 2127.54 2077.01 1577.59 1424.29 1421.13 1388.78 1318.73 1318.24 1301.29 1212.34 1735.89 1532.07 1077.95 756.272 744.589
threshold=18.420000000000005 45.055000000000007 7.495000000000001 -1.153774759479343 29.145000000000003 55.510000000000005 3.3250000000000006 12.055000000000001 -0.6151451612903226 2.5754838709677421 35.95000000000001 74.500000000000014 3.5000000000000004 24.73 14.585000000000003 15.075000000000001 -0.18795161290322573 9.6750000000000025 76.966650000000016 9.5000000000000018 9.5000000000000018 95.500000000000014 5.5050000000000008 9.5000000000000018 30.205000000000002 276.50000000000006 114.50000000000001 -0.53944736842105245 -1.8455967741935482 1.4740000000000002
decision_type=2 2 2 2 2 2 2 2 2 2 2 2 2 2 2 2 2 2 2 2 2 2 2 2 2 2 2 2 2 2
left_child=2 4 6 11 13 12 16 17 21 -7 19 -4 -3 20 24 -9 -1 27 -16 -6 28 -8 -10 -12 25 26 -13 -5 -2 -15
right_child=1 5 3 7 10 9 8 15 22 -11 23 14 -14 29 18 -17 -18 -19 -20 -21 -22 -23 -24 -25 -26 -27 -28 -29 -30 -31
leaf_value=0.24048461011266986 14.447825901381075 45.045002320514797 0.017799355065438061 4.872999858366132 30.366666385095542 70.954055189950708 0.2140506321044382 13.160200454216264 3.7928571199887231 88.496152349037004 38.955556973258666 2.5556451141632244 60.857144075028494 25.644444394067094 4.2117646051863584 17.284650943205044 1.4997867689840008 10.72524896166752 12.242856948396531 38.435715780619603 25.05074605609866 1.8228571188595837 6.0525671166323232 48.650001672016259 0.38148148059404852 1.5739130155554784 6.9403585793048528 8.5934657217703361 20.479629396063324 31.657692600548792
leaf_weight=18943 23 20 309 100 99 37 790 299 700 26 45 124 42 99 34 215 1407 301 63 28 67 1435 409 20 108 184 223 352 216 26
leaf_count=18943 23 20 309 100 99 37 790 299 700 26 45 124 42 99 34 215 1407 301 63 28 67 1435 409 20 108 184 223 352 216 26
internal_value=2.13416 33.4061 1.23435 7.57223 26.6528 67.0648 0.615652 11.3588 2.37415 78.1937 35.4609 2.98124 55.7565 22.729 4.22541 14.8854 0.327553 8.95153 9.42783 32.1457 21.0271 1.25164 4.62624 41.9385 3.43568 4.05687 5.37349 7.77035 19.8992 26.8952
internal_weight=26744 748 25996 2312 623 125 23684 1267 3334 63 192 1045 62 431 736 514 20350 753 97 127 306 2225 1109 65 639 531 347 452 239 125
internal_count=26744 748 25996 2312 623 125 23684 1267 3334 63 192 1045 62 431 736 514 20350 753 97 127 306 2225 1109 65 639 531 347 452 239 125
is_linear=0
shrinkage=1


Tree=40
num_leaves=31
num_cat=0
split_feature=0 0 0 25 0 0 0 25 0 2 3 0 2 25 8 8 0 3 22 0 0 25 8 8 0 0 0 0 22 26
split_gain=802227 191416 114882 38892 21707.6 19637 17447.4 11874.3 8991.8 6204.01 4507.36 4273.67 4110.9 3212.45 2899.56 2196.11 2154.89 2045.78 1895.39 1868.59 1505.32 1475.99 1472.03 1448.24 1439.2 1337.34 924.479 889.381 743.17 706.444
threshold=19.395000000000003 45.055000000000007 8.9350000000000005 -1.2930645161290319 55.510000000000005 4.455000000000001 29.145000000000003 -0.65118562535370672 13.285000000000002 25.135000000000002 20.785000000000004 35.95000000000001 35.525000000000013 -0.33032258064516123 785.00000000000011 672.50000000000011 14.585000000000003 21.405000000000005 94.500000000000014 2.0450000000000004 16.190000000000001 -0.53209677419354828 785.00000000000011 785.00000000000011 5.9150000000000009 22.875000000000004 2.2350000000000008 10.525 95.500000000000014 -1.0031666666666663
decision_type=2 2 2 2 2 2 2 2 2 2 2 2 2 2 2 2 2 2 2 2 2 2 2 2 2 2 2 2 2 2
left_child=2 6 5 10 14 13 15 18 21 17 -4 23 16 26 -3 25 -12 -6 -7 -15 -10 -5 -13 -8 -9 -2 -1 -23 -28 -22
right_child=1 4 3 8 9 7 11 24 20 -11 12 22 -14 19 -16 -17 -18 -19 -20 -21 29 27 -24 -25 -26 -27 28 -29 -30 -31
leaf_value=0.17286797832416712 20.084506783415094 46.66000228236782 0.74999999250550387 7.8718748205237024 81.214284661518221 0.2772580615974114 30.228571150421029 4.6177884147362285 14.768084884239723 67.880954597925395 6.2914892110844445 38.808696967598905 1.5401315516038387 0.91968880115873208 61.082609853513588 27.850537485214559 12.693150404201628 94.484615824190996 2.4604147420406672 2.8561971733645559 23.110344552791453 9.888584287563793 49.085001519428367 38.895834925876734 7.0668428754794039 24.439999958127277 0.13336330970908161 12.616729801965217 1.1673678485705641 17.738216310598723
leaf_weight=16346 142 20 338 160 21 620 98 416 235 21 188 46 152 1671 46 93 73 26 1109 710 29 219 20 24 567 140 1112 263 1854 157
leaf_count=16346 142 20 338 160 21 620 98 416 235 21 188 46 152 1671 46 93 73 26 1109 710 29 219 20 24 567 140 1112 263 1854 157
internal_value=2.17916 35.663 1.28904 8.96687 69.6313 0.718353 27.5782 3.25531 12.8588 82.1706 3.45806 35.4404 5.67433 0.401189 56.7121 23.6365 8.08199 88.5553 1.67756 1.49714 16.4504 10.5036 41.9227 31.9336 6.03042 22.2468 0.266068 11.3772 0.779703 18.5758
internal_weight=26916 697 26219 1814 134 24405 563 2712 1063 68 751 188 413 21693 66 375 261 47 1729 2381 421 642 66 122 983 282 19312 482 2966 186
internal_count=26916 697 26219 1814 134 24405 563 2712 1063 68 751 188 413 21693 66 375 261 47 1729 2381 421 642 66 122 983 282 19312 482 2966 186
is_linear=0
shrinkage=1


Tree=41
num_leaves=31
num_cat=0
split_feature=0 0 0 22 0 0 0 0 22 22 22 1 0 22 0 1 22 24 7 1 0 24 0 10 10 22 0 0 24 10
split_gain=747224 185914 105503 27461.7 20205.2 19781.1 15119.1 12622.4 5633.22 5604.61 4658.19 4450.61 4230.1 3061.06 3052.1 2665.62 2408.67 2278.89 2240.13 2181.82 2065.88 1588.61 1573.2 1538.46 1467.76 1461.14 1444.09 1255.85 1191.67 1140.92
threshold=18.420000000000005 45.055000000000007 7.495000000000001 114.50000000000001 29.145000000000003 55.510000000000005 12.585000000000003 3.3250000000000006 124.50000000000001 202.50000000000003 276.50000000000006 29.245000000000001 35.95000000000001 278.50000000000006 22.875000000000004 27.525000000000002 276.50000000000006 2.5000000000000004 73.832350000000005 28.815000000000001 9.6750000000000025 2.5000000000000004 15.075000000000001 240.00000000000003 240.00000000000003 126.50000000000001 5.7150000000000007 1.7150000000000001 4.5000000000000009 240.00000000000003
decision_type=2 2 2 2 2 2 2 2 2 2 2 2 2 2 2 2 2 2 2 2 2 2 2 2 2 2 2 2 2 2
left_child=2 4 7 17 14 18 10 25 -9 -7 11 20 24 15 29 22 19 -4 -3 26 -5 -12 -8 -16 -6 -1 -10 -27 -17 -2
right_child=1 5 3 6 12 9 13 8 16 -11 21 -13 -14 -15 23 28 -18 -19 -20 -21 -22 -23 -24 -25 -26 27 -28 -29 -30 -31
leaf_value=0.080401289591378156 19.160209182010771 62.433334185896108 10.335714045272947 7.7390394988135487 30.066345914845808 73.779486640935289 13.540806958372416 0.62770153657487082 3.7265262859354902 92.960001519428374 9.7124997408257734 1.9031914351259984 41.770969063245708 5.9744680263052174 24.223076838465111 13.009803690911133 1.3916835498860061 1.0784498903079911 49.974195737233309 1.5354231776333873 10.813432612943229 2.0528408597309582 17.292856916678343 31.381579113583133 38.600001290546537 0.41905832244804975 5.8835139884293426 1.3028887772481323 6.0297870616121072 24.329090646015288
leaf_weight=11164 191 27 28 479 104 39 223 1166 950 25 32 94 62 47 143 51 493 529 31 319 402 176 224 38 25 7115 461 2077 47 55
leaf_count=11164 191 27 28 479 104 39 223 1166 950 25 32 94 62 47 143 51 493 529 31 319 402 176 224 38 25 7115 461 2077 47 55
internal_value=2.14056 33.4758 1.25135 7.66973 26.4333 69.15 9.59206 0.620998 2.40788 81.2719 7.52747 8.444 34.9827 13.7177 22.6091 14.3855 3.34161 1.54381 55.7741 3.89728 9.14188 3.23125 15.421 25.726 31.7202 0.323507 4.43125 0.618766 9.66224 20.3159
internal_weight=26817 740 26077 2332 618 122 1775 23745 3389 64 1183 975 191 592 427 545 2223 557 58 1730 881 208 447 181 129 20356 1411 9192 98 246
internal_count=26817 740 26077 2332 618 122 1775 23745 3389 64 1183 975 191 592 427 545 2223 557 58 1730 881 208 447 181 129 20356 1411 9192 98 246
is_linear=0
shrinkage=1


Tree=42
num_leaves=31
num_cat=0
split_feature=0 0 0 25 0 0 0 25 0 26 0 3 2 8 25 0 0 21 0 0 8 0 8 8 0 0 8 21 25 1
split_gain=755112 170865 112259 38915 21870.2 19782.2 17028 12458.3 7678.02 4731.27 4005.35 3955.31 4181.75 3653.12 2797.58 2491.49 2258.93 1880 1831.45 1359.36 1275.73 1245.31 1172.21 1140.04 1123.92 937.56 923.772 877.176 793.197 770.775
threshold=19.395000000000003 45.055000000000007 8.9350000000000005 -1.2930645161290319 55.510000000000005 4.0650000000000004 29.145000000000003 -0.65118562535370672 13.285000000000002 -1.0031666666666663 35.95000000000001 20.585000000000004 35.475000000000001 785.00000000000011 -0.18795161290322573 24.73 15.555000000000001 3.5000000000000004 5.9150000000000009 10.525 672.50000000000011 15.555000000000001 785.00000000000011 672.50000000000011 1.7750000000000001 1.7450000000000003 672.50000000000011 4.5000000000000009 -1.8455967741935482 30.265000000000004
decision_type=2 2 2 2 2 2 2 2 2 2 2 2 2 2 2 2 2 2 2 2 2 2 2 2 2 2 2 2 2 2
left_child=2 6 5 11 13 14 15 17 19 -6 22 -4 16 -3 25 23 28 -7 -9 -5 -12 -10 -8 -2 -16 -1 -17 -27 -13 -19
right_child=1 4 3 8 9 7 10 18 21 -11 20 12 -14 -15 24 26 -18 29 -20 -21 -22 -23 -24 -25 -26 27 -28 -29 -30 -31
leaf_value=0.1652407424415212 20.391935284942296 44.795456911052128 0.75499999384749006 9.0287195413095827 92.579165223346834 0.2573888070979089 30.285858323553612 4.4388581557981279 14.297979567463965 74.644738112574444 38.572728528594737 4.7017240041320942 1.4460605774795907 60.702382351918835 1.0279093614184678 25.407216475810259 14.066666357821903 2.6573307845876966 7.0029718731293755 11.994879294793254 48.205001595722315 17.729515181699409 37.830770770738276 25.688461288457258 2.8048042626659582 0.22552657906987172 31.464705905073622 1.1493635036138015 8.534653302011856 0.67676347431763095
leaf_weight=15639 186 22 320 289 24 697 99 543 198 38 44 116 165 42 971 97 48 1064 572 332 20 227 26 52 562 1994 34 2121 101 241
leaf_count=15639 186 22 320 289 24 697 99 543 198 38 44 116 165 42 971 97 48 1064 572 332 20 227 26 52 562 1994 34 2121 101 241
internal_value=2.14037 34.9409 1.28405 8.91425 68.2016 0.722504 27.4305 3.07536 12.8558 81.5871 35.1492 3.41707 5.39814 55.2344 0.377982 23.477 7.85887 1.58337 5.75426 10.6145 41.5828 16.1308 31.8552 21.5492 1.67932 0.276992 26.9794 0.701701 6.48571 2.29157
internal_weight=26884 684 26200 1796 126 24404 558 3117 1046 62 189 750 430 64 21287 369 265 2002 1115 621 64 425 125 238 1533 19754 131 4115 217 1305
internal_count=26884 684 26200 1796 126 24404 558 3117 1046 62 189 750 430 64 21287 369 265 2002 1115 621 64 425 125 238 1533 19754 131 4115 217 1305
is_linear=0
shrinkage=1


Tree=43
num_leaves=31
num_cat=0
split_feature=0 0 0 25 0 0 0 0 25 0 22 0 0 25 26 0 26 25 7 8 8 25 12 2 3 25 22 0 26 25
split_gain=746146 197863 91417.1 37634 23638.3 19833.4 12127.4 9992.28 7106.7 5542.31 4076.9 3332.97 2877.79 2501.41 2364.55 2238.99 2075.83 1986.78 1947.12 1741.67 1525.25 1299.72 1225.7 1130.07 1417.71 1069.44 1057.7 964.482 789.038 732.457
threshold=17.620000000000001 45.055000000000007 6.8050000000000006 -1.153774759479343 26.785000000000004 55.510000000000005 10.525 3.3250000000000006 -0.65118562535370672 35.95000000000001 74.500000000000014 12.320000000000002 20.515000000000004 -1.8455967741935482 -1.0031666666666663 14.585000000000003 -0.093469354838709523 -0.18795161290322573 73.832350000000005 785.00000000000011 785.00000000000011 -0.43863440860215047 0.63500000000000012 35.415000000000006 20.885000000000002 -1.8455967741935482 93.500000000000014 5.2150000000000007 -0.2490870967741938 -0.53209677419354828
decision_type=2 2 2 2 2 2 2 2 2 2 2 2 2 2 2 2 2 2 2 2 2 2 2 2 2 2 2 2 2 2
left_child=2 4 7 10 12 18 21 17 26 19 -4 23 13 -2 -7 29 25 -1 -3 -6 -14 -5 -11 24 -12 -13 -9 -10 -15 -8
right_child=1 5 3 6 9 14 15 8 27 22 11 16 20 28 -16 -17 -18 -19 -20 -21 -22 -23 -24 -25 -26 -27 -28 -29 -30 -31
leaf_value=0.23838917492472311 8.127272533121749 62.226667677468733 0.067105264675561216 5.7987550285386842 29.03973492716262 89.99583220790494 9.8555553546200336 0.19199438198927443 3.6745481761682375 47.417392910021526 1.6149732224069457 6.9461537034379255 22.018721314690261 22.944680648196968 77.108572533832671 16.472448749855005 3.8313952742987656 1.4841951836138207 50.833335768289047 36.535898657975046 27.90909077779574 8.6124270023119891 38.020001312344803 0.78736261658652085 5.1944648247158485 13.051562304900767 1.7030165709575442 5.6910568099428298 18.13839972232449 13.066765340472752
leaf_weight=18922 22 30 380 241 151 24 90 712 664 23 187 52 219 47 35 196 86 1373 30 39 55 515 35 182 271 64 1326 369 125 337
leaf_count=18922 22 30 380 241 151 24 90 712 664 23 187 52 219 47 35 196 86 1373 30 39 55 515 35 182 271 64 1326 369 125 337
internal_value=2.14921 31.5728 1.20306 6.8268 25.2972 69.3319 10.4075 0.577052 2.25816 33.1903 2.78601 4.01306 21.1145 18.1675 82.3508 13.6743 7.55446 0.322671 56.53 30.5784 23.2011 7.71548 41.7466 2.89531 3.73297 10.3147 1.17512 4.39487 19.4517 12.3899
internal_weight=26802 835 25967 2601 716 119 1379 23366 3071 248 1222 842 468 194 59 623 202 20295 60 190 274 756 58 640 458 116 2038 1033 172 427
internal_count=26802 835 25967 2601 716 119 1379 23366 3071 248 1222 842 468 194 59 623 202 20295 60 190 274 756 58 640 458 116 2038 1033 172 427
is_linear=0
shrinkage=1


Tree=44
num_leaves=31
num_cat=0
split_feature=0 0 0 25 0 0 0 0 25 22 0 0 26 9 0 9 25 2 22 0 3 0 22 0 9 12 0 25 9 25
split_gain=751042 169635 111120 40986.5 18388.1 17553.4 13735.3 12731.9 8667.26 4667.99 4594.24 4455.27 3918.33 2816.45 2208.64 2187.56 1973.86 1877.95 2183.29 1868.14 1460.6 1447.2 1404.95 1338.94 1305.99 1218.6 1038.26 851.756 769.617 730.496
threshold=19.395000000000003 45.055000000000007 7.495000000000001 -1.153774759479343 55.510000000000005 29.145000000000003 12.585000000000003 3.3250000000000006 -0.63928494623655918 74.500000000000014 35.95000000000001 15.075000000000001 -1.0031666666666663 9.5000000000000018 9.6750000000000025 5.1500000000000012 -0.18795161290322573 35.475000000000001 276.50000000000006 15.075000000000001 21.005000000000006 5.5050000000000008 95.500000000000014 24.73 9.5000000000000018 0.53500000000000014 8.9350000000000005 -0.53944736842105245 9.5000000000000018 -0.51994623655913974
decision_type=2 2 2 2 2 2 2 2 2 2 2 2 2 2 2 2 2 2 2 2 2 2 2 2 2 2 2 2 2 2
left_child=2 5 7 9 13 15 14 16 22 -4 24 17 -6 -3 27 23 -1 18 26 -8 -13 -10 -9 -2 -7 -12 -11 -5 -21 -16
right_child=1 4 3 6 12 10 19 8 21 11 25 20 -14 -15 29 -17 -18 -19 -20 28 -22 -23 -24 -25 -26 -27 -28 -29 -30 -31
leaf_value=0.23942535211033844 20.677669726143264 46.633335513975894 0.039873419751444317 5.2540539082897455 91.059089251916831 30.366345867162092 13.716746189594014 0.25445897609546875 3.7927677162512525 3.8018181105611442 48.360871038205971 4.2777778073549406 74.28947505506649 60.709092338353706 8.2105260882998206 27.814942442483385 1.4822627630573502 0.87821227052550199 1.770059846304822 16.607649995158727 12.79746812966086 6.1238769416429468 1.8811805292678514 25.152525271506036 38.416001656757473 38.878789377408808 7.6370556542716859 8.4514968172574747 20.358974307040896 11.693448064042705
leaf_weight=19003 206 21 316 111 22 104 209 841 719 110 23 27 38 44 76 87 1370 179 167 183 79 423 1440 99 25 33 197 334 78 290
leaf_count=19003 206 21 316 111 22 104 209 841 719 110 23 27 38 44 76 87 1370 179 167 183 79 423 1440 99 25 33 197 334 78 290
internal_value=2.13788 34.4162 1.27143 7.82245 67.8144 27.1809 11.6433 0.622827 2.40733 3.2694 35.2097 4.61397 80.4383 56.1615 9.15055 23.3918 0.323001 3.63783 4.67996 15.9447 10.6274 4.65622 1.28141 22.1302 31.9264 42.7732 6.26287 7.65393 17.7287 10.9702
internal_weight=26854 702 26152 2356 125 577 1281 23796 3423 1075 185 759 60 65 811 392 20373 653 474 470 106 1142 2281 305 129 56 307 445 261 366
internal_count=26854 702 26152 2356 125 577 1281 23796 3423 1075 185 759 60 65 811 392 20373 653 474 470 106 1142 2281 305 129 56 307 445 261 366
is_linear=0
shrinkage=1


Tree=45
num_leaves=31
num_cat=0
split_feature=0 0 0 25 0 0 0 0 25 22 22 0 8 0 0 25 25 0 25 0 8 7 25 0 22 2 3 12 8 25
split_gain=759982 183155 103446 40608.4 20997.1 20169.3 12326.7 9987.08 8741.1 6452.19 4929.36 4595 3782.39 3655.37 3513.13 2612.84 2043.19 1917.13 1788.39 1732.18 1590.66 1552.48 1457.41 1282.45 1141.36 1049.56 1328.37 948.469 799.984 763.543
threshold=18.420000000000005 45.055000000000007 7.495000000000001 -1.0594999999999997 55.510000000000005 29.145000000000003 3.3250000000000006 12.585000000000003 -0.77983333333333327 202.50000000000003 74.500000000000014 12.320000000000002 597.50000000000011 35.95000000000001 22.875000000000004 -1.8455967741935482 -0.18795161290322573 10.525 -1.8455967741935482 5.6150000000000011 785.00000000000011 79.153350000000017 1.1675000000000002 15.075000000000001 93.500000000000014 35.415000000000006 19.295000000000005 0.63500000000000012 785.00000000000011 -0.26881720430107531
decision_type=2 2 2 2 2 2 2 2 2 2 2 2 2 2 2 2 2 2 2 2 2 2 2 2 2 2 2 2 2 2
left_child=2 5 6 10 12 14 16 17 24 -6 -4 25 -3 20 18 21 -1 29 -2 -10 -7 -13 -16 -9 -8 26 -12 -15 -20 -5
right_child=1 4 3 7 9 13 8 23 19 -11 11 15 -14 27 22 -17 -18 -19 28 -21 -22 -23 -24 -25 -26 -27 -28 -29 -30 -31
leaf_value=0.2405111199758192 11.577272472433384 44.785716684339548 0.046567166268938198 7.0247704625198342 72.493939077689205 30.23207518598295 0.20210656680451855 13.833488140291884 3.6133254564495689 93.557694126427705 0.7705882210832935 2.7420453880026021 60.982609969613065 46.7363649962683 24.47051274779415 11.480487629828751 1.4844256423853963 11.850617048323905 19.951428325197067 6.0715934107309648 38.48000153214403 10.784848288530066 31.305128204546438 17.342574025870302 1.7100150366066316 0.86477985703353011 4.9393441383427863 38.357144202185069 24.264912118986352 9.4168602664476975
leaf_weight=19017 22 21 335 218 33 106 807 215 848 26 102 88 46 22 156 123 1419 243 175 433 30 33 39 202 1328 159 305 35 57 344
leaf_count=19017 22 21 335 218 33 106 807 215 848 26 102 88 46 22 156 123 1419 243 175 433 30 33 39 202 1328 159 305 35 57 344
internal_value=2.15476 33.1612 1.24653 7.55192 68.0198 26.3198 0.620799 11.5613 2.37913 81.7763 3.27293 4.60728 55.906 34.8689 22.645 8.23484 0.326884 9.50373 20.1941 4.44426 32.0515 4.93554 25.8374 15.5333 1.14005 3.04346 3.89459 41.5912 21.0112 8.48897
internal_weight=26987 768 26219 2367 126 642 23852 1222 3416 59 1145 810 67 193 449 244 20436 805 254 1281 136 121 195 417 2135 566 407 57 232 562
internal_count=26987 768 26219 2367 126 642 23852 1222 3416 59 1145 810 67 193 449 244 20436 805 254 1281 136 121 195 417 2135 566 407 57 232 562
is_linear=0
shrinkage=1


Tree=46
num_leaves=31
num_cat=0
split_feature=5 2 26 25 22 3 7 22 22 2 2 5 22 2 6 2 22 3 22 6 25 2 22 2 5 22 6 8 2 4
split_gain=365663 181535 59052.2 39124.2 28294.4 23234.1 22184 15968.6 15149.5 14840.4 12177.4 9954.82 9727.34 9579.59 10929.1 9823.14 7444.06 5955.69 5922.44 5479.66 5278.39 4786.94 11067.3 4604.07 4236.72 2954.86 2628.51 2347.41 2275.89 2408.44
threshold=0.87955000000000017 25.405000000000005 -1.0536129032258066 -0.94790322580645159 198.50000000000003 22.725000000000005 79.153350000000017 206.50000000000003 208.50000000000003 23.745000000000001 27.545000000000005 0.67180000000000006 190.50000000000003 24.155000000000005 16.639450000000004 21.925000000000004 74.500000000000014 21.585000000000004 180.50000000000003 14.099000000000002 -0.63928494623655918 31.185000000000006 274.50000000000006 32.755000000000003 0.9426500000000001 149.50000000000003 16.455100000000005 539.00000000000011 34.355000000000011 19.675000000000004
decision_type=2 2 2 2 2 2 2 2 2 2 2 2 2 2 2 2 2 2 2 2 2 2 2 2 2 2 2 2 2 2
left_child=9 2 4 6 12 8 16 -6 13 19 -8 -11 -2 14 15 -4 -3 -12 -16 -1 -13 22 -18 25 -5 -19 -10 -15 29 -26
right_child=1 3 5 24 7 -7 10 -9 26 11 17 20 -14 27 18 -17 21 23 -20 -21 -22 -23 -24 -25 28 -27 -28 -29 -30 -31
leaf_value=9.5424999387131937 43.122580569800093 0.015169663336555672 34.851666994002144 8.9078198043744745 78.124136656525963 53.800001136142122 34.686364957254355 44.329630793019589 10.366345997833813 0.33979305447918984 1.634920643624346 1.493127612677561 17.863333085285305 24.159374657379271 29.222727713636694 19.043859480714953 12.308755690339614 27.090476845239852 51.325925980227979 29.815000191436887 4.8223775808853935 2.9761127150839957 2.310176955836492 7.8552844729395392 14.470708897942318 14.319696876484425 16.832075330533584 14.043209729514018 6.9651513618206877 11.355194635437222
leaf_weight=40 31 501 60 422 29 21 22 27 104 20682 63 1426 30 32 22 114 217 21 27 20 715 674 226 123 536 132 159 81 66 462
leaf_count=40 31 501 60 422 29 21 22 27 104 20682 63 1426 30 32 22 114 217 21 27 20 715 674 226 123 536 132 159 81 66 462
internal_value=2.16809 10.7425 24.9943 7.71117 45.6 21.1058 4.79939 61.8304 19.9596 0.593576 11.8875 0.552285 30.7 24.4089 28.2099 24.4948 3.21792 10.408 41.402 16.3 2.60495 4.65443 7.2079 12.4105 11.589 16.0725 14.2753 16.908 12.6523 13.0285
internal_weight=27085 4202 737 3465 117 620 1979 56 599 22883 361 22823 61 336 223 174 1618 339 49 60 2141 1117 443 276 1486 153 263 113 1064 998
internal_count=27085 4202 737 3465 117 620 1979 56 599 22883 361 22823 61 336 223 174 1618 339 49 60 2141 1117 443 276 1486 153 263 113 1064 998
is_linear=0
shrinkage=1


Tree=47
num_leaves=31
num_cat=0
split_feature=0 0 0 25 0 0 0 0 25 22 0 0 19 22 25 25 8 0 0 12 22 1 0 8 0 7 22 0 0 25
split_gain=777186 180702 113985 43046.8 23002.9 18086.4 13827.2 12961.6 8566.99 5470.46 4951.25 4696.24 3347.96 2982.15 2829.45 2346.29 2095.08 1988 1966.94 1613.53 1524.44 2242.82 1447.14 1425.01 1365.16 1301.69 1100.48 1062.24 838.194 833.387
threshold=19.395000000000003 45.055000000000007 7.495000000000001 -1.1245161290322576 55.510000000000005 29.145000000000003 12.585000000000003 3.6450000000000005 -0.78887096774193533 202.50000000000003 15.075000000000001 35.95000000000001 6.8500000000000005 110.50000000000001 -1.8455967741935482 -0.18795161290322573 672.50000000000011 15.555000000000001 9.6750000000000025 0.53500000000000014 276.50000000000006 30.145000000000003 5.5050000000000008 785.00000000000011 24.73 76.966650000000016 95.500000000000014 8.9350000000000005 1.925 -0.3850860215053763
decision_type=2 2 2 2 2 2 2 2 2 2 2 2 2 2 2 2 2 2 2 2 2 2 2 2 2 2 2 2 2 2
left_child=2 5 7 10 12 16 18 15 26 -6 13 23 -3 -4 25 -1 24 -8 29 -13 21 27 -10 -7 -2 -12 -9 -15 -17 -5
right_child=1 4 3 6 9 11 17 8 22 -11 14 19 -14 20 -16 28 -18 -19 -20 -21 -22 -23 -24 -25 -26 -27 -28 -29 -30 -31
leaf_value=0.25121521301014349 20.592187309619469 60.19069927546375 0.62932165310733046 5.8689653525867591 73.942104907361411 30.078999703632476 14.107392775234185 0.23574467994143755 3.7283382608744509 92.179311911610824 0.83846150914727491 48.504001458393212 44.530002358661768 4.1089999003278024 14.058333119856002 1.0682432338619565 27.814457738469578 18.207762314124572 10.934482544979986 38.357144211267681 1.8121052333282239 0.70617284318107054 5.9788305304502156 38.520001443134426 25.312222224248796 8.9574998528825045 1.8325246802239579 8.2075579446782267 2.7156818098940394 8.7675157193537334
leaf_weight=19297 192 43 457 145 38 100 257 705 674 29 39 25 20 100 60 1036 83 219 377 42 190 81 496 25 90 40 1113 172 440 314
leaf_count=19297 192 43 457 145 38 100 257 705 674 29 39 25 20 100 60 1036 83 219 377 42 190 81 496 25 90 40 1113 172 440 314
internal_value=2.16424 35.3664 1.29403 7.78686 68.9369 27.5312 11.6916 0.624279 2.57169 81.8358 3.28903 35.388 55.219 2.5117 8.88129 0.344163 23.3984 15.9939 9.24199 42.1433 4.09595 5.32521 4.68239 31.7672 22.0986 4.94937 1.21331 6.70074 1.55935 7.85185
internal_weight=26899 687 26212 2451 130 557 1312 23761 2988 67 1139 192 63 1000 139 20773 365 476 836 67 543 353 1170 125 282 79 1818 272 1476 459
internal_count=26899 687 26212 2451 130 557 1312 23761 2988 67 1139 192 63 1000 139 20773 365 476 836 67 543 353 1170 125 282 79 1818 272 1476 459
is_linear=0
shrinkage=1


Tree=48
num_leaves=31
num_cat=0
split_feature=5 2 26 25 3 22 7 22 22 22 25 2 7 5 25 22 22 25 22 2 22 5 6 2 22 22 3 2 15 25
split_gain=368218 189054 67135.1 39284.8 35427.8 26585.4 22555.5 16524.4 14747.9 14246.3 14168.9 10798.8 9008.9 8868.96 7920.98 6928.1 5745.01 5740.05 5208.46 5054.52 11354.7 4738.91 4572.37 3604.19 6072.21 3492.66 2892.47 4496.45 2598.65 2220.66
threshold=0.86740000000000006 25.405000000000005 -1.0536129032258066 -0.9556890209394453 22.725000000000005 198.50000000000003 79.153350000000017 206.50000000000003 190.50000000000003 208.50000000000003 4.2306451612903233 22.755000000000006 76.966650000000016 0.66225000000000012 -3.2685483870967738 74.500000000000014 198.50000000000003 -0.63928494623655918 74.500000000000014 31.185000000000006 274.50000000000006 0.9678500000000001 14.099000000000002 33.375000000000007 137.50000000000003 270.50000000000006 20.705000000000002 21.925000000000004 0.045000000000000005 -0.18795161290322573
decision_type=2 2 2 2 2 2 2 2 2 2 2 2 2 2 2 2 2 2 2 2 2 2 2 2 2 2 2 2 2 2
left_child=10 2 5 6 9 8 15 -7 -2 11 13 26 22 29 16 -3 -8 -15 -16 20 25 -5 -13 24 -20 -17 27 -4 -11 -1
right_child=1 3 4 21 -6 7 14 -9 -10 28 -12 12 -14 17 18 19 -18 -19 23 -21 -22 -23 -24 -25 -26 -27 -28 -29 -30 -31
leaf_value=0.25327117318779013 47.591176526968006 0.01956088075866047 33.860317736638926 9.468472104335838 62.275002339588283 77.922579437696399 11.777418985684299 43.368001092182276 17.915151129543194 10.910370225813669 26.528571517942456 9.4057691540769159 34.658333198666583 1.3285296132587454 0.045833334929427316 10.52878038199631 30.471429153531332 4.8581294415814602 24.653659061866417 2.7294890039348201 2.1893003758535601 12.953286288204843 20.269078882066143 6.0752940755739848 10.696153701517968 22.435714545951964 43.110000470386623 16.649999907718779 17.186821552523977 1.5580714185637752
leaf_weight=19091 34 501 63 720 20 31 31 25 33 135 21 52 36 1367 48 205 35 695 41 685 243 852 152 85 130 28 20 20 129 1400
leaf_count=19091 34 501 63 720 20 31 31 25 33 135 21 52 36 1367 48 205 35 695 41 685 243 852 152 85 130 28 20 20 129 1400
internal_value=2.18954 10.6095 25.0543 7.60352 20.8638 46.4154 4.69961 62.4964 32.9746 19.4993 0.565522 23.7496 20.0737 0.541347 11.7608 3.12762 21.6909 2.51819 9.60493 4.46882 6.97185 11.3572 17.5 11.3973 14.0427 11.9597 32.3146 29.7133 13.9773 0.342419
internal_weight=26928 4354 750 3604 627 123 2032 56 67 607 22574 343 240 22553 370 1662 66 2062 304 1161 476 1572 204 256 171 233 103 83 264 20491
internal_count=26928 4354 750 3604 627 123 2032 56 67 607 22574 343 240 22553 370 1662 66 2062 304 1161 476 1572 204 256 171 233 103 83 264 20491
is_linear=0
shrinkage=1


Tree=49
num_leaves=31
num_cat=0
split_feature=0 0 0 25 0 0 0 25 0 26 22 0 4 0 25 9 25 22 0 2 22 0 0 9 20 0 12 26 22 0
split_gain=779974 186096 115692 38034.1 20645.6 18445.5 18262.6 12652.2 8676.38 4959.35 4527.12 4345.36 3535.73 3486.71 2770.49 2457.18 2051.47 1900.86 1893.42 1878.51 2497.7 1623.01 1526.76 1513.08 1411.28 1330.81 1168.37 898.855 803.708 911.984
threshold=19.395000000000003 45.055000000000007 8.9350000000000005 -1.2733387096774191 4.0650000000000004 55.510000000000005 29.145000000000003 -0.65118562535370672 14.585000000000003 -1.0031666666666663 74.500000000000014 35.95000000000001 25.445000000000004 15.075000000000001 -0.33032258064516123 5.1500000000000012 2.5754838709677421 93.500000000000014 5.9150000000000009 35.475000000000001 276.50000000000006 10.785000000000002 1.7750000000000001 9.5000000000000018 0.56500000000000006 24.73 0.53500000000000014 -0.19772688172043004 126.50000000000001 1.7450000000000003
decision_type=2 2 2 2 2 2 2 2 2 2 2 2 2 2 2 2 2 2 2 2 2 2 2 2 2 2 2 2 2 2
left_child=2 6 4 10 14 16 15 17 21 -7 -4 23 -11 19 28 25 -3 -6 -9 20 -12 -5 -16 -8 -15 -2 -13 -10 -1 -30
right_child=1 5 3 8 7 9 11 18 27 12 13 26 -14 24 22 -17 -18 -19 -20 -21 -22 -23 -24 -25 -26 -27 -28 -29 29 -31
leaf_value=0.083515514548359704 20.640776488001563 48.285002091632961 0.009787236925853815 9.4800584588331045 0.25553935709914688 90.935712851477064 30.284158093639871 4.484006984904978 19.797115248776922 64.155000260578277 7.627224955224742 47.68333475103644 82.733335441315006 13.12753601313733 0.83786219272467499 27.96521727207146 60.797369872217999 2.3129999627630946 7.0570433164119564 0.86434107816351635 1.712280679116486 12.456312912046547 2.5585492149341 38.838463107774409 4.8137930251433154 25.215217396463764 38.815386218931948 16.181773160628772 0.30458762442787113 1.1001566537881611
leaf_weight=11344 206 20 235 341 686 28 101 569 104 20 191 24 21 69 1553 92 38 1300 575 129 114 396 772 26 29 92 39 203 5820 1915
leaf_count=11344 206 20 235 341 686 28 101 569 104 20 191 24 21 69 1553 92 38 1300 575 129 114 396 772 26 29 92 39 203 5820 1915
internal_value=2.17836 34.9562 1.29873 9.01182 0.729384 69.6276 27.3643 3.12824 12.9398 80.6768 3.66519 35.4037 73.6707 5.27989 0.378588 23.4477 56.4828 1.60232 5.77727 4.06336 5.41639 11.0792 1.4092 32.0354 10.6673 22.053 42.1937 17.4065 0.252995 0.501551
internal_weight=27052 707 26345 1811 24534 127 580 3130 1044 69 767 190 41 532 21404 390 58 1986 1144 434 305 737 2325 127 98 298 63 307 19079 7735
internal_count=27052 707 26345 1811 24534 127 580 3130 1044 69 767 190 41 532 21404 390 58 1986 1144 434 305 737 2325 127 98 298 63 307 19079 7735
is_linear=0
shrinkage=1


Tree=50
num_leaves=31
num_cat=0
split_feature=5 2 26 22 22 2 22 22 7 22 2 2 7 2 22 5 1 22 22 3 6 3 22 2 22 3 2 1 3 2
split_gain=352516 172183 55009.6 39952.1 26549.2 25682 29081.4 22617.5 21764.8 15110.8 13999.1 12655.7 10036.7 11691.7 8823.04 7211.88 6273.56 6046.39 7128.45 5547.34 5412.58 4769.77 3914.26 3741.01 3420.95 3152.35 2791.9 2437.42 2174.26 3041.78
threshold=0.86740000000000006 25.135000000000002 -1.0536129032258066 74.500000000000014 198.50000000000003 33.275000000000013 274.50000000000006 208.50000000000003 78.472250000000017 190.50000000000003 22.755000000000006 24.155000000000005 79.153350000000017 27.545000000000005 204.50000000000003 0.61465000000000014 24.905000000000005 188.50000000000003 184.50000000000003 20.545000000000005 16.639450000000004 20.075000000000003 200.50000000000003 35.475000000000001 124.50000000000001 22.425000000000004 23.745000000000001 25.525000000000002 19.105000000000004 29.395000000000003
decision_type=2 2 2 2 2 2 2 2 2 2 2 2 2 2 2 2 2 2 2 2 2 2 2 2 2 2 2 2 2 2
left_child=11 2 4 -3 9 6 12 8 10 -2 17 21 16 -14 -6 -13 20 18 -4 -12 -5 -1 -19 25 -17 -7 -21 -15 -8 -30
right_child=1 3 7 5 14 23 28 -9 -10 -11 19 15 13 27 -16 24 -18 22 -20 26 -22 -23 -24 -25 -26 -27 -28 -29 29 -31
leaf_value=8.5576921938617136 50.450000454247515 0.034035089927123785 31.412499788509489 9.8873332507105474 79.638094984597643 1.3024390021808241 0.78536584046250213 13.915611659492468 58.745000603901026 18.215151233580393 10.1499999170482 0.30664925459382841 42.135001376377225 26.857143439245618 51.570833447681544 0.58785557532989374 9.4339761442749346 17.708333177473822 56.975000622974513 29.089361949719731 15.006485532504341 26.414285560696857 34.388235922702009 2.3369710043501914 3.0282664685366267 8.403802192594755 19.816190418423183 15.426347265886664 9.1760329433044809 2.6398843246974337
leaf_weight=52 26 570 24 300 21 82 164 237 20 33 46 19912 20 21 24 914 674 24 20 47 663 21 34 449 1546 263 105 167 121 173
leaf_count=52 26 570 24 300 21 82 164 237 20 33 46 19912 20 21 24 914 674 24 20 47 663 21 34 449 1546 263 105 167 121 173
internal_value=2.14251 10.4059 25.262 7.72795 46.374 9.14401 10.8349 21.3201 26.8041 32.4203 24.6747 0.549107 12.6054 19.1486 64.6689 0.506213 11.774 34.1922 43.0318 19.7717 13.4117 13.6945 27.4862 4.23967 2.12154 6.71594 22.6836 16.7032 3.70262 5.32993
internal_weight=26773 4328 661 3667 104 3097 2303 557 320 59 300 22445 1845 208 45 22372 1637 102 44 198 963 73 58 794 2460 345 152 188 458 294
internal_count=26773 4328 661 3667 104 3097 2303 557 320 59 300 22445 1845 208 45 22372 1637 102 44 198 963 73 58 794 2460 345 152 188 458 294
is_linear=0
shrinkage=1


Tree=51
num_leaves=31
num_cat=0
split_feature=0 0 0 25 0 0 0 0 25 25 0 0 3 1 25 0 25 25 25 8 0 12 8 0 0 0 21 21 1 7
split_gain=756432 192511 94302.8 38987.8 24903.4 16348.7 14089.2 9240.4 6668.65 4928.58 4665.42 4456.86 3966.23 3160.81 2977.63 2261.31 2036.69 2030.97 1992.08 1985.29 1871.16 1530.26 1148.33 1041.81 986.66 973.355 893.526 794.667 687.243 802.819
threshold=17.620000000000001 45.055000000000007 6.6850000000000014 -1.2432258064516126 29.145000000000003 55.510000000000005 10.785000000000002 3.2350000000000008 -0.77983333333333327 2.5754838709677421 35.95000000000001 20.515000000000004 21.265000000000004 27.915000000000003 -1.8455967741935482 14.585000000000003 -0.53209677419354828 -0.18795161290322573 0.22290322580645142 672.50000000000011 12.320000000000002 0.53500000000000014 785.00000000000011 5.5050000000000008 24.73 8.4250000000000025 4.5000000000000009 3.5000000000000004 30.805000000000003 76.966650000000016
decision_type=2 2 2 2 2 2 2 2 2 2 2 2 2 2 2 2 2 2 2 2 2 2 2 2 2 2 2 2 2 2
left_child=2 4 7 12 11 18 16 17 27 -7 22 14 -4 20 -2 -8 -5 -1 -3 24 -14 -12 -6 -10 -13 -18 -15 -9 29 -28
right_child=1 5 3 6 10 9 15 8 23 -11 21 19 13 26 -16 -17 25 -19 -20 -21 -22 -23 -24 -25 -26 -27 28 -29 -30 -31
leaf_value=0.23166235090828158 7.5086954811108999 49.057144928794067 0.75262293889113008 5.1297069719084494 30.309900728328145 71.193549689948796 12.461950993416728 0.20614753963509247 3.4905681651976064 89.173331851866521 48.778262276211237 21.178472058415426 5.2279760797015635 0.66898733002321853 19.615516993166857 16.478403541131957 7.2987340104423097 1.4959618100843044 61.034147678530644 28.67402588236402 11.129113736100184 38.630953825903326 38.139131891185542 5.6511704613446039 25.291836775732435 9.7616562497541999 2.452631484993034 1.519903286697474 0.78775509831506696 7.55820880316009
leaf_weight=18931 23 21 610 239 101 31 410 732 880 30 23 144 168 158 174 213 316 1362 41 77 79 42 23 299 98 326 57 1241 49 67
leaf_count=18931 23 21 610 239 101 31 410 732 880 30 23 144 168 158 174 213 316 1362 41 77 79 42 23 299 98 326 57 1241 49 67
internal_value=2.15028 31.9079 1.20759 6.81319 25.5389 68.413 10.1955 0.563941 2.15688 80.0361 35.3593 21.9419 2.53123 4.4083 18.202 13.8352 7.62168 0.316518 56.9774 24.2514 7.11538 42.2215 31.7621 4.03851 22.8442 8.54938 2.38822 1.03249 3.95838 5.21129
internal_weight=26965 828 26137 2692 705 123 1504 23445 3152 61 189 516 1188 578 197 623 881 20293 62 319 247 65 124 1179 242 642 331 1973 173 124
internal_count=26965 828 26137 2692 705 123 1504 23445 3152 61 189 516 1188 578 197 623 881 20293 62 319 247 65 124 1179 242 642 331 1973 173 124
is_linear=0
shrinkage=1


Tree=52
num_leaves=31
num_cat=0
split_feature=0 0 0 25 0 0 0 25 0 0 22 25 0 13 25 8 0 22 8 2 22 8 0 25 0 0 22 0 24 2
split_gain=776574 165760 113048 36525.3 20066.1 18825.7 17225.4 12347.7 8065.99 4490.06 4218.28 3959.68 3711.84 3592.4 2807.47 2585.54 1947.38 1918.72 1554.61 1480.99 2597.54 1413.49 1340.17 1272.13 1186.62 1076.89 973.4 1155.27 972.136 722.566
threshold=19.395000000000003 45.055000000000007 8.9350000000000005 -1.2930645161290319 4.0650000000000004 29.145000000000003 55.510000000000005 -0.65118562535370672 13.285000000000002 35.95000000000001 74.500000000000014 2.5754838709677421 15.075000000000001 0.11000000000000001 -0.18795161290322573 672.50000000000011 5.9150000000000009 93.500000000000014 785.00000000000011 35.295000000000009 276.50000000000006 785.00000000000011 24.73 -0.48503225806451605 15.075000000000001 1.925 126.50000000000001 1.7450000000000003 4.5000000000000009 34.735000000000007
decision_type=2 2 2 2 2 2 2 2 2 2 2 2 2 2 2 2 2 2 2 2 2 2 2 2 2 2 2 2 2 2
left_child=2 5 4 10 14 15 13 17 23 21 -4 -8 19 -3 26 22 -9 -6 -11 20 -12 -7 -2 -5 -10 -16 -1 -28 -14 -19
right_child=1 6 3 8 7 9 11 16 24 18 12 -13 28 -15 25 -17 -18 29 -20 -21 -22 -23 -24 -25 -26 -27 27 -29 -30 -31
leaf_value=0.087708767995681836 20.543414431843669 44.523811922434788 0.0088495600808591313 8.1371067470612779 0.23411078594318413 30.341747326372396 71.205556528210664 4.4019572483248925 14.057999801543039 38.948890323546209 7.4302196048850533 86.906895040441313 14.589999780164838 60.30869700906301 1.0884501369823312 28.070329577524451 7.0218148549209296 2.8272516874714175 49.545001748310206 0.96446278676643815 1.2214953094666512 38.470371858716021 25.070833308604044 11.411991225343233 17.594961009598222 2.8701960702482143 0.32119993182358031 1.1818443746638434 8.1109089665497329 1.2301662486124127
leaf_weight=11496 205 21 226 159 686 103 36 562 150 45 182 29 40 46 1013 91 573 866 20 121 107 27 96 467 258 510 6217 2082 55 421
leaf_count=11496 205 21 226 159 686 103 36 562 150 45 182 29 40 46 1013 91 573 866 20 121 107 27 96 467 258 510 6217 2082 55 421
internal_value=2.1714 34.5939 1.28133 9.01008 0.722857 27.3937 66.6129 3.09662 12.835 35.4231 3.59973 78.2108 5.20673 55.3612 0.37678 23.3995 5.72458 1.58485 42.2092 3.90171 5.13149 32.03 21.9874 10.5802 16.2946 1.6851 0.27612 0.537113 10.8389 2.30482
internal_weight=26910 719 26191 1765 24426 587 132 3108 1034 195 731 65 505 67 21318 392 1135 1973 65 410 289 130 301 626 408 1523 19795 8299 95 1287
internal_count=26910 719 26191 1765 24426 587 132 3108 1034 195 731 65 505 67 21318 392 1135 1973 65 410 289 130 301 626 408 1523 19795 8299 95 1287
is_linear=0
shrinkage=1


Tree=53
num_leaves=31
num_cat=0
split_feature=0 0 0 25 0 0 0 0 25 0 0 22 26 0 25 25 25 0 25 7 8 8 12 22 0 25 26 0 22 0
split_gain=749070 193267 96800 37773 24887.7 18612.3 12648.3 9280.78 8457.31 4712.26 4189.07 4037.83 3873.29 3062.53 2653.66 2563.35 2528.58 2340.81 2318.61 1522.59 1498.96 1451.92 1399.76 1326.98 1266.61 1017.46 950.557 909.262 752.425 739.22
threshold=17.620000000000001 45.055000000000007 7.495000000000001 -1.1245161290322576 29.145000000000003 55.510000000000005 3.6450000000000005 10.525 -0.63928494623655918 22.875000000000004 35.95000000000001 74.500000000000014 -1.0031666666666663 12.320000000000002 -1.8455967741935482 0.22290322580645142 -1.8455967741935482 14.585000000000003 -0.21981720430107521 78.197250000000011 785.00000000000011 785.00000000000011 0.53500000000000014 93.500000000000014 5.9150000000000009 -0.34803225806451604 -0.2490870967741938 1.925 126.50000000000001 1.7450000000000003
decision_type=2 2 2 2 2 2 2 2 2 2 2 2 2 2 2 2 2 2 2 2 2 2 2 2 2 2 2 2 2 2
left_child=2 4 6 11 9 15 18 25 23 16 21 -4 -7 -13 19 -3 -2 -9 28 -15 -11 -6 -12 -8 -10 -5 -18 -20 -1 -30
right_child=1 5 3 7 10 12 8 17 24 20 22 13 -14 14 -16 -17 26 -19 27 -21 -22 -23 -24 -25 -26 -27 -28 -29 29 -31
leaf_value=0.081063715562715633 11.209374833212973 47.633335513975894 0.049371070919060678 6.5068963814393754 30.179786974361054 91.019998467670561 0.22207792065185394 12.456511404375981 4.1226224472705617 24.372903188592232 48.247827626287659 3.0040075582182451 74.722858684083789 1.3819444094499092 11.218811722810658 61.400001190159763 23.9446152021019 16.510328416821181 1.0131962212863974 8.9023253893110006 30.986363652454497 38.623078551077448 38.5428585242298 1.9419811033848382 6.5147690968472869 9.2615187935270562 19.603110883408139 2.6580508379978172 0.3196947273698687 1.0549631270523556
leaf_weight=11206 32 21 318 203 94 25 693 430 694 155 23 524 35 72 101 38 65 213 1167 43 44 26 42 1272 325 395 225 472 6093 1763
leaf_count=11206 32 21 318 203 94 25 693 430 694 155 23 524 35 72 101 38 65 213 1167 43 44 26 42 1272 325 395 225 472 6093 1763
internal_value=2.16621 31.8314 1.22433 7.41949 25.5476 69.1118 0.622998 11.1621 2.54775 22.0096 35.5114 3.02949 81.5133 4.31014 7.4787 56.5 19.6453 13.7994 0.345549 4.19391 25.8352 32.0092 41.9769 1.33542 4.88557 8.32642 20.5762 1.48688 0.247414 0.4847
internal_weight=26809 825 25984 2299 706 119 23685 1241 2984 521 185 1058 60 740 216 59 322 643 20701 115 199 120 65 1965 1019 598 290 1639 19062 7856
internal_count=26809 825 25984 2299 706 119 23685 1241 2984 521 185 1058 60 740 216 59 322 643 20701 115 199 120 65 1965 1019 598 290 1639 19062 7856
is_linear=0
shrinkage=1


Tree=54
num_leaves=31
num_cat=0
split_feature=0 0 0 25 0 0 0 0 25 2 0 22 0 0 0 8 25 2 22 25 12 25 7 25 2 22 8 8 0 22
split_gain=769399 187890 100767 42252.1 20519.7 16384.1 15614.6 9305.95 6835.04 5466.6 4584.39 4191.2 4241.48 3564.15 3461.13 2215.7 1913.4 1654.74 2223.7 1584.46 1546.97 1541.64 1437.07 1369.19 1315.77 1088.88 1053.08 985.458 953.162 882.849
threshold=18.420000000000005 45.055000000000007 6.6850000000000014 -1.1245161290322576 29.145000000000003 55.510000000000005 10.525 3.2350000000000008 -0.6151451612903226 25.135000000000002 35.95000000000001 74.500000000000014 14.585000000000003 24.73 14.585000000000003 785.00000000000011 -0.18795161290322573 35.475000000000001 276.50000000000006 -0.91839784946236547 0.53500000000000014 -1.7113469156762873 79.153350000000017 -0.43863440860215047 22.755000000000006 110.50000000000001 785.00000000000011 672.50000000000011 4.9150000000000009 102.50000000000001
decision_type=2 2 2 2 2 2 2 2 2 2 2 2 2 2 2 2 2 2 2 2 2 2 2 2 2 2 2 2 2 2
left_child=2 4 7 11 13 15 23 16 25 24 26 -4 17 19 -8 -3 -1 18 29 -2 -12 22 -14 -5 -7 -9 -6 -15 -10 -13
right_child=1 5 3 6 10 9 14 8 28 -11 20 12 21 27 -16 -17 -18 -19 -20 -21 -22 -23 -24 -25 -26 -27 -28 -29 -30 -31
leaf_value=0.23662354082545489 17.474467889341351 48.185716757000449 0.058868895481308137 5.6054850681443984 30.135293912233884 79.342855581463354 12.459628533632991 0.29411764617166614 3.4330591996990565 65.375001481281402 48.677274121856456 2.8573033197597457 2.6924999744759806 25.427472518506811 17.172950596260691 60.817074656665177 1.4590975153884551 0.83648647367812456 1.5533936372656738 22.323529224516758 38.367443426024707 13.815999775634886 12.242307537670843 8.4767565811659615 90.079999993549464 1.7500418247288603 37.763638087671225 31.608333405296023 5.3591010301104713 6.4907061658973113
leaf_weight=18783 94 21 389 237 102 21 431 901 608 20 22 89 40 91 244 41 1374 222 221 238 43 50 26 555 25 1195 22 36 445 269
leaf_count=18783 94 21 389 237 102 21 431 901 608 20 22 89 40 91 244 41 1374 222 221 238 43 50 26 555 25 1195 22 36 445 269
internal_value=2.17106 33.2008 1.24775 6.94641 26.285 68.2117 10.6294 0.569712 2.16843 79.1773 35.0545 2.80934 3.97612 22.6741 14.1634 56.5387 0.319953 3.15768 4.04767 20.9506 41.8569 9.62759 6.45455 7.61755 85.1783 1.12419 31.4887 27.1795 4.24701 5.58743
internal_weight=26855 776 26079 2773 648 128 1467 23306 3149 66 189 1306 917 459 675 62 20157 801 579 332 65 116 66 792 46 2096 124 127 1053 358
internal_count=26855 776 26079 2773 648 128 1467 23306 3149 66 189 1306 917 459 675 62 20157 801 579 332 65 116 66 792 46 2096 124 127 1053 358
is_linear=0
shrinkage=1


Tree=55
num_leaves=31
num_cat=0
split_feature=0 0 0 25 0 0 0 0 25 26 0 22 0 9 22 2 25 0 0 0 25 0 12 22 9 9 25 25 0 22
split_gain=770483 188911 102222 40163.8 21412.9 18837.6 12383.7 11779.8 9039.48 4937.27 4209.45 4057.58 3567.4 2787.88 2604.8 3216.11 2073.57 1968.04 1576.19 1527.22 1472.09 1464.05 1431.29 1337.57 1268.15 1098.87 1032.53 819.891 736.79 719.545
threshold=18.420000000000005 45.055000000000007 7.495000000000001 -1.153774759479343 29.145000000000003 55.510000000000005 3.3250000000000006 12.585000000000003 -0.63928494623655918 -1.0031666666666663 35.95000000000001 110.50000000000001 24.73 9.5000000000000018 276.50000000000006 35.525000000000013 -0.18795161290322573 9.6750000000000025 5.5050000000000008 15.555000000000001 -0.91839784946236547 11.705000000000002 0.53500000000000014 93.500000000000014 9.5000000000000018 5.1500000000000012 -0.53944736842105245 1.0635000000000001 1.8650000000000004 126.50000000000001
decision_type=2 2 2 2 2 2 2 2 2 2 2 2 2 2 2 2 2 2 2 2 2 2 2 2 2 2 2 2 2 2
left_child=2 4 6 11 12 13 16 17 23 -7 24 -4 20 -3 15 21 29 26 -10 -9 -2 -13 -12 -8 -6 -14 -5 -22 -18 -1
right_child=1 5 3 7 10 9 8 19 18 -11 22 14 25 -15 -16 -17 28 -19 -20 -21 27 -23 -24 -25 -26 -27 -28 -29 -30 -31
leaf_value=0.078192356286561626 17.430336869572148 46.661907233190924 0.97881187142539683 5.014953122818719 30.377083125816466 90.614813180760123 0.20406904922677227 13.977692078030977 3.784188609401367 72.928948317652569 48.382610168640753 6.2079468625343708 25.293749991165281 60.718606269950719 1.8471794525695802 2.1645668888541691 1.0232049832387575 10.805235398030906 6.2175354123769235 17.785875479772503 21.163333127670832 10.909321816346305 38.482501462207914 1.8069463303375781 38.504167877740343 31.772222389552343 8.5575840775062488 25.54464258775069 2.6018735269189035 0.47517019505602098
leaf_weight=11042 89 21 505 107 96 27 811 260 721 38 23 151 96 43 195 127 961 382 422 177 180 118 40 1454 24 36 356 56 427 7785
leaf_count=11042 89 21 505 107 96 27 811 260 721 38 23 151 96 43 195 127 961 382 422 177 180 118 40 1454 24 36 356 56 427 7785
internal_value=2.17831 33.3736 1.25568 7.50509 26.3369 68.2845 0.626588 11.305 2.38996 80.2754 35.4776 3.06031 22.6766 56.1063 4.83892 6.31212 0.329305 9.12509 4.68259 15.5201 20.896 8.27026 42.0968 1.23302 32.0025 27.0606 7.73888 22.203 1.50886 0.242343
internal_weight=26770 769 26001 2378 640 129 23623 1282 3408 65 183 1096 457 64 591 396 20215 845 1143 437 325 269 63 2265 120 132 463 236 1388 18827
internal_count=26770 769 26001 2378 640 129 23623 1282 3408 65 183 1096 457 64 591 396 20215 845 1143 437 325 269 63 2265 120 132 463 236 1388 18827
is_linear=0
shrinkage=1


Tree=56
num_leaves=31
num_cat=0
split_feature=0 0 0 22 0 0 0 0 2 22 0 22 8 1 24 24 1 8 2 2 0 0 22 1 22 8 0 24 0 12
split_gain=770832 199250 97379.4 25748 20798.5 18621.7 13669.6 12258.9 8639 5486.89 5413.74 4690.37 3890.91 3851.55 3649.68 2561.43 2362.89 2239.79 2226.85 2195.51 1985.6 1701.84 1499.75 1797.44 1448.48 1412.79 1395.41 1317.51 1286.56 1124.8
threshold=18.420000000000005 45.055000000000007 7.495000000000001 114.50000000000001 55.510000000000005 26.785000000000004 12.585000000000003 3.3250000000000006 25.845000000000002 118.50000000000001 35.95000000000001 276.50000000000006 785.00000000000011 30.145000000000003 4.5000000000000009 2.5000000000000004 22.065000000000001 785.00000000000011 26.195000000000004 26.945000000000004 9.1150000000000002 15.075000000000001 276.50000000000006 28.495000000000001 126.50000000000001 785.00000000000011 20.515000000000004 2.5000000000000004 1.7150000000000001 0.63500000000000012
decision_type=2 2 2 2 2 2 2 2 2 2 2 2 2 2 2 2 2 2 2 2 2 2 2 2 2 2 2 2 2 2
left_child=2 5 7 15 12 17 11 24 16 -9 25 13 -3 20 21 -4 -6 26 -11 -16 -5 -8 23 -20 -1 -7 -2 -13 -26 -12
right_child=1 4 3 6 8 10 14 9 -10 18 29 27 -14 -15 19 -17 -18 -19 22 -21 -22 -23 -24 -25 28 -27 -28 -29 -30 -31
leaf_value=0.080429551479056283 17.33775485600394 45.065219726746221 11.579166455176155 7.1316706579281473 81.01153702310927 29.037583736651264 13.025499766574979 0.54770062533874531 62.880001977192045 5.9494463900153578 47.440910624209089 9.7653843837202245 61.17907101363145 0.95671640178083184 15.553333184891292 1.018726578319894 94.926087931941112 26.225581199937718 4.0181737923204874 7.4410851337266823 10.085741243574923 17.221924937881404 1.3782520121296344 1.5212435095303745 0.41277855617649539 35.868422072133832 21.907618923094553 2.1655913538728382 1.3055502354447364 37.958622203821889
leaf_weight=11221 98 23 24 401 26 149 200 1109 20 271 22 26 43 67 45 534 23 86 1139 129 526 187 492 386 7090 38 210 186 2090 29
leaf_count=11221 98 23 24 401 26 149 200 1109 20 271 22 26 43 67 45 534 23 86 1139 129 526 187 492 386 7090 38 210 186 2090 29
internal_value=2.13522 33.3815 1.21779 7.39484 68.2548 25.9323 9.26491 0.614312 80.3942 2.37318 32.9164 7.36791 55.5636 8.27867 13.343 1.47294 87.5429 21.7135 3.258 9.53908 8.80787 15.0532 2.89638 3.38616 0.32144 30.4257 20.4536 3.09764 0.616035 42.049
internal_weight=26890 767 26123 2325 135 632 1767 23798 69 3397 238 1206 66 994 561 558 49 394 2288 174 927 387 2017 1525 20401 187 308 212 9180 51
internal_count=26890 767 26123 2325 135 632 1767 23798 69 3397 238 1206 66 994 561 558 49 394 2288 174 927 387 2017 1525 20401 187 308 212 9180 51
is_linear=0
shrinkage=1


Tree=57
num_leaves=31
num_cat=0
split_feature=0 0 0 25 0 0 0 0 25 26 0 22 0 0 25 25 25 7 8 0 22 25 0 12 0 25 1 22 22 25
split_gain=762453 189514 101317 39296.9 20356.4 17832.7 12189.2 10968.6 8887.49 5116.02 4150.13 3743.02 3604.95 2926.67 2005.21 1973.05 1899.89 1568.29 1475.84 1423.06 1402.01 1390.04 1359.79 1339.88 1289.98 1280.57 1103.29 1675.97 1513.65 849.818
threshold=18.420000000000005 45.055000000000007 7.495000000000001 -1.2432258064516126 29.145000000000003 55.510000000000005 3.3250000000000006 12.585000000000003 -0.6151451612903226 -1.0031666666666663 35.95000000000001 74.500000000000014 14.585000000000003 22.875000000000004 -0.18795161290322573 0.037951612903225691 -0.52868279569892462 76.966650000000016 785.00000000000011 9.6750000000000025 110.50000000000001 -1.8455967741935482 5.5050000000000008 0.53500000000000014 15.075000000000001 1.1675000000000002 30.205000000000002 276.50000000000006 110.50000000000001 1.0635000000000001
decision_type=2 2 2 2 2 2 2 2 2 2 2 2 2 2 2 2 2 2 2 2 2 2 2 2 2 2 2 2 2 2
left_child=2 4 6 11 13 15 14 16 20 -7 18 -4 26 21 -1 -3 -5 -14 -6 -18 -8 -2 -10 -12 -9 -15 27 28 -13 -23
right_child=1 5 3 7 10 9 8 24 22 -11 23 12 17 25 -16 -17 19 -19 -20 -21 -22 29 -24 -25 -26 -27 -28 -29 -30 -31
leaf_value=0.24173190685223678 12.519999757515073 48.645002320514799 0.05000000154802553 6.512440018910997 30.131067707314731 91.630768320528887 0.34550050362935281 13.701716513097614 3.8432203172445156 73.426316578086372 47.878262243039956 2.2060344496388629 3.6968748749362237 24.443225760623559 1.4771246356334737 60.861539800991373 8.6128203301877342 12.058666510489266 38.437038468868657 11.581605133699659 1.9251344857315387 20.287564531507009 6.131707192200202 38.207896097659379 17.15920374832562 31.063888844291384 0.44955751740347782 1.3247058604314965 6.6301722624210697 25.113333064092544
leaf_weight=18904 20 20 310 209 103 26 989 233 708 38 23 116 32 155 1412 39 351 75 27 299 1301 193 410 38 201 36 113 170 232 45
leaf_count=18904 20 20 310 209 103 26 989 233 708 38 23 116 32 155 1412 39 351 75 27 299 1301 193 410 38 201 36 113 170 232 45
internal_value=2.15261 33.3113 1.2405 7.51683 26.4022 69.261 0.621173 11.2054 2.37127 80.8219 35.0492 2.96594 4.19079 22.7238 0.327594 56.7203 9.13516 9.55794 31.8562 9.97846 1.24293 20.5271 4.68247 41.8541 15.303 25.6911 3.28067 3.89826 5.15546 21.2
internal_weight=26828 763 26065 2341 640 123 23724 1293 3408 64 191 1048 738 449 20316 59 859 107 130 650 2290 258 1118 61 434 191 631 518 348 238
internal_count=26828 763 26065 2341 640 123 23724 1293 3408 64 191 1048 738 449 20316 59 859 107 130 650 2290 258 1118 61 434 191 631 518 348 238
is_linear=0
shrinkage=1


Tree=58
num_leaves=31
num_cat=0
split_feature=0 0 0 25 0 0 0 0 25 2 3 0 2 0 8 0 8 25 25 0 3 12 0 8 21 0 0 0 8 21
split_gain=768710 185597 117445 43480.1 22807.8 18227 14672.3 12483.4 8916.1 6306.32 4871.11 4398.55 4269.63 2807.71 2663.35 2603.57 2323.26 1887.53 1842.05 1802.53 1546.93 1510.57 1309.91 1239.87 1047.56 952.477 910.305 750.973 715.468 614.166
threshold=19.395000000000003 45.055000000000007 7.495000000000001 -1.2432258064516126 55.510000000000005 29.145000000000003 11.705000000000002 3.2350000000000008 -0.77983333333333327 25.135000000000002 21.435000000000006 35.95000000000001 35.595000000000006 15.075000000000001 672.50000000000011 13.655000000000003 785.00000000000011 -0.18795161290322573 -0.53209677419354828 5.5050000000000008 21.475000000000005 0.53500000000000014 24.73 785.00000000000011 3.5000000000000004 10.055000000000001 15.075000000000001 24.73 785.00000000000011 4.5000000000000009
decision_type=2 2 2 2 2 2 2 2 2 2 2 2 2 2 2 2 2 2 2 2 2 2 2 2 2 2 2 2 2 2
left_child=2 5 7 10 16 14 18 17 24 20 -4 23 15 -8 22 -12 -3 29 -5 -10 -6 -13 -2 -7 -9 -20 -14 -16 -15 -1
right_child=1 4 3 6 9 11 13 8 19 -11 12 21 26 28 27 -17 -18 -19 25 -21 -22 -23 -24 -25 -26 -27 -28 -29 -30 -31
leaf_value=0.075617544886762644 20.636274295274742 47.759093309367557 0.9550943243480905 5.9016572913319436 83.733332353226743 30.356700799528145 13.346198609995577 0.21838235184465238 3.5307603516461121 68.876192402519891 5.8170211472518476 48.945456009396409 0.96939889312291272 16.567894453073119 25.741666359808725 12.275293884839122 60.802779068324313 1.4438583710854611 8.7302209453659874 5.960509437689602 95.604347740025361 38.716668120700227 25.181521740143442 38.018520119892237 1.6416430350086191 11.554437661576724 8.0749999256001725 31.692105409295252 20.072618967258755 0.44022790932607014
leaf_weight=10647 204 22 530 181 21 97 342 816 868 21 235 22 183 190 48 85 36 1384 407 471 23 42 92 27 1412 169 20 38 84 8161
leaf_count=10647 204 22 530 181 21 97 342 816 868 21 235 22 183 190 48 85 36 1384 407 471 23 42 92 27 1412 169 20 38 84 8161
internal_value=2.16817 35.0414 1.29816 7.9258 70.2707 27.4393 11.6333 0.621423 2.34603 83.1338 3.09164 35.5 5.25679 15.2571 23.4723 7.5325 55.8552 0.316764 8.68441 4.38544 89.9386 42.2328 22.049 32.025 1.12038 9.55885 1.66946 28.3709 17.6423 0.233826
internal_weight=26878 693 26185 2426 123 570 1373 23759 3567 65 1053 188 523 616 382 320 58 20192 757 1339 44 64 296 124 2228 576 203 86 274 18808
internal_count=26878 693 26185 2426 123 570 1373 23759 3567 65 1053 188 523 616 382 320 58 20192 757 1339 44 64 296 124 2228 576 203 86 274 18808
is_linear=0
shrinkage=1


Tree=59
num_leaves=31
num_cat=0
split_feature=0 0 0 25 0 0 0 0 25 25 0 13 22 0 0 0 25 25 2 22 25 8 0 8 22 8 22 25 25 0
split_gain=780134 185473 103319 41678 21136 16907.2 12522.7 12051.9 9125.4 7325.06 4078.16 3757.66 3524.36 3478.02 2966.43 2262.72 2025.2 1747.7 1658.61 2377.38 1594.19 1542.9 1483.15 1478.15 1321.26 1118.5 993.235 978.224 973.773 957.724
threshold=18.420000000000005 45.055000000000007 7.495000000000001 -1.2432258064516126 29.145000000000003 55.510000000000005 3.3250000000000006 11.705000000000002 -0.6151451612903226 2.5754838709677421 35.95000000000001 0.11000000000000001 74.500000000000014 24.73 15.075000000000001 15.075000000000001 -0.18795161290322573 -0.52868279569892462 35.475000000000001 276.50000000000006 1.0635000000000001 785.00000000000011 5.5050000000000008 785.00000000000011 93.500000000000014 521.00000000000011 102.50000000000001 -1.8455967741935482 1.1675000000000002 9.2550000000000008
decision_type=2 2 2 2 2 2 2 2 2 2 2 2 2 2 2 2 2 2 2 2 2 2 2 2 2 2 2 2 2 2
left_child=2 4 6 12 13 11 16 17 24 -7 21 -3 -4 20 18 -9 -1 -5 19 26 27 -6 -10 -12 -8 -16 -14 -2 -15 -19
right_child=1 5 3 7 10 9 8 15 22 -11 23 -13 14 28 25 -17 -18 29 -20 -21 -22 -23 -24 -25 -26 -27 -28 -29 -30 -31
leaf_value=0.23864390543941627 14.151851639478309 44.465002396808742 0.016883119737101104 6.0654253610062678 30.09999965956883 68.32000103986644 0.19836065454993101 13.214117423156521 3.8340395245897931 89.253123763309603 38.377501300083274 60.730613512089207 2.9513513041763471 25.598989790814105 12.022033736922886 17.307589065708825 1.492903682682021 8.3474046686737893 0.71249997924435204 1.4586591997437184 25.814814614803716 38.403449776874659 6.200709095752563 48.738096910111501 1.8026098645154585 3.9249999703036553 7.2066036223738088 20.497933692313985 32.374074276725466 10.995366574118613
leaf_weight=18981 27 20 308 188 98 35 793 340 708 32 40 49 74 99 59 224 1381 289 176 179 54 29 423 21 1456 24 212 242 27 259
leaf_count=18981 27 20 308 188 98 35 793 340 708 32 40 49 74 99 59 224 1381 289 176 179 54 29 423 21 1456 24 212 242 27 259
internal_value=2.17163 33.4793 1.24347 7.59503 26.322 67.0029 0.619607 11.3617 2.40216 78.3179 35.2239 56.0159 2.85019 22.5947 4.05552 14.8399 0.323711 8.69633 3.32715 4.31677 20.8563 31.9961 4.71919 41.9443 1.23695 9.68072 6.10559 19.861 27.0508 9.5989
internal_weight=26847 773 26074 2332 637 136 23742 1300 3380 67 188 69 1032 449 724 564 20362 736 641 465 323 127 1131 61 2249 83 286 269 126 548
internal_count=26847 773 26074 2332 637 136 23742 1300 3380 67 188 69 1032 449 724 564 20362 736 641 465 323 127 1131 61 2249 83 286 269 126 548
is_linear=0
shrinkage=1


Tree=60
num_leaves=31
num_cat=0
split_feature=0 0 0 25 0 0 0 0 25 22 0 3 2 0 9 25 25 0 0 9 9 12 25 0 0 22 26 0 22 0
split_gain=797297 189759 104860 40466.3 21979.9 20816.3 12668 12103.9 8185.11 5903.21 4328.35 4081.27 3619.9 3421.41 3310.69 2316.87 2228.34 1892.83 1857.03 1645.6 1502.55 1406.6 1356.52 1325.87 1257.19 1072.32 858.411 830.78 793.911 783.525
threshold=18.420000000000005 45.055000000000007 7.3550000000000013 -1.2432258064516126 29.145000000000003 55.510000000000005 12.055000000000001 3.6450000000000005 -0.78887096774193533 202.50000000000003 35.95000000000001 21.115000000000006 35.525000000000013 22.875000000000004 9.5000000000000018 -0.18795161290322573 -0.53209677419354828 12.055000000000001 15.075000000000001 9.5000000000000018 9.5000000000000018 0.53500000000000014 -1.7326612903225802 9.2550000000000008 5.6150000000000011 110.50000000000001 -0.2490870967741938 1.6150000000000004 126.50000000000001 1.7150000000000001
decision_type=2 2 2 2 2 2 2 2 2 2 2 2 2 2 2 2 2 2 2 2 2 2 2 2 2 2 2 2 2 2
left_child=2 4 7 11 13 14 16 15 25 -7 19 -4 17 22 -3 28 -5 -13 -8 -6 -15 -12 -2 -18 -10 -9 -24 -17 -1 -30
right_child=1 5 3 6 10 9 18 8 24 -11 21 12 -14 20 -16 27 23 -19 -20 -21 -22 -23 26 -25 -26 -27 -28 -29 29 -31
leaf_value=0.080849748100487506 12.489999833809019 46.820835672921618 1.0009293569279947 5.8554453862950231 30.209615160286951 73.532432063070161 13.391836509660543 0.31387137231241735 3.7923404028708205 93.424001763568995 48.247827626287659 5.0755759134918392 1.4796954133789759 24.444516069668182 61.364445641742826 0.99040347878311152 8.2422711165336082 9.9607998077737108 17.208888673689643 38.846430134453485 31.065909150348784 38.597728623962169 24.615094147475524 11.157980241662099 5.960324704803174 1.874444417562011 20.058510362383618 2.5669201426262109 0.32174332160010843 1.0641345597165461
leaf_weight=11321 20 24 538 202 104 37 294 793 705 25 23 217 197 155 45 917 317 125 225 28 44 44 53 307 431 990 188 526 6218 1843
leaf_count=11321 20 24 538 202 104 37 294 793 705 25 23 217 197 155 45 917 317 125 225 28 44 44 53 307 431 990 188 526 6218 1843
internal_value=2.1943 33.4938 1.24931 7.51726 26.5838 68.255 11.1749 0.609948 2.51699 81.5532 35.3643 2.9494 4.89425 22.7852 56.3058 0.342641 8.74225 6.86111 15.0466 32.0417 25.9085 41.9104 20.4038 9.67676 4.61488 1.18037 21.0606 1.56507 0.25163 0.491477
internal_weight=26956 790 26166 2422 659 131 1345 23744 2919 62 199 1077 539 460 69 20825 826 342 519 132 199 67 261 624 1136 1783 241 1443 19382 8061
internal_count=26956 790 26166 2422 659 131 1345 23744 2919 62 199 1077 539 460 69 20825 826 342 519 132 199 67 261 624 1136 1783 241 1443 19382 8061
is_linear=0
shrinkage=1


Tree=61
num_leaves=31
num_cat=0
split_feature=0 0 0 25 0 0 0 0 25 25 0 22 0 0 0 2 22 25 7 12 25 7 8 25 0 22 0 8 25 22
split_gain=743541 177972 100215 41639 21500.4 15183.1 13130.3 9143.92 6677.8 6419.35 4506.04 3946.71 3505.37 3358.57 3297.77 1926.04 2103.69 1811.09 1640.21 1499.81 1495.82 1424.1 1418.59 1387.21 1272.56 1144.99 1058.53 892.576 820.718 624.108
threshold=18.420000000000005 45.055000000000007 6.6850000000000014 -1.153774759479343 29.145000000000003 10.525 55.510000000000005 3.1250000000000004 -0.6151451612903226 2.5754838709677421 35.95000000000001 74.500000000000014 15.075000000000001 24.73 15.075000000000001 35.415000000000006 276.50000000000006 -0.18795161290322573 74.184400000000025 0.53500000000000014 -0.91839784946236547 76.966650000000016 785.00000000000011 -0.26881720430107531 8.9350000000000005 93.500000000000014 5.2150000000000007 672.50000000000011 1.0635000000000001 126.50000000000001
decision_type=2 2 2 2 2 2 2 2 2 2 2 2 2 2 2 2 2 2 2 2 2 2 2 2 2 2 2 2 2 2
left_child=2 4 7 11 13 23 18 17 25 -8 22 -4 15 20 -7 16 24 29 -3 -12 -2 -14 -6 -5 -13 -9 -10 -15 -22 -1
right_child=1 6 3 5 10 14 9 8 26 -11 19 12 21 27 -16 -17 -18 -19 -20 -21 28 -23 -24 -25 -26 -27 -28 -29 -30 -31
leaf_value=0.076289411336628365 17.507368259002604 63.104000695453763 0.067885118712174286 6.1043351081974402 30.326414862606025 12.553232536742721 69.074286470774638 0.1453846152260021 3.5006756603065963 89.193102305308628 48.525001449492251 3.5503447587922983 4.1620688921450792 25.238947341893166 17.306103077021202 0.85991559657590022 1.8171295968254271 1.4321162342969063 52.13666905075975 38.319445745587359 21.231817947569535 12.720338794189896 38.569232191824518 8.7635759764495855 7.4494947779816947 1.6482734625726674 5.658841360414117 31.086111151284655 25.859183406996632 0.44777069666229163
leaf_weight=10974 95 25 383 346 106 464 35 780 740 29 24 145 29 95 213 237 216 1342 30 36 176 59 26 453 198 1448 328 36 49 7693
leaf_count=10974 95 25 383 346 106 464 35 780 740 29 24 145 29 95 213 237 216 1342 30 36 176 59 26 453 198 1448 328 36 49 7693
internal_value=2.13793 32.9282 1.2372 6.9545 26.3537 10.5643 68.4529 0.564278 2.10762 78.1906 35.2161 2.74925 3.91097 22.5807 14.0486 3.24887 4.26172 0.31005 57.1218 42.4017 20.8347 9.9 31.95 7.61201 5.80117 1.12213 4.16348 26.8458 22.2396 0.229383
internal_weight=26810 762 26048 2743 643 1476 119 23305 3296 64 192 1267 884 451 677 796 559 20009 55 60 320 88 132 799 343 2228 1068 131 225 18667
internal_count=26810 762 26048 2743 643 1476 119 23305 3296 64 192 1267 884 451 677 796 559 20009 55 60 320 88 132 799 343 2228 1068 131 225 18667
is_linear=0
shrinkage=1


Tree=62
num_leaves=31
num_cat=0
split_feature=0 0 0 25 0 0 0 0 25 0 25 3 0 25 0 1 25 8 0 8 25 12 0 0 21 0 21 25 21 1
split_gain=703537 159267 102378 40391.7 21115.2 16084.6 12531.4 11242.9 8936.33 5272.67 4906.65 3926.47 2872.8 2566.49 2131.78 1967.39 1915.57 1838.66 1781.86 1759.95 1674.24 1321.01 1291.53 1128.58 1067.52 942.819 751.747 700.394 604.093 595.348
threshold=18.420000000000005 45.055000000000007 7.495000000000001 -1.2432258064516126 26.785000000000004 55.510000000000005 3.2350000000000008 11.705000000000002 -0.77983333333333327 35.95000000000001 2.5754838709677421 20.585000000000004 15.075000000000001 0.22290322580645142 15.075000000000001 27.675000000000004 -0.18795161290322573 785.00000000000011 5.4050000000000011 785.00000000000011 -0.53209677419354828 0.63500000000000012 20.515000000000004 9.6750000000000025 3.5000000000000004 12.320000000000002 4.5000000000000009 -1.4366935483870968 4.5000000000000009 30.805000000000003
decision_type=2 2 2 2 2 2 2 2 2 2 2 2 2 2 2 2 2 2 2 2 2 2 2 2 2 2 2 2 2 2
left_child=2 4 6 11 19 13 16 20 24 17 -7 -4 15 -3 -9 25 28 -6 -10 22 -5 -11 27 -22 -8 -13 -17 -2 -1 -28
right_child=1 5 3 7 9 10 8 14 18 21 -12 12 -14 -15 -16 26 -18 -19 -20 -21 23 -23 -24 -25 -26 -27 29 -29 -30 -31
leaf_value=0.077537797118251817 12.184999814735534 46.515002206073881 0.71161289523708882 6.1699998277858121 29.085333143777333 70.525000745589793 0.20463414442215533 13.136656673002419 3.4942823635150391 47.819048964089831 89.418517054005918 4.925882235253475 11.294827404724241 60.791178075286311 17.204830680699178 0.52847221303049619 1.4566860360303089 36.253192625697068 5.8682633569085052 26.030555357310522 8.4779659119478925 38.065855070036932 21.90428555433903 11.342221997486234 1.6446854440961203 9.6890907795296908 5.0104760416557053 18.864383279280954 0.43918106758596509 0.51707316916584745
leaf_weight=10649 20 20 465 190 150 28 820 341 857 21 27 170 58 34 207 144 1376 47 501 72 354 41 210 225 1383 55 105 73 8157 41
leaf_count=10649 20 20 465 190 150 28 820 341 857 21 27 170 58 34 207 144 1376 47 501 72 354 41 210 225 1383 55 105 73 8157 41
internal_value=2.11052 32.4532 1.24667 7.53554 26.3825 67.7633 0.622899 11.2122 2.35243 33.3266 79.8 2.87062 4.62269 55.5037 14.6734 3.87126 0.317734 30.7954 4.3701 21.5864 8.74577 41.3694 20.5304 9.59102 1.10867 6.09022 2.14966 17.428 0.234399 3.74863
internal_weight=26841 743 26098 2355 634 109 23743 1317 3561 259 55 1038 573 54 548 515 20182 197 1358 375 769 62 303 579 2203 225 290 93 18806 146
internal_count=26841 743 26098 2355 634 109 23743 1317 3561 259 55 1038 573 54 548 515 20182 197 1358 375 769 62 303 579 2203 225 290 93 18806 146
is_linear=0
shrinkage=1


Tree=63
num_leaves=31
num_cat=0
split_feature=0 0 0 25 0 0 0 0 25 0 25 0 8 25 0 25 0 21 0 7 8 12 0 2 21 25 8 21 0 8
split_gain=749067 173025 111739 43930.6 22216.5 18161.2 13777.3 12542.1 8305.23 4282.67 3840 3785 3072.12 2972.36 2420.22 2332.09 2292.88 1986.09 1908.67 1634.2 1416.56 1353.74 1296.7 1238.26 2082.93 1175.72 1121.3 1115.29 872.291 860.751
threshold=19.395000000000003 45.055000000000007 7.495000000000001 -1.2432258064516126 55.510000000000005 29.145000000000003 12.585000000000003 3.6450000000000005 -0.77983333333333327 35.95000000000001 4.2306451612903233 15.075000000000001 785.00000000000011 -1.8455967741935482 9.6750000000000025 -0.18795161290322573 24.73 3.5000000000000004 15.075000000000001 79.153350000000017 785.00000000000011 0.53500000000000014 5.5050000000000008 35.475000000000001 9.5000000000000018 -0.53944736842105245 672.50000000000011 3.5000000000000004 1.7750000000000001 785.00000000000011
decision_type=2 2 2 2 2 2 2 2 2 2 2 2 2 2 2 2 2 2 2 2 2 2 2 2 2 2 2 2 2 2
left_child=2 5 7 11 12 16 14 15 27 20 -6 17 -3 19 25 -1 26 -4 -8 -13 -7 -11 -10 24 -19 -5 -2 -9 -17 -18
right_child=1 4 3 6 10 9 18 8 22 21 -12 13 -14 -15 -16 28 29 23 -20 -21 -22 -23 -24 -25 -26 -27 -28 -29 -30 -31
leaf_value=0.25744515542382818 20.452763631207208 46.866669101622378 0.55984653783007698 4.8898303842695103 75.243751409755831 30.320588044840541 13.646428368862127 0.1961019491750291 3.8027616090107252 48.413637966294495 91.437035572524437 1.4145454285879466 61.112196291543938 14.530434603771164 10.995360608888943 1.0201036168366691 25.358510634282254 6.5361109649649514 17.611697861320831 11.304166508820336 38.720001519428372 38.647501376377221 5.9844788153214337 1.0888888656399747 1.9439560048195681 8.5359771508590754 25.749999764667631 1.8184164960259748 2.6606557303068787 31.675000296000466
leaf_weight=19328 199 24 391 118 32 102 224 667 688 22 27 55 41 46 388 965 94 216 265 24 25 40 451 153 182 353 50 1162 488 28
leaf_count=19328 199 24 391 118 32 102 224 667 688 22 27 55 41 46 388 965 94 216 265 24 25 40 451 153 182 353 50 1162 488 28
internal_value=2.13698 34.8054 1.28293 7.76352 68.6048 27.3213 11.5581 0.623934 2.54687 35.3 82.6542 2.96963 55.8523 8.14 9.14598 0.349295 23.2566 2.28355 15.7953 4.41899 31.974 42.1129 4.66664 3.50671 4.43618 7.62251 21.5165 1.22679 1.57109 26.8082
internal_weight=26848 684 26164 2415 124 560 1348 23749 2968 189 59 1067 65 125 859 20781 371 942 489 79 127 62 1139 551 398 471 249 1829 1453 122
internal_count=26848 684 26164 2415 124 560 1348 23749 2968 189 59 1067 65 125 859 20781 371 942 489 79 127 62 1139 551 398 471 249 1829 1453 122
is_linear=0
shrinkage=1


Tree=64
num_leaves=31
num_cat=0
split_feature=0 0 0 25 0 0 0 0 25 3 0 26 0 8 0 2 0 25 0 8 0 22 8 2 25 8 26 2 3 8
split_gain=781700 187223 113569 42888.8 20914.5 17431 13789.5 12312 8753.32 4335.98 4742.4 4196.91 3989.56 2827.07 2284.49 2148.57 2076.2 1957.44 1908.76 1507.35 1485.9 1410.9 1381.99 1228.85 1197.65 1083.54 797.309 795.367 1329.65 736.377
threshold=19.395000000000003 45.055000000000007 7.495000000000001 -1.2432258064516126 55.510000000000005 29.145000000000003 12.585000000000003 3.3250000000000006 -0.65118562535370672 21.005000000000006 14.045000000000002 -1.0031666666666663 35.95000000000001 597.50000000000011 22.875000000000004 35.475000000000001 10.055000000000001 -0.18795161290322573 15.075000000000001 785.00000000000011 5.5050000000000008 95.500000000000014 785.00000000000011 34.945000000000007 -0.53209677419354828 672.50000000000011 -0.22437096774193543 27.615000000000006 18.405000000000005 785.00000000000011
decision_type=2 2 2 2 2 2 2 2 2 2 2 2 2 2 2 2 2 2 2 2 2 2 2 2 2 2 2 2 2 2
left_child=2 5 7 9 13 14 16 17 21 27 15 -6 19 -3 26 -11 24 -1 -8 -7 -10 -9 -16 -12 -5 -14 -2 28 -4 -20
right_child=1 4 3 6 11 12 18 8 20 10 23 -13 25 -15 22 -17 -18 -19 29 -21 -22 -23 -24 -25 -26 -27 -28 -29 -30 -31
leaf_value=0.23870404482916685 25.158333172175634 46.828573899857595 0.85555556725132531 5.3626863996209728 90.957141368409964 30.293069037605971 13.619819604463062 0.19487804860570579 3.7513475001653882 5.3555554416124611 13.024358689814566 74.910257495396181 38.835136487541625 60.983722140936592 24.463815748640684 0.92445650096323639 11.174528095794438 1.4820928421500272 16.52263128815131 38.47241529411604 6.109999880959065 1.8369294338977769 31.070000174747587 5.4933333149618715 8.8063412606867324 47.828572991596339 19.921191798069021 0.4897091648915699 11.024999895797849 20.171794756894453
leaf_weight=18905 36 21 36 134 28 101 222 820 705 270 78 39 37 43 152 184 318 1357 190 29 430 1446 40 30 410 21 151 447 20 78
leaf_count=18905 36 21 36 134 28 101 222 820 705 270 78 39 37 43 152 184 318 1357 190 29 430 1446 40 30 410 21 151 447 20 78
internal_value=2.16833 35.1944 1.28443 7.81382 69.2672 27.3222 11.5525 0.6175 2.37812 3.06761 4.97651 81.6164 35.1947 56.3391 23.4172 3.55969 9.14466 0.321977 15.7884 32.1177 4.64493 1.24272 25.8401 10.9324 7.95809 42.0914 20.9294 0.934791 4.4875 17.5847
internal_weight=26778 698 26080 2417 131 567 1352 23663 3401 1065 562 67 188 64 379 454 862 20262 490 130 1135 2266 192 108 544 58 187 503 56 268
internal_count=26778 698 26080 2417 131 567 1352 23663 3401 1065 562 67 188 64 379 454 862 20262 490 130 1135 2266 192 108 544 58 187 503 56 268
is_linear=0
shrinkage=1


Tree=65
num_leaves=31
num_cat=0
split_feature=0 0 0 25 0 0 0 0 25 25 0 3 0 9 0 0 25 1 12 9 0 22 25 25 0 25 10 7 9 22
split_gain=758820 166508 114614 43895 17188.2 17178.6 14772.9 13170.6 8876.7 4848.13 4228.29 3989.17 3818.94 3225.07 2930.89 2562.74 2015.03 1846.46 1550.61 1528.03 1476.14 1397.85 1355.32 1309.19 1308.72 1042.35 1016.47 882.54 721.872 704.855
threshold=19.395000000000003 45.055000000000007 7.495000000000001 -1.2432258064516126 55.510000000000005 29.145000000000003 13.285000000000002 3.3250000000000006 -0.6151451612903226 2.5754838709677421 35.95000000000001 20.785000000000004 14.585000000000003 3.5000000000000004 10.525 24.73 -0.18795161290322573 27.675000000000004 0.53500000000000014 9.5000000000000018 5.9150000000000009 110.50000000000001 -0.41918279569892464 -1.9692741935483868 15.075000000000001 1.0635000000000001 190.00000000000003 79.153350000000017 9.5000000000000018 126.50000000000001
decision_type=2 2 2 2 2 2 2 2 2 2 2 2 2 2 2 2 2 2 2 2 2 2 2 2 2 2 2 2 2 2
left_child=2 5 7 11 13 15 14 16 21 -6 19 -4 17 -3 22 25 29 -13 -12 -7 -10 -9 -5 27 -8 -2 -17 -14 -26 -1
right_child=1 4 3 6 9 10 24 8 20 -11 18 12 23 -15 -16 26 -18 -19 -20 -21 -22 -23 -24 -25 28 -27 -28 -29 -30 -31
leaf_value=0.077652573615726084 20.719499803291441 45.53500228236782 0.83411016030321949 5.8225273140916451 71.540000952673353 30.026213290236029 14.223376411886113 0.36713061918766021 4.0203410182132604 89.02413647236817 48.657144311176417 5.9769632372641128 2.7192306411867606 61.087501195179101 11.793712346716442 25.335632176580571 1.4778485409693913 1.9384891597340834 38.321277991804116 38.477779294380447 6.5551722775184214 1.970846129767547 9.0814986471893508 13.884615144698044 16.737988524353124 26.146511330474887 31.479487306061987 11.554999843345762 20.249425173151554 0.46918374760994253
leaf_weight=11093 200 20 472 182 35 103 154 934 821 29 21 191 26 40 334 87 1413 278 47 27 319 1300 427 52 179 43 39 20 87 7853
leaf_count=11093 200 20 472 182 35 103 154 934 821 29 21 191 26 40 334 87 1413 278 47 27 319 1300 427 52 179 43 39 20 87 7853
internal_value=2.16015 34.8689 1.29534 7.87793 68.0629 27.6095 11.6103 0.62912 2.45904 79.4625 35.1237 2.98171 4.76949 55.9033 9.41315 23.5775 0.325856 3.58316 41.5132 31.7815 4.72965 1.30036 8.10755 10.4469 16.5433 21.6798 27.2373 6.56087 17.8865 0.23994
internal_weight=26826 691 26135 2402 124 567 1363 23733 3374 64 198 1039 567 60 943 369 20359 469 68 130 1140 2234 609 98 420 243 126 46 266 18946
internal_count=26826 691 26135 2402 124 567 1363 23733 3374 64 198 1039 567 60 943 369 20359 469 68 130 1140 2234 609 98 420 243 126 46 266 18946
is_linear=0
shrinkage=1


Tree=66
num_leaves=31
num_cat=0
split_feature=5 25 25 7 25 26 22 22 22 22 25 22 5 22 22 23 5 25 25 22 22 25 22 5 3 6 25 23 25 5
split_gain=341201 147845 63349.7 30345.8 23040.4 21202 22518.8 16943.5 14070.2 12335.5 11342.1 8743.93 7258.19 5847.42 5690.97 5648.65 5227.63 4944.85 4396.21 2849.52 7415.89 2592.44 2497.41 2379.81 2141 2093.49 2417.86 1897.31 1840.28 1475.55
threshold=0.86035000000000006 2.5754838709677421 -0.78887096774193533 79.153350000000017 -3.2685483870967738 -1.0536129032258066 198.50000000000003 198.50000000000003 190.50000000000003 206.50000000000003 4.2306451612903233 74.500000000000014 0.61465000000000014 188.50000000000003 74.500000000000014 2.5000000000000004 0.95085000000000008 -0.63928494623655918 -1.4366935483870968 198.50000000000003 206.50000000000003 -1.8877730616864741 77.500000000000014 0.93395000000000017 23.495000000000001 14.099000000000002 -0.29562365591397849 4.5000000000000009 -0.18795161290322573 0.81085000000000007
decision_type=2 2 2 2 2 2 2 2 2 2 2 2 2 2 2 2 2 2 2 2 2 2 2 2 2 2 2 2 2 2
left_child=10 2 3 11 7 6 8 -5 -3 -8 12 -2 28 -7 -6 -9 -4 -14 22 -15 -21 -16 -13 -23 25 -18 -27 -20 -1 -19
right_child=1 5 16 4 14 13 9 15 -10 -11 -12 18 17 19 21 -17 24 29 27 20 -22 23 -24 -25 -26 26 -28 -29 -30 -31
leaf_value=0.22860644654889328 0.058646618596806199 46.627273093044167 10.850812286594481 11.908823149625785 0.012727274513017584 39.318182200570313 73.724999192463045 29.775001004444242 17.845713952289699 43.164001305805321 23.22272755107857 11.189473581890628 1.1356564914605214 11.526086841435262 7.3252100835134915 52.995456243480106 11.67740105611615 3.3995016413566046 5.7161953112179091 36.063334038959617 14.774999860035063 7.8762711297201928 2.8731404680361217 15.432394415261872 10.732191590208343 13.114189059602205 16.618537296484824 9.6427776916598411 1.4420462937934955 6.5464645720309527
leaf_weight=18765 532 33 677 34 55 22 28 20 35 25 22 38 1607 23 119 22 177 602 389 30 36 59 726 142 146 296 588 180 1339 198
leaf_count=18765 532 33 677 34 55 22 28 20 35 25 22 38 1607 23 119 22 177 602 389 30 36 59 726 142 146 296 588 180 1339 198
internal_value=2.10568 10.1264 8.76898 5.26615 12.6271 34.7009 43.857 28.5039 31.8132 59.3094 0.528083 3.48611 0.505904 24.7198 9.40933 41.9381 13.075 2.14695 4.85401 21.1112 24.4515 11.0244 3.28678 13.2144 14.3225 14.8166 15.4451 6.95835 0.309426 4.17837
internal_weight=26965 4432 4200 2316 451 232 121 76 68 53 22533 1865 22511 111 375 42 1884 2407 1333 89 66 320 764 201 1207 1061 884 569 20104 800
internal_count=26965 4432 4200 2316 451 232 121 76 68 53 22533 1865 22511 111 375 42 1884 2407 1333 89 66 320 764 201 1207 1061 884 569 20104 800
is_linear=0
shrinkage=1


Tree=67
num_leaves=31
num_cat=0
split_feature=0 0 0 22 0 0 0 0 22 0 22 2 2 13 0 0 24 2 0 24 22 8 22 26 22 1 12 2 0 8
split_gain=778789 168672 115748 27618.4 18860.8 18566.1 17211.3 12791.5 5654.74 4365.97 4166.42 5128.45 3751.34 3684.81 3609.02 2480.12 2348.62 2160.73 2125.23 1858.05 1750.51 1516.04 1510.07 1473.43 1472.75 1627.08 1457.7 1387.83 1330.37 1162.58
threshold=19.395000000000003 45.055000000000007 7.495000000000001 110.50000000000001 12.585000000000003 29.145000000000003 55.510000000000005 3.3250000000000006 119.50000000000001 35.95000000000001 276.50000000000006 35.355000000000011 25.135000000000002 0.11000000000000001 15.075000000000001 24.73 2.5000000000000004 26.615000000000006 9.8650000000000002 4.5000000000000009 280.50000000000006 785.00000000000011 126.50000000000001 -0.097193548387096665 276.50000000000006 29.375000000000004 0.53500000000000014 22.755000000000006 1.7150000000000001 785.00000000000011
decision_type=2 2 2 2 2 2 2 2 2 2 2 2 2 2 2 2 2 2 2 2 2 2 2 2 2 2 2 2 2 2
left_child=2 5 7 16 10 15 13 22 -9 21 11 18 27 -3 19 -2 -4 -10 -5 -6 29 -7 -1 -21 25 -19 -11 -8 -24 -16
right_child=1 6 3 4 14 9 12 8 17 26 -12 -13 -14 -15 20 -17 -18 24 -20 23 -22 -23 28 -25 -26 -27 -28 -29 -30 -31
leaf_value=0.079976570221815368 21.710265955004317 44.700002244220848 10.819230568744192 7.6979740440944795 13.124999784535847 30.20388329684916 78.309998467670567 0.56657753281680057 5.6783535648901813 48.317392777336401 3.2266989583359384 2.1881889135705239 67.825002244220855 60.958696793449683 15.725522726244245 26.982963001723657 1.079343619120916 3.8909164182644682 10.783640958014747 12.587499764667632 7.3857142274928602 38.62222365405384 0.42052327541120005 4.6982757726009803 1.392577302700138 1.2321554697556498 38.531112435566065 89.699999615396877 1.3244318132861703 20.193506429711647
leaf_weight=11097 263 20 26 543 228 103 20 1122 328 23 206 127 20 46 239 135 518 1233 379 40 21 27 7109 58 485 283 45 23 2112 77
leaf_count=11097 263 20 26 543 228 103 20 1122 328 23 206 127 20 46 239 135 518 1233 379 40 21 27 7109 58 485 283 45 23 2112 77
internal_value=2.20049 34.5316 1.30688 7.83383 9.61757 27.4354 67.3171 0.630822 2.41084 35.3485 7.33833 8.14576 79.1397 56.0318 13.932 23.4987 1.54485 3.29931 8.96638 11.5598 16.2267 31.9523 0.328487 7.91837 2.90935 3.39459 41.8412 84.4023 0.627557 16.8142
internal_weight=26956 725 26231 2462 1918 596 129 23769 3451 198 1255 1049 63 66 663 398 544 2329 922 326 337 130 20318 98 2001 1516 68 43 9221 316
internal_count=26956 725 26231 2462 1918 596 129 23769 3451 198 1255 1049 63 66 663 398 544 2329 922 326 337 130 20318 98 2001 1516 68 43 9221 316
is_linear=0
shrinkage=1


Tree=68
num_leaves=31
num_cat=0
split_feature=0 0 0 25 0 0 0 0 25 0 26 3 2 0 25 25 0 25 0 0 0 8 25 21 8 8 21 25 0 25
split_gain=739213 192171 104069 41164.2 19770.5 18347.6 12523.9 11959.7 8513.22 3803.33 3718.2 3378.74 3862.03 2759.43 2358.4 2263.74 2025.53 1951.4 1719.35 1499.64 1443.53 1298.73 1238.12 1028.45 987.759 896.866 734.816 685.558 676.378 657.661
threshold=18.420000000000005 45.055000000000007 7.3550000000000013 -1.2432258064516126 29.145000000000003 55.510000000000005 12.585000000000003 3.3250000000000006 -0.77983333333333327 35.95000000000001 -1.0031666666666663 20.785000000000004 35.475000000000001 24.73 0.037951612903225691 -0.53209677419354828 13.655000000000003 -0.18795161290322573 15.075000000000001 5.5050000000000008 10.525 785.00000000000011 1.0635000000000001 3.5000000000000004 672.50000000000011 645.00000000000011 3.5000000000000004 -0.91839784946236547 1.6150000000000004 0.906241935483871
decision_type=2 2 2 2 2 2 2 2 2 2 2 2 2 2 2 2 2 2 2 2 2 2 2 2 2 2 2 2 2 2
left_child=2 4 7 11 13 14 15 17 23 21 -7 -4 16 22 -3 -5 26 -1 -8 -10 -17 -6 27 -9 -11 -15 -13 -2 -19 -20
right_child=1 5 3 6 9 10 18 8 19 24 -12 12 -14 25 -16 20 -18 28 29 -21 -22 -23 -24 -25 -26 -27 -28 -29 -30 -31
leaf_value=0.24184531159464573 17.765853437160427 47.850002053485987 0.91587627365568691 6.2402713351236052 30.298968817169193 90.369229448176881 13.53185820042542 0.18029294277656471 3.6105389045283922 38.52222339620856 74.930770394159197 0.95714283638720921 1.2004524715832565 25.010975602375151 61.265790703998682 8.991213209295795 10.948749776290537 0.9588108016764576 16.42934104234406 5.8918180629062142 12.213775277791123 38.809092546428104 25.640816083413146 1.6446872438400297 47.027274156535526 31.253125313030363 5.8555100680761463 21.242391117735774 2.4158436110896724 20.337930937268741
leaf_weight=19032 82 20 485 221 97 26 226 751 835 36 39 35 221 82 38 478 80 925 167 440 196 22 49 1327 22 32 245 184 486 58
leaf_count=19032 82 20 485 221 97 26 226 751 835 36 39 35 221 82 38 478 80 925 167 440 196 22 49 1327 22 32 245 184 486 58
internal_value=2.1212 33.5309 1.24751 7.50655 26.2162 69.5691 11.183 0.613082 2.36358 35.1085 81.1062 2.86445 4.49105 22.5473 56.6397 9.01765 6.51111 0.32597 15.48 4.3978 9.92834 31.8723 21.0216 1.11545 41.7483 26.7632 5.24321 20.1707 1.46067 17.4369
internal_weight=26937 729 26208 2412 606 123 1346 23796 3353 177 65 1066 581 429 58 895 360 20443 451 1275 674 119 315 2078 58 114 280 266 1411 225
internal_count=26937 729 26208 2412 606 123 1346 23796 3353 177 65 1066 581 429 58 895 360 20443 451 1275 674 119 315 2078 58 114 280 266 1411 225
is_linear=0
shrinkage=1


Tree=69
num_leaves=31
num_cat=0
split_feature=0 0 0 25 0 0 0 25 0 2 0 3 2 13 0 25 22 0 25 0 9 12 3 25 25 0 26 9 0 1
split_gain=766863 185276 102317 35988.4 21357.2 19884.1 18884.4 12631.8 6890.56 4852.26 4030.66 4030.29 3827.75 3692.06 3635.38 2765.78 1862.79 1826.3 1695.69 1499.43 1479.06 1271.89 1235.98 1202.19 1135.27 1081.11 996.379 980.564 798.524 701.98
threshold=18.420000000000005 45.055000000000007 8.9350000000000005 -1.2733387096774191 29.145000000000003 55.510000000000005 4.0650000000000004 -0.65118562535370672 13.285000000000002 25.135000000000002 24.73 21.295000000000005 35.595000000000006 0.11000000000000001 35.95000000000001 -0.33032258064516123 94.500000000000014 6.0250000000000012 -2.2626666666666657 1.7750000000000001 9.5000000000000018 0.53500000000000014 21.405000000000005 1.0635000000000001 -0.37822580645161297 15.075000000000001 -0.19772688172043004 9.5000000000000018 2.3850000000000002 30.015000000000004
decision_type=2 2 2 2 2 2 2 2 2 2 2 2 2 2 2 2 2 2 2 2 2 2 2 2 2 2 2 2 2 2
left_child=2 4 6 11 10 13 15 16 24 22 18 -4 25 -3 20 28 -8 -9 -2 -17 -6 -16 -7 -20 -5 -13 -10 -12 -1 -18
right_child=1 5 3 8 14 9 7 17 26 -11 27 12 -14 -15 21 19 29 -19 23 -21 -22 -23 -24 -25 -26 -27 -28 -29 -30 -31
leaf_value=0.17698555794415838 12.080952170597197 44.600002325964361 1.0256064592361518 8.6626726254816226 30.289361495202613 80.938094403310444 0.22468619009626578 4.4524999546813842 18.377391138260506 67.880954597925395 25.724467995868803 7.0972373904804229 1.6077464530805794 60.715910242739362 48.17000155757534 0.84412927829487838 2.5905949646640756 7.0179998400106118 20.498449411817006 2.5621727683982924 38.458622269592531 38.480953889481619 91.663636579131861 25.855999749408841 11.488834739502851 12.435416396068216 14.844444213131393 31.991176706483177 0.79987228307488389 0.67393161397613377
leaf_weight=16620 21 21 371 217 94 21 717 560 115 21 94 181 142 44 20 1516 1042 550 258 764 29 42 22 50 412 48 261 34 2349 234
leaf_count=16620 21 21 371 217 94 21 717 560 115 21 94 181 142 44 20 1516 1042 550 258 764 29 42 22 50 412 48 261 34 2349 234
internal_value=2.16425 33.2463 1.24604 8.63841 26.2975 67.8287 0.715715 3.02014 12.5383 80.3406 22.6278 3.3562 5.68679 55.5092 35.3627 0.379199 1.5144 5.72369 20.7754 1.41982 32.2154 41.6065 86.4256 21.3682 10.5138 8.21616 15.925 27.3891 0.25412 2.23911
internal_weight=26870 771 26099 1747 642 129 24352 3103 1005 64 457 742 371 65 185 21249 1993 1110 329 2280 123 62 43 308 629 229 376 128 18969 1276
internal_count=26870 771 26099 1747 642 129 24352 3103 1005 64 457 742 371 65 185 21249 1993 1110 329 2280 123 62 43 308 629 229 376 128 18969 1276
is_linear=0
shrinkage=1


Tree=70
num_leaves=31
num_cat=0
split_feature=0 0 0 25 0 0 0 0 25 3 0 26 4 0 1 0 8 25 0 8 8 25 22 12 0 0 22 25 0 0
split_gain=753559 191197 103778 40353.2 18818.8 17978.2 12227.7 11771.3 8669.1 4019.91 3619.55 3535.79 4560.36 3501.74 3317.17 2852.51 2548.19 2305.73 1764.42 1586.52 1418.63 1393.8 1318.07 1286.72 1279.09 1063.25 1043.42 997.781 915.537 808.119
threshold=18.420000000000005 45.055000000000007 7.495000000000001 -1.2432258064516126 55.510000000000005 29.145000000000003 3.6450000000000005 10.785000000000002 -0.77983333333333327 21.155000000000005 35.95000000000001 -1.0031666666666663 24.275000000000002 24.73 28.015000000000004 15.075000000000001 785.00000000000011 -0.21981720430107521 12.320000000000002 785.00000000000011 785.00000000000011 -0.50025806451612898 127.50000000000001 0.63500000000000012 5.5050000000000008 14.585000000000003 93.500000000000014 0.32177419354838693 1.6650000000000003 20.515000000000004
decision_type=2 2 2 2 2 2 2 2 2 2 2 2 2 2 2 2 2 2 2 2 2 2 2 2 2 2 2 2 2 2
left_child=2 5 6 9 16 13 17 21 26 -4 20 -6 -13 19 18 -9 -3 -1 -11 29 -7 -5 -16 -12 -10 -24 -8 -15 -19 -2
right_child=1 4 3 7 11 10 8 15 24 14 23 12 -14 27 22 -17 -18 28 -20 -21 -22 -23 25 -25 -26 -27 -28 -29 -30 -31
leaf_value=0.24994786059723495 17.379775028957571 47.319050054003334 0.92711196998394163 5.879329439404378 89.562961554964403 30.00588210264921 0.22350427230586889 12.795936566830107 3.8036090020449875 5.432413687971259 47.390477717170647 64.075000336872222 85.430001595722317 25.498924696839854 0.34855072012213939 17.207762339163963 61.110812029187393 0.9374316852283151 10.994680665190634 25.336922835721943 38.700001688601901 9.1632256202818603 3.5527999002801187 37.636843395809692 5.9655912765670553 11.242856914336734 1.7636672087478971 31.762857310792771 2.4932408931648311 21.202739545563961
leaf_weight=19180 89 21 509 179 27 102 702 443 665 145 21 20 20 93 138 219 37 1098 94 65 23 465 125 38 465 21 1178 35 577 146
leaf_count=19180 89 21 509 179 27 102 702 443 665 145 21 20 20 93 138 219 37 1098 94 65 23 465 125 38 465 21 1178 35 577 146
internal_value=2.13004 33.6657 1.24305 7.60128 69.3048 26.3864 0.620147 11.2943 2.50429 2.92771 34.6527 80.7209 74.7525 22.8327 4.87476 14.2554 56.1172 0.348209 7.62008 20.9643 31.6056 8.25047 2.56444 41.1085 4.69327 4.6589 1.18856 27.2117 1.47337 19.7549
internal_weight=26940 737 26203 2338 125 612 23865 1306 3010 1032 184 67 40 428 523 662 58 20855 239 300 125 644 284 59 1130 146 1880 128 1675 235
internal_count=26940 737 26203 2338 125 612 23865 1306 3010 1032 184 67 40 428 523 662 58 20855 239 300 125 644 284 59 1130 146 1880 128 1675 235
is_linear=0
shrinkage=1


Tree=71
num_leaves=31
num_cat=0
split_feature=0 0 0 25 0 0 0 0 25 22 0 22 8 0 0 0 24 25 25 25 0 8 22 8 25 2 3 2 8 7
split_gain=739183 182891 97561.8 40576 21805.3 18485 11676 11332.7 8169.31 5941.44 4294.87 4080.19 3306.54 3210.83 3042.19 2941.06 2290.47 1899.58 1506.63 1430.53 1414.66 1367.01 1323.41 1275.99 1213.53 1088.66 1349.84 885.519 769.575 721.447
threshold=18.420000000000005 45.055000000000007 7.3550000000000013 -1.153774759479343 29.145000000000003 55.510000000000005 3.2350000000000008 10.785000000000002 -0.6151451612903226 202.50000000000003 35.95000000000001 74.500000000000014 785.00000000000011 22.875000000000004 14.585000000000003 12.320000000000002 4.5000000000000009 -0.18795161290322573 -1.7326612903225802 -0.53944736842105245 5.2150000000000007 785.00000000000011 93.500000000000014 785.00000000000011 0.13525268817204303 35.475000000000001 20.885000000000002 28.645000000000003 785.00000000000011 76.966650000000016
decision_type=2 2 2 2 2 2 2 2 2 2 2 2 2 2 2 2 2 2 2 2 2 2 2 2 2 2 2 2 2 2
left_child=2 4 6 11 13 12 17 19 22 -7 23 -4 -3 18 -9 25 -17 -1 -2 -5 -10 -15 -8 -6 -12 26 -13 -18 -20 -29
right_child=1 5 3 7 10 9 8 14 20 -11 24 15 -14 21 -16 16 27 -19 28 -21 -22 -23 -24 -25 -26 -27 -28 29 -30 -31
leaf_value=0.23757877285369422 11.819999769436002 45.820002320514796 0.045217393423062191 5.5341770589279697 30.192999795185209 73.484210029977817 0.2058823517862165 12.415308416464828 3.5824046790643611 93.847828256542002 38.613954796661403 1.6553571028009433 61.705264107126254 24.230344767203746 16.90248940309511 11.50864178765999 10.460869470862965 1.4484543386163091 19.932274855566419 9.0050207384818997 5.8531589250472518 30.968421098382166 1.7817708105734016 38.312501433597681 47.613044918078167 0.71032256001929772 5.3575628981365293 1.5897058472220553 24.343999779926421 6.7173911726757094
leaf_weight=18883 20 20 345 158 100 38 816 405 682 23 43 168 38 145 241 81 23 1391 189 478 459 38 1536 24 23 155 238 68 50 46
leaf_count=18883 20 20 345 158 100 38 816 405 682 23 43 168 38 145 241 81 23 1391 189 478 459 38 1536 24 23 155 238 68 50 46
internal_value=2.11344 33.0458 1.22588 7.29397 26.2742 69.0092 0.611587 11.1392 2.3002 81.1623 35.2332 2.90818 56.2276 22.4231 14.0893 4.17612 7.29312 0.320657 20.1575 8.14277 4.49588 25.6295 1.23503 31.7645 41.75 2.96488 3.82562 4.80073 20.8552 3.65877
internal_weight=26924 751 26173 2406 632 119 23767 1282 3493 61 190 1124 58 442 646 779 218 20274 259 636 1141 183 2352 124 66 561 406 137 239 114
internal_count=26924 751 26173 2406 632 119 23767 1282 3493 61 190 1124 58 442 646 779 218 20274 259 636 1141 183 2352 124 66 561 406 137 239 114
is_linear=0
shrinkage=1


Tree=72
num_leaves=31
num_cat=0
split_feature=0 0 0 25 0 0 0 0 25 26 22 0 0 4 8 0 25 0 0 25 8 24 0 8 1 22 22 22 12 8
split_gain=786574 194959 99975.4 39292.6 20860.3 18865 12725.9 11108.6 9398.82 5169.33 4447.16 4154.59 3845.23 3837.34 3440.78 3372.42 1944.43 1882.72 1846.48 1650.23 1423.1 1408.08 1399.25 1377.92 1355.49 1756.38 1491.23 1157.3 1077.64 1018.62
threshold=18.420000000000005 45.055000000000007 7.495000000000001 -1.1245161290322576 29.145000000000003 55.510000000000005 3.3250000000000006 12.585000000000003 -0.77983333333333327 -1.0031666666666663 74.500000000000014 35.95000000000001 14.585000000000003 24.515000000000004 785.00000000000011 22.875000000000004 -0.18795161290322573 9.6750000000000025 5.5050000000000008 -1.8455967741935482 785.00000000000011 4.5000000000000009 15.555000000000001 785.00000000000011 30.205000000000002 276.50000000000006 103.50000000000001 110.50000000000001 0.53500000000000014 785.00000000000011
decision_type=2 2 2 2 2 2 2 2 2 2 2 2 2 2 2 2 2 2 2 2 2 2 2 2 2 2 2 2 2 2
left_child=2 4 6 10 15 14 16 17 27 -7 -4 20 24 -11 -3 19 -1 -5 -10 -2 -6 -14 -9 -17 25 26 -12 -8 -13 -21
right_child=1 5 3 7 11 9 8 22 18 13 12 28 21 -15 -16 23 -18 -19 -20 29 -22 -23 -24 -25 -26 -27 -28 -29 -30 -31
leaf_value=0.24280436780361803 11.499999883876921 46.172729603645791 0.038390094415376996 7.7972971132296216 30.197029426091721 91.475998223529942 0.31859755872375128 14.04961809345405 3.5975609539046136 63.790476699918045 2.2361904379507993 47.723810868851736 13.749999845729949 83.145002320514806 61.325533083694495 24.342307668495398 1.4640714194088842 10.872298969240378 6.0543031564355108 19.769832194606774 38.624001382099266 6.7373132932267321 17.767272495697256 30.795238077888428 0.42905982440252965 1.6483695395176352 6.6868419458482844 1.7858227579204815 38.877501443134427 24.561016752613707
leaf_weight=18949 20 22 323 444 101 25 984 262 820 21 105 21 50 20 47 156 1400 361 488 179 25 67 165 42 117 184 266 1185 40 59
leaf_count=18949 20 22 323 444 101 25 984 262 820 21 105 21 50 20 47 156 1400 361 488 179 25 67 165 42 117 184 266 1185 40 59
internal_value=2.1735 33.5077 1.24198 7.47346 26.2543 68.0556 0.628926 11.3632 2.39695 80.1424 3.16394 35.1487 4.44347 73.2317 56.4942 22.6068 0.326827 9.17627 4.51414 20.2244 31.869 9.73419 15.4862 25.7111 3.52232 4.17441 5.42722 1.12019 41.923 20.9576
internal_weight=26948 778 26170 2344 643 135 23826 1232 3477 66 1112 187 789 41 69 456 20349 805 1308 258 126 117 427 198 672 555 371 2169 61 238
internal_count=26948 778 26170 2344 643 135 23826 1232 3477 66 1112 187 789 41 69 456 20349 805 1308 258 126 117 427 198 672 555 371 2169 61 238
is_linear=0
shrinkage=1


Tree=73
num_leaves=31
num_cat=0
split_feature=25 25 26 22 25 22 22 1 1 6 1 22 22 1 22 22 22 22 1 22 6 8 22 22 22 1 8 1 22 1
split_gain=272338 84238.3 45143.3 22645.7 26176.2 19781.1 17763.6 77421.2 17585.6 16908.8 15866 15788.5 15322.9 31101.6 12947.5 12100.8 14469.6 11713 8986.82 9582.49 9053.17 8193.97 6087.03 5601.81 4662.29 4236.37 2085.41 3222.71 1790.77 2100.34
threshold=2.5754838709677421 -0.1566935483870967 -1.0536129032258066 117.50000000000001 -3.2685483870967738 198.50000000000003 208.50000000000003 25.695000000000004 24.455000000000002 15.881350000000001 20.495000000000001 190.50000000000003 276.50000000000006 25.555000000000003 206.50000000000003 208.50000000000003 262.50000000000006 198.50000000000003 22.995000000000001 218.50000000000003 18.100050000000003 510.00000000000006 192.50000000000003 262.50000000000006 196.50000000000003 29.695000000000004 496.50000000000006 26.085000000000004 218.50000000000003 22.695000000000004
decision_type=2 2 2 2 2 2 2 2 2 2 2 2 2 2 2 2 2 2 2 2 2 2 2 2 2 2 2 2 2 2
left_child=1 3 5 -1 6 11 7 -5 9 28 22 -2 13 15 -7 17 -17 -6 19 20 -11 -20 -4 25 -9 -15 27 -10 29 -3
right_child=2 8 10 4 12 14 -8 24 26 18 -12 -13 -14 23 -16 16 -18 -19 21 -21 -22 -23 -24 -25 -26 -27 -28 -29 -30 -31
leaf_value=0.29826517696913313 49.594872019259348 10.187283241170023 45.534783086545815 78.305003407703524 7.8407673600307373 75.870966829801986 1.3104477351006525 5.193939222907793 10.532203217739678 29.416091782268907 11.001470467203598 18.137036688676599 0.58693969700916027 2.3287341144482907 44.556522963334409 2.8775233957809458 10.578593228296022 18.649242292196551 22.574999896713649 12.163870805319506 9.9636363941768344 8.7995347709869982 26.212500336872221 7.8114863704741584 20.792592661023154 0.50441784938012679 3.3733661957400773 3.851075231229653 4.4644885476087408 5.596170165670129
leaf_weight=12105 39 173 23 20 417 31 67 66 118 87 68 27 4395 3073 23 961 327 132 48 155 33 430 56 148 27 2173 811 186 352 235
leaf_count=12105 39 173 23 20 417 31 67 66 118 87 68 27 4395 3073 23 961 327 132 48 155 33 430 56 148 27 2173 811 186 352 235
internal_value=2.1697 1.85 33.9476 1.25935 2.24478 48.3392 14.2117 21.8611 7.22401 9.44468 22.1993 36.7258 2.0595 2.95453 62.5333 6.50833 4.83269 10.4395 12.8032 17.3578 24.0667 10.1828 31.838 1.74423 9.72258 1.57307 4.21067 6.44441 6.11711 7.54289
internal_weight=26806 26539 267 23911 11806 120 180 113 2628 1513 147 66 11626 7231 54 1837 1288 549 753 275 120 478 79 5394 93 5246 1115 304 760 408
internal_count=26806 26539 267 23911 11806 120 180 113 2628 1513 147 66 11626 7231 54 1837 1288 549 753 275 120 478 79 5394 93 5246 1115 304 760 408
is_linear=0
shrinkage=1


Tree=74
num_leaves=31
num_cat=0
split_feature=0 0 0 25 0 0 0 25 0 0 22 22 0 25 25 9 0 22 7 9 2 22 0 12 0 0 22 0 2 22
split_gain=784679 180539 109876 39785.9 22132.5 17666.2 17620.6 11487.2 9098.75 4303.41 3791.01 3219.49 3171.26 3162.13 2319.63 2200.87 2086.65 1865.55 1734.82 1633.46 1576.59 2110.51 1431.76 1342.59 1325.04 1232.1 804.029 821.355 797.154 1260.87
threshold=19.395000000000003 45.055000000000007 8.5950000000000006 -1.2733387096774191 55.510000000000005 3.6450000000000005 29.145000000000003 -0.6151451612903226 13.285000000000002 35.95000000000001 74.500000000000014 202.50000000000003 14.585000000000003 0.13525268817204303 -0.18795161290322573 5.1500000000000012 5.9150000000000009 93.500000000000014 76.966650000000016 9.5000000000000018 35.475000000000001 276.50000000000006 15.555000000000001 0.53500000000000014 10.525 24.73 126.50000000000001 1.7450000000000003 36.095000000000006 276.50000000000006
decision_type=2 2 2 2 2 2 2 2 2 2 2 2 2 2 2 2 2 2 2 2 2 2 2 2 2 2 2 2 2 2
left_child=2 6 5 10 13 14 15 17 24 19 -4 -6 20 -3 26 25 -9 -7 -14 -8 21 -12 -10 -11 -5 -2 -1 -28 29 -19
right_child=1 4 3 8 11 7 9 16 22 23 12 -13 18 -15 -16 -17 -18 28 -20 -21 -22 -23 -24 -25 -26 -27 27 -29 -30 -31
leaf_value=0.08171265291250851 20.832142644435926 45.350002053485987 0.0096638674303179961 8.9442194651860021 76.318420375597427 0.24068009891267095 30.242726992312118 4.1727002620695588 14.23936150230444 48.240910554850956 6.6632073929222511 90.600001700273282 4.4533332776096266 60.750001481281394 1.5792957644395331 27.952809002029927 6.8626982607282834 3.4434388645266445 12.327026842278059 38.67931197738146 0.75857140387229482 1.442622930424339 17.978221989644911 38.59762041082648 11.772012359016891 25.189690679018319 0.32408359712495716 1.0903047042031471 0.91505100749843282 1.2494226102510142
leaf_weight=11199 196 20 238 346 38 794 110 674 188 22 212 27 45 40 1420 89 504 663 74 29 140 122 225 42 318 97 6220 1805 392 433
leaf_count=11199 196 20 238 346 38 794 110 674 188 22 212 27 45 40 1420 89 504 663 74 29 140 122 225 42 318 97 6220 1805 392 433
internal_value=2.16993 34.9696 1.27466 8.57966 69.4664 0.69642 27.5985 2.78757 12.5908 35.1271 3.38111 82.2508 4.73423 55.6167 0.345936 23.5976 5.3236 1.47844 9.34958 32.0029 3.57553 4.75629 16.2763 41.9125 10.2985 22.2747 0.254832 0.496424 2.13891 2.57664
internal_weight=26722 710 26012 1908 125 24104 585 3460 1077 203 831 65 593 60 20644 382 1178 2282 119 139 474 334 413 64 664 293 19224 8025 1488 1096
internal_count=26722 710 26012 1908 125 24104 585 3460 1077 203 831 65 593 60 20644 382 1178 2282 119 139 474 334 413 64 664 293 19224 8025 1488 1096
is_linear=0
shrinkage=1


Tree=75
num_leaves=31
num_cat=0
split_feature=0 0 0 25 0 0 0 0 25 22 0 22 0 8 0 0 25 25 2 22 25 24 22 8 22 12 0 25 0 22
split_gain=775439 197153 103124 43202.3 21519 20590.8 15709.3 9084.97 6994.41 4351.6 4131.15 3985.81 3564.83 3266.91 3044.41 2932.43 1939.27 1619 1614.49 2107.44 1448.31 1417.53 1235.21 1191.91 1135.99 1129.5 973.953 857.012 828.761 666.471
threshold=18.420000000000005 45.055000000000007 6.6850000000000014 -1.153774759479343 55.510000000000005 29.145000000000003 10.785000000000002 3.2350000000000008 -0.45470005659309559 202.50000000000003 35.95000000000001 74.500000000000014 14.585000000000003 785.00000000000011 15.075000000000001 24.73 -0.18795161290322573 -0.41918279569892464 35.475000000000001 276.50000000000006 1.0635000000000001 4.5000000000000009 93.500000000000014 785.00000000000011 102.50000000000001 0.53500000000000014 8.0850000000000026 1.4740000000000002 4.9150000000000009 126.50000000000001
decision_type=2 2 2 2 2 2 2 2 2 2 2 2 2 2 2 2 2 2 2 2 2 2 2 2 2 2 2 2 2 2
left_child=2 5 7 11 13 15 17 16 22 -6 23 -4 18 -3 -8 20 29 -5 19 24 -2 -14 -9 -7 -13 -12 -19 -17 -10 -1
right_child=1 4 3 6 9 10 14 8 28 -11 25 12 21 -15 -16 27 -18 26 -20 -21 -22 -23 -24 -25 -26 -27 -28 -29 -30 -31
leaf_value=0.077801782249588225 20.066037558097022 45.655002549396634 0.040458017382724698 5.6163422707093016 75.318420275210656 30.301922801242949 12.67676968877046 0.19328263585485517 3.6718992080227526 91.9222232443271 47.880001404987453 2.5287355832016924 13.734883522192343 61.183334660210321 17.18526763458291 25.46728966255068 1.4619392073170498 7.1080643541187882 0.88947366091253111 1.6294930555780165 25.792452666831732 6.2873014734491601 1.7494109320960962 37.992001565204738 6.7329266765919371 38.783722265136035 9.7046240795408352 32.195652353221682 5.610649257781759 0.46026669750599436
leaf_weight=11109 265 20 393 257 38 104 452 789 516 27 20 87 43 42 224 107 1382 248 228 217 53 63 1443 25 246 43 346 23 385 7724
leaf_count=11109 265 20 393 257 38 104 452 789 516 27 20 87 43 42 224 107 1382 248 228 217 53 63 1443 25 246 43 346 23 385 7724
internal_value=2.17146 33.5115 1.2523 6.98242 69.5024 26.3695 10.572 0.564138 2.14864 82.2154 35.0339 2.69013 3.8681 56.1742 14.1707 22.6562 0.318565 7.71328 3.12686 4.05436 21.0204 9.30849 1.19933 31.7922 5.63453 41.6714 8.62054 26.6577 4.50033 0.234663
internal_weight=26919 767 26152 2804 127 640 1527 23348 3133 65 192 1277 884 62 676 448 20215 851 778 550 318 106 2232 129 333 63 594 130 901 18833
internal_count=26919 767 26152 2804 127 640 1527 23348 3133 65 192 1277 884 62 676 448 20215 851 778 550 318 106 2232 129 333 63 594 130 901 18833
is_linear=0
shrinkage=1


Tree=76
num_leaves=31
num_cat=0
split_feature=0 0 0 22 0 0 0 0 2 0 22 22 2 22 8 0 0 24 1 8 2 2 22 12 22 24 8 0 0 24
split_gain=737176 178493 93019.2 26260.3 25890.5 15582.2 13528.6 9788.28 7533.73 6086.5 4444.55 4102.13 4945.91 3280.77 3154.81 2745.06 2650.92 2087.21 1938.12 1926.53 1890.18 1765.65 1666.23 1546.09 1424.37 1377.57 1266.85 1246.75 1175.52 1173.28
threshold=17.620000000000001 45.055000000000007 6.6850000000000014 114.50000000000001 26.785000000000004 12.320000000000002 55.510000000000005 3.2350000000000008 25.135000000000002 35.95000000000001 124.50000000000001 276.50000000000006 33.475000000000001 278.50000000000006 785.00000000000011 9.1150000000000002 20.515000000000004 2.5000000000000004 27.525000000000002 785.00000000000011 22.755000000000006 29.745000000000001 314.50000000000006 0.53500000000000014 126.50000000000001 2.5000000000000004 785.00000000000011 1.7150000000000001 14.585000000000003 4.5000000000000009
decision_type=2 2 2 2 2 2 2 2 2 2 2 2 2 2 2 2 2 2 2 2 2 2 2 2 2 2 2 2 2 2
left_child=2 4 7 17 16 11 14 24 20 19 -9 12 15 18 -3 -5 29 -4 28 -6 -8 22 -12 -11 -1 -13 -18 -26 -7 -2
right_child=1 6 3 5 9 13 8 10 -10 23 21 25 -14 -15 -16 -17 26 -19 -20 -21 -22 -23 -24 -25 27 -27 -28 -29 -30 -31
leaf_value=0.078109542111614694 19.399999774885572 46.16666888363968 7.7208331481682073 7.000761744067324 28.887248168741667 13.002303932991261 77.594998696552395 0.56096206661452475 61.050000909076807 48.26956675672244 4.6008433167816465 8.6421050805285802 3.4591488326116657 5.5037735214146064 61.239025671486296 10.344902188797274 21.892929150074433 0.8796502236572632 9.4620687677289474 36.782052513910166 91.027272769372885 2.1815524956684365 1.1389221519220831 38.152274286582021 0.41466403242818983 2.0942307305579075 27.668084862934233 1.3069686377070604 16.313207303852668 13.595555441021933
leaf_weight=11119 154 21 48 525 149 217 20 1081 20 23 830 38 235 53 41 461 198 629 87 39 22 1095 167 44 7099 208 47 2009 212 45
leaf_count=11119 154 21 48 525 149 217 20 1081 20 23 830 38 235 53 41 461 198 629 87 39 22 1095 167 44 7099 208 47 2009 212 45
internal_value=2.14583 31.6136 1.21709 6.76004 25.4109 8.55408 66.579 0.574444 77.0242 33.4416 2.20741 6.83115 7.58174 12.9961 56.1339 8.5643 20.7986 1.3647 13.7657 30.525 84.631 3.05817 4.02096 41.6254 0.318282 3.10569 23.0008 0.611484 14.6385 18.0874
internal_weight=26936 823 26113 2713 699 2036 124 23400 62 255 3173 1467 1221 569 62 986 444 677 516 188 42 2092 997 67 20227 246 245 9108 429 199
internal_count=26936 823 26113 2713 699 2036 124 23400 62 255 3173 1467 1221 569 62 986 444 677 516 188 42 2092 997 67 20227 246 245 9108 429 199
is_linear=0
shrinkage=1


Tree=77
num_leaves=31
num_cat=0
split_feature=0 0 0 22 0 0 0 0 22 0 4 22 2 22 9 0 24 0 22 1 0 22 0 9 12 1 24 0 9 9
split_gain=753893 168859 102617 26151.2 21760.8 17850.2 16157.6 12361.1 5281.11 5209.35 5194.04 4452.65 4529.03 3465.97 3459.58 3329.26 2667.46 2439.65 2108.24 2298.01 1870 1716.38 1697.62 1562.09 1536.74 1533.28 1439.39 1317.44 1305.53 1214.68
threshold=18.420000000000005 45.055000000000007 7.495000000000001 114.50000000000001 29.145000000000003 55.510000000000005 12.320000000000002 3.6450000000000005 119.50000000000001 35.95000000000001 20.115000000000006 276.50000000000006 35.355000000000011 278.50000000000006 9.5000000000000018 22.875000000000004 2.5000000000000004 15.075000000000001 274.50000000000006 28.545000000000005 9.6750000000000025 126.50000000000001 1.7150000000000001 9.5000000000000018 0.53500000000000014 27.575000000000003 2.5000000000000004 5.7150000000000007 9.5000000000000018 9.5000000000000018
decision_type=2 2 2 2 2 2 2 2 2 2 2 2 2 2 2 2 2 2 2 2 2 2 2 2 2 2 2 2 2 2
left_child=2 4 7 16 15 14 11 21 -9 28 -7 12 20 17 -3 29 -4 25 19 27 -5 -1 -23 -17 -11 -8 -13 -10 -6 -2
right_child=1 5 3 6 9 10 13 8 18 24 -12 26 -14 -15 -16 23 -18 -19 -20 -21 -22 22 -24 -25 -26 -27 -28 -29 -30 -31
leaf_value=0.082504393526567465 19.044897732122969 46.129168910887515 11.024999723795874 7.6376255860671272 30.124106887088896 66.924999192463048 13.367314942904589 0.58196036830125641 3.8171428255824793 48.943479800200706 86.927027544324119 9.7931032293861531 2.0361110499567596 5.6196077929298998 61.246342633007352 24.272784728106412 1.0090908958239413 16.526771428348422 1.5177777564674755 1.6128048553191829 10.609213879939677 0.41596791838088198 1.3981188500631174 31.200000155441497 38.856819741127481 7.5055554010205938 2.2472080767079863 5.9490065026237788 38.395653530802136 24.220338780046422
leaf_weight=11380 196 24 28 497 112 20 257 959 805 23 37 29 108 51 41 158 528 254 450 328 369 7108 2339 41 44 54 197 453 23 59
leaf_count=11380 196 24 28 497 112 20 257 959 805 23 37 29 108 51 41 158 528 254 450 328 369 7108 2339 41 44 54 197 453 23 59
internal_value=2.15294 32.8297 1.24179 7.51429 26.4764 66.9918 9.35154 0.617228 2.51679 35.1109 79.9088 7.21442 8.1423 13.5148 55.6646 22.6346 1.51349 14.2274 3.42814 3.97018 8.90381 0.344063 0.65914 25.7 42.3194 12.3495 3.21549 4.58482 31.5333 20.2424
internal_weight=26972 778 26194 2372 656 122 1816 23822 2995 202 57 1200 974 616 65 454 556 565 2036 1586 866 20827 9447 199 67 311 226 1258 135 255
internal_count=26972 778 26194 2372 656 122 1816 23822 2995 202 57 1200 974 616 65 454 556 565 2036 1586 866 20827 9447 199 67 311 226 1258 135 255
is_linear=0
shrinkage=1


Tree=78
num_leaves=31
num_cat=0
split_feature=0 0 0 25 0 0 0 0 25 22 0 3 2 0 9 0 25 25 0 9 0 12 25 9 22 0 0 9 0 26
split_gain=758130 181061 102072 38310.3 21511.4 18523.2 12511.5 11581.2 8468.81 4105.83 4105.11 3865.8 3696.98 3645.85 2762.68 2075.79 2018.02 1926.08 1695.47 1630.09 1625.77 1623.09 1537.58 1418.71 1222.26 1038.42 984.772 846.771 724.211 614.845
threshold=18.420000000000005 45.055000000000007 7.495000000000001 -1.2432258064516126 29.145000000000003 55.510000000000005 3.3250000000000006 12.055000000000001 -0.77983333333333327 202.50000000000003 35.95000000000001 21.155000000000005 35.525000000000013 22.875000000000004 9.5000000000000018 12.320000000000002 -0.33032258064516123 -0.53209677419354828 15.075000000000001 9.5000000000000018 5.7150000000000007 0.53500000000000014 -1.8455967741935482 9.5000000000000018 110.50000000000001 9.6750000000000025 1.6150000000000004 9.5000000000000018 15.075000000000001 0.33800000000000013
decision_type=2 2 2 2 2 2 2 2 2 2 2 2 2 2 2 2 2 2 2 2 2 2 2 2 2 2 2 2 2 2
left_child=2 4 6 11 13 14 16 17 24 -7 23 29 15 22 -3 -13 -1 -5 -9 -15 -10 -12 -2 -6 -8 -19 -18 -24 -14 -4
right_child=1 5 3 7 10 9 8 18 20 -11 21 12 28 19 -16 -17 26 25 -20 -21 -22 -23 27 -25 -26 -27 -28 -29 -30 -31
leaf_value=0.21818731282451953 11.999999787374163 46.99545698041026 0.61848551489573111 6.0638741791215871 30.24081607562805 73.810810317728624 0.31815286393330022 13.359999770032049 3.6535835967400492 90.400001366840485 48.526088396339034 5.0915093193785026 0.78977270732986993 24.35921049426663 61.010257534521266 10.398229916460174 0.79016281357333917 8.5895182242500105 17.08888864825833 31.211111214862942 6.0669925441554255 38.118606110265716 19.890555321282825 38.550001642672434 1.8497426826569812 11.231906418045892 2.2576168831143462 24.405555419122745 7.1399998993741285 4.7099999458657509
leaf_weight=18194 21 22 449 191 98 37 942 280 879 25 23 212 176 152 39 113 1474 353 216 45 409 43 180 26 1166 257 663 54 20 40
leaf_count=18194 21 22 449 191 98 37 942 280 879 25 23 212 176 152 39 113 1474 353 216 45 409 43 180 26 1166 257 663 54 20 40
internal_value=2.15211 33.18 1.24037 7.59046 26.4461 68.3276 0.622944 11.1865 2.39971 80.5 35.3742 2.97257 4.86795 22.6931 55.9557 6.93662 0.326162 8.83508 14.9839 25.9244 4.41995 41.7455 20.1969 31.9831 1.16532 9.70279 1.24544 20.9325 1.43776 0.95317
internal_weight=26799 765 26034 2307 642 123 23727 1297 3396 62 190 1010 521 452 61 325 20331 801 496 197 1288 66 255 124 2108 610 2137 234 196 489
internal_count=26799 765 26034 2307 642 123 23727 1297 3396 62 190 1010 521 452 61 325 20331 801 496 197 1288 66 255 124 2108 610 2137 234 196 489
is_linear=0
shrinkage=1


Tree=79
num_leaves=31
num_cat=0
split_feature=5 2 25 25 3 7 22 22 1 22 22 25 1 5 2 7 2 22 5 2 22 3 1 3 4 25 25 1 6 22
split_gain=355361 175842 57742 41343.4 40953.7 21357.1 13121.5 18023.8 13978.4 12823.4 12072 11979.3 11152.4 10644.4 9358.61 7668.2 9531.68 6797.05 5446.11 4995.06 11119.1 4909.85 4570.03 3656.7 3528.95 3354.25 3231.24 3185.06 2991.28 2988.16
threshold=0.86740000000000006 25.405000000000005 4.2306451612903233 -0.94790322580645159 22.755000000000006 79.153350000000017 198.50000000000003 208.50000000000003 21.425000000000004 190.50000000000003 208.50000000000003 -3.2685483870967738 26.195000000000004 0.77595000000000014 24.835000000000004 76.966650000000016 22.755000000000006 74.500000000000014 0.9678500000000001 31.185000000000006 274.50000000000006 21.515000000000004 28.605000000000004 20.705000000000002 17.945000000000004 -0.63928494623655918 -0.18795161290322573 24.785000000000004 14.099000000000002 188.50000000000003
decision_type=2 2 2 2 2 2 2 2 2 2 2 2 2 2 2 2 2 2 2 2 2 2 2 2 2 2 2 2 2 2
left_child=13 2 4 5 10 17 9 8 -8 24 15 12 -7 26 23 16 29 -3 -5 20 -19 -13 -23 -15 -4 -16 -1 -20 -18 -2
right_child=1 3 6 18 -6 11 7 -9 -10 -11 -12 21 -14 14 25 -17 28 19 27 -21 -22 22 -24 -25 -26 -27 -28 -29 -30 -31
leaf_value=0.29115513315706409 37.314706006050898 0.016600793317333995 34.520000079380154 9.3736169060919714 64.670002225147371 43.115001586185571 42.447618884947573 26.815000894771696 76.086665871845369 17.296666275567492 13.771268514972238 2.0086419583334738 15.252940924308673 10.269387652116311 1.5366459408434872 36.518918910406384 9.0270269399008018 11.993777683963392 14.861392297885624 2.7223495256735166 2.168644035827207 14.45172413194809 5.11097557965088 26.314999929176452 52.682608845935938 5.4419161179320641 1.7841330663591579 11.011195802853347 19.144604186873273 24.893333369268326
leaf_weight=19989 34 506 20 705 20 20 21 20 30 30 268 81 51 49 644 37 37 225 474 698 236 145 82 20 23 334 1563 393 139 45
leaf_count=19989 34 506 20 705 20 20 21 20 30 30 268 81 51 49 644 37 37 225 474 698 236 145 82 20 23 334 1563 393 139 45
internal_value=2.14234 10.4302 24.6555 7.58202 20.2057 4.61668 42.5785 52.2577 62.2353 33.1644 18.6177 11.3918 23.1014 0.550697 3.66447 23.0658 21.1137 3.07447 11.4377 4.40949 6.96399 8.69253 11.0775 14.9203 44.2349 2.87035 0.399429 13.1161 17.0176 30.2392
internal_weight=26939 4340 724 3616 580 2044 144 71 51 73 560 379 71 22599 1047 292 255 1665 1572 1159 461 308 227 69 43 978 21552 867 176 79
internal_count=26939 4340 724 3616 580 2044 144 71 51 73 560 379 71 22599 1047 292 255 1665 1572 1159 461 308 227 69 43 978 21552 867 176 79
is_linear=0
shrinkage=1


Tree=80
num_leaves=31
num_cat=0
split_feature=0 0 0 25 0 0 0 0 25 22 0 3 2 9 0 0 0 0 25 25 25 12 0 22 9 25 25 22 26 2
split_gain=752235 186447 106331 40870.8 21696.9 20075.1 12582.5 11733.5 8794.19 5525.83 4502.58 3981.26 4458.91 3267.95 3231.73 2481.37 1965.79 1936.22 1876 1542.39 1415.94 1410.03 1347.98 1341.27 1310.04 1025.39 882.691 675.487 674.382 648.139
threshold=18.420000000000005 45.055000000000007 7.495000000000001 -1.2432258064516126 29.145000000000003 55.510000000000005 3.3250000000000006 12.055000000000001 -0.6151451612903226 202.50000000000003 35.95000000000001 21.155000000000005 35.525000000000013 3.5000000000000004 22.875000000000004 13.655000000000003 15.075000000000001 9.6750000000000025 -0.18795161290322573 -1.8455967741935482 1.1675000000000002 0.53500000000000014 5.4050000000000011 93.500000000000014 9.5000000000000018 -0.53944736842105245 1.0635000000000001 126.50000000000001 -0.19772688172043004 27.465000000000003
decision_type=2 2 2 2 2 2 2 2 2 2 2 2 2 2 2 2 2 2 2 2 2 2 2 2 2 2 2 2 2 2
left_child=2 4 6 11 14 13 18 17 23 -7 24 29 15 -3 19 -13 -9 25 27 -2 -16 -12 -10 -8 -6 -5 -21 -1 -18 -4
right_child=1 5 3 7 10 9 8 16 22 -11 21 12 -14 -15 20 -17 28 -19 -20 26 -22 -23 -24 -25 -26 -27 -28 -29 -30 -31
leaf_value=0.079086495124606415 11.814999750362517 45.647621555235659 4.3538461129166262 5.1456895018478139 30.216161319177573 73.152777330517793 0.22919254537093714 13.439654942425289 3.7967599225101107 92.077779393280011 48.10000136684048 5.6016127867992953 1.1067708128260381 61.12051402302788 24.327152275809578 11.976542991027435 19.964285618598513 10.927301374372997 1.4516862076748243 20.042424000348721 31.229729700597215 38.378379637994932 6.0345290283057578 1.8336492635264749 38.192309144245264 8.5644442569075494 24.948888628125204 0.46262625863046747 16.209271225636556 0.62875816033863119
leaf_weight=11122 20 21 52 116 99 36 805 290 679 27 25 248 192 39 151 81 70 315 1364 198 37 37 446 1477 26 360 45 7821 151 459
leaf_count=11122 20 21 52 116 99 36 805 290 679 27 25 248 192 39 151 81 70 315 1364 198 37 37 446 1477 26 360 45 7821 151 459
internal_value=2.15662 33.1473 1.25122 7.69135 26.2746 68.7959 0.617361 11.4169 2.39571 81.2635 35.331 2.99109 4.93628 55.705 22.5195 7.17112 15.1519 9.00405 0.318998 20.2563 25.6856 42.2984 4.68391 1.26766 31.8752 7.7313 20.951 0.237439 17.3986 1.00783
internal_weight=26809 761 26048 2334 638 123 23714 1302 3407 63 187 1032 521 60 451 329 511 791 20307 263 188 62 1125 2282 125 476 243 18943 221 511
internal_count=26809 761 26048 2334 638 123 23714 1302 3407 63 187 1032 521 60 451 329 511 791 20307 263 188 62 1125 2282 125 476 243 18943 221 511
is_linear=0
shrinkage=1


Tree=81
num_leaves=31
num_cat=0
split_feature=0 0 0 25 0 0 0 0 25 22 25 22 0 0 0 8 0 25 25 2 22 0 25 8 8 7 22 22 8 8
split_gain=772770 192039 103265 40546.9 20498.3 19486.3 12213.4 11358.6 8564.99 6346.88 4575.32 4165.54 3987.02 3740.88 3479.39 3284.07 2055.61 2000.31 1725.91 1706.77 2381.97 1498.98 1447.94 1423.66 1319.16 1252.91 1208.24 1179.33 1124.81 995.986
threshold=18.420000000000005 45.055000000000007 7.3550000000000013 -1.153774759479343 29.145000000000003 55.510000000000005 3.3250000000000006 11.705000000000002 -0.77983333333333327 202.50000000000003 -0.45346774193548395 74.500000000000014 35.95000000000001 14.585000000000003 22.875000000000004 785.00000000000011 15.075000000000001 -0.18795161290322573 -1.8455967741935482 35.475000000000001 276.50000000000006 5.5050000000000008 -0.41918279569892464 785.00000000000011 785.00000000000011 76.966650000000016 110.50000000000001 102.50000000000001 672.50000000000011 785.00000000000011
decision_type=2 2 2 2 2 2 2 2 2 2 2 2 2 2 2 2 2 2 2 2 2 2 2 2 2 2 2 2 2 2
left_child=2 4 6 11 14 15 17 22 26 10 -7 -4 23 19 18 -3 -9 -1 -2 20 27 -10 -5 -6 -16 -15 -8 -13 -14 -20
right_child=1 5 3 7 12 9 8 16 21 -11 -12 13 28 25 24 -17 -18 -19 29 -21 -22 -23 -24 -25 -26 -27 -28 -29 -30 -31
leaf_value=0.23587036287690433 11.642856930231305 46.028573936188046 0.0080246941498907098 6.5364484243910983 30.390999730335356 62.435000565754052 0.30731707114582751 13.158132310934779 3.6284090732042298 93.700002434955721 83.824998620258455 2.7819276662458678 38.38181980759569 5.2871793722790663 24.544736802527098 61.173334564540134 17.132710065541005 1.4735377935756024 19.9623653509382 0.83368981766907546 1.4699999780315631 5.905933950153222 9.6021816225935552 38.828001549945945 30.876190495171258 12.416417724578352 1.8398409664736308 7.1668083531216951 47.379168116158922 24.708620460899869
leaf_weight=19038 21 21 324 214 100 20 943 332 792 24 20 83 33 39 152 45 214 1402 186 187 180 455 550 25 42 67 1132 235 24 58
leaf_count=19038 21 21 324 214 100 20 943 332 792 24 20 83 33 39 152 45 214 1402 186 187 180 455 550 25 42 67 1132 235 24 58
internal_value=2.16285 33.3659 1.24417 7.46029 26.2585 68.4108 0.609789 11.2327 2.38814 80.8438 73.13 3.02807 35.239 4.26511 22.6976 56.3545 14.7159 0.320763 20.3419 3.40963 4.37691 4.45942 8.74346 32.0784 25.9155 9.7934 1.14337 6.02233 42.1702 21.0906
internal_weight=26958 771 26187 2425 641 130 23762 1310 3322 64 40 1115 182 791 459 66 546 20440 265 685 498 1247 764 125 194 106 2075 318 57 244
internal_count=26958 771 26187 2425 641 130 23762 1310 3322 64 40 1115 182 791 459 66 546 20440 265 685 498 1247 764 125 194 106 2075 318 57 244
is_linear=0
shrinkage=1


Tree=82
num_leaves=31
num_cat=0
split_feature=0 0 0 25 0 0 0 0 25 26 22 0 0 0 8 25 25 0 25 7 8 8 12 2 22 0 22 0 26 22
split_gain=759206 184999 94145.7 38861.5 24368.3 17380.3 12197.9 9136.92 7121.85 4555.04 4470.91 4379.64 4354.25 3870.22 2905.28 2768.41 2233 2061.28 1901.59 1813.61 1667.2 1383.52 1324.59 1318.74 1384.04 1257.81 1141.84 990.251 805.603 792.837
threshold=17.620000000000001 45.055000000000007 6.6850000000000014 -1.0594999999999997 29.145000000000003 55.510000000000005 10.785000000000002 3.1250000000000004 -0.45470005659309559 -1.0031666666666663 74.500000000000014 21.710000000000004 35.95000000000001 12.585000000000003 785.00000000000011 -1.7866666666666668 -1.8455967741935482 13.285000000000002 -0.18795161290322573 79.153350000000017 785.00000000000011 785.00000000000011 0.53500000000000014 35.415000000000006 276.50000000000006 8.7550000000000008 96.500000000000014 5.1250000000000009 -0.2490870967741938 102.50000000000001
decision_type=2 2 2 2 2 2 2 2 2 2 2 2 2 2 2 2 2 2 2 2 2 2 2 2 2 2 2 2 2 2
left_child=2 4 7 10 11 14 25 18 26 -7 -4 16 21 23 -3 19 -2 -8 -1 -15 -13 -6 -14 24 29 -5 -9 -10 -18 -12
right_child=1 5 3 6 12 9 17 8 27 -11 13 20 22 15 -16 -17 28 -19 -20 -21 -22 -23 -24 -25 -26 -27 -28 -29 -30 -31
leaf_value=0.22729456801240278 9.9416665366358359 46.666669065291927 0.058974360226579758 6.8807858579530112 30.278845900173895 90.712498429523592 11.946494240595701 0.24282352840278487 3.6887323778138894 72.825715565361691 2.1985074294762175 23.565499895321011 48.021740636594643 1.9544303342439426 61.016280227243143 11.88105245572574 23.498113036992681 15.70537952991261 1.4469387653754349 10.878124828742624 29.537704857801277 38.564001534687158 38.58095377140765 0.83217820151435218 1.8264999706426568 9.4261125763816001 1.6885545953730525 5.8528479907660458 19.047999757038237 6.1056275599861358
leaf_weight=18729 24 21 390 458 104 24 271 850 639 35 67 200 23 79 43 95 53 316 1372 32 61 25 42 202 200 337 1529 316 175 231
leaf_count=18729 24 21 390 458 104 24 271 850 639 35 67 200 23 79 43 95 53 316 1372 32 61 25 42 202 200 337 1529 316 175 231
internal_value=2.15309 31.9277 1.20671 6.82364 25.7006 67.7211 10.5126 0.564839 2.09802 80.1017 2.88989 22.0903 35.2474 4.1085 56.3078 7.91845 19.1167 13.97 0.310542 4.52703 24.9613 31.8845 41.9215 2.98729 3.86145 7.95975 1.17201 4.40482 20.0825 5.22718
internal_weight=26943 830 26113 2678 707 123 1382 23435 3334 59 1296 513 194 906 64 206 252 587 20101 111 261 129 65 700 498 795 2379 955 228 298
internal_count=26943 830 26113 2678 707 123 1382 23435 3334 59 1296 513 194 906 64 206 252 587 20101 111 261 129 65 700 498 795 2379 955 228 298
is_linear=0
shrinkage=1


Tree=83
num_leaves=31
num_cat=0
split_feature=0 0 0 22 0 0 0 0 22 22 22 2 0 22 0 8 24 0 2 0 22 22 2 8 8 0 24 12 2 8
split_gain=768056 177400 111021 26814.4 19474.2 18432.8 18016.1 12797.8 5535.13 4972.93 4092.31 4921.87 3991.06 3921.98 3179.86 2999.32 2973.72 2329.24 2214.08 1715.75 1484.76 1431.16 1638.96 1332.6 1307.55 1292.39 1264.95 1256.9 1235.93 1103.64
threshold=19.395000000000003 45.055000000000007 7.495000000000001 110.50000000000001 55.510000000000005 12.320000000000002 29.145000000000003 3.3250000000000006 119.50000000000001 202.50000000000003 276.50000000000006 35.355000000000011 35.95000000000001 278.50000000000006 15.075000000000001 785.00000000000011 2.5000000000000004 24.73 26.195000000000004 9.8650000000000002 126.50000000000001 274.50000000000006 34.795000000000009 785.00000000000011 785.00000000000011 1.7450000000000003 2.5000000000000004 0.53500000000000014 32.355000000000011 672.50000000000011
decision_type=2 2 2 2 2 2 2 2 2 2 2 2 2 2 2 2 2 2 2 2 2 2 2 2 2 2 2 2 2 2
left_child=2 6 7 16 15 10 17 20 -9 -6 11 19 24 14 28 -3 -4 29 -10 -5 -1 22 -20 -16 -8 -22 -12 -14 -7 -2
right_child=1 4 3 5 9 13 12 8 18 -11 26 -13 27 -15 23 -17 -18 -19 21 -21 25 -23 -24 -25 -26 -27 -28 -29 -30 -31
leaf_value=0.082848185961010401 20.605769025239184 46.738097636720504 11.844444233836965 7.7262355670627798 74.175675079493573 13.411489126556816 30.273267076292594 0.56078609767423493 5.9356114046032875 92.658334814614733 9.7076920393481352 1.8160713814194378 47.695455836001081 5.4943395861412387 15.518468176323745 61.263637567485233 1.0818007530112859 26.851162845164012 3.9922155248090636 10.603508566852913 0.4250807870795843 1.4742632409157368 1.5944296844849553 20.278749925004124 38.107409065295158 1.3282629991207551 2.2535518685815035 38.402326969527159 8.9024388864605868 25.607142621810489
leaf_weight=11165 208 21 27 526 37 235 101 1094 278 24 26 112 22 53 222 44 522 129 1169 342 7117 509 377 80 27 2038 183 43 82 56
leaf_count=11165 208 21 27 526 37 235 101 1094 278 24 26 112 22 53 222 44 522 129 1169 342 7117 509 377 80 27 2038 183 43 82 56
internal_value=2.16752 34.5735 1.28542 7.75245 68.6143 9.56416 27.2541 0.629103 2.41669 81.4475 7.19815 8.0549 35.1663 13.7504 14.4574 56.5708 1.61111 23.3684 3.28697 8.85991 0.327623 2.92866 3.4075 16.7795 31.9258 0.626139 3.18086 41.5477 12.2451 21.6667
internal_weight=26869 712 26157 2410 126 1861 586 23747 3427 61 1189 980 193 672 619 65 549 393 2333 868 20320 2055 1546 302 128 9155 209 65 317 264
internal_count=26869 712 26157 2410 126 1861 586 23747 3427 61 1189 980 193 672 619 65 549 393 2333 868 20320 2055 1546 302 128 9155 209 65 317 264
is_linear=0
shrinkage=1


Tree=84
num_leaves=31
num_cat=0
split_feature=0 0 0 25 0 0 0 0 25 22 0 22 0 8 25 0 25 0 7 12 8 2 22 0 0 22 25 22 0 22
split_gain=767067 182882 115968 43857.1 21961.3 19307.8 14377.1 12792 8409.22 4415.13 4390.82 4328.42 4427.24 3092.7 2409 2357.43 2327.46 2163.99 1743.72 1601.68 1531.12 1510.28 2214.04 1293.06 1280.83 1167.58 1002.23 954.005 850.228 809.28
threshold=19.395000000000003 45.055000000000007 7.495000000000001 -1.2432258064516126 55.510000000000005 29.145000000000003 12.585000000000003 3.6450000000000005 -0.77983333333333327 202.50000000000003 35.95000000000001 74.500000000000014 14.585000000000003 785.00000000000011 1.0635000000000001 9.6750000000000025 -0.18795161290322573 15.555000000000001 76.966650000000016 0.53500000000000014 785.00000000000011 35.525000000000013 276.50000000000006 24.73 5.8250000000000011 93.500000000000014 -0.53944736842105245 102.50000000000001 1.5550000000000004 126.50000000000001
decision_type=2 2 2 2 2 2 2 2 2 2 2 2 2 2 2 2 2 2 2 2 2 2 2 2 2 2 2 2 2 2
left_child=2 5 7 11 13 14 15 16 25 -6 20 -4 21 -3 23 26 29 -8 -14 -12 -7 22 27 -2 -10 -9 -5 -13 -18 -1
right_child=1 4 3 6 9 10 17 8 24 -11 19 12 18 -15 -16 -17 28 -19 -20 -21 -22 -23 -24 -25 -26 -27 -28 -29 -30 -31
leaf_value=0.083244915871043101 20.561904565173496 45.705002167926907 0.016666669030396264 5.1691055386864537 75.442104405427557 30.439999771933721 13.911510576102865 0.20982658774934437 3.9220472157083508 92.166668338682939 48.926088429510315 2.8749999467929346 4.8697673723121779 60.935001233326076 28.323287597894502 10.925634310390825 0.97455946017266326 18.062881843454754 12.838157705519645 38.500001485933467 39.011540250930025 0.88797811780320357 1.3534161312281197 25.110112265662025 6.1521849672031506 1.8456392614506762 8.4685790507663548 7.1009660178100571 2.5536629959636112 0.49825826880733004
leaf_weight=11310 210 20 330 123 38 105 278 692 762 27 23 72 43 40 73 394 908 229 76 41 26 183 161 89 389 1181 366 207 546 8038
leaf_count=11310 210 20 330 123 38 105 278 692 762 27 23 72 43 40 73 394 908 229 76 41 26 183 161 89 389 1181 366 207 546 8038
internal_value=2.167 35.0311 1.30189 7.83578 69.6544 27.3981 11.5423 0.626727 2.54851 82.3892 35.4579 3.02976 4.36981 55.8583 23.1731 9.10532 0.347356 15.7866 9.95882 42.2469 32.1412 3.30225 4.30636 21.9157 4.67576 1.24127 7.63865 6.01039 1.56754 0.255659
internal_weight=26980 692 26288 2462 125 567 1390 23826 3024 65 195 1072 742 60 372 883 20802 507 119 64 131 623 440 299 1151 1873 489 279 1454 19348
internal_count=26980 692 26288 2462 125 567 1390 23826 3024 65 195 1072 742 60 372 883 20802 507 119 64 131 623 440 299 1151 1873 489 279 1454 19348
is_linear=0
shrinkage=1


Tree=85
num_leaves=31
num_cat=0
split_feature=5 2 26 25 7 7 22 22 23 2 22 2 2 22 5 3 22 3 5 25 1 5 2 22 22 22 1 3 23 26
split_gain=350569 176751 55047.5 43926.3 25988.1 21713.6 18722.1 14207.8 13515.6 12326.4 11780.2 11413.8 10991.6 8295.62 7642.41 7407.81 6708.63 6151.71 5798 5104.46 5104.3 4611.6 4089.49 11165.5 4026.33 8360.71 3434.29 4334.65 2427.09 2339.65
threshold=0.86740000000000006 25.135000000000002 -1.0536129032258066 -0.94790322580645159 76.966650000000016 79.153350000000017 198.50000000000003 190.50000000000003 2.5000000000000004 22.755000000000006 206.50000000000003 23.745000000000001 27.465000000000003 206.50000000000003 0.61465000000000014 21.585000000000004 74.500000000000014 20.545000000000005 0.95905000000000007 -0.63928494623655918 28.445000000000004 0.77595000000000014 31.185000000000006 276.50000000000006 180.50000000000003 188.50000000000003 24.905000000000005 22.975000000000005 3.5000000000000004 -0.13226881720430106
decision_type=2 2 2 2 2 2 2 2 2 2 2 2 2 2 2 2 2 2 2 2 2 2 2 2 2 2 2 2 2 2
left_child=11 2 6 5 9 16 7 -2 -6 10 24 21 -7 -8 -13 -14 -3 -11 -5 -16 -17 -1 23 28 -4 -26 27 -20 -18 -29
right_child=1 3 4 18 8 12 13 -9 -10 17 -12 14 15 -15 19 20 22 -19 26 -21 -22 -23 -24 -25 25 -27 -28 29 -30 -31
leaf_value=4.599999822569286 49.52333356848029 0.021611004114034937 21.595238450275541 9.1714937951919033 23.258333099987787 34.240000811325189 73.47200026820768 18.482758319586644 54.252942642324903 9.4425924031778763 15.950793560783083 0.31666833189044086 1.3855263213363358 47.156523013091331 1.1648214162965815 15.871839061875068 7.9472220658522108 18.591739006640847 13.695335707516369 4.1948254781152752 7.1690907964018695 24.203571527025069 2.8305948496692475 1.8107883535674252 51.599999926058665 28.981818592383419 10.805714140290911 31.710000398861052 14.350381651325272 18.003030187629705
leaf_weight=21 30 509 21 656 24 20 25 29 34 108 63 19990 76 23 1680 174 108 230 536 831 110 28 706 241 26 44 420 20 131 33
leaf_count=21 30 509 21 656 24 20 25 29 34 108 63 19990 76 23 1680 174 108 230 536 831 110 28 706 241 26 44 420 20 131 33
internal_value=2.14913 10.3173 25.4444 7.65997 21.4071 4.59007 46.1972 34.2661 41.4276 19.047 26.4623 0.556421 11.4221 60.8625 0.523221 10.1544 3.05841 15.6683 11.4858 2.16758 12.5011 15.802 4.36172 6.61375 33.7396 37.3829 12.9905 14.5484 11.4569 23.1755
internal_weight=26947 4397 657 3740 550 2075 107 59 58 492 154 22550 380 48 22501 360 1695 338 1665 2511 284 49 1186 480 91 70 1009 589 239 53
internal_count=26947 4397 657 3740 550 2075 107 59 58 492 154 22550 380 48 22501 360 1695 338 1665 2511 284 49 1186 480 91 70 1009 589 239 53
is_linear=0
shrinkage=1


Tree=86
num_leaves=31
num_cat=0
split_feature=5 2 26 25 3 7 2 2 26 4 2 25 5 25 3 2 2 25 5 3 25 23 2 25 3 2 3 2 3 17
split_gain=367129 180681 66638.6 40709.5 30700.1 23341.1 20188.3 12342.6 12114.1 11928.8 11234.8 10866.7 8163.82 7516.13 7110.3 7154.57 5972.02 5304.57 5257.44 5210.23 4900.74 4746.2 4539.03 4352.11 3909.86 5438.81 2426.54 2225.91 3148.61 2563.86
threshold=0.86740000000000006 25.405000000000005 -1.0536129032258066 -0.94790322580645159 22.725000000000005 79.153350000000017 23.285000000000004 21.925000000000004 0.37422580645161313 20.115000000000006 23.745000000000001 -3.2685483870967738 0.61465000000000014 2.5754838709677421 20.545000000000005 22.755000000000006 29.355000000000004 -1.6525806451612901 0.94715000000000016 21.515000000000004 -0.41918279569892464 3.5000000000000004 32.855000000000011 1.4740000000000002 20.195000000000004 31.325000000000003 18.665000000000003 26.195000000000004 22.235000000000003 41.000000000000007
decision_type=2 2 2 2 2 2 2 2 2 2 2 2 2 2 2 2 2 2 2 2 2 2 2 2 2 2 2 2 2 2
left_child=10 2 6 5 7 17 9 13 14 21 23 16 -12 -4 -9 -16 -7 -3 -5 -13 -14 -2 -21 -1 -19 -26 -15 28 -20 -30
right_child=1 3 4 18 -6 11 -8 8 -10 -11 12 19 20 26 15 -17 -18 24 27 22 -22 -23 -24 -25 25 -27 -28 -29 29 -31
leaf_value=7.5178569671294184 58.327271399549772 1.5154266843307398 16.003571240922774 8.9807621320832975 59.230001643406034 36.600001143160505 31.627451006852738 10.993103312695634 35.094444211761164 75.891666335966875 0.30810634992040375 2.0697368507892118 1.3967115809950612 30.0027030705049 36.847619003021542 17.690441032122955 16.88823515602266 1.7586776615495225 12.230508261873462 16.113274361068388 4.591203654120747 37.309524664104941 7.109909875803627 26.561904978432366 10.925531834220243 4.2086308930840719 41.996774807293797 12.306573156519503 16.960714241116779 31.785000804172636
leaf_weight=28 22 914 28 551 20 22 51 174 36 24 20009 76 1855 37 21 272 51 242 59 113 648 21 111 21 188 336 31 928 28 20
leaf_count=28 22 914 28 551 20 22 51 174 36 24 20009 76 1855 37 21 272 51 242 59 113 648 21 111 21 188 336 31 928 28 20
internal_value=2.17992 10.5625 24.8407 7.67071 20.689 4.73093 46.6195 19.4022 17.4191 58.0313 0.554018 11.8869 0.521095 29.7927 16.0565 19.0635 22.8288 3.14214 11.4761 9.22433 2.22373 48.0628 11.6518 15.6796 5.08316 6.61851 35.4706 12.8045 17.1234 23.1375
internal_weight=26937 4376 737 3639 619 2053 118 599 503 67 22561 373 22512 96 467 293 73 1680 1586 300 2503 43 224 49 766 524 68 1035 107 48
internal_count=26937 4376 737 3639 619 2053 118 599 503 67 22561 373 22512 96 467 293 73 1680 1586 300 2503 43 224 49 766 524 68 1035 107 48
is_linear=0
shrinkage=1


Tree=87
num_leaves=31
num_cat=0
split_feature=0 0 0 25 0 0 0 0 25 3 2 0 25 8 0 0 0 0 25 12 0 21 0 8 25 8 8 25 25 25
split_gain=788106 186155 112513 43970.5 21443.4 17063 13218.5 12798.4 8609.26 4330.72 4382.02 3978.72 3564.66 3365.39 2484.19 2304.35 2058.11 1935.95 1885.13 1560.24 1551.3 1402.57 1357.46 1315.64 1315.54 1067.05 989.261 924.918 824.505 719.473
threshold=19.395000000000003 45.055000000000007 7.495000000000001 -1.153774759479343 55.510000000000005 29.145000000000003 12.585000000000003 3.2350000000000008 -0.6151451612903226 20.585000000000004 33.57500000000001 35.95000000000001 4.2306451612903233 785.00000000000011 24.73 12.320000000000002 15.555000000000001 9.6750000000000025 -0.18795161290322573 0.53500000000000014 5.1250000000000009 3.5000000000000004 14.585000000000003 785.00000000000011 -1.9692741935483868 672.50000000000011 672.50000000000011 -0.53944736842105245 -0.51994623655913974 1.0635000000000001
decision_type=2 2 2 2 2 2 2 2 2 2 2 2 2 2 2 2 2 2 2 2 2 2 2 2 2 2 2 2 2 2
left_child=2 5 7 9 13 14 17 18 21 -4 15 23 -6 -3 26 -11 -8 27 -1 -13 -10 -9 -12 -7 -24 -16 -2 -5 -19 -18
right_child=1 4 3 6 12 11 16 8 20 10 22 19 -14 -15 25 -17 29 28 -20 -21 -22 -23 24 -25 -26 -27 -28 -29 -30 -31
leaf_value=0.23115519092104231 20.692462102343637 46.254547750784901 0.8587866022434556 5.097938009772391 75.531579936754653 30.22978704335026 13.947955156760983 0.22057761590582858 3.5603550120407341 5.5572288016715143 1.6894197531341402 48.356523278461573 90.559257907774736 61.240426700715773 25.210526341462707 11.542856920013367 17.153370532164576 8.1918602394869922 1.4481318579511322 37.97179633840436 5.8627905890149155 1.8245425605108552 2.4124999424881546 38.392001565204737 13.11818167604944 31.367500069843413 25.518518353828693 8.5953350859024358 11.716150988227191 21.62888880614441
leaf_weight=18854 199 22 478 97 38 94 269 831 676 166 293 23 27 47 95 105 178 86 1365 39 516 1585 24 25 22 40 54 343 291 45
leaf_count=18854 199 22 478 97 38 94 269 831 676 166 293 23 27 47 95 105 178 86 1365 39 516 1585 24 25 22 40 54 343 291 45
internal_value=2.16567 35.208 1.27989 7.81047 68.7403 27.3111 11.7152 0.622911 2.35787 3.11259 4.87869 35.3287 81.7738 56.4623 23.5709 7.87638 15.8102 9.2492 0.313314 41.8242 4.55705 1.27285 2.4823 31.9445 7.53261 27.0348 21.7225 7.82432 10.9122 18.0565
internal_weight=26927 703 26224 2397 134 569 1309 23827 3608 1088 610 181 65 69 388 271 492 817 20219 62 1192 2416 339 119 46 135 253 440 377 223
internal_count=26927 703 26224 2397 134 569 1309 23827 3608 1088 610 181 65 69 388 271 492 817 20219 62 1192 2416 339 119 46 135 253 440 377 223
is_linear=0
shrinkage=1


Tree=88
num_leaves=31
num_cat=0
split_feature=5 2 22 22 15 22 20 22 2 2 2 22 7 1 4 5 22 2 9 3 22 1 6 15 22 22 1 3 7 22
split_gain=355573 180916 47195.8 38270.1 37793.6 39818.6 25010.2 23757.8 16972.4 14041.7 13111.8 10502 9252.19 10614.2 8906.03 7083.58 6721.04 11498.4 6468.49 5477.88 4920.26 4304.61 4209.73 3683.23 4259.97 3648.25 3311.7 2853.47 2751.38 2290.31
threshold=0.86740000000000006 25.405000000000005 208.50000000000003 117.50000000000001 0.045000000000000005 198.50000000000003 0.49000000000000005 276.50000000000006 32.805000000000007 21.925000000000004 24.155000000000005 190.50000000000003 79.153350000000017 25.595000000000002 16.745000000000001 0.61465000000000014 74.500000000000014 31.185000000000006 5.1500000000000012 20.125000000000004 192.50000000000003 24.905000000000005 17.220550000000003 0.045000000000000005 218.50000000000003 124.50000000000001 29.955000000000002 21.515000000000004 75.322650000000024 77.500000000000014
decision_type=2 2 2 2 2 2 2 2 2 2 2 2 2 2 2 2 2 2 2 2 2 2 2 2 2 2 2 2 2 2
left_child=10 2 4 16 6 11 -2 8 12 20 19 14 21 -14 -6 -12 -3 29 -11 -1 -8 22 -5 -4 -25 -17 28 -7 -10 -18
right_child=1 3 23 7 5 27 9 -9 26 18 15 -13 13 -15 -16 25 17 -19 -20 -21 -22 -23 -24 24 -26 -27 -28 -29 -30 -31
leaf_value=8.5549999307659075 55.456002076374169 0.034821430806143638 11.083941467962816 10.617478443401767 30.938888844291384 75.218517703917314 47.359091219953825 3.2203353728948287 5.16077338307168 22.913385561402297 0.31174302556597255 17.825806105531257 36.464516927359789 15.902272719674128 56.477272925428679 0.52593406065843196 19.238888725965126 2.5994381650521299 11.561445739109526 27.665000024543883 29.043182137714506 9.7375873053646504 15.139442117305043 26.948780894458146 14.844999829040647 3.0517218699260784 2.6333333022058039 59.676190912971428 10.682222116430616 9.3928570295723794
leaf_weight=60 25 560 137 349 36 27 22 477 181 127 20080 31 31 132 22 910 54 356 83 20 44 572 502 41 100 1539 177 21 180 42
leaf_count=60 25 560 137 349 36 27 22 477 181 127 20080 31 31 132 22 910 54 356 83 20 44 572 502 41 100 1539 177 21 180 42
internal_value=2.14272 10.4456 24.9675 7.56776 31.4356 45.2044 25.1688 9.59785 11.0301 22.4254 0.552948 32.6843 12.6765 19.8129 40.6259 0.507568 2.3501 5.21858 18.4267 13.3325 35.1485 11.859 13.285 14.7766 18.3645 2.11319 6.17658 68.4187 7.91385 14.9312
internal_weight=26938 4329 716 3613 438 137 301 2601 2124 276 22609 89 1586 163 58 22529 1012 452 210 80 66 1423 851 278 141 2449 538 48 361 96
internal_count=26938 4329 716 3613 438 137 301 2601 2124 276 22609 89 1586 163 58 22529 1012 452 210 80 66 1423 851 278 141 2449 538 48 361 96
is_linear=0
shrinkage=1


Tree=89
num_leaves=31
num_cat=0
split_feature=5 2 26 25 22 8 22 8 22 2 2 9 2 22 3 5 22 2 3 22 3 2 22 25 5 8 22 9 23 22
split_gain=360209 179481 68826.7 40033.3 26032.8 21273.4 20084.6 16432.4 14860.5 14470 12152.2 10595.2 10511.2 9913.93 7798.16 7457.32 7202.75 6882.07 6707.14 5741.55 5484.21 5029.09 13510.3 4884.36 4507.87 4204.37 2903.52 2792.99 2662.46 2170.23
threshold=0.86740000000000006 25.405000000000005 -1.0536129032258066 -0.94790322580645159 198.50000000000003 368.50000000000006 208.50000000000003 521.00000000000011 190.50000000000003 21.925000000000004 24.155000000000005 13.350000000000001 27.895000000000003 206.50000000000003 21.885000000000002 0.61465000000000014 74.500000000000014 32.755000000000003 22.175000000000004 188.50000000000003 20.275000000000002 31.185000000000006 274.50000000000006 -0.63928494623655918 0.95905000000000007 672.50000000000011 137.50000000000003 13.350000000000001 3.5000000000000004 218.50000000000003
decision_type=2 2 2 2 2 2 2 2 2 2 2 2 2 2 2 2 2 2 2 2 2 2 2 2 2 2 2 2 2 2
left_child=10 2 4 5 8 12 7 18 -2 19 20 25 -3 -6 -14 -12 -7 26 -4 -9 -1 22 28 -17 -5 -11 -16 -8 -18 -29
right_child=1 3 6 24 13 16 27 9 -10 11 15 -13 14 -15 17 23 21 -19 -20 -21 -22 -23 -24 -25 -26 -27 -28 29 -30 -31
leaf_value=7.8953124129341852 48.042424515718174 32.754546645389674 32.933333256946682 9.3602916204728448 74.758063111776536 0.019879520392495742 11.007857022646888 48.400000378336316 17.551612495616787 20.794545302442845 0.31191252218945165 39.731818440662501 0.9416666889070775 47.356523112605167 28.323810285293881 1.1897450625605113 8.6989998311119088 7.5452553821441413 56.575001290546531 28.97777811465 26.519047672088199 2.8596044694928069 1.9379031953410149 4.1802252504192712 12.844956967712319 11.633695608094708 15.59344247728802 25.611538504972433 15.562307716668176 15.406666474930837
leaf_weight=64 33 22 30 617 31 498 140 23 31 110 19937 22 72 23 21 1726 100 137 20 45 21 708 248 799 932 92 122 26 130 105
leaf_count=64 33 22 30 617 31 498 140 23 31 110 19937 22 72 23 21 1726 100 137 20 45 21 708 248 799 932 92 122 26 130 105
internal_value=2.16767 10.5126 24.8008 7.61691 46.9169 4.72663 20.5436 25.6389 33.2734 22.7705 0.562128 18.892 11.5489 63.087 10.2236 0.516966 3.21146 12.6104 42.39 35.5471 12.4965 4.5516 7.05774 2.13604 11.4569 16.6223 17.4629 14.1133 12.5783 17.4321
internal_weight=26885 4338 731 3607 118 2058 613 342 64 292 22547 224 374 54 352 22462 1684 280 50 68 85 1186 478 2525 1549 202 143 271 230 131
internal_count=26885 4338 731 3607 118 2058 613 342 64 292 22547 224 374 54 352 22462 1684 280 50 68 85 1186 478 2525 1549 202 143 271 230 131
is_linear=0
shrinkage=1


Tree=90
num_leaves=31
num_cat=0
split_feature=0 0 0 25 0 0 0 25 0 0 3 2 8 25 26 0 22 0 0 12 0 8 0 8 0 8 22 0 1 22
split_gain=781038 182591 113897 38728.9 24376.5 19748.8 16715.3 12793.6 8191.3 4577.69 4277.22 4393.79 3234.4 2826.48 2478.97 2426.92 1891.24 1846.04 1583.65 1408.21 1333.17 1320.2 1284.49 1143.65 1093.95 986.825 927.186 1079.87 719.336 1013.61
threshold=19.395000000000003 45.055000000000007 8.9350000000000005 -1.2778225806451611 55.510000000000005 4.2150000000000007 29.145000000000003 -0.65118562535370672 13.285000000000002 35.95000000000001 21.435000000000006 35.475000000000001 597.50000000000011 -0.21981720430107521 -1.0031666666666663 24.73 94.500000000000014 5.9150000000000009 14.585000000000003 0.53500000000000014 2.0450000000000004 785.00000000000011 15.555000000000001 672.50000000000011 10.525 672.50000000000011 126.50000000000001 1.7450000000000003 30.265000000000004 276.50000000000006
decision_type=2 2 2 2 2 2 2 2 2 2 2 2 2 2 2 2 2 2 2 2 2 2 2 2 2 2 2 2 2 2
left_child=2 6 5 10 12 13 15 16 24 21 -4 18 -3 26 -6 25 -7 -9 -12 -11 -15 -8 -10 -17 -5 -2 -1 -28 29 -18
right_child=1 4 3 8 14 7 9 17 22 19 11 -13 -14 20 -16 23 28 -19 -20 -21 -22 -23 -24 -25 -26 -27 27 -29 -30 -31
leaf_value=0.091847920473072886 20.715075201216603 46.022729638324854 1.0903225684136184 9.2489793980248791 91.239998772846349 0.24751461801417918 30.061467591580886 4.4825202787749028 14.515897215970575 48.095653713244182 6.9767293900936291 1.6408163039655377 60.817779093755625 1.0381469035159843 78.277779237866426 25.224468077032576 3.4421383058236001 7.1201387326659056 12.835384351808814 38.319513783400957 2.9660156125913306 38.254168195631777 18.040908856660444 31.852777881529612 11.901514933522316 25.535184942788561 0.32006551604530409 1.1539126211933057 0.63605768255597872 1.351506820549536
leaf_weight=11494 199 22 372 294 25 684 109 492 195 23 159 147 45 1198 36 94 636 576 65 41 512 24 220 36 330 54 6105 2083 208 365
leaf_count=11494 199 22 372 294 25 684 109 492 195 23 159 147 45 1198 36 94 636 576 65 41 512 24 220 36 330 54 6105 2083 208 365
internal_value=2.16974 34.9427 1.28192 8.99927 69.1273 0.717213 27.3984 3.13769 12.9416 34.8838 3.48641 5.88895 55.9597 0.38218 83.5902 23.5483 1.57639 5.90506 8.67679 41.8328 1.61538 31.5398 16.3846 27.06 10.6518 21.7439 0.275038 0.532193 2.32821 2.67982
internal_weight=26843 708 26135 1782 128 24353 580 2961 1039 197 743 371 67 21392 61 383 1893 1068 224 64 1710 133 415 130 624 253 19682 8188 1209 1001
internal_count=26843 708 26135 1782 128 24353 580 2961 1039 197 743 371 67 21392 61 383 1893 1068 224 64 1710 133 415 130 624 253 19682 8188 1209 1001
is_linear=0
shrinkage=1


Tree=91
num_leaves=31
num_cat=0
split_feature=0 0 0 25 0 0 0 25 0 22 22 0 0 8 25 8 0 0 22 2 22 25 8 12 0 8 0 22 0 1
split_gain=757850 178167 116845 37667.6 22526.2 20147.2 18171 12835.1 8600.48 4676.8 4658.46 4316.33 3782.71 3735.18 2774.68 2153.47 2096.69 1923.55 1852.98 1622.73 2558.45 1521.5 1511.69 1470.59 1393.36 1069.36 1060.96 955.732 1146.89 700.292
threshold=19.395000000000003 45.055000000000007 8.9350000000000005 -1.2733387096774191 55.510000000000005 4.0650000000000004 29.145000000000003 -0.65118562535370672 14.585000000000003 202.50000000000003 74.500000000000014 35.95000000000001 14.585000000000003 785.00000000000011 -0.18795161290322573 672.50000000000011 5.9150000000000009 10.785000000000002 94.500000000000014 35.475000000000001 276.50000000000006 -2.0472258064516122 785.00000000000011 0.53500000000000014 24.73 368.50000000000006 1.9850000000000001 126.50000000000001 1.7450000000000003 30.265000000000004
decision_type=2 2 2 2 2 2 2 2 2 2 2 2 2 2 2 2 2 2 2 2 2 2 2 2 2 2 2 2 2 2
left_child=2 6 5 10 13 14 15 18 17 -6 -4 22 19 -3 27 24 -9 -5 -7 20 -12 25 -8 -13 -2 -14 -16 -1 -29 -20
right_child=1 4 3 8 9 7 11 16 -10 -11 12 23 21 -15 26 -17 -18 -19 29 -21 -22 -23 -24 -25 -26 -27 -28 28 -30 -31
leaf_value=0.087724210213926845 20.620296811838895 44.140002206073881 0.01050420376512351 9.2104292685414446 75.49487119763225 0.23619456200217059 30.266666401415105 4.367375841669717 17.278274556738598 93.016001427875636 7.4616214428653365 48.985715812408749 11.994999793277861 60.948719131670458 1.1099620405272992 27.891463276995243 7.0638981429372834 12.446080541913137 2.61676352491313 0.85901637167931444 1.3541284185176612 13.590769018911923 38.681482998084149 38.695123483673676 25.280851088221489 2.6161289592041475 2.9035416600034814 0.3218890996101591 1.1900793607090812 0.68026314906001795
leaf_weight=11429 202 20 238 326 39 699 102 564 313 25 185 21 20 39 1054 82 590 421 1032 122 109 65 27 41 94 31 480 6204 2016 228
leaf_count=11429 202 20 238 326 39 699 102 564 313 25 185 21 20 39 1054 82 590 421 1032 122 109 65 27 41 94 31 480 6204 2016 228
internal_value=2.17053 34.834 1.30537 9.01104 69.3455 0.724975 27.3736 3.10042 12.8778 82.3391 3.68792 35.3236 5.33308 55.2508 0.375886 23.3566 5.74601 11.034 1.54196 3.925 5.19728 10.3828 32.0279 42.1806 22.1003 6.29412 1.67119 0.274762 0.534818 2.26635
internal_weight=26818 692 26126 1830 123 24296 569 3113 1060 64 770 191 532 59 21183 378 1154 747 1959 416 294 116 129 62 296 51 1534 19649 8220 1260
internal_count=26818 692 26126 1830 123 24296 569 3113 1060 64 770 191 532 59 21183 378 1154 747 1959 416 294 116 129 62 296 51 1534 19649 8220 1260
is_linear=0
shrinkage=1


Tree=92
num_leaves=31
num_cat=0
split_feature=0 0 0 25 0 0 0 0 25 2 22 0 0 13 0 0 25 2 22 1 18 0 8 0 0 8 22 8 8 25
split_gain=779665 175695 115932 43864.3 21737.1 16846 13352.5 12442 7922.82 5106.37 4598.44 4645.33 4320.57 3840.48 2704.57 2490.6 2389.06 2096.64 2656.14 1808.82 1600.18 1517.31 1418.09 1270.59 1239 1178.18 1125.99 1024.47 1010.27 938.221
threshold=19.395000000000003 45.055000000000007 7.495000000000001 -1.1172096774193547 55.510000000000005 29.145000000000003 13.285000000000002 3.6450000000000005 -0.77983333333333327 25.135000000000002 74.500000000000014 15.075000000000001 35.95000000000001 0.11000000000000001 9.6750000000000025 24.73 -0.18795161290322573 35.475000000000001 276.50000000000006 22.005000000000006 27.500000000000004 5.5050000000000008 785.00000000000011 8.9350000000000005 16.190000000000001 785.00000000000011 93.500000000000014 672.50000000000011 672.50000000000011 -0.53944736842105245
decision_type=2 2 2 2 2 2 2 2 2 2 2 2 2 2 2 2 2 2 2 2 2 2 2 2 2 2 2 2 2 2
left_child=2 5 7 10 13 15 14 16 26 19 -4 17 22 -3 29 27 -1 18 23 -6 -13 -10 -7 -12 -8 -14 -9 -2 -17 -5
right_child=1 4 3 6 9 12 24 8 21 -11 11 20 25 -15 -16 28 -18 -19 -20 -21 -22 -23 -24 -25 -26 -27 -28 -29 -30 -31
leaf_value=0.25446630792154501 20.689393730552524 44.263638694554878 0.042944787265265738 5.0621051179226519 81.083331826435213 30.203845889169958 14.910548317852752 0.22072071843154939 3.6629179150133266 68.277274850116854 3.6682242308488782 13.586764549087869 38.876317240639054 60.445455922698741 11.272376656036794 25.337233977664742 1.5796308842929287 0.79540815100560081 1.7005290693899451 93.960000565754058 5.3416665657758848 6.0272726008478497 38.221430202573075 7.9266008046198753 18.41306790340791 48.209525372548718 1.8559825079298344 25.676922819582838 31.447368486880574 8.5851349439222844
leaf_weight=19412 198 22 326 95 24 104 237 666 658 22 107 68 38 44 467 94 1463 196 189 20 36 462 28 203 176 21 1145 52 38 370
leaf_count=19412 198 22 326 95 24 104 237 666 658 22 107 68 38 44 467 94 1463 196 189 20 36 462 28 203 176 21 1145 52 38 370
internal_value=2.17535 34.9932 1.29482 7.81587 67.8841 27.4162 11.67 0.618231 2.54756 80.7167 3.20809 4.4995 35.0843 55.0515 9.57253 23.5822 0.347339 3.56676 4.65531 86.9364 10.7327 4.63821 31.9045 6.45677 16.4031 42.1983 1.25461 21.7268 27.0962 7.86538
internal_weight=26981 705 26276 2470 132 573 1345 23806 2931 66 1125 799 191 66 932 382 20875 695 499 44 104 1120 132 310 413 59 1811 250 132 465
internal_count=26981 705 26276 2470 132 573 1345 23806 2931 66 1125 799 191 66 932 382 20875 695 499 44 104 1120 132 310 413 59 1811 250 132 465
is_linear=0
shrinkage=1


Tree=93
num_leaves=31
num_cat=0
split_feature=0 0 0 25 0 0 0 25 0 2 3 0 2 8 3 25 8 22 0 0 0 8 0 0 12 22 0 26 1 22
split_gain=780365 181429 115000 39132.7 20215.8 19850.1 18103.6 12898.2 8469.66 8082.96 4274.16 4143.55 4050.19 3510.5 3393.02 2941.42 2297.5 1914.42 1800.51 1750.03 1678.7 1490.06 1402.17 1189.22 1141.19 1039.62 1228.17 952.394 748.342 1062.04
threshold=19.395000000000003 45.055000000000007 8.9350000000000005 -1.2778225806451611 4.2150000000000007 55.510000000000005 29.145000000000003 -0.65118562535370672 14.585000000000003 25.135000000000002 21.435000000000006 35.95000000000001 35.595000000000006 785.00000000000011 21.405000000000005 -0.18795161290322573 785.00000000000011 93.500000000000014 6.1250000000000009 15.075000000000001 10.785000000000002 785.00000000000011 24.73 1.8650000000000004 0.53500000000000014 126.50000000000001 1.7450000000000003 -0.19772688172043004 30.265000000000004 276.50000000000006
decision_type=2 2 2 2 2 2 2 2 2 2 2 2 2 2 2 2 2 2 2 2 2 2 2 2 2 2 2 2 2 2
left_child=2 6 4 10 15 13 16 17 20 14 -4 21 19 -3 -7 25 22 -6 -9 -12 -5 -8 -2 -17 -13 -1 -27 -10 29 -19
right_child=1 5 3 8 7 9 11 18 27 -11 12 24 -14 -15 -16 23 -18 28 -20 -21 -22 -23 -24 -25 -26 26 -28 -29 -30 -31
leaf_value=0.086666666631125544 20.619047426857659 46.054547854822104 1.028378372765532 9.3883790136716794 0.20442748050217374 79.74285601742875 30.179999745594145 4.620658082755825 19.75882335812517 64.900001563024915 6.8462023728184036 48.120001557575343 1.6676258805832176 61.413044569779721 97.513637307392244 1.047469624493538 27.964285592486004 3.4363221297370021 7.191160063702478 13.228813297723212 12.43613838867029 38.551853227169438 25.265957414385571 2.8653710149156284 38.976745813705826 0.32628607849136282 1.2093794354941365 16.059360485463213 0.63818180923872703 1.3330687573539657
leaf_weight=11535 210 22 370 327 655 21 100 547 102 21 158 20 139 46 22 988 84 658 543 59 404 27 94 566 43 6201 2111 219 220 378
leaf_count=11535 210 22 370 327 655 21 100 547 102 21 158 20 139 46 22 988 84 658 543 59 404 27 94 566 43 6201 2111 219 220 378
internal_value=2.17842 34.8906 1.29127 9.05574 0.725527 68.3409 27.2514 3.15615 12.953 80.9813 3.4084 35.2489 5.88202 56.4441 88.8349 0.384688 23.3351 1.59042 5.90119 8.58157 11.0728 31.9598 22.0559 1.70959 41.8794 0.280949 0.550565 17.2349 2.31322 2.66892
internal_weight=26890 710 26180 1778 24402 132 578 3001 1052 64 726 190 356 68 43 21401 388 1911 1090 217 731 127 304 1554 63 19847 8312 321 1256 1036
internal_count=26890 710 26180 1778 24402 132 578 3001 1052 64 726 190 356 68 43 21401 388 1911 1090 217 731 127 304 1554 63 19847 8312 321 1256 1036
is_linear=0
shrinkage=1


Tree=94
num_leaves=31
num_cat=0
split_feature=0 0 0 25 0 0 0 25 0 0 26 22 0 8 25 8 22 0 0 2 22 8 7 8 0 0 22 0 8 0
split_gain=785136 176477 114214 37021.3 19882.7 19708 18196.5 12848.3 8657.62 4294.15 4198.19 3996.86 3758.03 3538.15 2896.06 2382.84 1959.28 1858.22 1608.34 1591.52 2530.05 1546.7 1430.4 1399.74 1333.39 1099.39 992.699 1069.7 776.324 763.748
threshold=19.395000000000003 45.055000000000007 8.9350000000000005 -1.2930645161290319 4.1350000000000007 55.510000000000005 29.145000000000003 -0.65118562535370672 14.585000000000003 35.95000000000001 -1.0031666666666663 74.500000000000014 15.075000000000001 785.00000000000011 -0.18795161290322573 672.50000000000011 93.500000000000014 6.1250000000000009 10.785000000000002 35.475000000000001 276.50000000000006 785.00000000000011 76.966650000000016 785.00000000000011 24.73 1.8650000000000004 126.50000000000001 1.7450000000000003 785.00000000000011 24.73
decision_type=2 2 2 2 2 2 2 2 2 2 2 2 2 2 2 2 2 2 2 2 2 2 2 2 2 2 2 2 2 2
left_child=2 6 4 11 14 13 15 16 18 23 -7 -4 19 -3 26 24 -6 -9 -5 20 -13 -11 -14 -8 -2 -16 -1 -28 -10 -17
right_child=1 5 3 8 7 10 9 17 28 21 -12 12 22 -15 25 29 -18 -19 -20 -21 -22 -23 -24 -25 -26 -27 27 -29 -30 -31
leaf_value=0.085037231477861575 20.736868484529595 45.845456841693995 0.0036866382618181426 9.3397513692187442 0.18980797540258565 90.94399871181119 30.34432965764217 4.5703900243825739 16.253455967187833 38.668890187912531 74.343591063480105 7.2869563476958845 5.5333332384030163 61.377273931121593 1.0670020023839719 25.677965866362548 2.3014376604334981 7.1669757204350315 12.34572842771199 0.66239314812652439 1.2073394276919731 48.900001637337198 13.390769009741977 38.736001427875635 25.310638314147663 2.8239639528484277 0.33355157676663172 1.1642718405338082 19.668749904241842 31.426315925572364
leaf_weight=11415 198 22 217 322 677 25 97 564 217 45 39 184 36 44 994 59 1252 539 398 117 109 22 65 25 94 555 6262 2060 96 38
leaf_count=11415 198 22 217 322 677 25 97 564 217 45 39 184 36 44 994 59 1252 539 398 117 109 22 65 25 94 555 6262 2060 96 38
internal_value=2.17632 35.0342 1.28428 9.06104 0.721124 68.3246 27.5467 3.11695 12.9102 35.5963 80.8281 3.59931 5.12622 56.2 0.37986 23.6357 1.56034 5.83926 11.0014 3.78024 5.02526 42.0284 10.5901 32.0639 22.2092 1.69651 0.276526 0.539185 17.301 27.9299
internal_weight=26787 708 26079 1761 24318 130 578 3032 1033 189 64 728 511 66 21286 389 1929 1103 720 410 293 67 101 122 292 1549 19737 8322 313 97
internal_count=26787 708 26079 1761 24318 130 578 3032 1033 189 64 728 511 66 21286 389 1929 1103 720 410 293 67 101 122 292 1549 19737 8322 313 97
is_linear=0
shrinkage=1


Tree=95
num_leaves=31
num_cat=0
split_feature=0 0 0 25 0 0 0 0 25 22 0 22 0 8 0 25 0 0 1 22 12 22 25 0 22 8 24 8 25 25
split_gain=748042 175825 100706 39494.7 20302.5 17756.9 11748.7 11414.1 8097.3 4563.77 4212.86 4161.61 3757.5 3563.88 3486 2055.75 1910.85 1656.78 1595.49 1776.85 1506.7 1413.09 1395.56 1335.82 1292.81 1282.99 1251.15 1012.32 891.825 681.335
threshold=18.420000000000005 45.055000000000007 7.3550000000000013 -1.0910384833050364 29.145000000000003 55.510000000000005 3.2350000000000008 12.055000000000001 -0.6151451612903226 202.50000000000003 35.95000000000001 74.500000000000014 24.73 597.50000000000011 15.075000000000001 -0.18795161290322573 15.075000000000001 9.6750000000000025 30.145000000000003 276.50000000000006 0.53500000000000014 103.50000000000001 -0.91839784946236547 5.5050000000000008 93.500000000000014 785.00000000000011 4.5000000000000009 672.50000000000011 -0.34803225806451604 1.1675000000000002
decision_type=2 2 2 2 2 2 2 2 2 2 2 2 2 2 2 2 2 2 2 2 2 2 2 2 2 2 2 2 2 2
left_child=2 4 6 11 12 13 15 17 24 -7 25 -4 22 -3 18 -1 -9 28 19 21 -12 -13 -2 -10 -8 -6 -16 -14 -5 -24
right_child=1 5 3 7 10 9 8 16 23 -11 20 14 27 -15 26 -17 -18 -19 -20 -21 -22 -23 29 -25 -26 -27 -28 -29 -30 -31
leaf_value=0.23121606485993484 17.492307516710966 45.00952606282727 0.048580444275323043 5.8018403471758813 30.125489934566769 71.926470240705953 0.19120602954817745 13.383218951636938 3.6858081269576006 89.340741734588605 48.552382370084061 2.4398147737494362 25.3479591663238 61.029269611141878 14.327499780164839 1.4940708500157205 17.366341253203441 10.738888670361719 0.48666666745699394 1.6966291870600341 38.218606136879885 6.697856986202904 21.246447885451868 5.9411470144727705 1.7729124037527508 38.545456044075479 6.8884614347178843 31.371795027713503 8.7026400773883719 25.514893397921661
leaf_weight=18971 91 21 317 163 102 34 796 292 761 27 21 108 98 41 40 1383 205 288 135 178 43 280 183 401 1473 22 52 39 303 47
leaf_count=18971 91 21 317 163 102 34 796 292 761 27 21 108 98 41 40 1383 205 288 135 178 43 280 183 401 1473 22 52 39 303 47
internal_value=2.12803 32.8681 1.22391 7.45307 26.2701 67.5211 0.605579 11.3057 2.3174 79.6344 35.0202 3.11108 22.6784 55.6032 4.33531 0.317024 15.0262 8.85332 3.57575 4.31254 41.6094 5.51263 20.8072 4.46411 1.21803 31.6194 10.1228 27.0628 7.68798 22.1187
internal_weight=26915 769 26146 2361 646 123 23785 1251 3431 61 188 1110 458 62 793 20354 497 754 701 566 64 388 321 1162 2269 124 92 137 466 230
internal_count=26915 769 26146 2361 646 123 23785 1251 3431 61 188 1110 458 62 793 20354 497 754 701 566 64 388 321 1162 2269 124 92 137 466 230
is_linear=0
shrinkage=1


Tree=96
num_leaves=31
num_cat=0
split_feature=0 0 0 25 0 0 2 0 0 25 0 3 2 0 3 0 0 25 25 25 0 8 8 22 0 25 7 0 22 8
split_gain=756060 186327 101371 40714 19285 15999.6 12746.1 12278.8 12170.9 8653.3 4089.53 3798.28 3940.1 3104.81 2398.7 2194.79 2132.57 2040.76 1989.8 1969.44 1647.66 1438.28 1292.29 1274.4 1206.86 1178.08 1165.22 893.176 709.801 670.908
threshold=18.420000000000005 45.055000000000007 7.495000000000001 -1.2432258064516126 29.145000000000003 55.510000000000005 25.845000000000002 3.3250000000000006 11.705000000000002 -0.63928494623655918 35.95000000000001 20.785000000000004 33.885000000000012 22.875000000000004 21.475000000000005 12.955000000000002 15.075000000000001 0.037951612903225691 -0.41918279569892464 -0.18795161290322573 5.5050000000000008 785.00000000000011 785.00000000000011 93.500000000000014 15.075000000000001 -0.91839784946236547 76.966650000000016 8.9350000000000005 126.50000000000001 785.00000000000011
decision_type=2 2 2 2 2 2 2 2 2 2 2 2 2 2 2 2 2 2 2 2 2 2 2 2 2 2 2 2 2 2
left_child=2 4 7 11 13 17 14 19 18 23 21 -4 15 25 -7 -13 -10 -3 -5 28 -11 -6 -15 -9 -14 -2 -12 -20 -1 -18
right_child=1 5 3 8 10 6 -8 9 16 20 26 12 24 22 -16 -17 29 -19 27 -21 -22 -23 -24 -25 -26 -27 -28 -29 -30 -31
leaf_value=0.075931231895922213 17.178378221015329 48.730002358661771 0.83703702800608881 6.1995573591445741 30.22871263973169 81.090475210369604 58.555001404987451 0.2108418361060671 13.28099665845262 3.7011188600568738 46.50666810980109 5.5960226048759196 1.562318813159032 24.537588594357469 95.72500062297452 11.940506121848552 16.136301078028708 61.051220681787839 8.1903667754058187 1.4775109076785378 6.1910164186914471 38.328572923476742 30.9775001556741 1.7945290629596653 7.8764704391543514 21.925842430222065 37.15833497356045 10.828525438170162 0.46877237443246011 19.920289775230472
leaf_weight=11168 74 20 486 226 101 21 20 784 321 715 30 176 276 141 24 79 146 41 218 1374 423 28 40 1444 34 178 24 312 7820 69
leaf_count=11168 74 20 486 226 101 21 20 784 321 715 30 176 276 141 24 79 146 41 218 1374 423 28 40 1444 34 178 24 312 7820 69
internal_value=2.12933 33.6055 1.23349 7.50862 26.4386 68.6437 79.56 0.613857 11.2683 2.38316 35.0454 2.88677 4.64991 22.8012 88.8956 7.56157 14.9134 57.0115 8.68399 0.321378 4.62663 31.9868 25.9608 1.23725 2.25484 20.5317 42.3519 9.7434 0.237719 17.3507
internal_weight=26813 742 26071 2343 616 126 65 23728 1292 3366 183 1051 565 433 45 255 536 61 756 20362 1138 129 181 2228 310 252 54 530 18988 215
internal_count=26813 742 26071 2343 616 126 65 23728 1292 3366 183 1051 565 433 45 255 536 61 756 20362 1138 129 181 2228 310 252 54 530 18988 215
is_linear=0
shrinkage=1


Tree=97
num_leaves=31
num_cat=0
split_feature=0 0 0 25 0 0 0 0 25 2 0 8 22 0 0 0 25 25 0 12 22 25 8 22 0 8 2 22 2 0
split_gain=757379 179007 106115 41059.4 21259.9 17674.2 13009.6 12872.9 9071.94 8921.4 4015.7 3669.1 3661.7 3429.01 2718 2186.28 2071.33 1918.91 1585.18 1527.8 1346.41 1296.77 1184.34 1158.83 1000.98 966.953 859.649 858.214 1390.64 723.999
threshold=18.420000000000005 45.055000000000007 7.495000000000001 -1.2432258064516126 29.145000000000003 55.510000000000005 11.705000000000002 3.3250000000000006 -0.77983333333333327 25.135000000000002 35.95000000000001 785.00000000000011 110.50000000000001 24.73 12.320000000000002 15.075000000000001 -0.18795161290322573 -0.53209677419354828 5.5050000000000008 0.53500000000000014 286.50000000000006 1.0635000000000001 785.00000000000011 93.500000000000014 9.2550000000000008 672.50000000000011 35.725000000000001 276.50000000000006 35.525000000000013 1.5550000000000004
decision_type=2 2 2 2 2 2 2 2 2 2 2 2 2 2 2 2 2 2 2 2 2 2 2 2 2 2 2 2 2 2
left_child=2 4 7 12 13 11 17 16 23 -7 22 -3 -4 21 27 -8 -1 -5 -10 -12 26 -2 -6 -9 -19 -15 -16 28 -14 -18
right_child=1 5 3 6 10 9 15 8 18 -11 19 -13 14 25 20 -17 29 24 -20 -21 -22 -23 -24 -25 -26 -27 -28 -29 -30 -31
leaf_value=0.24048446388610745 20.109352325877332 45.856524107743589 0.92489710770291222 5.92812484687237 30.396969453930868 87.980951709654619 13.357575540655354 0.19059720447960893 3.657687557499349 62.320001939045071 48.43181985383444 61.70750098537075 6.1954837176206006 25.407070714491802 11.173684012838986 17.379039074098483 0.95171269591154983 8.3362743184031949 5.9464729100227114 38.18604782878861 2.682857121420299 25.841304004687057 38.100001443134424 1.7177299469459242 10.972793905630624 31.65757594995187 5.0333332609203261 1.3181817920388275 1.1623529170549132 2.4341698768684314
leaf_weight=18990 278 23 486 192 99 42 330 787 813 20 22 40 155 99 95 229 905 306 482 43 35 46 25 1348 272 33 30 143 85 518
leaf_count=18990 278 23 486 192 99 42 330 787 813 20 22 40 155 99 95 229 905 306 482 43 35 46 25 1348 272 33 30 143 85 518
internal_value=2.1702 33.0818 1.26176 7.66115 26.3696 67.7168 11.333 0.628881 2.4214 79.7032 35.2873 55.9206 2.91885 22.6735 4.7035 15.005 0.327683 8.66714 4.50958 41.6538 8.165 20.9231 31.95 1.1548 9.57699 26.9697 9.7 3.25744 4.41292 1.49136
internal_weight=26971 770 26201 2358 645 125 1329 23843 3430 62 189 63 1029 456 543 559 20413 770 1295 65 160 324 124 2135 578 132 125 383 240 1423
internal_count=26971 770 26201 2358 645 125 1329 23843 3430 62 189 63 1029 456 543 559 20413 770 1295 65 160 324 124 2135 578 132 125 383 240 1423
is_linear=0
shrinkage=1


Tree=98
num_leaves=31
num_cat=0
split_feature=0 0 0 25 0 0 0 0 25 22 22 0 0 0 8 25 0 2 22 0 24 25 0 12 8 22 19 8 0 25
split_gain=766622 186304 104926 41568.3 21188.8 19295.9 12704.3 10594.6 8645.73 5299.86 4715.92 4425.24 4077.03 3135.64 3019.3 2009.88 1961.55 1817.58 2365 1808.71 1607.56 1550.38 1458.44 1435.8 1320.46 1241.57 950.111 853.284 843.103 699.847
threshold=18.420000000000005 45.055000000000007 7.495000000000001 -1.0594999999999997 29.145000000000003 55.510000000000005 3.3250000000000006 12.585000000000003 -0.77983333333333327 202.50000000000003 74.500000000000014 35.95000000000001 14.585000000000003 24.73 785.00000000000011 -0.18795161290322573 9.6750000000000025 35.475000000000001 276.50000000000006 5.5050000000000008 4.5000000000000009 1.0635000000000001 15.075000000000001 0.53500000000000014 785.00000000000011 93.500000000000014 7.3500000000000005 645.00000000000011 12.055000000000001 0.68298387096774216
decision_type=2 2 2 2 2 2 2 2 2 2 2 2 2 2 2 2 2 2 2 2 2 2 2 2 2 2 2 2 2 2
left_child=2 4 6 10 13 14 15 16 25 -7 -4 24 17 21 -3 -1 29 18 28 -10 -14 -2 -9 -13 -6 -8 -22 -15 -12 -5
right_child=1 5 3 7 11 9 8 22 19 -11 12 23 20 27 -16 -17 -18 -19 -20 -21 26 -23 -24 -25 -26 -27 -28 -29 -30 -31
leaf_value=0.23601893073898372 20.076383541877824 45.947621337252961 0.046223566816386619 7.2987652580405236 30.220407892900003 72.564864206822804 0.19430693052887116 13.778468650710385 3.542412919076078 90.800001317794383 5.2236050280543038 48.52608856219544 13.969811136704836 25.199999997788019 60.755001404987453 1.4713780819323325 11.163129757430939 0.94157893085960409 1.6777777530070948 5.9987446514336122 8.9823527740972633 25.814034879156736 17.496713389541263 38.564104089399699 38.118520148149251 1.7686646193268591 0.84999996732342309 30.800000028762057 8.8872091468357137 10.143220110520369
leaf_weight=19015 271 21 331 324 98 37 808 209 804 28 233 23 53 90 40 1415 377 190 180 478 51 57 213 39 27 1318 20 39 86 118
leaf_count=19015 271 21 331 324 98 37 808 209 804 28 233 23 53 90 40 1415 377 190 180 478 51 57 213 39 27 1318 20 39 86 118
internal_value=2.16567 33.2657 1.25246 7.57644 26.3854 68.4317 0.619746 11.5848 2.40716 80.42 3.22823 35.3524 4.52374 22.7162 55.6574 0.321581 9.48742 3.57373 4.57595 4.45827 9.80242 21.0735 15.6552 42.2597 31.9264 1.17032 6.69155 26.893 6.21129 8.05814
internal_weight=26993 770 26223 2385 644 126 23838 1241 3408 65 1144 187 813 457 61 20430 819 689 499 1282 124 328 422 62 125 2126 71 129 319 442
internal_count=26993 770 26223 2385 644 126 23838 1241 3408 65 1144 187 813 457 61 20430 819 689 499 1282 124 328 422 62 125 2126 71 129 319 442
is_linear=0
shrinkage=1


Tree=99
num_leaves=31
num_cat=0
split_feature=5 2 26 22 2 22 3 22 22 2 22 2 6 2 5 7 2 1 22 3 22 6 22 22 7 8 3 1 1 2
split_gain=351444 167248 55853 39394.1 25859.1 30628.6 25795.3 24942.5 17376 15375.4 13619.5 12719.4 8086.26 11674.1 7465.24 7395.71 7615.54 6505.78 5707.52 5645.25 5618.78 4998.26 3596.85 3247.42 2582.39 2417.7 1935.78 2524.59 1925.78 1903.2
threshold=0.86740000000000006 25.405000000000005 -1.0536129032258066 74.500000000000014 33.225000000000001 276.50000000000006 22.665000000000003 198.50000000000003 208.50000000000003 24.155000000000005 190.50000000000003 24.155000000000005 16.639450000000004 21.925000000000004 0.61465000000000014 79.153350000000017 28.495000000000001 24.905000000000005 180.50000000000003 20.465000000000003 204.50000000000003 16.639450000000004 127.50000000000001 127.50000000000001 73.984100000000012 672.50000000000011 19.055000000000003 24.305000000000003 30.735000000000003 23.285000000000004
decision_type=2 2 2 2 2 2 2 2 2 2 2 2 2 2 2 2 2 2 2 2 2 2 2 2 2 2 2 2 2 2
left_child=11 2 7 -3 5 15 8 10 9 12 -2 19 13 -4 -13 17 -17 21 -14 -1 -9 -5 -16 -6 29 -11 -7 -28 -25 -10
right_child=1 3 6 4 23 26 -8 20 24 25 -12 14 18 -15 22 16 -18 -19 -20 -21 -22 -23 -24 28 -26 -27 27 -29 -30 -31
leaf_value=8.2476922084419275 50.465217603784261 0.019896196445347236 37.144444835812337 10.172402530100173 1.8450142250524766 0.68843928959934564 55.209525962918534 75.928570739108437 23.777419377921316 18.984506828412403 18.348386775303499 0.30953404437320731 29.135000422702909 19.925714153015438 0.62033719226434259 32.766667957213201 15.634374974238494 9.4043412087451923 52.00833372583655 27.460000041233183 53.304348337108394 15.077742828182046 3.0987573330830824 6.9994300719529452 10.807534100078389 9.7382978054228833 8.5570174318866741 2.3987499364081701 1.9857142829616734 14.787754879359229
leaf_weight=65 23 578 63 308 351 173 21 21 31 71 31 20002 20 105 949 30 192 668 24 20 23 638 1529 351 146 47 114 160 98 98
leaf_count=65 23 578 63 308 351 173 21 21 31 71 31 20002 20 105 949 30 192 668 24 20 23 638 1529 351 146 47 114 160 98 98
internal_value=2.15043 10.3423 24.2298 7.59588 9.01622 10.7306 20.7546 46.4286 19.5587 24.4509 32.0278 0.558533 29.5434 26.3827 0.512367 12.5379 17.9495 11.7936 41.6114 12.7682 64.1023 13.4807 2.1496 4.12375 13.688 15.3017 3.30738 4.96095 5.90512 16.9481
internal_weight=26950 4385 724 3661 3083 2283 626 98 605 330 54 22565 212 168 22480 1836 222 1614 44 85 44 946 2478 800 275 118 447 274 449 129
internal_count=26950 4385 724 3661 3083 2283 626 98 605 330 54 22565 212 168 22480 1836 222 1614 44 85 44 946 2478 800 275 118 447 274 449 129
is_linear=0
shrinkage=1


Tree=100
num_leaves=31
num_cat=0
split_feature=5 2 25 25 3 7 22 22 3 22 25 1 5 2 2 7 22 22 22 3 1 5 25 2 22 25 1 8 3 23
split_gain=363064 183817 64478.4 40795.5 29609 21643.6 21097.9 15839.6 12766.7 11869.8 11634 13073.9 10673.2 11063.2 8484.76 8847.97 6787.21 6169.14 5847.24 5420.74 4755.03 4515.48 4383.5 4113.89 11016.7 3172.1 3107.18 3756.19 2979.66 2497.64
threshold=0.86740000000000006 25.405000000000005 4.2306451612903233 -0.94790322580645159 22.725000000000005 79.153350000000017 198.50000000000003 190.50000000000003 19.985000000000003 208.50000000000003 -3.2685483870967738 26.195000000000004 0.77595000000000014 23.745000000000001 22.755000000000006 76.966650000000016 74.500000000000014 204.50000000000003 186.50000000000003 21.515000000000004 28.495000000000001 0.9426500000000001 -0.63928494623655918 31.185000000000006 274.50000000000006 -0.18795161290322573 24.905000000000005 496.50000000000006 20.545000000000005 5.5000000000000009
decision_type=2 2 2 2 2 2 2 2 2 2 2 2 2 2 2 2 2 2 2 2 2 2 2 2 2 2 2 2 2 2
left_child=12 2 4 5 9 16 7 18 -8 14 11 -7 25 -14 -2 28 -3 -10 -4 -12 29 -5 -15 24 -18 -1 27 -23 -16 -21
right_child=1 3 6 21 -6 10 8 -9 17 -11 19 -13 13 22 15 -17 23 -19 -20 20 -22 26 -24 -25 -26 -27 -28 -29 -30 -31
leaf_value=0.29879796623068389 32.332000280923324 0.017171719535446606 33.191667102879961 8.9505951158180377 56.980953934894679 44.92000160525906 35.044999936329006 16.713888582030947 77.971428317930986 14.005839257820501 1.9419753110935063 14.39361677072602 25.395652297245146 1.6551242014654712 10.137777728941719 34.352777643111025 11.722806959198726 55.118518311443161 55.043999932514311 13.289473702949492 5.6376470007185588 21.841071378864953 6.023809448362023 2.8881187680329559 2.1472440669742192 1.7761479468816785 10.571588250750633 13.254867144733886 19.499999852144953 24.927272528786865
leaf_weight=19883 75 495 24 504 21 20 20 36 21 274 81 47 23 644 45 36 228 27 25 114 85 56 357 707 254 1568 447 565 139 22
leaf_count=19883 75 495 24 504 21 20 20 36 21 274 81 47 23 644 45 36 228 27 25 114 85 56 357 707 254 1568 447 565 139 22
internal_value=2.17867 10.5209 24.8498 7.58403 20.1059 4.64851 43.1431 32.64 56.2721 18.745 11.5848 23.506 0.557353 3.71143 23.1468 20.0155 3.12862 65.1167 44.3408 8.94007 11.505 11.4177 3.21319 4.42397 6.67676 0.406788 12.582 14.0291 17.2103 15.1721
internal_weight=26843 4368 743 3625 590 2053 153 85 68 569 369 67 22475 1024 295 220 1684 48 49 302 221 1572 1001 1189 482 21451 1068 621 184 136
internal_count=26843 4368 743 3625 590 2053 153 85 68 569 369 67 22475 1024 295 220 1684 48 49 302 221 1572 1001 1189 482 21451 1068 621 184 136
is_linear=0
shrinkage=1


Tree=101
num_leaves=31
num_cat=0
split_feature=0 0 0 21 0 0 0 0 26 21 24 0 8 4 0 21 2 2 24 2 8 0 8 12 21 21 1 24 0 8
split_gain=803404 191273 101173 23171.4 21726 18295.6 13048.3 11994.1 5902.38 5383.25 4635.07 4174.18 3580.64 3474.82 3262.32 3231.73 3394.3 2827.13 2669.44 2372.96 1532.85 1526.96 1505.05 1503.92 1413.35 1305.92 1578.57 1288.42 1275.35 1247.01
threshold=18.420000000000005 45.055000000000007 7.495000000000001 4.5000000000000009 29.145000000000003 55.510000000000005 12.320000000000002 3.3250000000000006 -1.0031666666666663 4.5000000000000009 2.5000000000000004 35.95000000000001 785.00000000000011 24.275000000000002 22.875000000000004 9.5000000000000018 33.725000000000001 27.895000000000003 4.5000000000000009 26.735000000000003 785.00000000000011 9.8650000000000002 785.00000000000011 0.53500000000000014 4.5000000000000009 9.5000000000000018 28.815000000000001 2.5000000000000004 1.7150000000000001 785.00000000000011
decision_type=2 2 2 2 2 2 2 2 2 2 2 2 2 2 2 2 2 2 2 2 2 2 2 2 2 2 2 2 2 2
left_child=2 4 7 10 14 12 15 24 -7 -9 -4 20 -3 -10 29 16 21 -8 -19 -11 -6 -5 -16 -13 -1 26 -21 -17 -26 -2
right_child=1 5 3 6 11 8 17 9 13 19 -12 23 -14 -15 22 27 -18 18 -20 25 -22 -23 -24 -25 28 -27 -28 -29 -30 -31
leaf_value=0.075310023295402484 19.251707056852229 45.290478516440551 11.72978698247743 8.0075386180171133 30.29541258070655 90.977776256751156 15.870445182156748 0.54088847942960472 62.952381352831459 5.6848213440623159 1.3849637465760933 48.020834846403872 61.161364753514839 81.370001176105617 24.360509473096471 9.622856919786301 4.0816454495738297 13.47452802674302 7.4566370237129007 3.8552185118447317 38.47586364890288 10.901633779567065 31.100000055311231 38.053659855044316 0.40697424426368545 1.4062499780756923 1.3869436079828232 3.0148935526004705 1.2786703561736543 24.43499977102546
leaf_weight=10725 205 21 47 451 109 27 247 1103 21 336 552 24 44 20 157 35 158 212 113 1121 29 306 42 41 7456 496 337 188 2166 60
leaf_count=10725 205 21 47 451 109 27 247 1103 21 336 552 24 44 20 157 35 158 212 113 1121 29 306 42 41 7456 496 337 188 2166 60
internal_value=2.18846 33.4028 1.22983 7.54907 26.4981 68.0301 9.42398 0.615206 79.4971 2.35582 2.19666 35.1266 56.0338 71.9366 22.7231 7.46555 8.29749 13.3203 11.3822 3.23 32.0145 9.17741 25.7829 41.7338 0.324947 2.80788 3.28471 4.05202 0.603201 20.4253
internal_weight=26849 800 26049 2309 667 133 1710 23740 68 3393 599 203 65 41 464 1138 915 572 325 2290 138 757 199 65 20347 1954 1458 223 9622 265
internal_count=26849 800 26049 2309 667 133 1710 23740 68 3393 599 203 65 41 464 1138 915 572 325 2290 138 757 199 65 20347 1954 1458 223 9622 265
is_linear=0
shrinkage=1


Tree=102
num_leaves=31
num_cat=0
split_feature=0 0 0 25 0 0 0 0 25 0 3 2 2 0 8 0 0 25 0 25 8 8 25 12 0 3 2 0 25 25
split_gain=746973 171635 102300 39237.4 20580.3 18955.1 12841 11393.5 9094.22 4670.13 3996.03 4191 3725.1 3311.58 3230 2317.69 2229.45 1994.78 1457.82 1413.98 1405.6 1386.1 1374.68 1290.1 1236.54 1029.39 1081.46 969.549 838.125 688.02
threshold=18.420000000000005 45.055000000000007 7.495000000000001 -1.153774759479343 29.145000000000003 55.510000000000005 3.3250000000000006 11.705000000000002 -0.6151451612903226 35.95000000000001 20.585000000000004 33.57500000000001 25.135000000000002 22.875000000000004 785.00000000000011 15.075000000000001 12.955000000000002 -0.18795161290322573 5.5050000000000008 -0.53209677419354828 785.00000000000011 785.00000000000011 -1.8455967741935482 0.53500000000000014 15.555000000000001 20.505000000000006 31.765000000000004 9.2550000000000008 1.0635000000000001 -1.3054999999999997
decision_type=2 2 2 2 2 2 2 2 2 2 2 2 2 2 2 2 2 2 2 2 2 2 2 2 2 2 2 2 2 2
left_child=2 4 6 10 13 14 17 19 25 20 29 16 -7 22 -3 -9 -12 -1 -10 -5 -6 -15 -2 -11 -13 -8 -27 -21 -24 -4
right_child=1 5 3 7 9 12 8 15 18 23 11 24 -14 21 -16 -17 -18 -19 -20 27 -22 -23 28 -25 -26 26 -28 -29 -30 -31
leaf_value=0.24096461486621501 12.42499977658856 45.865219627232378 0.58926940000748096 6.1790417435094014 30.118094999129823 85.941024398221941 0.43887688557133808 13.106481254232072 3.8093575222645022 48.252175386032057 5.8323862299028209 2.0018691126353723 69.155002167926909 24.4576158570211 60.737501481281399 17.347196071805378 12.09404740613795 1.4925274618292896 6.1125559316145193 8.2410772648153827 38.330770624019152 30.952380989526961 20.145025961651729 38.763159365979561 9.0481479772770985 3.2894736498374462 1.2585594820346822 10.856826348505303 24.94222197841275 4.873170599883502
leaf_weight=18992 20 23 438 167 105 39 926 324 716 23 176 321 20 151 40 214 84 1365 446 297 26 42 191 38 27 361 958 271 45 41
leaf_count=18992 20 23 438 167 105 39 926 324 716 23 176 321 20 151 40 214 84 1365 446 297 26 42 191 38 27 361 958 271 45 41
internal_value=2.15001 32.9917 1.24922 7.52869 26.4485 67.3705 0.62561 11.2965 2.42245 35.1135 3.1161 4.81793 80.2508 22.7432 55.3079 14.7933 7.85538 0.324886 4.69337 8.73701 31.7481 25.871 20.3852 42.341 2.54856 1.24704 1.8144 9.48908 21.0597 0.95595
internal_weight=26887 763 26124 2360 641 122 23764 1273 3407 192 1087 608 59 449 63 538 260 20357 1162 735 131 193 256 61 348 2245 1319 568 236 479
internal_count=26887 763 26124 2360 641 122 23764 1273 3407 192 1087 608 59 449 63 538 260 20357 1162 735 131 193 256 61 348 2245 1319 568 236 479
is_linear=0
shrinkage=1


Tree=103
num_leaves=31
num_cat=0
split_feature=0 0 0 25 0 0 0 25 0 0 22 25 0 22 25 0 0 22 0 12 8 2 22 8 0 0 24 22 25 25
split_gain=775462 183966 108676 40234.2 19526.5 19448.7 19067.1 12768.8 8671.17 4288.63 3525.63 2911.72 2862.55 2748.65 2326.98 2243.47 1870.8 1791.66 1700.42 1512.1 1508.89 1447.5 2472.04 1207.97 1125.5 1047.21 1038.46 878.242 858.808 753.968
threshold=19.395000000000003 45.055000000000007 8.9350000000000005 -1.2778225806451611 4.2150000000000007 55.510000000000005 29.145000000000003 -0.65118562535370672 14.585000000000003 35.95000000000001 74.500000000000014 -0.18795161290322573 15.075000000000001 202.50000000000003 2.5754838709677421 24.73 5.9150000000000009 93.500000000000014 10.525 0.53500000000000014 785.00000000000011 35.475000000000001 276.50000000000006 672.50000000000011 1.925 2.0750000000000006 4.5000000000000009 126.50000000000001 1.1675000000000002 0.09870967741935488
decision_type=2 2 2 2 2 2 2 2 2 2 2 2 2 2 2 2 2 2 2 2 2 2 2 2 2 2 2 2 2 2
left_child=2 6 4 10 11 14 15 17 18 20 -4 25 21 -7 -3 23 -9 -6 -5 -11 -8 22 -12 -2 -13 -1 -14 -27 -17 -10
right_child=1 5 3 8 7 13 9 16 29 19 12 24 26 -15 -16 28 -18 -19 -20 -21 -22 -23 -24 -25 -26 27 -28 -29 -30 -31
leaf_value=0.1808509340539306 20.561611182013156 48.028573572883538 0.0091703078260496618 9.1486205000334007 0.24521354644874149 76.144735904065513 30.133999722705962 4.4274161287550218 16.369158616433772 48.373914649151963 7.0870965891085351 1.075220362070191 14.045714122588686 89.340741734588605 61.208109388344653 25.394117568802226 7.0508530868228192 2.2671520659355293 12.286416641449581 38.406668067415566 38.439287290934544 0.80703123871473847 1.2355932028161294 25.646666450407785 2.8486388260480044 0.2668738341857817 7.1482757381356219 1.2971814406690025 31.646428690318093 19.818888715015532
leaf_weight=16617 211 21 229 290 679 38 100 507 214 23 186 1021 35 27 37 102 586 1236 427 45 28 128 118 60 551 1609 58 1703 28 90
leaf_count=16617 211 21 229 290 679 38 100 507 214 23 186 1021 35 27 37 102 586 1236 427 45 28 128 118 60 551 1609 58 1703 28 90
internal_value=2.15454 34.5322 1.26762 8.82349 0.720401 69.748 27.2767 3.10678 12.9149 35.3602 3.28329 0.386545 4.71143 81.6262 56.4362 23.3257 5.83394 1.55023 11.0173 41.7779 31.9508 3.62801 4.81579 21.6875 1.69682 0.28319 9.74409 0.796649 26.7408 17.3905
internal_weight=27004 720 26284 1775 24509 123 597 3008 1021 196 754 21501 525 65 58 401 1093 1915 717 68 128 432 304 271 1572 19929 93 3312 130 304
internal_count=27004 720 26284 1775 24509 123 597 3008 1021 196 754 21501 525 65 58 401 1093 1915 717 68 128 432 304 271 1572 19929 93 3312 130 304
is_linear=0
shrinkage=1


Tree=104
num_leaves=31
num_cat=0
split_feature=0 0 0 25 0 0 0 0 25 0 22 5 0 0 22 25 0 25 25 0 8 25 12 8 22 0 0 7 8 2
split_gain=730328 170489 100347 39398.1 21301.6 15854.6 12319.9 11219.8 8903.23 4246.52 3950.36 3562.68 3350.78 3110.31 2492.16 2420.4 2155.21 1773.24 1621.54 1614.81 1515.64 1462.8 1436.58 1384.71 1338.39 922.663 837.033 958.276 781.427 763.895
threshold=18.420000000000005 45.055000000000007 7.495000000000001 -1.2432258064516126 29.145000000000003 55.510000000000005 3.2350000000000008 11.705000000000002 -0.63928494623655918 35.95000000000001 110.50000000000001 0.95905000000000007 22.875000000000004 11.705000000000002 276.50000000000006 0.22290322580645142 15.075000000000001 -0.18795161290322573 -0.53209677419354828 5.5050000000000008 785.00000000000011 -1.7326612903225802 0.53500000000000014 785.00000000000011 93.500000000000014 9.2550000000000008 15.075000000000001 76.966650000000016 785.00000000000011 36.835000000000008
decision_type=2 2 2 2 2 2 2 2 2 2 2 2 2 2 2 2 2 2 2 2 2 2 2 2 2 2 2 2 2 2
left_child=2 4 6 10 12 15 17 18 24 23 26 -7 21 -12 29 -3 -9 -1 -5 -10 -14 -2 -11 -6 -8 -20 -4 -28 -23 -15
right_child=1 5 3 7 9 11 8 16 19 22 13 -13 20 14 -16 -17 -18 -19 25 -21 -22 28 -24 -25 -26 -27 27 -29 -30 -31
leaf_value=0.23603230088316085 12.114999833809019 47.742859468821507 0.45077261958860926 6.1237836166262412 30.199999768560179 89.299999748082001 0.18805790126262378 13.064110208657828 3.7022135258218052 48.69047786249245 2.9299702558256024 73.185294196466231 24.393463977770882 11.184745530006142 2.1574073972481407 61.058975815802569 17.171904519306302 1.4176211356196218 8.3146664832971293 6.1372036696134051 31.376923203497885 20.01684183881089 38.600001476845705 38.821740620009002 1.764885970898356 10.85054524426871 0.0049999983178383722 9.4695652080382846 24.183050599194083 4.9958332658873807
leaf_weight=18822 20 21 453 185 98 23 829 326 768 21 337 34 153 118 54 39 210 1362 300 422 39 190 43 23 1535 275 20 23 59 24
leaf_count=18822 20 21 453 185 98 23 829 326 768 21 337 34 153 118 54 39 210 1362 300 422 39 190 43 23 1535 275 20 23 59 24
internal_value=2.1249 32.6201 1.23215 7.50189 26.2585 67.7444 0.618064 11.1699 2.33489 35.3232 2.88212 79.6877 22.6208 4.77223 7.9398 56.3983 14.6735 0.315765 8.69895 4.56571 25.812 20.3431 41.9109 31.8388 1.21193 9.52748 0.851008 5.06744 21.004 10.1387
internal_weight=26826 763 26063 2325 646 117 23738 1296 3554 185 1029 57 461 533 196 60 536 20184 760 1190 192 269 64 121 2364 575 496 43 249 142
internal_count=26826 763 26063 2325 646 117 23738 1296 3554 185 1029 57 461 533 196 60 536 20184 760 1190 192 269 64 121 2364 575 496 43 249 142
is_linear=0
shrinkage=1


Tree=105
num_leaves=31
num_cat=0
split_feature=0 0 0 25 0 0 0 0 25 3 2 25 0 13 0 0 0 25 25 0 0 12 8 22 25 8 8 2 3 25
split_gain=745012 178888 102975 40047.5 21091.5 18553.8 12491.2 11220.9 8988.09 4345.47 4691.46 4330.92 4167.23 4015.1 3330.54 2517.76 2270.03 1966.91 1734.74 1471.97 1460.43 1341.3 1295.95 1287.34 1128.63 1112.08 905.789 890.918 1550.28 788.141
threshold=18.420000000000005 45.055000000000007 7.495000000000001 -1.153774759479343 29.145000000000003 55.510000000000005 3.3250000000000006 12.585000000000003 -0.65118562535370672 21.435000000000006 35.595000000000006 2.5754838709677421 35.95000000000001 0.11000000000000001 22.875000000000004 13.655000000000003 9.6750000000000025 -0.18795161290322573 -1.7866666666666668 15.075000000000001 5.5050000000000008 0.53500000000000014 785.00000000000011 115.50000000000001 -0.53944736842105245 785.00000000000011 785.00000000000011 28.225000000000005 17.865000000000006 -0.52868279569892462
decision_type=2 2 2 2 2 2 2 2 2 2 2 2 2 2 2 2 2 2 2 2 2 2 2 2 2 2 2 2 2 2
left_child=2 4 6 9 14 13 17 16 23 27 15 -7 25 -3 18 -11 24 -1 -2 -9 -10 -14 -16 -8 -5 -6 -20 28 -4 -18
right_child=1 5 3 7 12 11 8 19 20 10 -12 -13 21 -15 22 -17 29 -19 26 -21 -22 -23 -24 -25 -26 -27 -28 -29 -30 -31
leaf_value=0.24106730793101017 11.284999826656462 43.800002244220849 0.010869568303601085 4.9203702297431589 30.306315538079431 71.532258629039646 0.40844659754410251 13.771805949083406 3.7757746258157567 5.8428570068303696 1.3693877313053395 88.386665236062498 48.390477717170647 60.771740304881831 24.48079465233667 12.181608980075167 8.1438354105000581 1.4658380586888233 19.922512812729781 17.449760542766217 6.0911763470584024 38.602382242927483 31.234285882221343 1.920789659407834 8.6324481843654119 38.347620592478734 24.464912112293899 0.59202585523016715 8.3627905987396556 11.812499796080891
leaf_weight=19076 20 20 46 108 95 31 1030 227 710 224 196 30 21 46 151 87 73 1408 191 209 442 42 35 1241 339 21 57 464 43 296
leaf_count=19076 20 20 46 108 95 31 1030 227 710 224 196 30 21 46 151 87 73 1408 191 209 442 42 35 1241 339 21 57 464 43 296
internal_value=2.13171 32.997 1.23703 7.60977 26.125 67.2488 0.620739 11.4393 2.38899 3.0866 5.20118 79.8213 35.3179 55.6288 22.5004 7.61608 9.25098 0.325254 20.244 15.5349 4.66415 41.8651 25.7516 1.23487 7.73557 31.7621 20.9665 1.14792 4.04607 11.0867
internal_weight=26979 760 26219 2312 633 127 23907 1252 3423 1060 507 61 179 66 454 311 816 20484 268 436 1152 63 186 2271 447 116 248 553 89 369
internal_count=26979 760 26219 2312 633 127 23907 1252 3423 1060 507 61 179 66 454 311 816 20484 268 436 1152 63 186 2271 447 116 248 553 89 369
is_linear=0
shrinkage=1


Tree=106
num_leaves=31
num_cat=0
split_feature=0 0 0 22 0 0 0 0 22 22 1 22 0 8 22 1 8 24 22 0 22 24 1 0 8 0 0 12 1 24
split_gain=774367 168240 114680 24549.2 19618.5 17641.9 17185.9 12450.4 7687.99 5172.63 5230.61 4847.1 4440.67 2807.86 2624.85 3134.68 2534.57 2399.5 2012.77 2223.81 1787.24 1736.76 1590.22 1521.91 1484.65 1364.69 1347.19 1279.01 1141.22 1010.9
threshold=19.395000000000003 45.055000000000007 8.9350000000000005 110.50000000000001 4.0650000000000004 29.145000000000003 55.510000000000005 14.585000000000003 115.50000000000001 276.50000000000006 28.665000000000003 202.50000000000003 35.95000000000001 785.00000000000011 276.50000000000006 25.695000000000004 672.50000000000011 2.5000000000000004 126.50000000000001 1.7450000000000003 286.50000000000006 3.5000000000000004 25.045000000000005 24.73 785.00000000000011 5.7150000000000007 12.055000000000001 0.53500000000000014 29.375000000000004 2.5000000000000004
decision_type=2 2 2 2 2 2 2 2 2 2 2 2 2 2 2 2 2 2 2 2 2 2 2 2 2 2 2 2 2 2
left_child=2 5 4 17 18 16 13 9 -6 10 26 -8 24 -3 15 25 23 -4 -1 -20 22 -11 -9 -2 -7 -10 -5 -14 -17 -12
right_child=1 6 3 7 8 12 11 20 14 21 29 -13 27 -15 -16 28 -18 -19 19 -21 -22 -23 -24 -25 -26 -27 -28 -29 -30 -31
leaf_value=0.089935685409405774 20.428947175753063 47.031820408699502 12.219047401880475 10.060995643929946 0.63297061351094031 30.278703418921555 71.92777716097568 17.955092397879685 4.4842994600208481 9.1863635050684653 10.186956222137406 89.84615537145099 48.086957862042588 60.868183074049284 1.9279378770330637 3.9208555589754379 28.053684099673543 1.2206703791632547 0.41976743640264136 1.495530934547411 6.9272726805077802 1.8077585933569429 13.749350363547855 25.187499948066538 38.450001753759771 6.8955718109392361 12.88880287113061 38.684616978381442 1.2592920174909457 2.879439179886305
leaf_weight=11506 190 22 21 482 919 108 36 216 414 44 23 26 23 44 451 561 95 358 7224 2618 22 116 154 104 28 542 259 39 226 107
leaf_count=11506 190 22 21 482 919 108 36 216 414 44 23 26 23 44 451 561 95 358 7224 2618 22 116 154 104 28 542 259 39 226 107
internal_value=2.16707 34.6375 1.28308 8.98202 0.715907 27.4744 67.4867 10.8869 3.06113 9.06295 10.023 79.4419 35.1586 56.2561 4.07821 4.6346 23.5632 1.83008 0.373923 0.705924 15.6839 3.83687 16.2046 22.1122 31.961 5.85136 11.0494 42.1726 3.15654 4.17231
internal_weight=26978 715 26263 1802 24461 587 128 1423 3113 1031 871 62 198 66 2194 1743 389 379 21348 9842 392 160 370 294 136 956 741 62 787 130
internal_count=26978 715 26263 1802 24461 587 128 1423 3113 1031 871 62 198 66 2194 1743 389 379 21348 9842 392 160 370 294 136 956 741 62 787 130
is_linear=0
shrinkage=1


Tree=107
num_leaves=31
num_cat=0
split_feature=0 0 0 25 0 0 0 25 0 2 3 0 2 25 2 25 0 0 0 22 0 0 9 12 25 25 25 9 25 2
split_gain=777966 183687 114807 39499.7 19482.6 19101.2 18223.7 12847.9 8250.62 7875.54 4350.84 3838.32 3512.96 2873.75 2756.23 2565.75 2392.64 2039.27 1842.87 1780.21 1719.58 1647.23 1457.3 1434.88 1241.36 1000.52 924.268 901.889 854.946 850.604
threshold=19.395000000000003 45.055000000000007 8.9350000000000005 -1.2930645161290319 4.2150000000000007 55.510000000000005 29.145000000000003 -0.65118562535370672 14.585000000000003 25.135000000000002 20.585000000000004 35.95000000000001 35.525000000000013 -0.33032258064516123 22.755000000000006 0.22290322580645142 24.73 15.555000000000001 5.9150000000000009 94.500000000000014 11.705000000000002 1.6150000000000004 9.5000000000000018 0.53500000000000014 -1.8455967741935482 1.0635000000000001 -0.5490350877192981 5.1500000000000012 0.09870967741935488 34.795000000000009
decision_type=2 2 2 2 2 2 2 2 2 2 2 2 2 2 2 2 2 2 2 2 2 2 2 2 2 2 2 2 2 2
left_child=2 6 4 10 13 15 16 19 20 14 -4 22 17 -1 -7 -3 25 24 -9 -6 26 -15 -8 -13 -12 -2 -5 -18 -10 -21
right_child=1 5 3 8 7 9 11 18 28 -11 12 23 -14 21 -16 -17 27 -19 -20 29 -22 -23 -24 -25 -26 -27 -28 -29 -30 -31
leaf_value=0.25965518878965366 20.890277566508026 47.850002053485987 0.53921568079011717 7.1474224826862311 0.26316567840479488 78.929998543964516 30.302298606472924 4.4728571002880191 16.194666410989246 64.135001519428371 4.2726561355241977 48.733334896358244 1.5920529570084059 0.78919462284182695 94.418519031997093 61.180953653333688 25.345652179072459 13.512499708043219 7.111110949637796 2.8446933515392914 12.996609957180189 2.5184210425999933 38.834617085975474 38.648838739376359 8.9490194445038291 26.334999755130887 10.650444907931474 31.19189187306937 19.813043327929908 1.0726130434927101
leaf_weight=19083 216 22 306 97 676 20 87 490 225 20 128 21 151 1490 27 42 92 48 576 848 295 874 26 43 102 40 337 37 92 398
leaf_count=19083 216 22 306 97 676 20 87 490 225 20 128 21 151 1490 27 42 92 48 576 848 295 874 26 43 102 40 337 37 92 398
internal_value=2.16096 35.232 1.28676 9.03807 0.721784 68.9534 27.3717 3.11406 12.9858 80.7552 3.42 35.7701 5.47483 0.388493 87.8277 56.5984 23.5106 7.58381 5.89841 1.56977 11.1337 1.42851 32.2655 41.9578 6.34652 21.741 9.86751 27.0225 17.2448 2.27865
internal_weight=26909 693 26216 1781 24435 131 562 2988 1046 67 735 177 429 21447 47 64 385 278 1066 1922 729 2364 113 64 230 256 434 129 317 1246
internal_count=26909 693 26216 1781 24435 131 562 2988 1046 67 735 177 429 21447 47 64 385 278 1066 1922 729 2364 113 64 230 256 434 129 317 1246
is_linear=0
shrinkage=1


Tree=108
num_leaves=31
num_cat=0
split_feature=0 0 0 25 0 0 0 0 25 0 22 0 8 0 25 22 25 0 25 8 25 12 0 7 2 22 22 22 0 0
split_gain=768314 182728 101235 39398.1 22718.1 17496.4 12989.7 11930.4 8189.16 4477.14 3765.04 3420.08 3352.2 3101.93 2667.32 2464.93 4966.21 2162.4 1823.31 1601.79 1573.53 1520.29 1462.69 1437.47 1389.48 2177.18 1118.7 1051.45 976.01 948.962
threshold=18.420000000000005 45.055000000000007 7.495000000000001 -1.2432258064516126 29.145000000000003 55.510000000000005 4.0650000000000004 11.705000000000002 -0.78887096774193533 35.95000000000001 74.500000000000014 14.585000000000003 785.00000000000011 24.73 -0.33032258064516123 202.50000000000003 -0.0087096774193548155 15.075000000000001 -0.53209677419354828 785.00000000000011 -0.91839784946236547 0.53500000000000014 1.7750000000000001 76.966650000000016 35.475000000000001 276.50000000000006 93.500000000000014 102.50000000000001 9.2550000000000008 5.9150000000000009
decision_type=2 2 2 2 2 2 2 2 2 2 2 2 2 2 2 2 2 2 2 2 2 2 2 2 2 2 2 2 2 2
left_child=2 4 6 10 13 12 14 18 26 19 -4 24 -3 20 -1 16 -7 -9 -5 -6 -2 -11 -16 -13 25 27 -8 -12 -20 -10
right_child=1 5 3 7 9 15 8 17 29 21 11 23 -14 -15 22 -17 -18 -19 28 -21 -22 -23 -24 -25 -26 -27 -28 -29 -30 -31
leaf_value=0.25421952978156481 17.378260693319191 45.423811813443436 0.048888890764083648 5.9047870647825667 30.077227479886051 63.135000756488914 0.22581196424570216 13.090797345126267 4.2496087213939013 48.560871137719808 2.6719999598529744 4.3628570689682116 61.094872899574106 26.658461555486067 0.84098572411896244 86.78461638172368 85.419998124347813 17.131838353638823 8.2691028037855752 38.7481496364938 22.253813318332273 38.566668169140826 2.5466487871049632 12.270149077469846 0.93954800586316822 1.2912499868206613 1.9875399054513605 7.0258214381459503 10.90340887905734 6.2654890037108224
leaf_weight=18995 92 21 315 188 101 20 585 326 639 23 75 35 39 130 1542 26 20 223 301 27 236 45 746 67 177 160 939 213 264 368
leaf_count=18995 92 21 315 188 101 20 585 326 639 23 75 35 39 130 1542 26 20 223 301 27 236 45 746 67 177 160 939 213 264 368
internal_value=2.17119 33.0985 1.24898 7.51945 26.3803 67.969 0.631775 11.1871 2.77345 35.3898 2.93666 4.1879 55.61 22.5247 0.377085 79.2045 74.2775 14.7322 8.60239 31.9063 20.8863 41.9471 1.39712 9.55686 3.31168 4.24888 1.31129 5.89201 9.5 4.9863
internal_weight=26938 780 26158 2344 654 126 23814 1302 2531 196 1042 727 60 458 21283 66 40 549 753 128 328 68 2288 102 625 448 1524 288 565 1007
internal_count=26938 780 26158 2344 654 126 23814 1302 2531 196 1042 727 60 458 21283 66 40 549 753 128 328 68 2288 102 625 448 1524 288 565 1007
is_linear=0
shrinkage=1


Tree=109
num_leaves=31
num_cat=0
split_feature=0 0 0 25 0 0 0 0 25 0 2 22 8 0 0 25 7 25 25 8 22 8 0 25 22 8 0 0 2 3
split_gain=788371 204876 91015.9 38713.8 23668.5 21340.4 12427.7 9356.72 8456.59 5997.54 5911.98 3717.78 3630.49 2945.03 2927.18 2666.29 1971.6 1934.38 1743.88 1699.69 1600.06 1522.32 1479.03 1407.8 1358.75 1321.5 1283.54 1015.2 878.65 1248.25
threshold=17.620000000000001 45.055000000000007 7.495000000000001 -1.153774759479343 26.785000000000004 55.510000000000005 3.2350000000000008 12.055000000000001 -0.6151451612903226 35.95000000000001 25.135000000000002 74.500000000000014 785.00000000000011 12.320000000000002 20.515000000000004 -1.7326612903225802 78.197250000000011 -0.18795161290322573 -0.41918279569892464 785.00000000000011 202.50000000000003 785.00000000000011 5.5050000000000008 -1.7113469156762873 93.500000000000014 785.00000000000011 15.075000000000001 8.9350000000000005 35.415000000000006 20.885000000000002
decision_type=2 2 2 2 2 2 2 2 2 2 2 2 2 2 2 2 2 2 2 2 2 2 2 2 2 2 2 2 2 2
left_child=2 4 6 11 14 12 17 18 24 21 20 -4 -3 28 15 -2 23 -1 -5 -16 -7 -6 -10 -15 -8 -11 -9 -20 29 -13
right_child=1 5 3 7 9 10 8 26 22 25 -12 13 -14 16 19 -17 -18 -19 27 -21 -22 -23 -24 -25 -26 -27 -28 -29 -30 -31
leaf_value=0.23799089502805049 7.2399999410973788 45.5913067827818 0.047706424083806098 6.4221673107054542 28.971241672024242 81.13499846767057 0.21672771587940143 13.402033662232709 3.7023621858978948 38.520931585204394 67.347621228261616 1.5684848166030001 61.035556769808146 1.7794520134630227 22.008796129840405 19.450295643252904 10.445544401743376 1.4652394666413566 8.1427227988954485 28.191071240922774 93.245833797362138 35.900000813709376 6.0377671049706647 9.3513511321283449 1.8107073096783 48.360001710163232 16.884848261075803 10.931750548248331 0.8209150094064761 5.1999998708652537
leaf_weight=18894 20 23 327 203 153 20 819 295 762 43 21 165 45 73 216 169 101 1378 213 56 24 40 421 37 1541 20 165 337 153 222
leaf_count=18894 20 23 327 203 153 20 819 295 762 43 21 165 45 73 216 169 101 1378 213 56 24 40 421 37 1541 20 165 337 153 222
internal_value=2.17838 32.1492 1.20254 7.22261 25.4626 68.1962 0.623414 11.0979 2.35137 33.1727 81.1523 2.86206 55.8118 4.08748 21.1811 18.1582 7.25545 0.321414 8.92709 23.2816 87.7409 30.4073 4.53347 4.32636 1.25754 41.6444 14.6513 9.85164 2.84963 3.65168
internal_weight=26956 850 26106 2291 717 133 23815 1213 3543 256 65 1078 68 751 461 189 211 20272 753 272 44 193 1183 110 2360 63 460 550 540 387
internal_count=26956 850 26106 2291 717 133 23815 1213 3543 256 65 1078 68 751 461 189 211 20272 753 272 44 193 1183 110 2360 63 460 550 540 387
is_linear=0
shrinkage=1


Tree=110
num_leaves=31
num_cat=0
split_feature=0 0 0 25 0 0 0 0 25 0 22 22 0 25 7 25 0 2 22 0 25 7 8 12 22 0 22 0 25 22
split_gain=756120 199253 101374 40946.7 23370.9 19965.7 12534.7 11351.5 8745.7 5596.64 4225.23 3602.72 3550.93 2256.85 2146.54 2140.69 2059.08 1806.56 2019.07 1699.25 1685.78 1677.89 1604.06 1426.12 1378.88 1320.91 1082.28 1036.43 771.219 663.629
threshold=18.420000000000005 45.055000000000007 7.495000000000001 -1.153774759479343 55.510000000000005 26.785000000000004 3.2350000000000008 12.055000000000001 -0.63928494623655918 35.95000000000001 74.500000000000014 202.50000000000003 14.585000000000003 1.1675000000000002 76.966650000000016 -0.18795161290322573 15.075000000000001 35.415000000000006 276.50000000000006 5.8250000000000011 -0.50025806451612898 73.832350000000005 785.00000000000011 0.53500000000000014 93.500000000000014 20.515000000000004 102.50000000000001 10.055000000000001 -1.4291827956989243 126.50000000000001
decision_type=2 2 2 2 2 2 2 2 2 2 2 2 2 2 2 2 2 2 2 2 2 2 2 2 2 2 2 2 2 2
left_child=2 5 6 10 21 13 15 20 24 22 -4 -6 17 25 -14 29 -9 18 26 -10 -5 -3 -7 -11 -8 28 -12 -22 -2 -1
right_child=1 4 3 7 11 9 8 16 19 23 12 -13 14 -15 -16 -17 -18 -19 -20 -21 27 -23 -24 -25 -26 -27 -28 -29 -30 -31
leaf_value=0.074568302826027111 12.554545264729359 62.893750551448939 0.037272729130720439 6.169767256013813 78.151722968655548 29.148993147985617 0.19735576850572056 13.329391658560608 3.7957274579089697 48.159092407711839 2.7426666258838579 94.203705658290133 3.5815788757919709 26.984057674868108 12.917142676987359 1.5137857035063937 17.406572558798342 0.82606381167495702 1.6945782815369317 6.4283624332412259 8.8038459603707651 52.570969930781693 36.212196300848078 38.042106593859138 1.7963470093060532 22.174129198560482 7.124228913813857 11.657142639723419 19.189534628427936 0.45515918310018266
leaf_weight=11061 22 32 330 172 29 149 832 296 866 22 75 27 38 69 70 1400 213 188 166 342 390 31 41 38 1533 201 227 189 86 7821
leaf_count=11061 22 32 330 172 29 149 832 296 866 22 75 27 38 69 70 1400 213 188 166 342 390 31 41 38 1533 201 227 189 86 7821
internal_value=2.13686 33.5082 1.24273 7.50344 71.0269 26.3987 0.624921 11.3897 2.35197 33.332 3.02751 85.8911 4.31911 21.8132 9.63241 0.320674 15.0356 3.44436 4.49615 4.54106 8.91864 57.8143 30.6732 41.7517 1.23383 20.6586 6.03609 9.73523 17.838 0.232211
internal_weight=26956 747 26209 2354 119 628 23855 1260 3573 250 1094 56 764 378 108 20282 509 656 468 1208 751 63 190 60 2365 309 302 579 108 18882
internal_count=26956 747 26209 2354 119 628 23855 1260 3573 250 1094 56 764 378 108 20282 509 656 468 1208 751 63 190 60 2365 309 302 579 108 18882
is_linear=0
shrinkage=1


Tree=111
num_leaves=31
num_cat=0
split_feature=5 2 26 22 7 2 22 22 25 22 23 22 2 22 7 1 5 4 26 3 25 1 9 22 22 22 2 25 2 25
split_gain=355438 180653 67871.2 39346.3 27367.6 25260.4 30739.8 21547 18197.8 14023.4 13643.5 12974.2 11374.5 10648.2 9251.84 9312.13 8947.36 8844.21 7521.69 5890.68 5759.24 4975.41 4140.12 3713.21 3622.6 4176.33 3018.65 2723.46 2275.43 2215.71
threshold=0.86740000000000006 25.405000000000005 -1.0536129032258066 74.500000000000014 76.966650000000016 33.225000000000001 276.50000000000006 198.50000000000003 4.2306451612903233 190.50000000000003 2.5000000000000004 206.50000000000003 22.755000000000006 206.50000000000003 79.153350000000017 25.835000000000004 0.67180000000000006 27.025000000000002 -0.18245161290322573 20.545000000000005 -0.63928494623655918 25.425000000000004 2.4000000000000004 126.50000000000001 188.50000000000003 200.50000000000003 23.745000000000001 -0.98255913978494602 25.635000000000002 -0.29562365591397849
decision_type=2 2 2 2 2 2 2 2 2 2 2 2 2 2 2 2 2 2 2 2 2 2 2 2 2 2 2 2 2 2
left_child=8 2 7 -3 12 6 14 9 16 -2 -6 -9 13 24 21 18 29 -12 -16 -14 -18 22 -5 -7 -4 -26 -21 -8 -22 -1
right_child=1 3 4 5 10 23 27 11 -10 -11 17 -13 19 -15 15 -17 20 -19 -20 26 28 -23 -24 -25 25 -27 -28 -29 -30 -31
leaf_value=0.23730575331799053 48.830303245798518 0.016896554317068269 40.942857043763958 15.019917718090486 22.242856888791884 1.6584070585980608 1.8347305107806178 77.171427355174046 30.715000251041534 18.403571097871627 36.904545743733955 45.117392429037956 9.562711716763955 16.126153780282067 42.872001679645656 15.135999927179695 1.3784030276826165 65.960002187000399 18.087499820298632 23.527397184975992 9.8151160897577281 8.9438033058070356 11.150781175571069 6.0162336826223104 18.199999891824206 36.66800055812466 15.988717782832634 7.5330355474986863 4.2898031874285092 1.3604435183233905
leaf_weight=18662 33 580 35 487 28 339 334 28 20 28 22 23 118 65 25 175 1315 20 24 73 86 468 640 462 24 25 195 112 559 1939
leaf_count=18662 33 580 35 487 28 339 334 28 20 28 22 23 118 65 25 175 1315 20 24 73 86 468 640 462 24 25 195 112 559 1939
internal_value=2.1605 10.4234 24.9338 7.56983 20.7476 8.99863 10.7056 47.5464 0.563992 34.8639 39.3414 62.7157 18.3148 25.7362 12.5297 18.5478 0.537263 50.7405 30.7327 15.45 2.57893 11.6846 12.8227 4.17191 33.1726 27.6224 18.0422 3.2657 5.02651 0.343017
internal_weight=26944 4363 717 3646 605 3066 2265 112 22581 61 70 51 535 149 1819 224 22561 42 49 386 1960 1595 1127 801 84 49 268 446 645 20601
internal_count=26944 4363 717 3646 605 3066 2265 112 22581 61 70 51 535 149 1819 224 22561 42 49 386 1960 1595 1127 801 84 49 268 446 645 20601
is_linear=0
shrinkage=1


Tree=112
num_leaves=31
num_cat=0
split_feature=5 2 26 25 3 22 7 22 22 22 2 2 6 2 2 3 5 22 1 3 5 22 25 2 22 22 15 1 6 8
split_gain=369510 185047 61486.6 41010 30840.8 22840.1 20709.3 16625.9 14620.1 13259 12407.2 11745 12724.1 10073.9 8475.15 8343.05 7271.56 7016.18 6435.17 6289.7 5498.44 5076.74 4484.26 4396.16 11939.8 3062.8 2834.86 2565.62 2432.18 2381.31
threshold=0.86740000000000006 25.405000000000005 -1.0536129032258066 -0.94790322580645159 22.695000000000004 198.50000000000003 79.153350000000017 208.50000000000003 190.50000000000003 206.50000000000003 24.155000000000005 24.155000000000005 16.639450000000004 27.545000000000005 21.925000000000004 21.585000000000004 0.61465000000000014 74.500000000000014 28.445000000000004 20.125000000000004 0.95905000000000007 180.50000000000003 -0.63928494623655918 31.185000000000006 274.50000000000006 270.50000000000006 0.045000000000000005 24.875000000000004 17.220550000000003 672.50000000000011
decision_type=2 2 2 2 2 2 2 2 2 2 2 2 2 2 2 2 2 2 2 2 2 2 2 2 2 2 2 2 2 2
left_child=10 2 5 6 7 8 17 11 -2 -7 19 12 14 -8 -4 -15 -12 -3 -17 -1 -5 -14 -18 24 25 -19 -9 28 -22 -13
right_child=1 3 4 20 -6 9 13 26 -10 -11 16 29 21 15 -16 18 22 23 -20 -21 27 -23 -24 -25 -26 -27 -28 -29 -30 -31
leaf_value=7.6951611880431603 48.367647328377558 0.01752577579050163 33.533333708905381 9.2602846990727272 59.770002082096219 78.315383529081316 32.680953539801038 10.968965382209241 18.079999688373686 44.959092251656045 0.31360849199104313 19.921052408794925 31.795238759084366 1.0696202531856547 19.370642032997218 16.286111125455975 1.2117014795244869 10.811386041202066 6.3128711995317666 27.719047617592523 11.739999898915631 52.700000307528391 4.1094387402800923 2.9122332322722513 2.3066420291252774 22.342308056689749 17.481451524082917 11.168686727448183 16.194545333509506 10.742222110867514
leaf_weight=62 34 485 69 632 20 26 21 145 30 22 20061 76 21 79 109 180 1675 202 101 21 195 26 784 703 271 26 124 396 330 45
leaf_count=62 34 485 69 632 20 26 21 145 30 22 20061 76 21 79 109 180 1675 202 101 21 195 26 784 703 271 26 124 396 330 45
internal_value=2.18466 10.6046 24.9348 7.64827 21.1246 46.5375 4.73191 19.8678 34.1703 63.0271 0.557532 24.4523 28.7249 11.3908 24.8607 10.1489 0.512553 3.22804 12.7014 12.7614 11.5317 43.3596 2.13558 4.52346 6.79339 12.1263 13.971 13.0904 14.54 16.5074
internal_weight=26971 4368 747 3621 635 112 2068 615 64 48 22603 346 225 381 178 360 22520 1687 281 83 1553 47 2459 1202 499 228 269 921 525 121
internal_count=26971 4368 747 3621 635 112 2068 615 64 48 22603 346 225 381 178 360 22520 1687 281 83 1553 47 2459 1202 499 228 269 921 525 121
is_linear=0
shrinkage=1


Tree=113
num_leaves=31
num_cat=0
split_feature=5 25 25 7 4 22 22 1 25 22 22 1 22 5 22 1 15 22 21 1 22 25 22 1 6 12 5 23 1 3
split_gain=365026 154726 70915.2 32942.9 31574 23165.9 21878.2 15412.7 15372.5 13544.8 13466.4 12902.7 9008.62 8874.98 7597.43 7107.45 6882.74 15068.1 6738.77 6479.66 11656.8 5807.47 5632.22 6877.12 3937.35 3916.84 2664.67 2401.34 2279.14 3280.94
threshold=0.86740000000000006 4.2306451612903233 -0.83612903225806445 79.153350000000017 26.515000000000004 198.50000000000003 208.50000000000003 23.725000000000005 4.2306451612903233 208.50000000000003 190.50000000000003 21.425000000000004 74.500000000000014 0.67180000000000006 74.500000000000014 28.445000000000004 0.045000000000000005 178.50000000000003 7.5000000000000009 26.155000000000005 276.50000000000006 -0.62209677419354825 184.50000000000003 22.795000000000005 16.455100000000005 0.63500000000000012 0.95905000000000007 4.5000000000000009 24.875000000000004 22.975000000000005
decision_type=2 2 2 2 2 2 2 2 2 2 2 2 2 2 2 2 2 2 2 2 2 2 2 2 2 2 2 2 2 2
left_child=8 2 3 12 14 10 11 9 13 16 27 -7 -2 -1 -5 18 22 -18 -16 20 25 -15 -4 -24 -11 -14 -9 -3 29 -28
right_child=1 5 7 4 -6 6 -8 26 -10 24 -12 -13 19 21 15 -17 17 -19 -20 -21 -22 -23 23 -25 -26 -27 28 -29 -30 -31
leaf_value=0.33695884584958646 0.091860465846026251 47.850000072777789 13.972222195506109 0.076923080009287048 49.452176470318292 46.009523883000263 26.904762782049573 9.107370902193141 27.60000024831675 9.0848312997931799 16.499999681221126 78.112902805891963 5.4967032400129252 1.3494696826604944 21.951818354398327 6.8388428787875473 15.782142344223143 50.326087467543182 11.07203377403688 2.825965949445076 2.4478101896080604 4.9935779326530145 26.028301852391465 16.1804686926783 15.147583491696587 13.115708726893226 13.019583170221926 33.654546090524619 10.710468170848582 22.324444397727664
leaf_weight=20558 516 26 144 52 23 21 21 407 21 178 40 31 91 1320 110 121 28 23 118 647 274 654 159 128 269 261 240 22 363 45
leaf_count=20558 516 26 144 52 23 21 21 407 21 178 40 31 91 1320 110 121 28 23 118 647 274 654 159 128 269 261 240 22 363 45
internal_value=2.17561 10.5539 9.38687 5.4948 13.42 40.9764 54.1466 13.7282 0.55664 16.6984 30.0511 65.1481 3.61649 0.531435 11.3534 13.0335 20.3755 31.3608 16.3211 5.04517 7.33882 2.55679 19.0756 21.6362 12.7333 11.146 11.1127 41.3438 12.3722 14.4888
internal_weight=26911 4358 4197 2213 424 161 73 1984 22553 929 88 52 1789 22532 401 349 482 51 228 1273 626 1974 431 287 447 352 1055 48 648 285
internal_count=26911 4358 4197 2213 424 161 73 1984 22553 929 88 52 1789 22532 401 349 482 51 228 1273 626 1974 431 287 447 352 1055 48 648 285
is_linear=0
shrinkage=1


Tree=114
num_leaves=31
num_cat=0
split_feature=0 0 0 25 0 0 0 0 25 22 0 0 22 19 0 25 0 0 2 22 25 0 12 8 7 22 8 8 25 22
split_gain=778784 174367 110806 42936.9 22377.3 19022.2 13254.5 12847.7 9172.69 4792.62 4760.04 4460.49 4007.36 3236.4 2547.55 2085.43 2016.62 2007.38 1877.44 2242.09 1755.68 1449.73 1408.72 1404.15 1346.94 1324.82 1069.12 1020.89 840.764 811.821
threshold=19.395000000000003 45.055000000000007 7.495000000000001 -1.0910384833050364 55.510000000000005 29.145000000000003 3.3250000000000006 12.585000000000003 -0.67866935483870949 74.500000000000014 14.585000000000003 35.95000000000001 202.50000000000003 6.8500000000000005 24.73 -0.18795161290322573 9.6750000000000025 15.075000000000001 35.475000000000001 276.50000000000006 -1.7113469156762873 5.2150000000000007 0.53500000000000014 785.00000000000011 79.153350000000017 93.500000000000014 672.50000000000011 785.00000000000011 -0.53944736842105245 102.50000000000001
decision_type=2 2 2 2 2 2 2 2 2 2 2 2 2 2 2 2 2 2 2 2 2 2 2 2 2 2 2 2 2 2
left_child=2 5 6 9 13 14 15 16 25 -4 18 23 -6 -3 26 -1 28 -9 19 29 24 -10 -13 -7 -12 -8 -2 -16 -5 -11
right_child=1 4 3 7 12 11 8 17 21 10 20 22 -14 -15 27 -17 -18 -19 -20 -21 -22 -23 -24 -25 -26 -27 -28 -29 -30 -31
leaf_value=0.23790666832233698 20.500487601644963 59.895834766931017 0.016666669752876562 5.1763439273419909 74.83714232753384 30.188775313797194 0.21428571244221684 13.616438134967705 3.7069015961844602 3.4155843567437216 3.1051281660326664 48.378262408896354 91.226924367469621 44.75500235866177 25.30849055382917 1.5026428471181741 10.989627446181681 17.763199737774016 0.8749999831985924 1.8481481200365302 14.318965288075008 5.9182856024939055 38.757779246343517 38.333334934707054 12.890908872916254 1.8213788041509054 25.501851658905007 31.605882465419441 8.5491664751664764 7.1669563630116873
leaf_weight=18965 205 48 330 93 35 98 798 219 681 77 39 23 26 20 106 1400 376 250 192 189 58 525 45 27 22 1436 54 34 360 230
leaf_count=18965 205 48 330 93 35 98 798 219 681 77 39 23 26 20 106 1400 376 250 192 189 58 525 45 27 22 1436 54 34 360 230
internal_value=2.17965 34.6028 1.28876 7.71392 67.9171 27.3434 0.631531 11.6441 2.44709 3.22726 4.54015 35.4938 81.823 55.4426 23.401 0.324851 9.27768 15.8269 3.53009 4.55786 10.3798 4.66957 42.0118 31.948 6.63443 1.24731 21.5432 26.8379 7.85673 6.22606
internal_weight=26961 721 26240 2435 129 592 23805 1298 3440 1137 807 193 61 68 399 20365 829 469 688 496 119 1206 68 125 61 2234 259 140 453 307
internal_count=26961 721 26240 2435 129 592 23805 1298 3440 1137 807 193 61 68 399 20365 829 469 688 496 119 1206 68 125 61 2234 259 140 453 307
is_linear=0
shrinkage=1


Tree=115
num_leaves=31
num_cat=0
split_feature=0 0 0 25 0 0 0 0 2 25 22 0 0 0 10 0 0 2 22 25 1 10 25 24 0 0 12 10 25 25
split_gain=775975 189371 99658.2 41242.7 21159.2 18293.1 13811.8 9381.64 9123.12 6944.48 4260.41 4133.18 3995.34 3444.97 3082.7 2175.74 2144.42 2123.66 2348.3 1954.27 1744.45 1423.32 1403.07 1387.47 1228.94 1172.18 1110.25 1017.37 978.533 813.746
threshold=18.420000000000005 45.055000000000007 6.6850000000000014 -1.0910384833050364 29.145000000000003 55.510000000000005 11.705000000000002 3.2350000000000008 25.845000000000002 -0.77983333333333327 74.500000000000014 15.075000000000001 35.95000000000001 24.73 240.00000000000003 8.9350000000000005 15.075000000000001 35.475000000000001 276.50000000000006 -0.18795161290322573 22.065000000000001 240.00000000000003 -2.241774193548387 4.5000000000000009 8.9350000000000005 5.5050000000000008 0.53500000000000014 215.00000000000003 1.0635000000000001 -0.088978494623655827
decision_type=2 2 2 2 2 2 2 2 2 2 2 2 2 2 2 2 2 2 2 2 2 2 2 2 2 2 2 2 2 2
left_child=2 4 7 10 13 14 15 19 20 -9 -4 17 21 22 -3 29 -8 18 24 -1 -7 -6 -2 -13 -12 -11 -14 -15 -24 -5
right_child=1 5 3 6 12 8 16 9 -10 25 11 23 26 27 -16 -17 -18 -19 -20 -21 -22 -23 28 -25 -26 -27 -28 -29 -30 -31
leaf_value=0.23443687284489512 12.933333093459659 46.790911525864807 0.092010310029533304 5.6665368175650261 30.232038558879601 82.419998467670567 13.133226622066276 1.0156249903837962 62.320001939045071 3.4791713136408031 3.7880502362559438 14.279999820828452 47.538096510476549 25.179999957646434 61.288637532806163 9.9856130039289699 17.318905254622411 0.81452279971744024 1.7808035440405763 1.4682147936514354 94.949999764667638 38.388890348977526 20.552868658556761 6.6961536873905203 7.4733331574920765 5.7361289262509505 38.667443195368598 31.462162246439565 25.330768973428992 8.1980077709800891
leaf_weight=18788 21 22 388 257 103 25 313 1984 20 893 159 45 21 85 44 424 201 241 224 1378 20 27 244 52 210 310 43 37 52 251
leaf_count=18788 21 22 388 257 103 25 313 1984 20 893 159 45 21 85 44 424 201 241 224 1378 20 27 244 52 210 310 43 37 52 251
internal_value=2.16176 33.5753 1.24286 6.91975 26.4131 68.1832 10.6084 0.570715 80.0908 2.16508 2.87597 4.0362 35.1103 22.5697 56.4561 8.3132 14.77 3.31763 4.33491 0.318744 87.9889 31.9262 20.8319 10.2144 5.88537 4.06076 41.5781 27.0852 21.3922 6.91732
internal_weight=26882 764 26118 2765 633 131 1446 23353 65 3187 1319 931 194 439 66 932 514 834 593 20166 45 130 317 97 369 1203 64 122 296 508
internal_count=26882 764 26118 2765 633 131 1446 23353 65 3187 1319 931 194 439 66 932 514 834 593 20166 45 130 317 97 369 1203 64 122 296 508
is_linear=0
shrinkage=1


Tree=116
num_leaves=31
num_cat=0
split_feature=0 0 0 25 0 0 0 0 25 0 25 22 8 25 0 0 25 25 8 25 12 0 25 0 7 22 0 0 1 3
split_gain=725540 179756 90664 40024.6 24377.3 19024.9 13202.1 9223.86 6813.51 5557.78 3767.87 3551.64 3473.16 3057.72 2540.23 2258.78 2184.31 1936.79 1816.48 1511.12 1391.67 1349.81 1574.45 1346.81 1325.17 1097.94 1028.77 848.704 684.115 1013.8
threshold=17.620000000000001 45.055000000000007 6.6850000000000014 -1.153774759479343 26.785000000000004 55.510000000000005 10.525 3.1250000000000004 -0.6151451612903226 35.95000000000001 4.2306451612903233 74.500000000000014 785.00000000000011 -0.91839784946236547 12.320000000000002 15.075000000000001 -1.8455967741935482 -0.18795161290322573 785.00000000000011 -0.43863440860215047 0.53500000000000014 20.515000000000004 -1.8455967741935482 21.710000000000004 78.197250000000011 110.50000000000001 5.2150000000000007 8.0850000000000026 30.145000000000003 21.405000000000005
decision_type=2 2 2 2 2 2 2 2 2 2 2 2 2 2 2 2 2 2 2 2 2 2 2 2 2 2 2 2 2 2
left_child=2 4 7 11 13 12 19 17 25 18 -7 -4 -3 21 28 -8 24 -1 -6 -5 -11 22 -2 -15 -16 -9 -10 -21 29 -13
right_child=1 5 3 6 9 10 15 8 26 20 -12 14 -14 23 16 -17 -18 -19 -20 27 -22 -23 -24 -25 -26 -27 -28 -29 -30 -31
leaf_value=0.23257819033900295 7.5599998028146036 45.821741366362815 0.06590330939692679 5.5670780312670498 28.979469986079735 74.986112465235934 12.610745387844386 0.33131923244277184 3.5162268973059527 47.954546953166385 92.104998925434231 1.7269230413777081 61.470271364926944 20.794317925895118 1.4136985897852907 16.872514400166391 10.70357124177427 1.4619185947188909 36.346512670054622 7.1160335988803229 37.960527736838806 20.30317449499881 17.457777572115276 24.918055418239714 8.411627761467189 1.7304111543238512 5.6249248210114002 9.6077397465197105 0.64523808659259729 4.5707406286244172
leaf_weight=18672 25 23 393 243 151 36 456 993 758 22 20 234 37 176 73 171 84 1376 43 237 38 63 45 144 43 1289 333 323 126 270
leaf_count=18672 25 23 393 243 151 36 456 993 758 22 20 234 37 176 73 171 84 1376 43 237 38 63 45 144 43 1289 333 323 126 270
internal_value=2.12469 31.3583 1.20196 6.74244 25.372 67.844 10.3345 0.574365 2.10433 33.2138 81.1 2.54244 55.4717 20.9751 3.71506 13.773 6.82 0.316954 30.6124 7.64956 41.625 16.9451 13.9229 22.65 4.00776 1.1216 4.15985 8.55321 2.72937 3.2504
internal_weight=26897 823 26074 2653 707 116 1430 23421 3373 254 56 1223 60 453 830 627 200 20048 194 803 60 133 70 320 116 2282 1091 560 630 504
internal_count=26897 823 26074 2653 707 116 1430 23421 3373 254 56 1223 60 453 830 627 200 20048 194 803 60 133 70 320 116 2282 1091 560 630 504
is_linear=0
shrinkage=1


Tree=117
num_leaves=31
num_cat=0
split_feature=5 2 26 22 22 22 22 7 2 2 22 22 7 1 2 5 1 25 22 2 6 25 6 2 1 7 4 8 12 25
split_gain=351474 165098 63890.7 41435.8 22670.6 21978.5 20124.7 21743.8 19049.3 13320.3 12948.3 12379.9 10323.4 11888 10033 8133.4 6718.62 6586.73 5654.19 8893.33 5175.71 4965.45 4258.63 3838.36 3262.54 2892.23 2466.14 2443.49 2394.04 2285.79
threshold=0.86740000000000006 25.405000000000005 -1.0536129032258066 114.50000000000001 276.50000000000006 198.50000000000003 208.50000000000003 78.197250000000011 33.375000000000007 23.745000000000001 190.50000000000003 206.50000000000003 79.153350000000017 25.595000000000002 22.755000000000006 0.63270000000000015 24.905000000000005 2.2654354838709683 74.500000000000014 31.185000000000006 16.639450000000004 -0.4599838709677419 14.099000000000002 24.155000000000005 30.015000000000004 79.153350000000017 21.995000000000001 521.00000000000011 0.71000000000000008 -0.76867204301075265
decision_type=2 2 2 2 2 2 2 2 2 2 2 2 2 2 2 2 2 2 2 2 2 2 2 2 2 2 2 2 2 2
left_child=9 2 5 18 8 10 7 14 12 17 -2 -7 16 -14 26 -11 20 -1 -3 28 -5 -17 -16 -24 27 -21 -4 -10 -20 -6
right_child=1 3 6 4 29 11 -8 -9 24 15 -12 -13 13 -15 22 21 -18 -19 19 25 -22 -23 23 -25 -26 -27 -28 -29 -30 -31
leaf_value=7.7794115714473797 48.482758714210497 0.030232560756584981 25.402631699988035 10.138613802261229 2.2116847564554258 77.038460569533541 13.765267040339554 51.153334032601791 10.849999943109037 0.32106809918151225 18.849999701089345 45.872001260028959 38.592858419779759 16.307878793543349 10.381818113378818 1.3705128062293528 9.1892204425929638 30.650000169979215 10.254901896084849 1.346570363590758 15.214597199660689 4.6123493491082304 26.75600016902554 17.1408601530235 2.2204300785675839 9.5411764110311328 35.878182175861475 4.9881249048409915 21.63448245258488 8.3027025507664938
leaf_weight=34 29 559 38 303 368 26 262 30 128 20073 30 25 28 165 44 1638 603 20 51 277 596 664 75 93 186 51 55 160 29 74
leaf_count=34 29 559 38 303 368 26 262 30 128 20073 30 25 28 165 44 1638 603 20 51 277 596 664 75 93 186 51 55 160 29 74
internal_value=2.14853 10.4472 24.411 7.68795 9.75894 46.5573 20.3305 25.4651 11.0891 0.563101 33.4153 61.7608 12.6563 19.5409 22.9384 0.525242 11.7716 16.25 2.09607 4.92647 13.5038 2.3056 19.1396 21.4333 5.48502 2.62073 31.5978 7.5934 14.38 3.23145
internal_weight=26714 4285 707 3578 2611 110 597 335 2169 22429 59 51 1695 193 305 22375 1502 54 967 408 899 2302 212 168 474 328 93 288 80 442
internal_count=26714 4285 707 3578 2611 110 597 335 2169 22429 59 51 1695 193 305 22375 1502 54 967 408 899 2302 212 168 474 328 93 288 80 442
is_linear=0
shrinkage=1


Tree=118
num_leaves=31
num_cat=0
split_feature=2 26 25 3 2 3 4 3 2 25 21 2 1 2 1 3 15 4 2 26 23 4 2 3 8 3 8 4 21 4
split_gain=315856 93035.5 42338.5 24579.9 23948.5 20528 18413.6 13774.3 31192.9 18957.4 10609.8 10071.9 7834.39 7369.74 6051.51 10173 7350.11 5649.25 5509.58 6579.93 5953.08 4443.53 4407.61 5702.04 3201.8 3169.77 3027.89 3476.4 3112.82 3017.39
threshold=25.405000000000005 -1.0600000000000001 -0.18795161290322573 22.695000000000004 22.755000000000006 20.705000000000002 16.745000000000001 20.545000000000005 31.055000000000003 -3.2685483870967738 7.5000000000000009 23.285000000000004 26.505000000000006 23.745000000000001 24.875000000000004 22.295000000000005 0.045000000000000005 20.585000000000004 29.235000000000003 -0.16983870967741957 5.5000000000000009 22.365000000000006 34.675000000000004 22.695000000000004 672.50000000000011 19.565000000000001 521.00000000000011 14.675000000000002 9.5000000000000018 11.845000000000001
decision_type=2 2 2 2 2 2 2 2 2 2 2 2 2 2 2 2 2 2 2 2 2 2 2 2 2 2 2 2 2 2
left_child=1 6 7 4 10 -6 -1 -2 9 12 21 17 -9 -7 15 26 -17 -8 19 20 -11 25 23 -10 -15 -3 -4 28 -28 -21
right_child=2 3 14 -5 5 13 11 8 22 18 -12 -13 -14 24 -16 16 -18 -19 -20 29 -22 -23 -24 -25 -26 -27 27 -29 -30 -31
leaf_value=31.278723095875556 0.26748940687232392 17.722580643632945 11.419512002975692 49.227273586498377 6.979268180680382 26.605128257732119 55.307407567673273 34.837931948492361 0.76585013370690613 9.5526882479366151 14.710169391162216 38.165000489460105 9.4761902522113726 19.443103318587589 3.7684017877911824 10.0058535622902 23.638775702078881 77.176190368014687 3.2963927618805529 13.106250068077005 26.669231234338945 36.40294155261175 0.49900441880241342 3.2505421347808943 12.39448258774355 33.870000317798734 10.294791664871195 3.9275567634254882 2.6608107507483161 4.9614054629763435
leaf_weight=47 10858 31 82 22 328 78 27 29 2082 93 59 20 21 116 1095 205 49 21 1497 48 26 68 6328 1660 145 20 192 704 74 868
leaf_count=47 10858 31 82 22 328 78 27 29 2082 93 59 20 21 116 1095 205 49 21 1497 48 26 68 6328 1660 145 20 192 704 74 868
internal_value=2.16942 19.7734 1.50225 16.2285 15.3693 12.6192 46.4991 1.09374 1.80284 4.90372 25.6747 57.0191 24.186 18.0761 5.50221 6.9559 12.6358 64.875 4.52295 6.297 13.2924 31.1109 1.00776 1.86809 15.5272 24.0549 5.58451 5.09124 8.17105 5.38821
internal_weight=26893 982 25911 867 845 667 115 23510 12652 2582 178 68 50 339 2401 1306 254 48 2532 1035 119 119 10070 3742 261 51 1052 970 266 916
internal_count=26893 982 25911 867 845 667 115 23510 12652 2582 178 68 50 339 2401 1306 254 48 2532 1035 119 119 10070 3742 261 51 1052 970 266 916
is_linear=0
shrinkage=1


Tree=119
num_leaves=31
num_cat=0
split_feature=0 0 0 25 0 0 0 25 0 2 0 3 2 8 25 0 0 22 0 0 0 8 12 3 8 8 8 25 22 0
split_gain=778454 168068 116496 37853.8 19963.3 18920.9 17816.7 12361.5 8737.83 6732.73 4420.08 4384.62 4819.86 3408.37 2868.21 2553.03 2124.98 1991.3 1893.12 1801.68 1674.18 1370.32 1314.99 1141.24 1112.01 1008.05 841.455 836.516 787.894 926.369
threshold=19.395000000000003 45.055000000000007 8.9350000000000005 -1.2778225806451611 4.2150000000000007 55.510000000000005 29.145000000000003 -0.65118562535370672 14.585000000000003 25.135000000000002 35.95000000000001 21.005000000000006 35.475000000000001 785.00000000000011 -0.33032258064516123 24.73 15.075000000000001 94.500000000000014 5.9150000000000009 10.785000000000002 1.8650000000000004 785.00000000000011 0.53500000000000014 21.365000000000006 672.50000000000011 785.00000000000011 785.00000000000011 -1.8455967741935482 126.50000000000001 1.7450000000000003
decision_type=2 2 2 2 2 2 2 2 2 2 2 2 2 2 2 2 2 2 2 2 2 2 2 2 2 2 2 2 2 2
left_child=2 6 4 11 14 13 15 17 19 23 21 -4 16 -3 28 24 27 -6 -9 -5 -16 -8 -12 -7 -2 -17 -10 -13 -1 -30
right_child=1 5 3 8 7 9 10 18 26 -11 22 12 -14 -15 20 25 -18 -19 -20 -21 -22 -23 -24 -25 -26 -27 -28 -29 29 -31
leaf_value=0.087738923565834348 20.559693692335209 46.129168910887515 0.91641790214681507 9.2766869300127812 0.23863298478347073 81.639998391376622 30.233333061670514 4.4239263450525836 16.215207100803354 64.815001443134435 47.758334719247301 4.8409998423920877 1.3844155560738907 61.004652320266395 0.8430291407445123 25.547706368671538 13.619671842268705 2.3785190801826928 7.0962001820023879 12.42305801147252 2.6520475482026096 38.342309202932917 38.518606039294603 92.077272526619424 25.612499751043714 31.931250336872221 19.733333229492423 9.0075267109918045 0.30258888116093452 1.1045383371368742
leaf_weight=11353 196 24 335 326 673 20 105 489 217 20 24 100 154 43 1578 109 61 1229 579 412 757 26 43 22 56 32 99 93 5794 1917
leaf_count=11353 196 24 335 326 673 20 105 489 217 20 24 100 154 43 1578 109 61 1229 579 412 757 26 43 22 56 32 99 93 5794 1917
internal_value=2.18617 34.6243 1.29359 9.06377 0.720604 67.3264 27.4863 3.1501 12.9173 79.9161 35.2217 3.59731 5.79853 55.6761 0.38341 23.5891 8.4748 1.62135 5.87266 11.0332 1.42951 31.8427 41.8284 87.1071 21.6825 26.9965 17.3174 6.8487 0.255282 0.501958
internal_weight=26886 720 26166 1797 24369 129 591 2970 1054 62 198 743 408 67 21399 393 254 1902 1068 738 2335 131 67 42 252 141 316 193 19064 7711
internal_count=26886 720 26166 1797 24369 129 591 2970 1054 62 198 743 408 67 21399 393 254 1902 1068 738 2335 131 67 42 252 141 316 193 19064 7711
is_linear=0
shrinkage=1


end of trees

feature_importances:
forecast_rainfall=1281
hist_rain_bias=551
day_of_year=508
forecast_temperature_max=254
elevation_m=250
forecast_temperature_min=112
forecast_temperature=111
longitude=77
cropland_frac=76
hist_temp_bias=71
forecast_rain_probability=62
slope_deg=60
lead_days=41
month=36
forecast_wind=31
latitude=26
day_of_week=13
aspect_deg=10
forest_frac=10
water_frac=8
elev_diff=3
soil_ph=3
soil_sand_pct=2
soil_silt_pct=2
soil_organic_carbon_pct=2

parameters:
[boosting: rf]
[objective: regression]
[metric: l1]
[tree_learner: serial]
[device_type: cpu]
[data_sample_strategy: bagging]
[data: ]
[valid: ]
[num_iterations: 120]
[learning_rate: 0.1]
[num_leaves: 31]
[num_threads: 0]
[seed: 42]
[deterministic: 0]
[force_col_wise: 0]
[force_row_wise: 0]
[histogram_pool_size: -1]
[max_depth: 8]
[min_data_in_leaf: 20]
[min_sum_hessian_in_leaf: 0.001]
[bagging_fraction: 0.8]
[pos_bagging_fraction: 1]
[neg_bagging_fraction: 1]
[bagging_freq: 1]
[bagging_seed: 400]
[bagging_by_query: 0]
[feature_fraction: 0.8]
[feature_fraction_bynode: 1]
[feature_fraction_seed: 30056]
[extra_trees: 0]
[extra_seed: 12879]
[early_stopping_round: 0]
[early_stopping_min_delta: 0]
[first_metric_only: 0]
[max_delta_step: 0]
[lambda_l1: 0]
[lambda_l2: 0]
[linear_lambda: 0]
[min_gain_to_split: 0]
[drop_rate: 0.1]
[max_drop: 50]
[skip_drop: 0.5]
[xgboost_dart_mode: 0]
[uniform_drop: 0]
[drop_seed: 17869]
[top_rate: 0.2]
[other_rate: 0.1]
[min_data_per_group: 100]
[max_cat_threshold: 32]
[cat_l2: 10]
[cat_smooth: 10]
[max_cat_to_onehot: 4]
[top_k: 20]
[monotone_constraints: ]
[monotone_constraints_method: basic]
[monotone_penalty: 0]
[feature_contri: ]
[forcedsplits_filename: ]
[refit_decay_rate: 0.9]
[cegb_tradeoff: 1]
[cegb_penalty_split: 0]
[cegb_penalty_feature_lazy: ]
[cegb_penalty_feature_coupled: ]
[path_smooth: 0]
[interaction_constraints: ]
[verbosity: -1]
[saved_feature_importance_type: 0]
[use_quantized_grad: 0]
[num_grad_quant_bins: 4]
[quant_train_renew_leaf: 0]
[stochastic_rounding: 1]
[linear_tree: 0]
[max_bin: 255]
[max_bin_by_feature: ]
[min_data_in_bin: 3]
[bin_construct_sample_cnt: 200000]
[data_random_seed: 175]
[is_enable_sparse: 1]
[enable_bundle: 1]
[use_missing: 1]
[zero_as_missing: 0]
[feature_pre_filter: 1]
[pre_partition: 0]
[two_round: 0]
[header: 0]
[label_column: ]
[weight_column: ]
[group_column: ]
[ignore_column: ]
[categorical_feature: ]
[forcedbins_filename: ]
[precise_float_parser: 0]
[parser_config_file: ]
[objective_seed: 16083]
[num_class: 1]
[is_unbalance: 0]
[scale_pos_weight: 1]
[sigmoid: 1]
[boost_from_average: 1]
[reg_sqrt: 0]
[alpha: 0.9]
[fair_c: 1]
[poisson_max_delta_step: 0.7]
[tweedie_variance_power: 1.5]
[lambdarank_truncation_level: 30]
[lambdarank_norm: 1]
[label_gain: ]
[lambdarank_position_bias_regularization: 0]
[eval_at: ]
[multi_error_top_k: 1]
[auc_mu_weights: ]
[num_machines: 1]
[local_listen_port: 12400]
[time_out: 120]
[machine_list_filename: ]
[machines: ]
[gpu_platform_id: -1]
[gpu_device_id: -1]
[gpu_device_id_list: ]
[gpu_use_dp: 0]
[num_gpu: 1]

end of parameters

pandas_categorical:null
