tree
version=v4
num_class=1
num_tree_per_iteration=1
label_index=0
max_feature_idx=26
objective=binary sigmoid:1
feature_names=forecast_rainfall forecast_temperature forecast_temperature_max forecast_temperature_min forecast_wind forecast_rain_probability latitude longitude elevation_m slope_deg aspect_deg elev_diff cropland_frac forest_frac builtup_frac water_frac soil_clay_pct soil_sand_pct soil_silt_pct soil_ph soil_organic_carbon_pct month day_of_year day_of_week lead_days hist_rain_bias hist_temp_bias
feature_infos=[0:167.75999999999999] [16.91:37.340000000000003] [18.850000000000001:44.590000000000003] [8.6799999999999997:33.020000000000003] [1:55.509999999999998] [0.02:0.97999999999999998] [12.833299999999999:19.261099999999999] [73.683300000000003:79.623400000000004] [275:950] [1.2:14.199999999999999] [80:270] [-59:158] [0.29999999999999999:0.81999999999999995] [0.01:0.55000000000000004] [0.040000000000000001:0.40000000000000002] [0.02:0.080000000000000002] [25:52] [18:52] [22:35] [5.9000000000000004:8.0999999999999996] [0.41999999999999998:1.3999999999999999] [1:12] [1:365] [0:6] [1:5] [-4.5377419354838713:8.8641935483870977] [-1.1389032258064518:0.4315483870967744]
tree_sizes=2717 2767 2766 2788 2792 2791 2786 2781 2802 2784 2790 2798 2800 2795 2796 2798 2793 2790 2785 2799 2791 2801 2812 2810 2804 2800 2800 2807 2806 2791 2798 2805 2803 2796 2805 2804 2798 2792 2797 2802 2798 2795 2785 2795 2797 2789 2803 2790 2804 2789 2799 2797 2797 2796 2807 2796 2812 2793 2805 2790 2806 2801 2803 2803 2813 2811 2796 2815 2805 2809 2817 2813 2805 2819 2804 2813 2801 2831 2812 2813 2806 2797 2811 2805 2807 2817 2805 2806 2806 2810 2787 2802 2810 2797 2819 2808 2811 2815 2793 2806 2799 2812 2804 2811 2790 2802 2804 2807 2813 2802 2827 2815 2823 2825 2836 2807 2809 2796 2811 2802 2823 2818 2810 2819 2810 2822 2808 2804 2808 2812 2816 2805 2816 2799 2805 2797 2818 2807 2806 2831 2811 2805 2813 2807 2829 2705 2808 2486 2803 2805 2804 2499 2832 2797 2837 2491 2804 2821 2808 2830 2690 2814 2838 2603 2596 2839 2686 2814 2714 2796 2806 2725 2829 2788 2806 2702 2838 2491 2801 2845 2491 2805 2830 2825 2483 2833 2820 2821 2849 2843 2818 2810 2839 2831 2803 2702 2833 2822 2814 2719 2844 2826 2819 2778 2823 2837 2792 2800 2796 2850 2810 2849 2391 2831 2712 2795 2274 2823 2820 2599 2796 2804 2796 2302 2824 2785 2811 2104 2802 2804 2818 2807 2605 2840 2211 2828 2802 2382 2837 2811 2725 2798 2815 2815 2781

Tree=0
num_leaves=25
num_cat=0
split_feature=0 25 0 22 0 25 2 0 25 25 25 22 3 2 25 0 0 2 2 25 0 2 22 2
split_gain=12634.5 4585.69 1082.29 724.307 563.583 639.946 305.554 258.568 148.041 121.02 117.965 94.8835 90.5611 66.1342 53.3532 49.5283 45.4472 40.6854 39.0815 35.4731 31.8768 28.6923 24.5699 23.1868
threshold=3.6450000000000005 -0.78887096774193533 16.190000000000001 93.500000000000014 2.1950000000000007 -0.41918279569892464 35.475000000000001 5.8250000000000011 -0.44901075268817198 0.906241935483871 -0.07176881720430113 96.500000000000014 18.465000000000003 26.045000000000005 -0.18795161290322573 1.7750000000000001 3.1250000000000004 30.345000000000002 27.765000000000004 -0.53209677419354828 2.8850000000000002 34.515000000000008 74.500000000000014 29.275000000000002
decision_type=2 2 2 2 2 2 2 2 2 2 2 2 2 2 2 2 2 2 2 2 2 2 2 2
left_child=4 2 3 22 9 11 -5 8 23 14 20 -6 -4 -11 -1 -16 -13 -10 -12 21 -7 -9 -2 -3
right_child=1 7 12 6 5 10 -8 19 17 13 18 16 -14 -15 15 -17 -18 -19 -20 -21 -22 -23 -24 -25
leaf_value=-1.6555487042179131 -1.6540243352015211 -1.5154548298091366 -1.6081664461332459 -1.5561083787341021 -1.655007189536412 -1.6001013266837336 -1.6197409525533897 -1.4677895355408093 -1.469631913068026 -1.5059217709554713 -1.4871468697809567 -1.6328924139262093 -1.4521425696411761 -1.6196173186981973 -1.6441523829893974 -1.5938325402858247 -1.602503803511526 -1.5128087179881711 -1.5434858661404669 -1.4456622333216818 -1.5549793635240545 -1.5532583390564307 -1.627842898234457 -1.5732468166326399
leaf_weight=2904.8847292810678 149.10612644255161 8.8114423751831072 3.5796484649181357 231.57571992278099 156.81613852083683 32.905230119824409 96.099793404340744 30.840048313140869 75.310296550393105 6.8839393556118038 21.890927150845528 160.80882334709167 51.767223954200745 13.905557498335837 148.96844765543938 19.963424131274223 61.129381477832794 26.572005912661552 22.441642299294472 311.15405887365341 24.644502893090248 3.9926848262548438 41.165957346558571 21.47789078950882
leaf_count=21099 1083 64 26 1682 1139 239 698 224 547 50 159 1168 376 101 1082 145 444 193 163 2260 179 29 299 156
internal_value=-1.62253 -1.53111 -1.58833 -1.6018 -1.64941 -1.61919 -1.57477 -1.46251 -1.4982 -1.65411 -1.55245 -1.63714 -1.46223 -1.58197 -1.6546 -1.63821 -1.62452 -1.48089 -1.51567 -1.44888 -1.58078 -1.47759 -1.64836 -1.55643
internal_weight=4626.7 1051.45 573.294 517.948 3575.24 480.637 327.676 478.158 132.172 3094.61 101.882 378.754 55.3469 20.7895 3073.82 168.932 221.938 101.882 44.3326 345.987 57.5497 34.8327 190.272 30.2893
internal_count=33605 7637 4164 3762 25968 3491 2380 3473 960 22477 740 2751 402 151 22326 1227 1612 740 322 2513 418 253 1382 220
is_linear=0
shrinkage=1


Tree=1
num_leaves=25
num_cat=0
split_feature=0 25 0 22 0 25 2 0 25 22 25 2 22 24 2 25 0 0 25 24 25 2 2 24
split_gain=11371.3 3565.36 891.443 595.761 550.182 578.402 245.019 230.137 158.767 151.535 115.613 96.813 92.3304 56.3124 55.8602 53.0446 46.8781 42.5375 34.3452 33.9268 31.9025 24.889 23.5831 36.7622
threshold=3.6450000000000005 -0.84609139784946219 15.075000000000001 93.500000000000014 2.1950000000000007 -0.41918279569892464 35.475000000000001 5.9150000000000009 -0.44901075268817198 74.500000000000014 0.906241935483871 27.385000000000002 96.500000000000014 1.5000000000000002 26.045000000000005 -0.18795161290322573 1.7750000000000001 3.1250000000000004 -0.07176881720430113 4.5000000000000009 1.0635000000000001 31.815000000000001 33.885000000000012 2.5000000000000004
decision_type=2 2 2 2 2 2 2 2 2 2 2 2 2 2 2 2 2 2 2 2 2 2 2 2
left_child=4 2 3 -2 10 12 -5 8 21 -4 15 20 -6 -10 -12 -1 -17 -14 -13 -11 -7 -3 -9 -24
right_child=1 7 9 6 5 11 -8 22 13 19 14 18 17 -15 -16 16 -18 -19 -20 -21 -22 -23 23 -25
leaf_value=-0.032762220619300016 -0.026650032046023397 0.077188180512337681 -0.035982881306371471 0.058186076876362673 -0.032212902942307269 0.092237843743761733 0.00020162948032612459 0.15211137293092014 0.15974786986919076 0.15850947413819969 0.10467814827996927 0.033704004121503685 -0.010124069727896158 0.11284208947583621 0.0028185007834971199 -0.021287275299234708 0.027300010577881492 0.019162294197377711 0.075776177079164106 0.11308575583295459 0.16273362267814268 0.030421763777098106 0.14748232294456512 0.055319636724461156
leaf_weight=2840.8742283135653 180.89438955485821 24.566167607903481 4.5637331157922736 227.58354559540749 153.41703750193119 20.028757393360141 92.141344904899597 371.1208303719759 31.741627067327499 42.824741631746292 7.4292875826358822 52.374235689640045 159.69324350357056 83.98237045109272 13.932703495025633 146.81545531749725 20.34880742430687 61.951982975006104 26.198194786906242 22.612616628408432 8.119725823402403 17.564936935901642 11.551282480359079 5.8770543783903113
leaf_count=21099 1337 170 33 1582 1139 136 668 2410 210 281 50 370 1168 556 101 1082 145 444 180 150 54 124 76 40
internal_value=-4.30388e-05 0.083328 0.0308804 0.016859 -0.0265661 0.00321217 0.0414756 0.1381 0.107554 0.131156 -0.031302 0.0648344 -0.0143219 0.125708 0.0382433 -0.0317958 -0.0153728 -0.00193825 0.047732 0.142813 0.112573 0.0576907 0.15051 0.116404
internal_weight=4628.21 1117.02 570.62 500.619 3511.18 481.783 319.725 546.404 157.855 70.0011 3029.4 106.721 375.062 115.724 21.362 3008.04 167.164 221.645 78.5724 65.4374 28.1485 42.1311 388.549 17.4283
internal_count=33605 7637 4051 3587 25968 3491 2250 3586 1060 464 22477 740 2751 766 151 22326 1227 1612 550 431 190 294 2526 116
is_linear=0
shrinkage=0.03


Tree=2
num_leaves=25
num_cat=0
split_feature=0 25 22 0 25 0 2 0 0 22 25 24 2 25 2 24 2 24 26 24 0 24 25 25
split_gain=10345.6 3064.1 842.171 633.19 402.029 311.02 214.086 186.209 169.917 122.752 99.9377 98.4345 88.6628 68.0244 56.3807 51.5215 33.4629 31.8821 25.7836 24.9765 20.8133 20.606 19.2249 17.615
threshold=3.3250000000000006 -0.78887096774193533 74.500000000000014 12.320000000000002 -0.10830107526881709 1.7750000000000001 35.475000000000001 5.2150000000000007 1.7450000000000003 95.500000000000014 -0.45470005659309559 4.5000000000000009 26.045000000000005 -1.1745350877192979 27.235000000000003 1.5000000000000002 33.375000000000007 1.5000000000000002 -0.02274193548387099 2.5000000000000004 2.6550000000000007 3.5000000000000004 1.0635000000000001 -0.37822580645161297
decision_type=2 2 2 2 2 2 2 2 2 2 2 2 2 2 2 2 2 2 2 2 2 2 2 2
left_child=4 2 -2 6 8 12 -4 10 -1 -10 18 -5 21 -11 22 -12 23 -18 -3 -14 -16 -6 -7 -9
right_child=1 7 3 11 5 14 -8 16 9 13 15 -13 19 -15 20 -17 17 -19 -20 -21 -22 -23 -24 -25
leaf_value=-0.033184163174852323 -0.031294938473334366 0.069185848235920638 0.044672287458218482 0.13558599033471525 0.032101627998690534 0.083270182053967592 -0.0045579283160188727 0.12135629786651797 -0.033055225479903153 -0.019146762434377348 0.13802384180691352 0.076093133437868568 -0.030776651306391751 0.0070882666626921557 0.031069601123813399 0.093292774720476701 0.14084966170430013 0.07093478520245676 0.014337003415447552 -0.002608286152866208 0.074139795978220596 0.12374846359667889 0.13950834856665564 0.13670563243113193
leaf_weight=2603.23414953053 160.42420071363449 17.863546177744869 263.95141352713108 65.434477880597115 4.3501631915569288 14.941494733095171 113.76517888903618 83.378781646490097 216.45284874737263 159.1026802957058 32.252412736415863 40.535646229982376 73.201569050550461 201.73192167282104 28.404483377933502 82.336751207709312 9.5544041991233843 15.223254501819609 13.57534299790859 46.217029869556427 15.667812794446943 4.4839047938585281 8.6308680325746518 348.70537555217743
leaf_count=19768 1211 121 1790 405 29 96 825 501 1643 1181 198 263 546 1474 194 515 57 96 93 344 103 30 53 2069
internal_value=-7.73185e-05 0.0737662 0.0282697 0.0480254 -0.0273497 0.0143619 0.0298445 0.122373 -0.0299188 -0.0151939 0.0928833 0.112829 -0.0130907 -0.00447954 0.0664115 0.105883 0.131799 0.0978944 0.0455021 -0.019875 0.0463812 0.0786188 0.103861 0.133744
internal_weight=4623.42 1247 644.111 483.687 3376.42 195.897 377.717 602.89 3180.52 577.287 146.028 105.97 128.253 360.835 67.6447 114.589 456.862 24.7777 31.4389 119.419 44.0723 8.83407 23.5724 432.084
internal_count=33605 8144 4494 3283 25461 1395 2615 3650 24066 4298 927 668 949 2655 446 713 2723 153 214 890 297 59 149 2570
is_linear=0
shrinkage=0.03


Tree=3
num_leaves=25
num_cat=0
split_feature=0 25 22 0 25 0 2 0 0 22 25 2 24 2 25 24 2 2 4 24 2 0 22 24
split_gain=9480.14 2539.02 783.668 536.538 389.374 322.537 200.419 146.881 140.799 106.966 89.0458 81.6305 78.4466 69.7154 54.8212 28.9855 24.5937 22.3421 19.8624 18.8283 17.2262 24.9146 13.3184 12.2313
threshold=3.3250000000000006 -0.76867204301075265 74.500000000000014 12.320000000000002 -0.18795161290322573 1.7750000000000001 35.475000000000001 1.7450000000000003 5.6150000000000011 95.500000000000014 -0.26881720430107531 26.045000000000005 4.5000000000000009 27.315000000000001 -1.1745350877192979 2.5000000000000004 30.425000000000004 28.495000000000001 19.135000000000002 3.5000000000000004 29.665000000000003 8.0850000000000026 126.50000000000001 3.5000000000000004
decision_type=2 2 2 2 2 2 2 2 2 2 2 2 2 2 2 2 2 2 2 2 2 2 2 2
left_child=4 2 -2 6 7 11 -4 22 10 -9 17 19 -5 -7 -11 -13 -12 -3 -15 -6 -10 -22 -1 -24
right_child=1 8 3 12 5 13 -8 9 20 14 16 15 -14 18 -16 -17 -18 -19 -20 -21 21 -23 23 -25
leaf_value=-0.034827066748871011 -0.031028687786352416 0.090127462692737789 0.042663022735007432 0.12175019370441513 0.026839978658149279 0.096200990217443258 -0.0045662983035427681 -0.032817041691058604 0.12347489940299272 -0.018820032862239263 0.11478811778327754 -0.030383159160683956 0.070538022333776138 0.057656547224733123 0.0051809275155699011 -0.0027215919598809592 0.079601764817245513 0.053175933925722105 0.021909766877357982 0.1111587786740071 0.090769815238307822 0.12012169637520498 -0.032954383987406757 -0.026123238432397895
leaf_weight=1508.6822140961885 156.99865147471428 20.353245660662651 278.93954156339169 72.109648808836937 4.6995890438556653 27.471258923411369 113.87776334583759 211.55723857879639 344.83434870839119 157.04038156569004 78.175403669476509 99.403806000947952 42.955826595425606 25.373381093144417 188.41390581429005 51.890857517719269 23.17874251306057 53.270197227597237 31.180678620934486 4.8361236602067947 39.521927535533905 76.2238549888134 622.51637968420982 379.84050285816193
leaf_count=11725 1211 122 1835 413 31 165 828 1643 1900 1181 449 758 266 167 1375 388 138 336 208 30 223 423 4838 2952
internal_value=-0.000105164 0.0685353 0.0275513 0.0456597 -0.0270491 0.00935715 0.0289712 -0.0299546 0.11141 -0.0160177 0.0885014 -0.0155301 0.102632 0.0569931 -0.00572969 -0.0208958 0.106741 0.0633912 0.0379478 0.069603 0.120114 0.110099 -0.0330462 -0.0303657
internal_weight=4613.35 1300.44 664.881 507.883 3312.91 244.856 392.817 3068.05 635.558 557.012 174.978 160.83 115.065 84.0253 345.454 151.295 101.354 73.6234 56.5541 9.53571 460.58 115.746 2511.04 1002.36
internal_count=33605 8144 4553 3342 25461 1747 2663 23714 3591 4199 1045 1207 679 540 2556 1146 587 458 375 61 2546 646 19515 7790
is_linear=0
shrinkage=0.03


Tree=4
num_leaves=25
num_cat=0
split_feature=0 25 22 22 2 25 0 0 25 0 0 22 2 22 2 22 25 24 3 24 0 25 24 0
split_gain=8733.31 2167.21 614.169 416.05 400.627 378.303 294.39 220.389 172.609 146.173 138.086 104.632 76.5232 59.9047 58.9869 58.9181 52.2873 39.4183 33.6902 30.814 23.0909 27.1106 22.1935 19.0915
threshold=3.3250000000000006 -0.96566666666666678 110.50000000000001 276.50000000000006 35.525000000000013 -0.18795161290322573 1.7750000000000001 5.8250000000000011 -0.44901075268817198 1.7450000000000003 19.395000000000003 95.500000000000014 26.615000000000006 340.50000000000006 27.315000000000001 74.500000000000014 -1.1745350877192979 1.5000000000000002 19.765000000000004 2.5000000000000004 9.4850000000000012 -0.26881720430107531 2.5000000000000004 2.6550000000000007
decision_type=2 2 2 2 2 2 2 2 2 2 2 2 2 2 2 2 2 2 2 2 2 2 2 2
left_child=5 2 10 4 -4 9 12 8 18 -1 15 -11 19 -5 -8 -2 -13 -10 -3 -7 21 -9 -14 -16
right_child=1 7 3 13 -6 6 14 20 17 11 -12 16 22 -15 23 -17 -18 -19 -20 -21 -22 -23 -24 -25
leaf_value=-0.03281758409821911 -0.030963758579823683 -0.012324712699618214 0.093259231393278255 0.012177235933072777 0.011401555352947965 -0.010376806544257341 0.088359214725793236 0.087598974362073381 0.11545273421238167 -0.032584325912942559 0.11691020264830276 -0.018496481691409855 -0.030878180784656813 -0.036421597334346849 0.0232003201251639 0.00035796479754388733 0.0050077952385629582 0.082060955426440416 0.044352178286263734 0.075065474938273341 0.11409382820207896 0.11038287107403377 -0.0058604385025362166 0.059236511476378498
leaf_weight=2453.5525252223015 146.92620223760605 11.141920030117033 173.25188858807087 81.035588696599007 78.052355706691742 5.8199187666177776 28.987242639064789 79.956633493304253 44.588520869612694 206.74889394640923 6.8824859708547583 155.02459506690502 93.976689651608467 31.77911576628685 37.440951481461525 85.506182789802551 189.06984834372997 111.08253213763237 61.765246018767357 10.938753038644789 322.10193762183189 114.04536135494709 48.323191940784454 20.462771251797676
leaf_count=19515 1159 77 1045 511 554 42 165 442 239 1643 37 1181 732 201 247 592 1375 620 397 71 1679 591 362 128
internal_value=-0.000128014 0.0640676 0.0218126 0.0463491 0.0678351 -0.0267538 0.00901722 0.0983079 0.0737844 -0.0296822 -0.0155199 -0.0157166 -0.0152415 -0.00151272 0.0534241 -0.0194413 -0.00558157 0.0916253 0.0356906 0.0453932 0.109169 0.100993 -0.0223825 0.0359353
internal_weight=4598.46 1348.12 603.434 364.119 251.304 3250.35 245.95 744.682 228.578 3004.4 239.315 550.843 159.059 112.815 86.891 232.432 344.094 155.671 72.9072 16.7587 516.104 194.002 142.3 57.9037
internal_count=33605 8144 4099 2311 1599 25461 1747 4045 1333 23714 1788 4199 1207 712 540 1751 2556 859 474 113 2712 1033 1094 375
is_linear=0
shrinkage=0.03


Tree=5
num_leaves=25
num_cat=0
split_feature=0 25 22 25 22 2 0 0 25 0 0 22 2 22 22 2 25 3 24 24 24 0 0 25
split_gain=8078.99 1866.45 560.193 367.551 366.683 341.895 269.653 185.256 150.508 145.481 124.958 102.347 71.7218 57.464 57.2914 50.6627 49.8649 42.3122 28.6107 27.1107 21.8968 18.1525 14.959 19.3646
threshold=3.3250000000000006 -0.96566666666666678 110.50000000000001 -0.18795161290322573 276.50000000000006 35.525000000000013 1.7750000000000001 6.1250000000000009 -0.4104677419354838 1.7450000000000003 19.395000000000003 95.500000000000014 26.615000000000006 74.500000000000014 340.50000000000006 27.235000000000003 -1.1745350877192979 18.575000000000003 1.5000000000000002 2.5000000000000004 3.5000000000000004 2.2950000000000004 9.4850000000000012 -0.53209677419354828
decision_type=2 2 2 2 2 2 2 2 2 2 2 2 2 2 2 2 2 2 2 2 2 2 2 2
left_child=3 2 10 9 5 -4 12 8 17 -1 13 -11 19 -2 -6 -8 -13 -3 -10 -5 -14 -17 23 -9
right_child=1 7 4 6 14 -7 15 22 18 11 -12 16 20 -15 -16 21 -18 -19 -20 -21 -22 -23 -24 -25
leaf_value=-0.032594186124508227 -0.030708885747312363 -0.028822065083304697 0.085802196810874157 -0.010136023256974243 0.011724398312755034 0.01097601088067205 0.082752047474498436 0.073813590159871628 0.10642681536463082 -0.032356716894556388 0.1071361981890058 -0.018176065053454968 -0.027672510289497101 0.00034714478894960337 -0.03613702937659901 0.014334027349004744 0.0048410544955691231 0.045249037718540261 0.079105780261742031 0.069577965816457685 0.0030030116976752898 0.047939976494739266 0.10493778069388439 0.098953808652250147
leaf_weight=2397.1120022386312 143.74939999729395 7.5713099688291541 182.50882548093796 5.7800397723913219 81.63124306499958 78.63700695335865 29.132602393627167 33.866695627570152 48.539753124117851 202.02858799695969 7.2785386592149726 153.05481006205082 114.46021115779877 85.525948852300644 31.079075172543526 24.004133597016335 189.70470578968525 83.348857790231705 119.23701596260071 11.439337477087973 25.633134126663208 36.405671954154968 339.41532915830612 148.42450734972954
leaf_count=19515 1159 52 1045 42 511 554 158 188 245 1643 37 1181 901 592 201 158 1375 513 633 71 193 224 1679 735
internal_value=-0.000147953 0.0601862 0.0208906 -0.0264634 0.0437515 0.0632703 0.00869765 0.0909222 0.0701651 -0.0294138 -0.0152392 -0.0154198 -0.014958 -0.0191241 -0.00147305 0.0502571 -0.00543694 0.0390808 0.0870101 0.0428203 -0.0220598 0.0345865 0.101215 0.0942832
internal_weight=4579.57 1390.81 610.41 3188.76 373.856 261.146 246.855 780.403 258.697 2941.9 236.554 544.788 157.313 229.275 112.71 89.5424 342.76 90.9202 167.777 17.2194 140.093 60.4098 521.707 182.291
internal_count=33605 8144 4099 25461 2311 1599 1747 4045 1443 23714 1788 4199 1207 1751 712 540 2556 565 878 113 1094 382 2602 923
is_linear=0
shrinkage=0.03


Tree=6
num_leaves=25
num_cat=0
split_feature=0 25 22 0 25 0 0 7 25 0 22 2 2 1 24 3 2 24 24 24 7 0 22 0
split_gain=7513.82 1691.55 528.623 378.241 321.919 223.61 199.256 166.601 147.299 103.797 73.9568 67.3451 43.6153 42.1364 34.1463 29.6487 27.853 28.4337 24.0224 21.6351 21.2077 16.9685 14.095 13.7385
threshold=3.1250000000000004 -0.96566666666666678 74.500000000000014 14.585000000000003 -0.18795161290322573 1.7750000000000001 5.4050000000000011 75.562100000000015 -0.45470005659309559 1.7450000000000003 95.500000000000014 26.615000000000006 27.385000000000002 23.725000000000005 1.5000000000000002 19.685000000000006 34.515000000000008 1.5000000000000002 2.5000000000000004 2.5000000000000004 76.966650000000016 2.6550000000000007 126.50000000000001 9.4850000000000012
decision_type=2 2 2 2 2 2 2 2 2 2 2 2 2 2 2 2 2 2 2 2 2 2 2 2
left_child=4 2 -2 7 9 11 8 -4 15 22 -11 18 -12 -7 -10 -3 23 -18 -6 -13 -5 -15 -1 -8
right_child=1 6 3 20 5 13 16 -9 14 10 12 19 -14 21 -16 -17 17 -19 -20 -21 -22 -23 -24 -25
leaf_value=-0.034275899701889323 -0.030716352989382006 -0.020012943485507296 0.0043282206734179931 0.066623126616108974 -0.0098995125935529959 0.072792160974130035 0.088260549734098678 0.042532861580539712 0.097232442195952298 -0.032266643983318057 0.038571446409733132 -0.030385782860975562 -0.010971641598238956 0.017753010894184108 0.067250098550956428 0.033180890109819013 0.10310688194090854 0.035915497119497659 0.064812929325874818 -0.0054131849166019971 0.10141838011297701 0.05588215891598719 -0.029524857787541839 0.097730061583986241
leaf_weight=1405.1484145224094 149.31589309126139 11.071793325245379 222.30357625335455 21.259871080517769 5.7411849349737194 32.710622280836105 229.29149471223354 190.98067939281464 48.53796524554491 184.41936197131872 16.919342041015625 90.177220277488232 291.93148595094681 35.421223312616348 115.62232507765293 63.607363797724247 9.0653887093067187 15.125858724117277 11.904455110430716 47.758891239762306 60.997067272663116 14.93283800780773 936.57907137274742 345.90109448134899
leaf_count=11725 1231 79 1461 112 42 177 1121 1208 243 1535 124 732 2200 226 609 400 44 85 71 362 305 87 7790 1636
internal_value=-0.000164573 0.0552941 0.0187659 0.0336758 -0.0269243 0.0065389 0.0833958 0.0219828 0.0602248 -0.0297411 -0.0172339 -0.0146798 -0.00825759 0.0462819 0.0761151 0.0252945 0.0926289 0.0610947 0.0405045 -0.0217393 0.0924253 0.0290605 -0.0323757 0.0939552
internal_weight=4556.72 1483.08 644.857 495.541 3073.64 238.646 838.223 413.284 238.839 2835 493.27 155.582 308.851 83.0647 164.16 74.6792 599.384 24.1912 17.6456 137.936 82.2569 50.3541 2341.73 575.193
internal_count=33605 8534 4317 3086 25071 1697 4217 2669 1331 23374 3859 1207 2324 490 852 479 2886 129 113 1094 417 313 19515 2757
is_linear=0
shrinkage=0.03


Tree=7
num_leaves=25
num_cat=0
split_feature=0 25 3 2 25 0 0 25 22 22 0 0 22 3 2 25 2 1 2 1 2 24 3 0
split_gain=7006.05 1493.83 415.616 381.048 313.444 258.625 206.274 201.921 130.098 116.493 103.573 83.9944 72.6281 64.0656 63.3374 54.7299 40.4989 36.971 35.4529 21.9269 21.509 21.23 19.8829 15.0878
threshold=3.1250000000000004 -1.153774759479343 20.625000000000004 33.785000000000004 -0.18795161290322573 6.1250000000000009 1.7750000000000001 -0.44901075268817198 276.50000000000006 126.50000000000001 1.7450000000000003 20.515000000000004 95.500000000000014 19.105000000000004 26.615000000000006 -1.3054999999999997 27.385000000000002 23.725000000000005 29.705000000000002 30.735000000000003 24.835000000000004 2.5000000000000004 17.525000000000002 2.6550000000000007
decision_type=2 2 2 2 2 2 2 2 2 2 2 2 2 2 2 2 2 2 2 2 2 2 2 2
left_child=4 2 11 8 10 7 14 13 -4 -5 -1 15 -12 -3 20 -2 -14 -8 -9 22 -6 -16 -7 -19
right_child=1 5 3 9 6 19 17 18 -10 -11 12 -13 16 -15 21 -17 -18 23 -20 -21 -22 -23 -24 -25
leaf_value=-0.032161898579408932 -0.024812872508535179 -0.026064034183036742 0.081490347023239082 -0.019583477436659984 0.10190297509130579 0.017764036954047116 0.068105196512121477 0.082470785197435434 0.015154952793608231 0.029434262636562215 -0.032050467782293292 0.098795108259916081 0.036450126548723968 0.034688789969259247 -0.030132425582827204 0.025301416917700589 -0.010724066793368863 0.017033216446196844 0.05620374626419055 0.018907008294087157 0.021507125771425432 -0.0052706789877105496 0.088234292843101927 0.052546325218185815
leaf_weight=2287.4027646929026 203.01399255543947 17.929112978279591 130.47428180277348 89.643749706447124 3.7921094298362759 3.6253655552864066 33.893863037228584 136.89854209125042 33.425343170762062 85.019591704010963 180.15784442424774 5.4901950508356085 17.35991008579731 121.39692983776331 88.236788995563984 21.710412502288818 289.7444382160902 35.804529890418053 69.837533965706825 4.1860899627208701 14.247949481010435 47.581405892968178 594.49741219729185 15.396994173526762
leaf_count=19515 1530 131 719 641 20 21 177 666 206 546 1535 26 124 748 732 149 2200 226 356 26 93 362 2769 87
internal_value=-0.000178191 0.0523996 0.0139602 0.0351069 -0.0266475 0.0754533 0.00632154 0.0547852 0.067962 0.00427653 -0.0294867 -0.017139 -0.0169285 0.0268708 -0.0144075 -0.0199714 -0.00805742 0.0438011 0.0735975 0.0873283 0.0384067 -0.0214226 0.0878072 0.0277125
internal_weight=4530.77 1517.15 568.778 338.563 3013.62 948.371 238.954 346.062 163.9 174.663 2774.66 230.215 487.262 139.326 153.858 224.724 307.104 85.0954 206.736 602.309 18.0401 135.818 598.123 51.2015
internal_count=33605 8534 3817 2112 25071 4717 1697 1901 925 1187 23374 1705 3859 879 1207 1679 2324 490 1022 2816 113 1094 2790 313
is_linear=0
shrinkage=0.03


Tree=8
num_leaves=25
num_cat=0
split_feature=0 25 22 0 25 0 0 2 0 25 22 2 0 25 25 1 24 24 24 3 7 22 3 22
split_gain=6548.65 1334.31 464.144 309.413 305.179 190.702 168.4 151.636 103.353 83.8958 71.317 59.6474 39.4412 57.9527 38.3869 32.7245 27.929 20.8311 20.5871 18.9065 16.9301 14.5942 14.3576 13.6035
threshold=3.1250000000000004 -0.98255913978494602 74.500000000000014 14.585000000000003 -0.18795161290322573 1.7750000000000001 4.455000000000001 35.475000000000001 1.7450000000000003 -0.45470005659309559 95.500000000000014 26.615000000000006 6.6850000000000014 -0.30298387096774188 -1.1172096774193547 23.725000000000005 1.5000000000000002 2.5000000000000004 2.5000000000000004 19.475000000000005 76.966650000000016 126.50000000000001 22.395000000000003 278.50000000000006
decision_type=2 2 2 2 2 2 2 2 2 2 2 2 2 2 2 2 2 2 2 2 2 2 2 2
left_child=4 2 -2 7 8 11 9 -4 21 19 -10 18 13 -8 -12 -7 -11 -13 -6 -3 -5 -1 -17 -23
right_child=1 6 3 20 5 15 12 -9 10 16 14 17 -14 -15 -16 22 -18 -19 -20 -21 -22 23 -24 -25
leaf_value=-0.033935374059559167 -0.030340231083829813 -0.031494646713578572 0.031382758752562523 0.059414163709247722 -0.010282196988256456 0.063987164035770552 0.049836449342434662 -0.0084901289140631407 -0.031838497375583044 0.084465747198580923 -0.019146986310630443 -0.029882347622150588 0.083853627814696213 0.082517906217514064 0.0021626069654052523 0.010316185814844885 0.051000330831618486 -0.0051314519559954187 0.058007169323938935 0.022072795401929413 0.089765715228170145 -0.025391607109608149 0.041851608986782828 -0.032789726262074034
leaf_weight=1338.6802893131971 144.24296677857637 6.773436687886714 299.89267572015524 22.176231175661087 5.8011568337678936 34.975576907396317 86.900822378695011 120.26379001140594 175.97978662699461 32.377459287643433 143.65608003735542 86.334788255393505 537.40630643069744 111.47553011775017 161.73764470219612 25.384468093514442 73.157393619418144 47.408874914050102 12.608444094657896 47.620324738323689 65.080207049846649 460.19980113208294 26.618974640965462 435.26194202899933
leaf_count=11725 1231 50 1794 111 42 177 460 852 1535 155 1138 732 2402 513 1186 153 367 362 71 295 304 4003 160 3787
internal_value=-0.000190353 0.0498073 0.0171465 0.0306456 -0.0263745 0.00611576 0.0735691 0.0199697 -0.0292356 0.045668 -0.0166269 -0.0141399 0.0796336 0.0682015 -0.00786135 0.0415492 0.0612673 -0.0211088 0.0364881 0.0154023 0.0820519 -0.0319523 0.0264582 -0.0289877
internal_weight=4502.01 1547.37 651.656 507.413 2954.65 239.132 895.711 420.156 2715.52 159.929 481.374 152.153 735.783 198.376 305.394 86.979 105.535 133.744 18.4096 54.3938 87.2564 2234.14 52.0034 895.462
internal_count=33605 8534 4292 3061 25071 1697 4242 2646 23374 867 3859 1207 3375 973 2324 490 522 1094 113 345 415 19515 313 7790
is_linear=0
shrinkage=0.03


Tree=9
num_leaves=25
num_cat=0
split_feature=0 25 3 25 2 0 25 0 22 0 22 0 22 22 2 2 3 25 2 2 1 24 24 22
split_gain=6136 1210.09 370.993 297.132 278.002 253.355 211.185 176.599 111.535 103.157 95.4688 75.8384 72.6393 71.0197 56.2372 37.7038 34.6187 30.6979 29.3064 28.6743 21.6576 20.5082 18.5291 15.2906
threshold=3.1250000000000004 -1.3054999999999997 20.625000000000004 -0.18795161290322573 33.225000000000001 6.6850000000000014 -0.44901075268817198 1.7750000000000001 126.50000000000001 1.7150000000000001 276.50000000000006 20.515000000000004 96.500000000000014 95.500000000000014 26.615000000000006 27.235000000000003 17.705000000000002 0.74876881720430111 29.705000000000002 26.045000000000005 30.735000000000003 3.5000000000000004 2.5000000000000004 158.50000000000003
decision_type=2 2 2 2 2 2 2 2 2 2 2 2 2 2 2 2 2 2 2 2 2 2 2 2
left_child=3 2 11 9 10 6 12 14 -6 -1 -4 19 -3 -11 22 -15 -7 -9 -8 -2 -18 -16 -5 -19
right_child=1 5 4 7 8 16 18 17 -10 13 -12 -13 -14 15 21 -17 20 23 -20 -21 -22 -23 -24 -25
leaf_value=-0.03178788784874978 0.045539654542316295 -0.016075749682841558 0.075082695074083189 -0.010043040034331902 -0.01797636318370549 0.0035827580991054653 0.074106584196527367 0.02899203107311054 0.029673625838188094 -0.031703495157574722 0.013405948925865701 0.087108474640136407 0.033438710425922238 0.038950894181828358 -0.02658520653059011 -0.010207777054460439 0.0796963482640696 0.023871840557824067 0.052207137448373145 -0.026359869392701806 0.011357448527204746 0.0034155953035921002 0.054596434697926119 0.082271059713894951
leaf_weight=2170.4139601290226 5.1240401417016974 31.882908202707767 109.53963249921799 5.7617281079292324 89.537185318768024 5.4956494942307463 168.99703539907932 65.580428823828697 87.332604646682739 176.56140518933535 28.454440250992775 5.6337377578020087 162.95033040642738 14.74174155294895 106.30361431092024 295.81268551200628 599.01337161660194 5.2033441960811642 81.52915146946907 193.86491610109806 4.2029443383216849 25.408753305673599 12.988169372081755 17.972152590751648
leaf_count=19412 37 243 562 42 644 33 770 374 538 1577 170 25 949 103 901 2282 2653 29 391 1493 26 193 71 87
internal_value=-0.000200206 0.0474878 0.0100133 -0.0261051 0.030451 0.0659567 0.0487617 0.00591943 0.00555167 -0.0289878 0.0623649 -0.0214354 0.0253361 -0.0165115 -0.0138777 -0.00787426 0.0785373 0.0394803 0.0669798 -0.0245084 0.0792202 -0.0207977 0.0347331 0.0691593
internal_weight=4470.31 1573.56 519.487 2896.75 314.864 1054.07 445.359 239.218 176.87 2657.53 137.994 204.623 194.833 487.116 150.462 310.554 608.712 88.7559 250.526 198.989 603.216 131.712 18.7499 23.1755
internal_count=33605 8534 3469 25071 1914 5065 2353 1697 1182 23374 732 1555 1192 3962 1207 2385 2712 490 1161 1530 2679 1094 113 116
is_linear=0
shrinkage=0.03


Tree=10
num_leaves=25
num_cat=0
split_feature=0 22 22 1 25 0 0 22 2 25 0 2 22 7 10 2 2 3 8 1 24 2 22 2
split_gain=5759.97 1097.49 447.824 344.294 289.284 163.813 151.516 142.914 180.573 136.349 102.963 75.283 69.7492 64.345 58.8113 53.0753 35.119 33.5163 28.3153 27.6428 20.293 17.3395 14.4247 14.3247
threshold=3.1250000000000004 110.50000000000001 276.50000000000006 30.015000000000004 -0.18795161290322573 1.7750000000000001 4.455000000000001 74.500000000000014 33.07500000000001 -1.3054999999999997 1.7150000000000001 29.615000000000006 95.500000000000014 76.966650000000016 100.00000000000001 26.615000000000006 27.385000000000002 19.435000000000006 473.50000000000006 23.725000000000005 2.5000000000000004 24.835000000000004 126.50000000000001 27.235000000000003
decision_type=2 2 2 2 2 2 2 2 2 2 2 2 2 2 2 2 2 2 2 2 2 2 2 2
left_child=4 7 3 6 10 15 -3 -2 13 17 22 -11 -12 -9 -5 21 -14 -4 -10 -7 -17 -6 -1 -24
right_child=1 2 9 14 5 19 -8 8 18 11 12 -13 16 -15 -16 20 -18 -19 -20 -21 -22 -23 23 -25
leaf_value=-0.033613219534627474 -0.028998397034007199 0.042374346399100378 -0.032121850820282224 0.030249478749024023 0.087412889335916205 0.057659782833934012 0.072945210906703056 0.012499601587020024 0.023569312935591835 0.063327093035030188 -0.031500382712194352 0.0057710797751578478 0.032760241572034221 0.087993833519793507 -0.023434793367785846 -0.029416047723630382 -0.010212629993234013 0.00385566959253643 -0.021647209541536705 0.023876711502099981 -0.0047196008531449739 0.018042919417844885 -0.011027238228371114 -0.029428362788023125
leaf_weight=1268.7763649225235 149.66655717045069 174.34853552281857 42.092718556523323 33.776638254523277 4.1434615701437023 36.675664141774178 894.55469088256359 15.401105046272276 15.494663089513777 50.853695809841156 172.43136013299227 34.213510021567345 18.186682939529419 29.862738162279129 40.252976551651955 82.832707054913044 290.65612054616213 52.210064828395844 63.73285037279129 53.738228276371956 46.899200513958931 14.920962840318678 39.951035760343075 810.75612495839596
leaf_count=11670 1309 900 273 214 20 177 4017 99 99 258 1577 186 125 150 271 732 2260 316 442 313 362 93 364 7378
internal_value=-0.000209135 0.0453833 0.0567093 0.0636256 -0.0258385 0.00573243 0.0679588 -0.00924389 0.0145055 0.0126391 -0.0287423 0.0401784 -0.0162157 0.0623068 0.00105911 -0.0136196 -0.00768211 -0.0122032 -0.0128041 0.0375805 -0.0204881 0.0331198 -0.0315867 -0.0285642
internal_weight=4436.43 1596.46 1322.3 1142.93 2839.97 239.21 1068.9 274.158 124.491 179.37 2600.76 85.0672 481.274 45.2638 74.0296 148.796 308.843 94.3028 79.2275 90.4139 129.732 19.0644 2119.48 850.707
internal_count=33605 8534 6435 5402 25071 1697 4917 2099 790 1033 23374 444 3962 249 485 1207 2385 589 541 490 1094 113 19412 7742
is_linear=0
shrinkage=0.03


Tree=11
num_leaves=25
num_cat=0
split_feature=0 25 3 25 2 0 25 0 0 0 22 0 3 2 22 3 25 1 2 2 25 24 24 22
split_gain=5415.63 1005.51 324.091 281.633 238.315 216.178 162.854 152.19 128.634 102.768 68.492 66.8747 63.4551 50.3175 49.5044 39.1435 35.0242 28.0442 27.6991 27.3506 26.2715 22.5634 17.2762 14.5983
threshold=3.1250000000000004 -1.3054999999999997 20.625000000000004 -0.18795161290322573 35.235000000000007 6.1250000000000009 -0.44901075268817198 1.7750000000000001 7.3550000000000013 1.7150000000000001 95.500000000000014 20.515000000000004 19.685000000000006 27.135000000000002 127.50000000000001 17.705000000000002 -1.1172096774193547 30.265000000000004 30.345000000000002 26.045000000000005 0.74876881720430111 2.5000000000000004 3.5000000000000004 126.50000000000001
decision_type=2 2 2 2 2 2 2 2 2 2 2 2 2 2 2 2 2 2 2 2 2 2 2 2
left_child=3 2 11 9 8 6 12 13 -4 23 -11 19 -3 21 -6 -7 -12 -17 -8 -2 -9 -5 -15 -1
right_child=1 5 4 7 14 15 18 20 -10 10 16 -13 -14 22 -16 17 -18 -19 -20 -21 -22 -23 -24 -25
leaf_value=-0.033456267506171519 0.043781635687077297 -0.017646979235014376 0.018909176998153188 -0.014660423528299184 -0.025076622214215406 -0.000918580237412148 0.065560949488781245 0.026234903520663329 0.066824771501128866 -0.031300673045042214 -0.018309260893119513 0.078771212696957527 0.029177793209949204 -0.026905701416548453 0.014283831623794473 0.071402771058929462 0.0019945449206817388 0.015404066557275676 0.042108470027830344 -0.025840418737877603 0.062625561487526377 0.04501363647464298 0.0018357389564219505 -0.028318091022277003
leaf_weight=1236.9672947376966 5.2194181382656089 31.769758723676205 86.141039177775383 8.5976386293768901 61.864605568349361 6.9312870129942885 165.48729544878006 67.706815093755722 121.61605864018202 168.38679943978786 143.54693160206079 5.8768676966428748 144.59978207945824 98.336417160928249 53.740369036793709 674.82516506314278 163.6199019625783 8.1459215432405454 62.42009237408638 187.78904054313898 24.24902381002903 16.935788810253143 23.277851387858391 832.63683515042067
leaf_count=11670 37 230 499 67 467 43 730 374 602 1577 1170 25 836 866 346 2886 1215 48 292 1493 116 97 177 7742
internal_value=-0.000217361 0.0434606 0.00921207 -0.025575 0.0277462 0.0598073 0.0423877 0.00555453 0.0469578 -0.0284994 -0.0159236 -0.0209221 0.0207432 -0.013366 -0.00677944 0.070015 -0.00749394 0.0707349 0.0591377 -0.0239577 0.0358312 0.0249201 -0.0214044 -0.0313891
internal_weight=4400.69 1616.43 522.247 2784.26 323.362 1094.18 404.277 239.104 207.757 2545.16 475.554 198.885 176.37 147.148 115.605 689.902 307.167 682.971 227.907 193.008 91.9558 25.5334 121.614 2069.6
internal_count=33605 8534 3469 25071 1914 5065 2088 1697 1101 23374 3962 1555 1066 1207 813 2977 2385 2934 1022 1530 490 164 1043 19412
is_linear=0
shrinkage=0.03


Tree=12
num_leaves=25
num_cat=0
split_feature=0 22 22 1 25 0 0 22 2 25 0 2 22 7 24 10 2 25 3 9 1 22 24 22
split_gain=5100.94 930.813 385.036 294.24 267.158 142.714 138.31 132.537 156.169 116.431 96.8257 66.7966 64.8848 54.7872 48.4086 44.7551 33.5065 31.3066 30.5112 27.9428 24.4998 14.7818 14.5356 12.3985
threshold=3.0850000000000004 110.50000000000001 276.50000000000006 30.265000000000004 -0.18795161290322573 4.455000000000001 1.7750000000000001 74.500000000000014 33.07500000000001 -1.3054999999999997 1.7150000000000001 29.665000000000003 95.500000000000014 76.966650000000016 2.5000000000000004 100.00000000000001 27.135000000000002 -1.1172096774193547 19.435000000000006 1.6500000000000001 23.725000000000005 126.50000000000001 3.5000000000000004 10.500000000000002
decision_type=2 2 2 2 2 2 2 2 2 2 2 2 2 2 2 2 2 2 2 2 2 2 2 2
left_child=4 7 3 5 10 -3 14 23 13 18 21 -11 -12 -9 -6 -5 -16 -14 -4 -10 -8 -1 -23 -2
right_child=1 2 9 15 6 -7 20 8 19 11 12 -13 17 -15 16 -17 -18 -19 -20 -21 -22 22 -24 -25
leaf_value=-0.033304079488424461 -0.0068378503764743182 0.037644872898875838 -0.031604793755049855 0.02179388307638077 -0.027676322669144285 0.066206810515432604 0.05267814937883631 0.011072609421213407 0.015774953272141092 0.056725128226810126 -0.031244226706193985 0.0034482662829892798 -0.018081131241363971 0.079590724463321896 0.042671535378140606 -0.027812470329117735 -0.006743226204627111 0.0013934599696532285 0.0028102715195365332 -0.023476800694801788 0.02102159225921163 -0.031211558474778574 -0.022958000992561359 -0.032002209434232827
leaf_weight=1205.8119016885757 20.482363410294056 189.38439163565636 41.038706816732883 31.496154807507992 85.198812216520309 933.62973706424236 37.416629418730736 15.786915108561514 22.896577231585979 53.713925816118717 161.92413204163313 34.967612892389297 138.84305778890848 31.3796631321311 17.323239281773567 34.079836919903755 43.015653379261494 159.7945149987936 53.29243329167366 56.852544583380222 53.410994857549667 505.12224259227514 309.83532061427832 126.15657440572977
leaf_count=11670 182 955 276 198 774 4057 174 102 152 263 1553 188 1147 151 97 234 336 1186 320 400 303 4809 2933 1145
internal_value=-0.000223936 0.0414686 0.0515461 0.0577832 -0.0254625 0.0613901 0.00501333 -0.00906048 0.0133853 0.0110389 -0.0283655 0.0357178 -0.0159522 0.0566573 -0.0131158 -0.00398653 0.00744371 -0.0076607 -0.012162 -0.0122073 0.0340626 -0.0311947 -0.0280737 -0.0284873
internal_weight=4362.85 1645.16 1371.6 1188.59 2717.7 1123.01 236.365 273.555 126.916 183.013 2481.33 88.6815 460.562 47.1666 145.538 65.576 60.3389 298.638 94.3311 79.7491 90.8276 2020.77 814.958 146.639
internal_count=33605 8623 6491 5444 24982 5012 1684 2132 805 1047 23298 451 3886 253 1207 432 433 2333 596 552 477 19412 7742 1327
is_linear=0
shrinkage=0.03


Tree=13
num_leaves=25
num_cat=0
split_feature=0 25 22 25 0 0 3 0 0 22 24 7 2 2 25 25 2 24 3 22 2 25 22 0
split_gain=4810.56 865.721 401.891 260.18 247.726 128.864 117.255 96.6666 75.3705 63.7361 46.6916 41.6442 31.2953 30.0067 29.9873 23.0617 20.4271 25.8279 16.485 14.9732 14.8206 12.2187 10.9519 9.7329
threshold=3.0850000000000004 -0.76867204301075265 74.500000000000014 -0.18795161290322573 11.705000000000002 1.7750000000000001 19.295000000000005 1.7150000000000001 4.2150000000000007 95.500000000000014 2.5000000000000004 76.966650000000016 26.045000000000005 30.425000000000004 -1.1172096774193547 0.74876881720430111 29.315000000000001 1.5000000000000002 22.975000000000005 126.50000000000001 27.235000000000003 -0.10830107526881709 158.50000000000003 2.6550000000000007
decision_type=2 2 2 2 2 2 2 2 2 2 2 2 2 2 2 2 2 2 2 2 2 2 2 2
left_child=3 2 -2 7 6 10 -4 19 13 -9 -5 -6 -12 21 -11 23 -10 -18 -15 -1 -21 -3 -17 -7
right_child=1 8 4 5 11 15 -8 9 16 14 12 -13 -14 18 -16 22 17 -19 -20 20 -22 -23 -24 -25
leaf_value=-0.033156416568445306 -0.029300351063947135 0.039279382759338927 -0.020746843066510444 -0.027417321092941573 0.035844150822691698 0.016085041284835764 0.021971871269497317 -0.031053086976598268 0.067092389230375235 -0.017772000778209875 0.057129843391132439 0.068906065901572569 -0.0021265033590006218 0.0033684088364830476 0.0013503618396798207 0.019825828669163981 0.072258245236754379 0.05010695084108064 0.037169724148552401 -0.0095430515991851272 -0.028745389747682787 0.062810013353534339 0.068181749499016314 0.040925536810847159
leaf_weight=1175.3074903786182 140.04216872900724 40.566990382969379 67.467222824692726 83.450076267123222 49.2630864828825 47.342861205339432 404.75173234194517 158.09118970483541 520.64415921270847 137.04781366884708 9.5191705673933011 112.79504160583019 50.981299191713333 24.170757807791233 159.94535180181265 5.4098159521818188 66.185128912329674 166.67181228101254 28.061729222536087 37.98298916220665 759.68561473488808 38.911453291773796 19.091753050684929 20.275690957903862
leaf_count=11670 1302 200 448 774 247 263 2362 1553 2139 1147 45 498 388 129 1186 28 274 712 143 364 7378 169 85 101
internal_value=-0.000230089 0.0398638 0.0166962 -0.0252052 0.0268518 0.00486171 0.0158685 -0.0281285 0.0601291 -0.0156649 -0.0128694 0.0588558 0.00719692 0.0391914 -0.00747367 0.0325691 0.063789 0.056403 0.0215281 -0.0310034 -0.027831 0.0507996 0.057505 0.0235336
internal_weight=4323.66 1659.53 774.319 2664.13 634.277 236.071 472.219 2428.06 885.212 455.084 143.951 162.058 60.5005 131.711 296.993 92.1201 753.501 232.857 52.2325 1972.98 797.669 79.4784 24.5016 67.6186
internal_count=33605 8623 4857 24982 3555 1684 2810 23298 3766 3886 1207 745 433 641 2333 477 3125 986 272 19412 7742 369 113 364
is_linear=0
shrinkage=0.03


Tree=14
num_leaves=25
num_cat=0
split_feature=0 25 3 25 2 0 25 0 0 22 0 22 2 0 24 2 2 2 1 3 24 22 24 2
split_gain=4541.89 805.823 269.323 253.33 202.847 189.874 149.496 120.664 96.5006 77.8703 75.0969 62.5973 60.8263 56.8115 43.4518 29.6169 27.6637 26.9679 26.0004 23.8932 23.6143 15.173 14.8958 14.3858
threshold=3.0850000000000004 -1.3054999999999997 20.625000000000004 -0.18795161290322573 33.785000000000004 6.6850000000000014 -0.4104677419354838 1.6650000000000003 1.7150000000000001 126.50000000000001 6.9350000000000014 95.500000000000014 29.745000000000001 20.515000000000004 2.5000000000000004 37.635000000000012 25.635000000000002 26.615000000000006 23.725000000000005 17.705000000000002 1.5000000000000002 126.50000000000001 3.5000000000000004 34.625000000000007
decision_type=2 2 2 2 2 2 2 2 2 2 2 2 2 2 2 2 2 2 2 2 2 2 2 2
left_child=3 2 13 8 10 6 12 14 21 -6 -4 -10 -3 16 -5 -13 -2 -16 -9 -7 -8 -1 -23 -21
right_child=1 5 4 7 9 19 20 18 11 -11 -12 15 -14 -15 17 -17 -18 -19 -20 23 -22 22 -24 -25
leaf_value=-0.03301303542709589 0.062534207056067048 0.042938770035212868 0.020567786479877989 -0.028037413255862852 -0.020525247237401761 0.0013242949651336695 0.068067991569951164 0.048214109458136097 -0.030864695388079677 0.020701448488452966 0.061916198725201613 -0.00317955620926618 0.009917198871333811 0.069674215569540399 0.043877359764697192 -0.029241360490206716 -0.024932871377670581 -0.0049572657876983698 0.017013045364799726 0.064622801068841773 0.048161647500457622 -0.030845962142886228 -0.022316569355546587 0.043175474235273494
leaf_weight=1145.4507567733526 3.3129937797784796 74.507591910660267 62.066454492509365 78.902815580368042 81.747548900544643 5.583857648074626 75.644834652543068 40.978212848305702 154.34119927883148 83.201984494924545 108.88139718025923 248.79365395754576 153.91040958464146 6.0965983420610419 13.201402544975279 46.593512497842312 183.8324211165309 44.428631886839867 58.14298602938652 619.18618042767048 184.31644500792027 482.69996454566717 298.06624396890402 29.487222656607628
leaf_count=11670 23 394 340 748 605 33 316 189 1553 485 499 1952 905 25 66 381 1526 347 334 2539 793 4809 2933 140
internal_value=-0.000234567 0.0383764 0.00776938 -0.0249508 0.0240032 0.0525501 0.0383956 0.00471744 -0.0278934 0.000269858 0.0469037 -0.0153809 0.0206885 -0.0204485 -0.0135735 -0.00729047 -0.0233845 0.00622936 0.029912 0.0631159 0.0539541 -0.0308148 -0.0275898 0.0636479
internal_weight=4283.38 1671.78 529.139 2611.6 335.897 1142.64 488.379 235.654 2375.95 164.95 170.948 449.728 228.418 193.242 136.533 295.387 187.145 57.63 99.1212 654.257 259.961 1926.22 780.766 648.673
internal_count=33605 8623 3503 24982 1929 5120 2408 1684 23298 1090 839 3886 1299 1574 1161 2333 1549 413 523 2712 1109 19412 7742 2679
is_linear=0
shrinkage=0.03


Tree=15
num_leaves=25
num_cat=0
split_feature=0 25 22 25 0 0 2 0 0 25 22 24 2 2 2 24 1 22 2 24 2 0 25 2
split_gain=4293.57 744.584 360.725 246.669 216.499 112.762 110.625 96.3571 70.3711 62.1293 61.4779 41.9875 32.1173 28.8895 25.2704 24.2586 23.8505 15.3804 15.1834 17.747 14.9924 13.1845 12.5351 9.55016
threshold=3.0850000000000004 -0.76867204301075265 74.500000000000014 -0.18795161290322573 6.8050000000000006 1.6650000000000003 35.475000000000001 1.7150000000000001 4.6750000000000007 -1.7866666666666668 95.500000000000014 2.5000000000000004 29.445000000000004 27.235000000000003 26.045000000000005 3.5000000000000004 23.725000000000005 126.50000000000001 29.315000000000001 1.5000000000000002 27.235000000000003 2.6550000000000007 -0.10830107526881709 26.365000000000006
decision_type=2 2 2 2 2 2 2 2 2 2 2 2 2 2 2 2 2 2 2 2 2 2 2 2
left_child=3 2 23 7 9 11 -6 17 12 -4 -9 -5 22 -12 -13 -14 -7 -1 -10 -20 -19 -18 -3 -2
right_child=1 8 4 5 6 16 -8 10 18 -11 13 14 15 -15 -16 -17 21 20 19 -21 -22 -23 -24 -25
leaf_value=-0.032873720347083669 0.022851265462100888 0.038932328341931804 -0.012892170424753435 -0.027792461113325059 0.049821109079829957 0.046046232916958307 0.0035810487356081932 -0.030678828371569829 0.062731176587858831 0.015990049161998764 0.033518946663775043 0.052397550772406147 0.034189537707375178 -0.0092874651733848446 -0.0024680120589122352 -0.0041279555016659128 0.0078680790776819217 -0.0087038301374978942 0.06674032522103808 0.047794719598540585 -0.028296705204815184 0.04019099989767267 0.060150368391883924 -0.030186642818526122
leaf_weight=1116.237266510725 3.1277423128485671 46.093986764550209 96.567576266825199 77.235577113926411 272.90307955443859 41.61025059223175 56.144709177315235 150.67348578572273 498.79137137532234 219.1564968302846 14.949961632490156 8.9401336014270765 64.370532654225826 278.92042407393456 48.777587942779064 19.337172538042068 43.2703557908535 36.934301160275936 62.410435661673546 155.05314899981022 727.30961699038744 15.399578958749769 54.911139309406281 132.26521308720112
leaf_count=11670 27 211 625 748 1296 189 356 1553 2014 1278 101 41 319 2232 372 95 257 364 253 644 7378 77 230 1275
internal_value=-0.000238595 0.0370106 0.0155551 -0.0246974 0.024903 0.00457786 0.0419313 -0.0276593 0.0555894 0.00715611 -0.0150983 -0.0133269 0.0390793 -0.00710979 0.00603034 0.0253379 0.0286734 -0.0306288 0.0598471 0.053232 -0.0273498 0.0163521 0.0504675 -0.0289614
internal_weight=4241.39 1681.13 780.165 2560.26 644.772 235.233 329.048 2325.03 900.968 315.724 444.544 134.953 184.713 293.87 57.7177 83.7077 100.28 1880.48 716.255 217.464 764.244 58.6699 101.005 135.393
internal_count=33605 8623 4857 24982 3555 1684 1652 23298 3766 1903 3886 1161 855 2333 413 414 523 19412 2911 897 7742 334 441 1302
is_linear=0
shrinkage=0.03


Tree=16
num_leaves=25
num_cat=0
split_feature=0 22 22 2 25 22 2 25 0 0 0 1 2 22 7 24 2 2 8 2 1 22 24 3
split_gain=4062.82 742.002 326.383 256.532 212.609 111.884 137.587 94.409 90.6234 83.361 77.1819 69.331 56.6645 48.9562 42.2168 38.5642 28.911 27.1158 25.3413 24.9579 22.4509 15.5955 15.2672 14.2167
threshold=2.9250000000000003 110.50000000000001 276.50000000000006 34.405000000000008 -0.18795161290322573 74.500000000000014 33.07500000000001 -1.3054999999999997 1.6150000000000004 5.0550000000000006 1.7150000000000001 31.015000000000004 29.615000000000006 95.500000000000014 76.966650000000016 2.5000000000000004 25.635000000000002 30.225000000000005 473.50000000000006 28.345000000000002 23.725000000000005 126.50000000000001 3.5000000000000004 22.395000000000003
decision_type=2 2 2 2 2 2 2 2 2 2 2 2 2 2 2 2 2 2 2 2 2 2 2 2
left_child=4 5 3 9 10 -2 14 16 15 -3 21 -5 -9 -12 -7 -6 -4 -15 -8 -17 -10 -1 -23 -22
right_child=1 2 7 11 8 6 18 12 20 -11 13 -13 -14 17 -16 19 -18 -19 -20 -21 23 22 -24 -25
leaf_value=-0.032738255252231153 -0.027865772424410701 0.039870123465308611 0.084844498135735344 0.027781815278851641 -0.027482448457410571 0.010260382585159846 0.019360320223654203 0.04711311798865761 0.043188798174387408 0.059372416877068977 -0.030650524784248324 -0.013307378316176061 0.00035227778739323142 0.005973194626894089 0.068962515843729422 0.029063480440775773 -0.01606357745526037 -0.014814298966543798 -0.021269469438824306 -0.011253976558120498 -0.0021006732804920753 -0.030490617691171468 -0.021676343703383418 0.028131663435312114
leaf_weight=1087.6620635390282 146.33197542279959 259.98800545185804 2.6256570965051642 132.15797287970781 74.808821238577366 16.45886617153883 17.306369058787823 58.173745982348919 37.6611258238554 817.54109565913677 134.29684976488352 51.306699313223362 38.932020835578442 81.574805364012718 33.40372072160244 23.392322659492493 95.464292205870152 183.54994864761829 68.504704259335995 33.764246352016926 27.598926462233067 461.25309827923775 286.84647891670465 28.409021779894829
leaf_count=11670 1435 1213 14 707 740 106 108 274 170 3352 1418 340 208 626 154 141 608 1494 494 267 162 4809 2933 162
internal_value=-0.000241905 0.0348698 0.0434955 0.0490835 -0.025043 -0.00967065 0.00995386 0.00739635 0.00271105 0.0546669 -0.0278447 0.016291 0.0283656 -0.0158934 0.0495859 -0.0133069 -0.0133625 -0.00841831 -0.0130753 0.00524665 0.0252779 -0.030445 -0.0271109 0.0132341
internal_weight=4199.01 1738.2 1456.19 1260.99 2460.82 282.006 135.674 195.196 225.634 1077.53 2235.18 183.465 97.1058 399.422 49.8626 131.965 98.0899 265.125 85.8111 57.1566 93.6691 1835.76 748.1 56.0079
internal_count=33605 9013 6716 5612 24592 2297 862 1104 1642 4565 22950 1047 482 3538 260 1148 622 2120 602 408 494 19412 7742 324
is_linear=0
shrinkage=0.03


Tree=17
num_leaves=25
num_cat=0
split_feature=0 25 22 0 25 2 0 0 0 22 24 2 24 2 2 1 22 22 0 24 3 3 2 2
split_gain=3849.44 698.963 346.492 220.415 207.421 117.123 84.9853 77.1634 56.6734 48.1745 37.2846 28.6002 28.0018 25.8341 23.2109 20.7183 15.8173 15.3987 14.7991 22.4658 13.1002 12.6602 9.54822 7.80842
threshold=2.9250000000000003 -0.63928494623655918 74.500000000000014 12.320000000000002 -0.18795161290322573 37.395000000000003 1.6150000000000004 1.7150000000000001 4.0050000000000008 95.500000000000014 2.5000000000000004 27.235000000000003 4.5000000000000009 30.225000000000005 28.345000000000002 23.725000000000005 126.50000000000001 278.50000000000006 8.0850000000000026 2.5000000000000004 22.395000000000003 22.975000000000005 26.365000000000006 25.405000000000005
decision_type=2 2 2 2 2 2 2 2 2 2 2 2 2 2 2 2 2 2 2 2 2 2 2 2
left_child=4 2 22 5 7 -4 10 16 11 -9 -6 -3 -5 -11 -12 23 -1 -18 19 -10 -17 -13 -2 -8
right_child=1 8 3 12 6 -7 15 9 18 13 14 21 -14 -15 -16 20 17 -19 -20 -21 -22 -23 -24 -25
leaf_value=-0.032606437387377118 0.023085807898484034 0.05954375534699545 0.01956448062920544 0.062307338204031545 -0.027239256777180077 -0.019289969543251125 0.062452308483287963 -0.030471963543697085 0.059017924725892366 0.0057699289984189011 0.02777044457178604 0.017131980176290144 0.036912407828573204 -0.014524716745738979 -0.011004524463040217 -0.0020400080633961037 -0.022643773360790643 -0.031347664999711429 0.059306463872114461 0.042808899390935892 0.026885193215129385 0.040278690206239524 -0.030028399035386955 0.032630401927763619
leaf_weight=1059.7194962203503 3.116310089826583 29.248404510319233 483.34223799407482 107.05758436024189 73.236266024410725 81.613606728613377 11.181352019309996 131.07997057586908 150.71056155860424 81.909912548959255 23.741574451327324 58.864671163260937 61.542263731360435 181.62263760715723 33.497823819518089 27.567549608647823 376.48813281208277 355.83849260210991 442.24783658981323 157.25831723213196 28.827778786420822 33.296444937586784 135.19256969541311 26.942327260971069
leaf_count=11670 27 125 2694 444 740 572 47 1418 615 626 141 304 286 1494 267 162 3971 3771 1770 647 162 162 1367 123
internal_value=-0.000245153 0.0337154 0.014723 0.0229351 -0.0247967 0.0139516 0.0026313 -0.0276189 0.052713 -0.0156094 -0.0130616 0.0336972 0.0530377 -0.00821683 0.00507843 0.024294 -0.0302634 -0.026873 0.0557903 0.0507411 0.0127458 0.0254945 -0.0288317 0.0413769
internal_weight=4155.14 1743.49 871.865 733.556 2411.65 564.956 224.995 2186.66 871.626 394.613 130.476 121.41 168.6 263.533 57.2394 94.519 1792.05 732.327 750.217 307.969 56.3953 92.1611 138.309 38.1237
internal_count=33605 9013 5390 3996 24592 3266 1642 22950 3623 3538 1148 591 730 2120 408 494 19412 7742 3032 1262 324 466 1394 170
is_linear=0
shrinkage=0.03


Tree=18
num_leaves=25
num_cat=0
split_feature=0 25 3 2 25 7 0 0 0 22 24 2 3 2 7 2 2 2 22 24 0 24 3 4
split_gain=3649.3 655.048 332.552 256.849 202.319 172.098 79.7651 77.1314 54.958 47.3941 36.0453 28.8205 38.2589 26.505 25.246 24.6093 22.1248 19.4772 16.0473 15.6425 14.8331 21.0466 12.0492 11.6179
threshold=2.9250000000000003 -0.63928494623655918 19.105000000000004 30.105000000000004 -0.18795161290322573 79.153350000000017 1.6150000000000004 1.7150000000000001 4.0050000000000008 95.500000000000014 2.5000000000000004 26.615000000000006 17.705000000000002 27.235000000000003 74.184400000000025 30.225000000000005 26.045000000000005 28.095000000000002 126.50000000000001 3.5000000000000004 8.0850000000000026 2.5000000000000004 21.585000000000004 19.675000000000004
decision_type=2 2 2 2 2 2 2 2 2 2 2 2 2 2 2 2 2 2 2 2 2 2 2 2
left_child=4 2 11 14 7 -5 10 18 13 -9 -6 12 -2 -3 -4 -11 -12 -8 -1 -20 21 -10 -15 -19
right_child=1 8 3 5 6 -7 17 9 20 15 16 -13 -14 22 -16 -17 -18 23 19 -21 -22 -23 -24 -25
leaf_value=-0.03247807785223937 -0.027929960159744551 0.05709380545019372 0.028276465998282929 0.0035996485567148812 -0.026997117831516433 0.045802634593799144 0.038160915498300384 -0.030295392407754623 0.056974831140506735 0.0055744195435428901 0.047389615839222306 -0.027996157467126206 0.07938005340401881 0.0079937128708534588 0.05840886781507177 -0.014238564480224989 -0.0032635060839634545 0.026630958374161642 -0.030143484731216329 -0.021037637295098312 0.057546134916469344 0.041323265703674145 0.031558140677022645 -0.001939634935773306
leaf_weight=1032.4031303822994 6.674931235611437 29.583026513457298 29.846841022372246 416.04641076922417 71.699645407497883 109.9428608417511 43.533562660217285 127.93619871139526 151.41986005008221 82.234186954796314 9.2555709034204465 150.74365792423487 5.4166416153311729 27.89070338755846 154.88747956603765 179.74331073462963 48.056736193597317 23.31159170717001 440.74383422732353 276.18379765748978 442.10308302938938 158.01256123185158 65.142400436103344 28.433493413031101
leaf_count=11670 49 125 143 2581 740 554 198 1418 615 626 41 1316 28 151 719 1494 367 127 4809 2933 1770 647 315 169
internal_value=-0.000247337 0.0326216 0.014249 0.0231089 -0.0245522 0.012421 0.0025549 -0.0273943 0.0509817 -0.0153284 -0.0128197 -0.0244216 0.0201415 0.032359 0.0535405 -0.00801931 0.00491665 0.0233729 -0.0300837 -0.0266356 0.0540201 0.0489823 0.0244937 0.0109317
internal_weight=4111.25 1747.71 873.559 710.724 2363.54 525.989 224.291 2139.24 874.152 389.914 129.012 162.835 12.0916 122.616 184.734 261.977 57.3123 95.2786 1749.33 716.928 751.536 309.432 93.0331 51.7451
internal_count=33605 9013 5390 3997 24592 3135 1642 22950 3623 3538 1148 1393 77 591 862 2120 408 494 19412 7742 3032 1262 466 296
is_linear=0
shrinkage=0.03


Tree=19
num_leaves=25
num_cat=0
split_feature=0 25 22 0 25 2 0 0 25 0 22 24 2 24 2 2 25 22 2 22 3 8 22 2
split_gain=3461.12 616.258 314.002 200.513 197.319 92.9077 77.0869 74.9283 56.9099 54.4027 46.6147 37.72 28.019 24.4943 23.4389 22.2987 16.5216 16.282 15.8764 9.66361 13.0733 7.62148 7.04148 6.298
threshold=2.9250000000000003 -0.63928494623655918 74.500000000000014 6.8050000000000006 -0.18795161290322573 35.475000000000001 1.7150000000000001 1.7750000000000001 -1.6717642897566496 5.2150000000000007 95.500000000000014 2.5000000000000004 27.235000000000003 1.5000000000000002 30.225000000000005 28.345000000000002 0.74876881720430111 126.50000000000001 27.235000000000003 10.500000000000002 19.155000000000005 496.50000000000006 158.50000000000003 29.785000000000004
decision_type=2 2 2 2 2 2 2 2 2 2 2 2 2 2 2 2 2 2 2 2 2 2 2 2
left_child=4 2 19 8 6 -5 17 11 -4 12 -8 -6 -3 -14 -12 -13 21 -1 -19 20 -2 -9 -18 -11
right_child=1 9 3 5 7 -7 10 16 -10 23 14 15 13 -15 -16 -17 22 18 -20 -21 -22 -23 -24 -25
leaf_value=-0.032352987640072148 -0.02038729016154581 0.053629803381643359 -0.011095976991900441 0.043952820423051646 -0.025957984146863133 0.0029373735453075535 -0.030120621471641556 0.043120952155140627 0.013986494563297534 0.055729748220534683 0.0053863123796008255 0.027014924705711107 0.047168989264868941 0.023266809012887798 -0.013955846657476411 -0.0096404853993410245 0.015935672471804434 -0.00653037692241875 -0.027423731586590675 -0.031798725013479183 0.044248452890970374 0.012200485014107787 0.054525623399150062 0.048727582219886115
leaf_weight=1005.7062710076571 15.604296423494818 68.621563702821732 118.92154160887003 305.32003958523273 74.041665703058243 59.370163343846798 124.86464754492044 8.2188110798597318 258.11379920691252 478.37285934388638 82.548006184399128 25.898629978299141 57.143732123076916 118.81723581254482 177.91108739376068 35.287542372941971 5.5664839297533062 34.420336537063122 667.46396027505398 114.76341780275106 3.4365512132644644 56.462126418948174 18.070276662707329 152.44728380441666
leaf_count=11670 158 282 780 1388 774 367 1418 43 1461 1919 626 150 278 530 1494 283 27 364 7378 1204 32 289 76 614
internal_value=-0.000249291 0.0315816 0.0137851 0.0214158 -0.0243092 0.0372757 -0.0271707 0.00248162 0.00607518 0.0493808 -0.0150504 -0.0115547 0.0373701 0.0310291 -0.00782568 0.00587486 0.0239733 -0.0299057 -0.0263991 -0.0285148 -0.00872163 0.0161295 0.0454376 0.0540376
internal_weight=4067.39 1750.93 875.53 741.726 2316.46 364.69 2092.91 223.546 377.035 875.403 385.324 135.228 244.583 175.961 260.459 61.1862 88.3177 1707.59 701.884 133.804 19.0408 64.6809 23.6368 630.82
internal_count=33605 9013 5390 3996 24592 1755 22950 1642 2241 3623 3538 1207 1090 808 2120 433 435 19412 7742 1394 190 332 103 2533
is_linear=0
shrinkage=0.03


Tree=20
num_leaves=25
num_cat=0
split_feature=0 25 3 2 25 7 0 0 0 22 24 2 2 2 22 25 24 22 22 0 0 2 2 1
split_gain=3284.98 580.559 302.541 228.709 192.438 155.447 77.0271 71.1871 53.9391 45.8365 36.6955 29.2819 26.4279 24.4229 24.109 22.5679 22.4734 16.5234 16.1682 15.0135 13.4597 12.7396 7.68123 6.9252
threshold=2.9250000000000003 -0.63928494623655918 19.105000000000004 30.105000000000004 -0.18795161290322573 79.153350000000017 1.7150000000000001 1.3950000000000002 5.2150000000000007 95.500000000000014 3.5000000000000004 25.135000000000002 27.235000000000003 27.315000000000001 208.50000000000003 -1.1172096774193547 1.5000000000000002 126.50000000000001 278.50000000000006 19.395000000000003 2.1950000000000007 28.835000000000004 25.405000000000005 22.995000000000001
decision_type=2 2 2 2 2 2 2 2 2 2 2 2 2 2 2 2 2 2 2 2 2 2 2 2
left_child=4 2 11 14 6 -5 17 10 12 -8 23 -2 -3 22 -4 -11 -14 -1 -19 -13 -15 -12 -9 -6
right_child=1 8 3 5 7 -7 9 13 -10 15 21 19 16 20 -16 -17 -18 18 -20 -21 -22 -23 -24 -25
leaf_value=-0.032230993186919903 0.079972455225936032 0.051740003035052717 0.064254748205044759 0.0031369391701484206 -0.005345826635420459 0.042960760642057887 -0.029947472847345266 0.059317922409726637 0.052544000674131203 -0.017371595890884585 0.032188671838416047 -0.026923494602643257 0.045211969839045935 -0.0025914344793136097 0.041930700789386162 0.0004198372339946746 0.02242994969369828 -0.021703960052992289 -0.030911747546698953 0.046838351043089615 0.023423787222078489 -0.006418743405958327 0.030107378468051917 -0.028191749950094724
leaf_weight=979.62152749300003 2.3947328105568877 68.988183051347733 68.38500689715147 417.93439750373363 14.41024214029312 111.8153342679143 121.86438716202974 12.288905739784239 629.31032593548298 117.26145121455193 16.297658443450931 153.76986902952194 57.818048976361752 37.581686094403267 119.83217423409224 141.71537199616432 119.54145680367947 354.41168300807476 332.78995829075575 2.5242509171366683 34.174851596355438 14.56847510486841 23.780284084379673 69.702181421220303
leaf_count=11670 14 282 302 2581 117 554 1418 51 2533 1037 95 1368 278 260 560 1083 530 3971 3771 11 174 115 111 719
internal_value=-0.000250817 0.0306078 0.0133498 0.0216353 -0.024067 0.0115426 -0.026948 0.00241044 0.0478855 -0.0147753 -0.0140111 -0.024137 0.035985 0.0199213 0.0500417 -0.0076359 0.0298567 -0.0297293 -0.026163 -0.0257322 0.00979861 0.0139664 0.0400595 -0.0242778
internal_weight=4022.78 1752.31 876.656 717.967 2270.47 529.75 2047.66 222.804 875.658 380.841 114.979 158.689 246.348 107.826 188.217 258.977 177.36 1666.82 687.202 156.294 71.7565 30.8661 36.0692 84.1124
internal_count=33605 9013 5390 3997 24592 3135 22950 1642 3623 3538 1046 1393 1090 596 862 2120 808 19412 7742 1379 434 210 162 836
is_linear=0
shrinkage=0.03


Tree=21
num_leaves=25
num_cat=0
split_feature=0 25 0 7 0 25 2 24 3 0 3 2 3 22 3 2 2 1 3 22 1 4 24 0
split_gain=3120.17 526.498 221.457 189.496 171.815 158.105 130.044 74.8373 68.7913 64.3765 52.7636 50.8481 57.1151 48.1299 43.2466 68.804 38.1492 27.9666 25.9432 22.0995 21.0644 19.7607 19.5697 19.0783
threshold=3.1250000000000004 -1.4881666666666666 1.7150000000000001 79.153350000000017 6.8050000000000006 -0.41918279569892464 29.705000000000002 1.5000000000000002 17.585000000000004 18.420000000000005 21.265000000000004 26.485000000000003 19.515000000000004 95.500000000000014 20.165000000000003 30.655000000000005 38.305000000000007 23.685000000000006 17.705000000000002 126.50000000000001 30.265000000000004 24.515000000000004 3.5000000000000004 2.2950000000000004
decision_type=2 2 2 2 2 2 2 2 2 2 2 2 2 2 2 2 2 2 2 2 2 2 2 2
left_child=2 3 11 9 6 14 8 -8 -3 13 -5 12 -1 -2 -4 -16 -12 -7 -6 -13 -20 -14 -21 -19
right_child=1 4 5 10 18 17 7 -9 -10 -11 16 19 21 -15 15 -17 -18 23 20 22 -22 -23 -24 -25
leaf_value=-0.02398463132799614 -0.02715927986004894 -0.030064459081500201 -0.029597180593663161 -0.013744833045957439 -0.0077342281504112174 0.037312006354822784 0.049030195267765433 0.0074015635587111736 0.045808172134637351 0.054541060767074066 0.052196884630728593 -0.032084219811148541 0.022673847065116704 -0.0028669416606884606 0.024430116443928344 -0.016697015758729946 -0.020851664810142716 -0.0039842336107621997 0.051521337198655641 -0.028853964733204649 0.0077073665672191503 0.090085970543301239 -0.018863959432712185 0.021822748704019398
leaf_weight=26.195657320320606 121.62897789478302 11.206388860940931 143.68845932930708 15.518902897834776 6.8619592338800421 51.662000849843025 46.239291712641716 243.75874050706625 266.93229088187218 13.457066386938093 79.855915822088718 949.49015588313341 11.096163436770441 185.13250748813152 45.484581880271435 187.63448939472437 6.9982248842716208 46.502478197216988 681.72496189922094 486.23943217098713 10.020820520818232 6.0458752512931815 277.02534268796444 57.859332829713821
leaf_count=267 1184 83 1521 116 47 240 208 1321 1134 58 362 11599 71 1113 353 1722 43 308 2804 5575 61 47 3034 334
internal_value=-0.000251992 0.0306739 -0.0230768 0.00167737 0.0403472 -0.00613614 0.0280955 0.0140391 0.0427512 -0.00968138 0.0372071 -0.0282169 0.00387533 -0.0124987 -0.0166518 -0.00867257 0.046311 0.0192598 0.0503108 -0.0290289 0.0508866 0.0464496 -0.0252281 0.0103234
internal_weight=3978.26 1689.34 2288.92 422.592 1266.74 532.831 568.137 289.998 278.139 320.219 102.373 1756.09 43.3377 306.761 376.808 233.119 86.8541 156.024 698.608 1712.75 691.746 17.142 763.265 104.362
internal_count=33605 8534 25071 2876 5658 4478 2746 1529 1217 2355 521 20593 385 2297 3596 2075 405 882 2912 20208 2865 118 8609 642
is_linear=0
shrinkage=0.03


Tree=22
num_leaves=25
num_cat=0
split_feature=0 22 25 0 25 3 0 2 2 0 0 22 7 22 22 24 0 2 22 22 2 5 22 24
split_gain=2968.94 569.475 274.282 171.345 136.617 87.8992 83.6455 59.5905 56.0891 54.4739 52.1766 37.364 31.2545 37.8813 27.0574 24.9073 22.0746 18.539 16.9586 16.519 14.0538 12.8643 9.25801 8.91723
threshold=2.6550000000000007 95.500000000000014 -0.53209677419354828 6.5750000000000011 -0.18795161290322573 18.905000000000005 15.555000000000001 37.475000000000001 28.095000000000002 1.7150000000000001 5.6150000000000011 127.50000000000001 78.197250000000011 74.500000000000014 272.50000000000006 1.5000000000000002 0.95500000000000007 24.835000000000004 126.50000000000001 278.50000000000006 29.275000000000002 0.34595000000000004 246.50000000000003 3.5000000000000004
decision_type=2 2 2 2 2 2 2 2 2 2 2 2 2 2 2 2 2 2 2 2 2 2 2 2
left_child=4 6 3 7 9 -5 12 -3 17 18 15 -11 20 -14 -13 -4 23 -6 -1 -20 -2 -19 -18 -10
right_child=1 2 10 5 8 -7 -8 -9 16 11 -12 14 13 -15 -16 -17 22 21 19 -21 -22 -23 -24 -25
leaf_value=-0.031996014578360862 -0.0084456446354362145 0.011732603971101343 0.048463090777882072 -0.023612650206678413 0.060267420964841723 0.039245762923156818 0.042003723016289032 -0.021286510181314219 -0.030632558488620152 -0.027011229318191103 0.050777751746699004 0.003650387696044716 -0.021409066949570281 0.029599342412684984 -0.021122049707707986 0.029326842480583652 0.0070883651889442215 0.0016968372908356883 -0.021126264278628348 -0.030626689594581043 -0.032987968613648985 0.029295989066473807 -0.01812487071571434 -0.0028586797347756546
leaf_weight=929.34013552963734 25.069477804005146 330.55962318181992 87.871739059686661 21.277089938521385 9.1883565038442594 339.33761765062809 20.125016808509827 57.791468106210232 52.038579545915127 139.93568992614746 568.02758957445621 101.93872104585171 36.251746252179146 20.520758636295795 64.974262766540051 201.78779985010624 45.172510251402855 32.609908297657967 341.66353041678667 318.05077157914639 129.3394590318203 28.469968937337399 18.464543655514717 13.00381153821945
leaf_count=11670 259 1896 390 131 38 1541 98 415 564 1564 2307 827 382 118 541 874 331 238 3971 3771 1303 141 131 104
internal_value=-0.000253187 0.0275746 0.0339107 0.0206462 -0.0246685 0.035537 -0.016436 0.00681895 -0.0010182 -0.0271502 0.0454939 -0.0155781 -0.0220052 -0.00297177 -0.00599279 0.0351321 -0.0127893 0.0205377 -0.0293848 -0.0257065 -0.0290033 0.0145611 -0.000227355 -0.0250798
internal_weight=3932.81 1837.96 1606.65 748.966 2094.85 360.615 231.306 388.351 198.948 1895.9 857.687 306.849 211.181 56.7725 166.913 289.66 128.679 70.2682 1589.05 659.714 154.409 61.0799 63.6371 65.0424
internal_count=33605 9714 7554 3983 23891 1672 2160 2311 1547 22344 3571 2932 2062 500 1368 1264 1130 417 19412 7742 1562 379 462 668
is_linear=0
shrinkage=0.03


Tree=23
num_leaves=25
num_cat=0
split_feature=0 22 25 0 25 22 0 2 0 2 0 22 7 22 22 24 0 2 22 24 2 5 3 24
split_gain=2824.01 533.679 262.807 159.694 133.775 83.446 79.4758 56.2463 54.532 52.8481 52.4701 36.5812 30.5535 35.6774 25.9013 23.2757 21.4182 17.3068 17.2168 16.7115 13.9676 11.932 9.01187 8.79791
threshold=2.6550000000000007 95.500000000000014 -0.53209677419354828 6.5750000000000011 -0.18795161290322573 314.50000000000006 15.555000000000001 37.475000000000001 1.7150000000000001 28.095000000000002 5.6150000000000011 127.50000000000001 78.197250000000011 74.500000000000014 272.50000000000006 1.5000000000000002 0.95500000000000007 24.835000000000004 126.50000000000001 3.5000000000000004 29.275000000000002 0.34595000000000004 23.205000000000002 3.5000000000000004
decision_type=2 2 2 2 2 2 2 2 2 2 2 2 2 2 2 2 2 2 2 2 2 2 2 2
left_child=4 6 3 7 8 -5 12 -3 18 17 15 -10 20 -14 -13 -4 23 -6 -1 -20 -2 -19 -18 -11
right_child=1 2 10 5 9 -7 -8 -9 11 16 -12 14 13 -15 -16 -17 22 21 19 -21 -22 -23 -24 -25
leaf_value=-0.031882318069286771 -0.0082449842467651555 0.011314111464499782 0.046750867487831284 0.03898606700297267 0.05807872356662809 -0.0094968026627461882 0.040626346167847702 -0.020943006529791763 -0.026780226896407352 -0.030456081079505079 0.049579529063640514 0.0035316293560771228 -0.021121385741935138 0.028318172897002034 -0.020806731953098935 0.028301104980629193 -0.0065003669914280972 0.0016442896304256613 -0.029324178659864916 -0.019429145315364351 -0.032827280440433169 0.028153528093247546 0.020079316070664065 -0.002778616429377189
leaf_weight=905.04171274602413 24.911640197038651 332.4731696844101 88.349648594856262 327.43344810605049 9.2476187199354154 35.404719442129135 20.18218756467104 56.989410899579525 136.95370586961508 50.788822084665298 564.3574593514204 102.2015480324626 35.652274884283543 20.801278986036777 63.995085597038269 202.81219302117825 48.600795306265354 32.641992762684822 394.47619068622589 251.57677153497934 126.12202508747578 28.732398107647896 15.03103134781122 12.977554343640803
leaf_count=11670 259 1896 390 1473 38 199 98 415 1564 564 2307 827 382 118 541 874 358 238 4809 2933 1303 141 104 104
internal_value=-0.000254042 0.0267821 0.0328694 0.0199351 -0.0244345 0.0342552 -0.0162063 0.00659398 -0.0269375 -0.00099645 0.0442431 -0.0153001 -0.0217344 -0.00290453 -0.00584001 0.0338995 -0.0125355 0.0198193 -0.0292119 -0.025471 -0.0287727 0.0140546 -0.000221747 -0.0248232
internal_weight=3887.75 1835.49 1607.82 752.301 2052.27 362.838 227.669 389.463 1854.25 198.02 855.519 303.15 207.487 56.4536 166.197 291.162 127.398 70.622 1551.09 646.053 151.034 61.3744 63.6318 63.7664
internal_count=33605 9714 7554 3983 23891 1672 2160 2311 22344 1547 3571 2932 2062 500 1368 1264 1130 417 19412 7742 1562 379 462 668
is_linear=0
shrinkage=0.03


Tree=24
num_leaves=25
num_cat=0
split_feature=0 25 3 2 3 25 0 0 2 22 2 22 22 0 2 22 22 2 0 0 24 25 3 22
split_gain=2687.18 503.998 270.232 215.342 147.799 130.964 63.7338 54.5745 49.8123 35.8029 26.869 24.8371 24.7912 20.7756 20.4173 17.4778 16.9259 16.2071 15.1946 14.5202 18.5561 13.8408 11.714 8.7087
threshold=2.6550000000000007 -0.53209677419354828 19.105000000000004 30.105000000000004 21.855000000000004 -0.18795161290322573 3.8750000000000004 1.7150000000000001 28.095000000000002 127.50000000000001 25.135000000000002 208.50000000000003 272.50000000000006 0.95500000000000007 27.465000000000003 126.50000000000001 278.50000000000006 24.835000000000004 20.515000000000004 7.0850000000000009 1.5000000000000002 -0.41918279569892464 19.725000000000005 246.50000000000003
decision_type=2 2 2 2 2 2 2 2 2 2 2 2 2 2 2 2 2 2 2 2 2 2 2 2
left_child=5 2 10 11 -5 7 14 15 17 -9 -2 -4 -11 -10 -3 -1 -17 -7 -12 20 -8 -16 -19 -15
right_child=1 6 3 4 -6 8 19 9 13 12 18 -13 -14 23 21 16 -18 22 -20 -21 -22 -23 -24 -25
leaf_value=-0.031771076763662635 0.075004435351551171 0.042336524905509577 0.058131797951401581 -0.016344912906311806 0.017893771886073665 0.056075707073999517 0.054090017612384932 -0.026549686713974056 -0.024567649461135585 0.0034170360410880267 -0.026267359108983125 0.036687180442309092 -0.020493562773764844 0.0068185616889605291 -0.005569718682644614 -0.020521597513220746 -0.030342898400632597 -0.0089983056428627976 0.053116784659759247 0.049535912045069019 0.035710652196404305 0.022577784675073941 0.021147299849114946 -0.017729528658714588
leaf_weight=881.32246106863022 2.4447390139102927 40.624080702662468 73.817455008625984 153.19695948809385 437.56897073984146 9.2899090349674207 67.385399013757706 134.04278925061226 62.519699439406395 102.45614764094353 160.66542202979326 142.33136267960072 63.038414299488068 45.386074103415012 19.474679186940193 329.01227297633886 303.70799351483583 15.496161766350268 2.1997358947992316 465.03376094996929 185.63157115876675 81.605781495571136 46.154726572334766 18.231049314141273
leaf_count=11670 14 171 330 1108 2446 38 275 1564 668 827 1525 659 541 331 124 3971 3771 99 9 1920 753 380 280 131
internal_value=-0.000254589 0.0260277 0.0112305 0.0183894 0.00901502 -0.0242013 0.0427606 -0.0267253 -0.000975125 -0.0150251 -0.0237133 0.0440108 -0.00569073 -0.012286 0.0243739 -0.02904 -0.0252359 0.0191363 -0.0251952 0.0463892 0.0406056 0.0171547 0.0135701 -0.000216297
internal_weight=3842.64 1831.98 972.225 806.915 590.766 2010.66 859.755 1813.58 197.078 299.537 165.31 216.149 165.495 126.137 141.705 1514.04 632.72 70.9408 162.865 718.051 253.017 101.08 61.6509 63.6171
internal_count=33605 9714 6091 4543 3554 23891 3623 22344 1547 2932 1548 989 1368 1130 675 19412 7742 417 1534 2948 1028 504 379 462
is_linear=0
shrinkage=0.03


Tree=25
num_leaves=25
num_cat=0
split_feature=5 25 0 25 7 2 3 0 3 0 0 3 22 24 2 22 1 21 3 1 2 0 22 24
split_gain=2560.61 464.449 177.767 165.371 160.81 115.994 83.1796 76.2377 68.1308 56.4827 50.8326 46.8606 43.4168 43.2866 39.6148 31.16 30.7539 24.0988 20.7599 20.705 17.7112 16.4024 14.9855 16.4548
threshold=0.56555000000000011 -1.4881666666666666 6.8050000000000006 -0.33032258064516123 79.153350000000017 29.705000000000002 21.005000000000006 1.3350000000000002 18.075000000000003 18.420000000000005 1.7150000000000001 21.265000000000004 95.500000000000014 3.5000000000000004 38.305000000000007 127.50000000000001 24.165000000000003 9.5000000000000018 17.705000000000002 30.265000000000004 28.285000000000004 2.2950000000000004 126.50000000000001 3.5000000000000004
decision_type=2 2 2 2 2 2 2 2 2 2 2 2 2 2 2 2 2 2 2 2 2 2 2 2
left_child=3 4 5 10 9 8 -7 13 -3 12 22 20 -2 -5 -13 -12 -9 -17 -4 -20 -6 -18 -1 -24
right_child=1 2 18 7 11 6 -8 16 -10 -11 15 14 -14 -15 -16 17 21 -19 19 -21 -22 -23 23 -25
leaf_value=-0.031686406627870388 -0.026963988255586286 -0.022153041980625201 -0.0072821934578503038 -0.024724684058875509 0.040725939255373579 -0.018987306979950904 0.018801661008122986 0.03167148519942338 0.040402939870493197 0.049555388964277851 -0.026037714655485732 0.046112071564310679 -0.0043796160254799812 0.013473805861783343 -0.023070331392955602 0.0022228470163244436 -0.0084427367564114935 -0.020508073242530674 0.046821863208344479 0.0044022251671449134 -0.032560674485822491 0.0199576463874977 -0.029683193897173082 -0.019364401435133124
leaf_weight=848.17285335063934 124.99825308471918 16.569827437400818 6.6039870381355277 122.51899511367083 3.8910572379827526 65.255254440009594 266.60762754827738 54.993541575968266 288.30138519406319 13.480134770274161 147.76026216894388 83.06615287810564 197.90049279481173 34.139181986451149 8.1830218359827978 100.52752868831158 48.152380175888538 72.069769740104675 669.33476807177067 10.51855632662773 12.508673638105391 29.52379646897316 335.6045329272747 237.51820293813944
leaf_count=11534 1332 134 47 1415 24 486 1376 272 1242 58 1723 381 1208 256 53 794 377 605 2804 61 107 158 4286 2872
internal_value=-0.000254703 0.0261519 0.0350611 -0.0232319 -0.000397324 0.0236438 0.0113711 -0.00222877 0.037003 -0.0106106 -0.026721 0.0315167 -0.0131223 -0.0164004 0.0399079 -0.0159256 0.0145053 -0.00726868 0.0456514 0.0461656 -0.0151724 0.00235191 -0.0291542 -0.0254068
internal_weight=3798.2 1767.22 1323.19 2030.98 444.028 636.734 331.863 289.328 304.871 336.379 1741.65 107.649 322.899 156.658 91.2492 320.358 132.67 172.597 686.457 679.853 16.3997 77.6762 1421.3 573.123
internal_count=33605 9313 6150 24292 3163 3238 1862 2478 1376 2598 21814 565 2540 1671 434 3122 807 1399 2912 2865 131 535 18692 7158
is_linear=0
shrinkage=0.03


Tree=26
num_leaves=25
num_cat=0
split_feature=0 25 3 2 3 25 0 0 0 2 22 2 3 0 22 2 22 2 0 24 24 25 0 3
split_gain=2437.58 459.948 244.496 197.629 136.65 125.522 62.1433 59.7654 54.4012 45.7478 34.2093 26.2289 36.6485 23.2003 22.7053 18.4846 18.009 17.6163 14.5882 18.4372 13.819 13.1204 14.7264 12.9552
threshold=2.6550000000000007 -0.53209677419354828 19.105000000000004 31.955000000000002 23.005000000000006 -0.18795161290322573 3.8750000000000004 5.1250000000000009 1.7150000000000001 27.135000000000002 127.50000000000001 26.615000000000006 17.525000000000002 1.8650000000000004 272.50000000000006 27.465000000000003 126.50000000000001 27.235000000000003 7.0850000000000009 1.5000000000000002 2.5000000000000004 1.4740000000000002 0.68500000000000016 21.585000000000004
decision_type=2 2 2 2 2 2 2 2 2 2 2 2 2 2 2 2 2 2 2 2 2 2 2 2
left_child=5 2 11 7 -5 8 15 -4 16 21 -10 12 -2 20 -12 -3 -1 -18 19 -8 -11 22 -7 -17
right_child=1 6 3 4 -6 9 18 -9 10 13 14 -13 -14 -15 -16 23 17 -19 -20 -21 -22 -23 -24 -25
leaf_value=-0.031555663834998193 -0.031573598689057215 0.03974860106979914 0.016103159593041289 -0.017750840663494125 0.016603198949611476 -0.0086389585204433711 0.052122460066330645 0.042053409686005384 -0.026107087023963162 -0.025801996834744791 0.0031517990111424713 -0.026842590731562449 0.071168013966939697 0.0094484677943457631 -0.019908317831394799 -0.00083428581037922991 -0.0025340986867962881 -0.025941092301848021 0.047578465128039114 0.033716760226329308 -0.00352588494060419 0.060872588913625285 0.029888522602838672 0.022706693805488877
leaf_weight=835.63457661867142 6.4241152554750425 40.83807061612606 118.31429198384285 165.80363507568836 280.49948120117188 13.090726330876349 66.587991297245026 245.84799716621637 128.60398837178946 62.654316589236259 103.03577008843422 147.90483349561691 6.0838736817240715 42.283428370952606 61.284164138138294 29.657239072024822 30.466857902705669 576.63389441370964 456.24236087501049 185.24920910596848 41.774096056818962 7.4628009200096121 28.085468925535679 72.406314164400101
leaf_count=11670 52 171 675 1181 1610 82 275 1077 1564 728 827 1464 32 222 541 158 364 7378 1920 753 344 32 139 346
internal_value=-0.000254898 0.0246367 0.0105245 0.0172222 0.00384052 -0.0237395 0.0407373 0.0336223 -0.0263056 -0.00094067 -0.0145184 -0.0233149 0.0183998 -0.00929975 -0.00544862 0.0226913 -0.0286988 -0.0247664 0.0443793 0.0385834 -0.016891 0.0242732 0.0176399 0.0158662
internal_weight=3752.87 1821.86 970.878 810.465 446.303 1931.01 850.981 364.162 1735.66 195.351 292.924 160.413 12.508 146.712 164.32 142.902 1442.74 607.101 708.08 251.837 104.428 48.639 41.1762 102.064
internal_count=33605 9714 6091 4543 2791 23891 3623 1752 22344 1547 2932 1548 84 1294 1368 675 19412 7742 2948 1028 1072 253 221 504
is_linear=0
shrinkage=0.03


Tree=27
num_leaves=25
num_cat=0
split_feature=5 25 3 25 0 2 0 25 0 0 0 24 3 2 22 2 1 22 21 3 3 22 22 24
split_gain=2323.45 419.503 166.404 158.981 151.537 136.384 69.1099 65.4274 64.6237 50.5899 41.8892 41.0881 33.7839 32.0167 29.7752 27.9405 27.2046 26.9509 22.1622 21.983 19.8697 16.7406 15.4551 16.8542
threshold=0.56555000000000011 -1.3054999999999997 20.745000000000001 -0.33032258064516123 5.6150000000000011 35.475000000000001 1.3350000000000002 -0.44901075268817198 7.3550000000000013 1.7150000000000001 20.515000000000004 3.5000000000000004 19.395000000000003 24.835000000000004 127.50000000000001 34.515000000000008 24.165000000000003 127.50000000000001 9.5000000000000018 17.525000000000002 22.295000000000005 132.50000000000003 126.50000000000001 3.5000000000000004
decision_type=2 2 2 2 2 2 2 2 2 2 2 2 2 2 2 2 2 2 2 2 2 2 2 2
left_child=3 2 10 9 7 8 11 12 -4 22 13 -5 -3 -2 -11 19 -8 -7 -16 -6 -17 -9 -1 -24
right_child=1 4 5 6 15 17 16 21 -10 14 -12 -13 -14 -15 18 20 -18 -19 -20 -21 -22 -23 23 -25
leaf_value=-0.031476235888325703 0.079824653728432032 -0.021427452601589982 0.010063333062806058 -0.024274145431179825 -0.010637076445607237 -0.025278062243962854 0.029729225976642119 -0.000342358054835721 0.041281394962178225 -0.025602536631602932 0.052517283813422966 0.013025202837694549 0.013304169810824855 -0.023983236850413987 0.0019687374903015779 -0.034437322452935126 0.0022288010795945496 0.0034385399314621153 -0.019970801175279218 0.044967409389132199 0.027520265897324394 0.033042672540928401 -0.029389011531780182 -0.018734951665213447
leaf_weight=804.05096782743931 2.7143792212009421 29.582380227744579 104.68483807146549 118.10523971915245 6.4581351578235617 61.116886965930462 55.562660798430443 14.332725852727888 138.81594796478748 142.09882445633411 6.966553419828414 34.299230732023716 170.37619157880545 179.65987055003643 101.05534642189741 5.2346046045422545 77.575880981981754 56.703273087739944 70.240736417472363 698.49839177727699 42.327031381428242 237.79780185967684 320.69924735277891 229.10248063504696
leaf_count=11534 15 265 592 1415 45 492 272 66 608 1723 29 256 946 1720 794 30 535 346 605 2960 193 1006 4286 2872
internal_value=-0.000254673 0.0247932 0.0031013 -0.022769 0.0347092 0.0150394 -0.0020852 0.0209813 0.0278603 -0.0263114 -0.0196803 -0.0158798 0.00816589 -0.0224382 -0.0154498 0.0429565 0.0137055 -0.0114576 -0.00702767 0.044458 0.0207013 0.0311449 -0.0288257 -0.0249495
internal_weight=3708.06 1755.27 550.662 1952.79 1204.61 361.321 285.543 452.089 243.501 1667.25 189.341 152.404 199.959 182.374 313.395 752.518 133.139 117.82 171.296 704.957 47.5616 252.131 1353.85 549.802
internal_count=33605 9313 3802 24292 5511 2038 2478 2283 1200 21814 1764 1671 1211 1735 3122 3228 807 838 1399 3005 223 1072 18692 7158
is_linear=0
shrinkage=0.03


Tree=28
num_leaves=25
num_cat=0
split_feature=0 25 3 2 25 0 22 0 0 2 22 2 3 0 22 22 22 2 0 24 24 7 25 0
split_gain=2214.88 419.182 220.702 181.673 119.926 93.5386 77.8925 60.6486 54.1843 41.6984 32.6575 24.7516 33.3729 21.1879 20.8034 18.5505 18.0327 17.1214 15.1721 18.4592 13.2366 12.3672 12.2172 13.0908
threshold=2.6550000000000007 -0.53209677419354828 19.105000000000004 34.155000000000008 -0.18795161290322573 5.1250000000000009 126.50000000000001 3.8750000000000004 1.7150000000000001 27.135000000000002 127.50000000000001 26.615000000000006 17.865000000000006 1.8650000000000004 272.50000000000006 126.50000000000001 278.50000000000006 27.465000000000003 7.0850000000000009 1.5000000000000002 2.5000000000000004 74.830400000000012 1.4740000000000002 0.65500000000000014
decision_type=2 2 2 2 2 2 2 2 2 2 2 2 2 2 2 2 2 2 2 2 2 2 2 2
left_child=4 2 11 5 8 -4 -5 17 15 22 -10 12 -2 20 -12 -1 -17 -3 19 -9 -11 -19 23 -6
right_child=1 7 3 6 9 -7 -8 18 10 13 14 -13 -14 -15 -16 16 -18 21 -20 -21 -22 -23 -24 -25
leaf_value=-0.031348463886723715 -0.024928937313763964 0.037572459928551724 0.0090450906474369274 -0.0199497826056503 -0.0091157686115821597 0.035555545698466716 0.011719185905157588 0.050305058871976456 -0.025663903713061959 -0.025403848348861533 0.0029151063087342541 -0.026398728022936357 0.074392638032700117 0.0087327475862441495 -0.019331522468279742 -0.019253469095670807 -0.029818635031488711 0.0027038022428144868 0.045863791718292586 0.031772725046775828 -0.0034231978941785712 0.023690958837275865 0.058279856993228379 0.027720888856575546
leaf_weight=792.15173766762018 7.0859058424830419 40.921184919774532 182.15692590177059 133.50620307773352 12.41248347610235 349.82299283146858 146.71164689958096 65.564768463373184 123.41885825246572 60.45887728780508 103.55717401951551 142.76506799459457 5.3387077897787094 42.672774001955986 59.605989784002304 304.57824156433344 278.19662464410067 44.452157594263554 446.13791930675507 184.46751041710377 41.638045705854893 58.560930758714676 7.496608853340148 28.893960438668728
leaf_count=11670 57 171 1099 1042 79 1592 810 275 1564 728 827 1464 27 222 541 3971 3771 219 1920 753 344 285 32 142
internal_value=-0.000254444 0.0233801 0.00991681 0.0161804 -0.0232827 0.026478 -0.00336909 0.0388832 -0.0258862 -0.000935331 -0.0140197 -0.0228643 0.0177484 -0.00901966 -0.00521193 -0.0283596 -0.0242969 0.0211559 0.0425483 0.0366324 -0.0164395 0.0146346 0.0230461 0.0166516
internal_weight=3662.57 1807.49 967.387 812.198 1855.08 531.98 280.218 840.104 1661.51 193.573 286.582 155.19 12.4246 144.77 163.163 1374.93 582.775 143.934 696.17 250.032 102.097 103.013 48.8031 41.3064
internal_count=33605 9714 6091 4543 23891 2691 1852 3623 22344 1547 2932 1548 84 1294 1368 19412 7742 675 2948 1028 1072 504 253 221
is_linear=0
shrinkage=0.03


Tree=29
num_leaves=25
num_cat=0
split_feature=0 25 22 0 2 3 2 0 0 22 24 3 1 16 25 22 24 22 25 0 24 3 22 3
split_gain=2110.81 400.151 212.538 161.427 117.991 102.741 93.3963 70.6876 59.7686 38.894 23.523 21.0754 20.6352 20.0163 32.1019 19.9898 18.5871 18.0561 16.6549 15.5101 18.0754 14.8118 12.9939 14.5018
threshold=2.6550000000000007 -0.53209677419354828 74.500000000000014 12.320000000000002 27.235000000000003 19.645000000000003 37.395000000000003 1.7150000000000001 3.8750000000000004 127.50000000000001 4.5000000000000009 17.645000000000003 21.085000000000004 39.000000000000007 -0.30298387096774188 126.50000000000001 3.5000000000000004 272.50000000000006 -0.07176881720430113 7.0850000000000009 1.5000000000000002 22.205000000000002 10.500000000000002 17.525000000000002
decision_type=2 2 2 2 2 2 2 2 2 2 2 2 2 2 2 2 2 2 2 2 2 2 2 2
left_child=4 2 22 6 5 11 -4 15 18 -9 -5 -1 -13 21 -15 -6 -17 -11 -3 20 -10 -7 23 -2
right_child=1 8 3 10 7 13 -8 9 19 17 -12 12 -14 14 -16 16 -18 -19 -20 -21 -22 -23 -24 -25
leaf_value=-0.032175503172581055 -0.032955867883226797 0.012050722577512479 0.012838117700156318 0.04891155456447261 -0.031235130774380695 0.023870342446179759 -0.019925237778145418 -0.025904680570044119 0.049306256995464433 0.0014701307318583051 0.026129865952278768 0.046403796661343033 -0.013524761486124319 0.13136953288935938 0.026841883257103832 -0.027946529111527237 -0.017274784200026396 -0.018329058872544695 0.03280678994096331 0.045060929344346252 0.030892448041476658 0.09078851328487772 -0.03027221066577368 0.020131485027009757
leaf_weight=38.156866610050201 8.2813207060098666 85.947785183787346 570.17507481575012 112.3568726927042 755.66158878803253 33.789450071752071 90.772536255419254 119.00913417339325 64.896186321973801 142.95021074265242 64.040783099830151 7.1102940961718586 18.960705727338791 5.038488931953907 5.5648384466767293 397.14849072694778 233.09915028512478 58.386041462421417 58.457885652780533 440.54868273437023 184.03856727480888 3.2645023539662352 109.53499330580235 10.506617508828638
leaf_count=510 103 434 3097 473 11416 202 651 1529 275 1034 290 39 179 45 34 5421 2930 528 241 1920 753 24 1368 109
internal_value=-0.000253891 0.0227796 0.00963371 0.0151434 -0.023052 0.00679276 0.0083385 -0.025009 0.038003 -0.0123083 0.0406407 -0.0179706 0.00281944 0.0401664 0.0765113 -0.0279447 -0.0239995 -0.00427149 0.0204531 0.0416786 0.0356928 0.0297659 -0.0263185 -0.00326828
internal_weight=3617.7 1799.56 965.668 837.345 1818.14 111.885 660.948 1706.25 833.889 320.345 176.398 64.2279 26.071 47.6573 10.6033 1385.91 630.248 201.336 144.406 689.483 248.935 37.054 128.323 18.7879
internal_count=33605 9714 6091 4511 23891 1033 3748 22858 3623 3091 763 728 218 305 79 19767 8351 1562 675 2948 1028 226 1580 212
is_linear=0
shrinkage=0.03


Tree=30
num_leaves=25
num_cat=0
split_feature=5 25 0 25 7 2 3 0 3 0 0 24 3 22 2 22 1 0 2 2 22 24 2 0
split_gain=2013.8 368.009 156.282 150.916 134.394 99.3161 69.816 59.9805 55.9704 49.9118 47.3245 39.4513 39.409 37.1594 33.629 27.6101 22.9857 20.1337 20.2297 20.0347 16.1167 17.2087 16.0181 13.5665
threshold=0.56555000000000011 -1.4881666666666666 6.8050000000000006 -0.33032258064516123 79.153350000000017 29.705000000000002 21.005000000000006 1.3350000000000002 17.275000000000002 1.7150000000000001 18.420000000000005 2.5000000000000004 21.265000000000004 95.500000000000014 38.305000000000007 95.500000000000014 24.165000000000003 9.4850000000000012 28.975000000000005 26.845000000000002 126.50000000000001 3.5000000000000004 28.285000000000004 2.2950000000000004
decision_type=2 2 2 2 2 2 2 2 2 2 2 2 2 2 2 2 2 2 2 2 2 2 2 2
left_child=3 4 5 9 10 8 -7 11 -3 20 13 -5 22 -2 -14 -11 -9 18 -4 -17 -1 -22 -6 -18
right_child=1 2 17 7 12 6 -8 16 -10 15 -12 -13 14 -15 -16 19 23 -19 -20 -21 21 -23 -24 -25
leaf_value=-0.031175526083255422 -0.026263407396731966 -0.036115312139650586 0.043110743172468061 -0.02787710482221168 0.037751956773567519 -0.019081709945294796 0.01579419748477642 0.027386757167193181 0.035274801400706608 -0.028572894677437073 0.045102481277756519 0.0039179206914906296 0.041448836254465909 -0.0048909819444965382 -0.022748696470228827 0.036156899074840945 -0.0078785599448275324 0.044773735216848638 0.024292781076288735 -0.010745259675240103 -0.028948634597928895 -0.017871891972293236 -0.032666766782456384 0.01788421110500072
leaf_weight=741.91763748973608 116.21066188067198 10.229671858251093 100.23206884413958 87.132122807204723 3.8422686830162993 63.821106106042862 271.08389632403851 56.096129529178143 292.34228467941284 91.484140247106552 13.240120798349379 58.84109415858984 83.400080785155296 197.89341811835766 8.0528820008039457 8.5401662513613683 47.198156163096428 453.03460087627172 105.56480042636395 203.82352987676859 299.38400649279356 218.25598201155663 11.946038372814654 30.145709469914436
leaf_count=11534 1332 95 439 1175 24 486 1376 272 1281 1302 58 496 381 1208 53 56 377 1986 487 1764 4286 2872 107 158
internal_value=-0.000253363 0.0229834 0.0309928 -0.0220788 -0.00090744 0.0204033 0.00914808 -0.00177116 0.0328612 -0.0257082 -0.0104563 -0.0150607 0.0282397 -0.0127982 0.0357959 -0.0147946 0.0127666 0.0412391 0.033458 -0.0088591 -0.028341 -0.0242783 -0.0155295 0.00216279
internal_weight=3573.71 1730.89 1296.31 1842.82 434.585 637.477 334.905 279.413 302.572 1563.41 327.344 145.973 107.241 314.104 91.453 303.848 133.44 658.831 205.797 212.364 1259.56 517.64 15.7883 77.3439
internal_count=33605 9313 6150 24292 3163 3238 1862 2478 1376 21814 2598 1671 565 2540 434 3122 807 2912 926 1820 18692 7158 131 535
is_linear=0
shrinkage=0.03


Tree=31
num_leaves=25
num_cat=0
split_feature=0 25 3 2 3 25 0 0 2 25 2 22 25 2 3 22 22 0 3 2 22 3 3 16
split_gain=1919.48 368.556 196.117 162.942 119.43 113.44 59.7391 53.7145 36.0876 30.8982 28.5339 24.2798 23.9304 23.0514 30.2877 19.3143 18.6786 17.9734 17.6179 13.1651 11.6825 10.7129 9.68704 9.5169
threshold=2.6550000000000007 -0.53209677419354828 19.105000000000004 30.105000000000004 22.425000000000004 -0.18795161290322573 5.6150000000000011 1.7150000000000001 28.095000000000002 -1.0910384833050364 27.235000000000003 208.50000000000003 -0.07176881720430113 26.615000000000006 17.525000000000002 126.50000000000001 278.50000000000006 0.95500000000000007 18.305000000000003 24.835000000000004 139.50000000000003 22.295000000000005 20.165000000000003 27.000000000000004
decision_type=2 2 2 2 2 2 2 2 2 2 2 2 2 2 2 2 2 2 2 2 2 2 2 2
left_child=5 2 13 11 -5 7 12 15 19 21 -11 -4 18 14 -2 -1 -17 -10 -3 -7 -14 -9 -21 -15
right_child=1 6 3 4 -6 8 -8 9 17 10 -12 -13 20 23 -16 16 -18 -19 -20 22 -22 -23 -24 -25
leaf_value=-0.031050863222885954 -0.031040817634061694 -0.041901386675965234 0.051169655674763045 -0.011800539336787296 0.016496006014935883 0.049505394982807899 0.042543111879852116 -0.028605182591717258 -0.023180807147348392 0.052604254867392793 -0.0061458653245860693 0.029951474612781918 -0.0036343842403993173 -0.010825254533801858 0.063125959872805767 -0.018351408935226795 -0.029431863902489738 0.00021018018436542006 0.019770804756932908 -0.0046308224923587941 0.037367823112888422 -0.011827408998652174 0.020041178717712767 -0.030129304900841074
leaf_weight=730.88941586762667 6.0455633178353292 4.2783069238066664 72.910837329924107 205.06096495687962 388.71180606633425 9.2600847631692869 522.14175961911678 95.629635997116566 56.114796616137028 7.9293052256107321 120.62340872734785 145.1898555085063 6.5846548825502387 29.186300255358219 6.2542474344372749 288.77023486047983 260.38288957625628 62.487243629992008 162.97645635157824 22.37299171090126 124.5836119055748 53.365493260324001 39.804947689175606 108.1742262840271
leaf_count=11670 52 31 330 1416 2138 38 2318 1224 668 49 1099 659 27 289 32 3971 3771 462 733 138 514 560 241 1175
internal_value=-0.000252679 0.0216552 0.00905201 0.0148691 0.00672372 -0.0225927 0.0364236 -0.0252624 -0.000710881 -0.0132982 -0.00252208 0.0370447 0.0257165 -0.0225044 0.0168414 -0.0278566 -0.0236052 -0.0108569 0.0181933 0.0161337 0.0353095 -0.0225959 0.0111636 -0.0260276
internal_weight=3529.73 1782.1 961.534 811.873 593.773 1747.63 820.565 1557.59 190.04 277.548 128.553 218.101 298.423 149.66 12.2998 1280.04 549.153 118.602 167.255 71.438 131.168 148.995 62.1779 137.361
internal_count=33605 9714 6091 4543 3554 23891 3623 22344 1547 2932 1148 989 1305 1548 84 19412 7742 1130 764 417 541 1784 379 1464
is_linear=0
shrinkage=0.03


Tree=32
num_leaves=25
num_cat=0
split_feature=5 25 22 25 0 1 0 0 0 24 22 1 2 0 24 2 22 24 22 2 0 3 2 12
split_gain=1831.93 334.22 188.099 144.498 132.144 92.8673 58.934 54.3821 49.4595 38.2902 26.8826 20.818 18.1103 18.1023 22.0846 17.9341 16.6218 17.5832 12.1064 12.0199 11.5063 10.8997 9.35606 8.31093
threshold=0.56555000000000011 -0.63928494623655918 74.500000000000014 -0.33032258064516123 14.585000000000003 30.265000000000004 3.8150000000000004 1.3350000000000002 1.7150000000000001 2.5000000000000004 95.500000000000014 23.685000000000006 32.755000000000003 8.0850000000000026 2.5000000000000004 26.485000000000003 126.50000000000001 3.5000000000000004 216.50000000000003 28.695000000000004 1.8650000000000004 23.175000000000004 25.845000000000002 0.63500000000000012
decision_type=2 2 2 2 2 2 2 2 2 2 2 2 2 2 2 2 2 2 2 2 2 2 2 2
left_child=3 2 22 8 5 -4 12 9 16 -5 -10 -9 18 14 -8 -12 -1 -18 -3 -11 -13 -14 -2 -6
right_child=1 6 4 7 23 -7 13 11 10 19 15 20 21 -15 -16 -17 17 -19 -20 -21 -22 -23 -24 -25
leaf_value=-0.030982988494458536 0.035660241067804327 0.032123364987065695 0.013639668635062375 -0.027581607430585634 0.012244459835134587 -0.018602725917416994 0.041797374686721123 0.02862876632258694 -0.028294578486760962 0.01881673736826852 0.045573272181413313 -0.013435658736463081 -0.03441217223374602 0.043225986812423879 0.025903455753450665 -0.009945116149186712 -0.028659219257446501 -0.017241452780346937 0.011497798612569717 -0.0084721682083249376 0.010456496184071937 0.0080584362812966288 -0.028265180628395933 0.045165975167913514
leaf_weight=703.00693555921316 2.0994849950075141 52.869966849684715 554.25767204910517 83.886700145900249 7.3491025865077964 94.040263906121254 151.75141158699989 45.147894069552422 87.778670877218246 26.822804979979992 5.3741752728819838 25.437435537576675 8.3946305140852946 389.74939256906509 163.40298227965832 204.54353859275579 286.10126109421253 210.84803634881973 49.678234659135342 31.689350858330727 63.248022973537445 15.443831481039522 111.1815672442317 113.26771232485771
leaf_count=11534 18 246 2956 1175 33 648 650 209 1302 177 34 249 53 1770 685 1786 4286 2872 232 319 349 78 1458 486
internal_value=-0.000251705 0.0218715 0.00901004 -0.0216217 0.0143271 0.00896268 0.0355206 -0.00168473 -0.0252989 -0.0145892 -0.0143534 0.0120457 0.0166562 0.0389029 0.0335566 -0.00852377 -0.0280144 -0.0238148 0.0221316 0.00403745 0.00360357 -0.00689744 -0.0270804 0.0431601
internal_weight=3487.37 1713.49 882.196 1773.88 768.915 648.298 831.29 276.232 1497.65 142.399 297.696 133.833 126.387 704.904 315.154 209.918 1199.96 496.949 102.548 58.5122 88.6855 23.8385 113.281 120.617
internal_count=33605 9313 5599 24292 4123 3604 3714 2478 21814 1671 3122 807 609 3105 1335 1820 18692 7158 478 496 598 131 1476 519
is_linear=0
shrinkage=0.03


Tree=33
num_leaves=25
num_cat=0
split_feature=0 25 3 2 2 3 22 0 22 0 22 25 2 3 22 3 24 1 24 15 3 22 22 16
split_gain=1746.18 338.38 181.167 152.449 109.563 87.864 82.3819 68.8218 68.3104 60.0512 35.9287 22.6503 21.6002 27.8974 21.0046 19.6588 18.8723 18.1754 17.8198 21.8022 16.5678 16.4722 11.0902 9.41974
threshold=2.6550000000000007 -0.53209677419354828 19.105000000000004 34.155000000000008 27.235000000000003 19.645000000000003 276.50000000000006 1.7150000000000001 126.50000000000001 5.6150000000000011 127.50000000000001 -0.07176881720430113 26.615000000000006 17.525000000000002 126.50000000000001 17.645000000000003 3.5000000000000004 21.085000000000004 1.5000000000000002 0.025000000000000005 18.305000000000003 272.50000000000006 139.50000000000003 27.000000000000004
decision_type=2 2 2 2 2 2 2 2 2 2 2 2 2 2 2 2 2 2 2 2 2 2 2 2
left_child=4 2 12 6 5 15 -4 14 -5 11 -9 20 13 -2 -6 -1 -16 -17 -7 -20 -3 -12 -13 -14
right_child=1 9 3 8 7 18 -8 10 -10 -11 21 22 23 -15 16 17 -18 -19 19 -21 -22 -23 -24 -25
leaf_value=-0.031893046223348133 -0.030860110881570136 -0.041862469489791582 0.030044167109297155 -0.019694507396717874 -0.030846226143499026 -0.0008814257099336348 0.0022630105277482134 -0.025160006797170741 0.010037844770464474 0.041194571904263448 0.0016222294674653628 -0.0043293886016207133 -0.010527096314014541 0.059642258699149443 -0.027276679019736315 0.043661751996441303 -0.016143881939390214 -0.0129827211224061 0.080845099240433371 0.031551181796161357 0.018446227729398908 -0.017559376102700915 0.035624695180137216 -0.029909313420388318
leaf_weight=34.872175566852093 5.939506918191908 4.2052147388458243 407.0173332542181 130.71572894603014 678.77557130530477 9.1291375532746297 125.74637398123741 110.59238186478615 148.61451114714146 508.03581379354 142.05029576271772 6.5851847231388083 28.757789254188538 6.3348119780421257 364.00818280130625 7.0725954547524479 219.7927008420229 18.2616848051548 11.298126995563505 28.308445893228054 163.32510971277952 56.246955186128616 123.79577745497227 104.83016973733902
leaf_count=510 52 31 2021 1042 11416 54 670 1529 810 2318 1034 27 289 32 5421 39 2930 179 86 165 733 528 514 1175
internal_value=-0.000250573 0.0205984 0.00854616 0.0140753 -0.0221354 0.0069583 0.0234871 -0.0241524 -0.00387574 0.0349237 -0.0114595 0.0242299 -0.0222375 0.0158484 -0.0272577 -0.0172816 -0.0230853 0.00283077 0.0369035 0.0456127 0.0169324 -0.00381863 0.0336067 -0.0257369
internal_weight=3444.31 1763.9 957.956 812.094 1680.41 108.942 532.764 1571.47 279.33 805.947 308.89 297.911 145.862 12.2743 1262.58 60.2065 583.801 25.3343 48.7357 39.6066 167.53 198.297 130.381 133.588
internal_count=33605 9714 6091 4543 23891 1033 2691 22858 1852 3623 3091 1305 1548 84 19767 728 8351 218 305 251 764 1562 541 1464
is_linear=0
shrinkage=0.03


Tree=34
num_leaves=25
num_cat=0
split_feature=5 25 0 25 7 2 3 3 0 0 0 24 3 3 2 3 1 0 24 1 22 24 2 25
split_gain=1667.47 310.343 151.291 139.189 125.561 88.9374 58.5669 49.7791 49.193 48.9933 39.7708 36.9228 33.2342 32.9104 30.2907 26.4301 49.5374 20.2327 20.1413 18.6281 17.0517 17.5553 14.5856 11.1233
threshold=0.56555000000000011 -1.5092324561403505 6.8050000000000006 -0.33032258064516123 79.153350000000017 29.705000000000002 21.005000000000006 17.275000000000002 1.3350000000000002 1.7150000000000001 20.515000000000004 2.5000000000000004 21.265000000000004 21.515000000000004 38.305000000000007 19.345000000000002 24.385000000000002 9.4850000000000012 2.5000000000000004 23.685000000000006 126.50000000000001 3.5000000000000004 28.285000000000004 1.4740000000000002
decision_type=2 2 2 2 2 2 2 2 2 2 2 2 2 2 2 2 2 2 2 2 2 2 2 2
left_child=3 4 5 9 10 7 -7 -3 11 20 13 -5 22 -2 -14 -11 -17 18 -4 -10 -1 -22 -6 -13
right_child=1 2 17 8 12 6 -8 -9 19 15 -12 23 14 -15 -16 16 -18 -19 -20 -21 21 -23 -24 -25
leaf_value=-0.030796179321947354 -0.022255033767866784 -0.035553244206106518 0.042956620841724774 -0.027230898590696065 0.035927650685384345 -0.018625277984032657 0.013328919950827446 0.032045046632039824 0.027113178730773926 -0.029027112161918139 0.050529195571153443 -0.00023372924617867853 0.038949213109708385 -0.002317609474101541 -0.022430231242991223 0.034184570574927915 -0.013380526969685551 0.042147487607516014 0.023354732212244329 0.0034631021294261361 -0.028356589614919436 -0.01674221750573995 -0.032350921228501715 0.043228739283367526
leaf_weight=666.09009661152959 164.05334761366248 10.146293379366396 75.177956402301788 80.220293544232845 3.7789927273988715 63.371142700314522 278.44660777598619 290.89838492870331 45.316080331802368 76.804757293313742 9.079531177878378 52.117660254240036 81.969987355172634 136.52421407029033 7.9367501065134993 21.946711584925652 193.01200974732637 435.13139648735523 126.66572595387697 88.535633489489555 272.8319713845849 205.23651095479727 11.047030851244925 5.8995637968182555
leaf_count=11534 1623 103 346 1175 24 493 1404 1288 209 1044 39 463 374 869 53 170 1908 2001 592 598 4286 2872 104 33
internal_value=-0.000249817 0.0208378 0.0281438 -0.0211672 -0.0017269 0.0178766 0.00740479 0.0297667 -0.00149345 -0.0248952 -0.0113307 -0.0140455 0.0266682 -0.0131993 0.0335308 -0.0139215 -0.00852426 0.0385059 0.0306556 0.0114699 -0.0276935 -0.0233705 -0.0149475 0.00418581
internal_weight=3402.24 1694.23 1279.84 1708.01 414.39 642.862 341.818 301.045 272.089 1435.92 309.657 138.238 104.733 300.578 89.9067 291.763 214.959 636.975 201.844 133.852 1144.16 478.068 14.826 58.0172
internal_count=33605 9313 6227 24292 3086 3288 1897 1391 2478 21814 2531 1671 555 2492 427 3122 2078 2939 938 807 18692 7158 128 496
is_linear=0
shrinkage=0.03


Tree=35
num_leaves=25
num_cat=0
split_feature=0 25 3 2 0 2 3 0 22 0 2 3 24 14 24 8 3 2 3 0 5 22 2 24
split_gain=1591.23 342.016 193.202 161.908 114.071 87.2945 69.2618 52.1214 44.2848 34.8638 23.4519 50.7499 21.0695 24.5765 20.0483 17.4487 16.4325 16.0248 18.9257 10.8019 4.54306 4.42016 12.0084 3.69646
threshold=2.3550000000000004 -0.41918279569892464 19.295000000000005 29.665000000000003 14.585000000000003 27.235000000000003 17.645000000000003 5.6150000000000011 126.50000000000001 1.1150000000000004 27.705000000000002 17.865000000000006 1.5000000000000002 0.17000000000000001 3.5000000000000004 496.50000000000006 22.045000000000005 25.405000000000005 20.965000000000003 21.710000000000004 0.33685000000000004 95.500000000000014 32.695000000000007 4.5000000000000009
decision_type=2 2 2 2 2 2 2 2 2 2 2 2 2 2 2 2 2 2 2 2 2 2 2 2
left_child=5 2 10 15 -5 6 -1 17 21 14 11 -2 20 -14 -10 -4 -11 -3 -19 -12 -8 -7 -23 -9
right_child=1 7 3 4 -6 8 12 23 9 16 19 -13 13 -15 -16 -17 -18 18 -20 -21 -22 22 -24 -25
leaf_value=-0.031603101048135386 -0.028673804427898717 0.043004644313490582 0.052876526178553852 0.0019078701091322676 0.040935001989198104 -0.031430838104780826 -0.035966595526956954 0.041640039251867871 -0.029047295490368625 -0.018782880424481813 -0.027074324687342645 0.045430507228974355 0.021508777027149428 0.077145957012791699 -0.016190877962558081 0.031539297451645638 -0.0028416727502335454 0.0046143020017311628 0.025497743805177601 0.046881510549358872 0.0032008166382588741 6.7941157299672574e-05 -0.028309348414430401 0.034447380168770754
leaf_weight=31.596062447875738 20.495947562158108 35.989624798297882 42.736757017672062 615.28924829885364 75.696483813226223 541.77472320199013 5.1799655556678754 378.69358158111572 291.86950891464949 106.41630636900663 141.87935852259398 13.997991055250166 44.899856835603714 8.497891351580618 174.38791474699974 178.81430906057358 128.4388174675405 47.896965622901917 211.60012160241604 1.7999959290027607 5.4901400357484818 14.612055890262125 164.66006821021438 77.459063991904259
leaf_count=492 206 152 198 3875 334 9553 58 1785 4590 1175 1646 78 320 67 2391 820 1330 210 937 8 30 223 2765 362
internal_value=-0.000248695 0.0184897 0.00775945 0.0133386 0.00618324 -0.0229935 0.00474633 0.0340604 -0.0248595 -0.0194909 -0.0208149 0.00139848 0.0226726 0.0303631 -0.0242388 0.0356552 -0.0100649 0.0242449 0.0216432 -0.0261478 -0.0158136 -0.0300797 -0.0259964 0.0404187
internal_weight=3360.17 1842.35 1090.71 912.537 690.986 1517.82 95.6639 751.639 1422.16 701.113 178.173 34.4939 64.0679 53.3977 466.257 221.551 234.855 295.487 259.497 143.679 10.6701 721.047 179.272 456.153
internal_count=33605 10611 7165 5227 4209 22994 967 3446 22027 9486 1938 284 475 387 6981 1018 2505 1299 1147 1654 88 12541 2988 2147
is_linear=0
shrinkage=0.03


Tree=36
num_leaves=25
num_cat=0
split_feature=0 25 0 7 0 25 25 22 2 2 3 22 3 2 24 22 22 2 24 24 18 2 0 2
split_gain=1520.24 265.618 187.774 112.433 89.0603 86.0399 57.4584 55.0483 47.9481 45.5312 59.7717 41.5215 38.9911 57.9974 30.2823 28.4149 21.8163 20.577 18.719 18.4758 15.2932 13.2168 11.8182 14.0029
threshold=3.3250000000000006 -1.3054999999999997 1.7150000000000001 76.966650000000016 6.6850000000000014 -0.41918279569892464 -0.30298387096774188 74.500000000000014 35.475000000000001 27.235000000000003 20.035000000000004 96.500000000000014 19.345000000000002 30.425000000000004 1.5000000000000002 278.50000000000006 126.50000000000001 35.525000000000013 3.5000000000000004 2.5000000000000004 31.000000000000004 30.425000000000004 9.4850000000000012 28.975000000000005
decision_type=2 2 2 2 2 2 2 2 2 2 2 2 2 2 2 2 2 2 2 2 2 2 2 2
left_child=2 3 9 11 6 12 14 -5 -9 10 -1 -2 -4 -14 -3 -13 -11 20 -18 -12 -7 -8 23 -6
right_child=1 4 5 7 22 17 21 8 -10 16 19 15 13 -15 -16 -17 18 -19 -20 -21 -22 -23 -24 -25
leaf_value=-0.019382765871260844 -0.02901806132519099 0.042117584328589558 -0.029309117247767365 -0.023338542806287277 0.039936804740302749 0.021992508061754824 0.037293676214169541 0.03015032935437886 -0.0087309542014916124 -0.030569007553642061 -0.0095350525877756151 0.0055962235356692451 0.018617732216705703 -0.014426789778243377 0.0081122068754097606 -0.020159290590968021 -0.026745044003852754 -0.031638094078500045 -0.015379784489567328 0.057858697112466419 0.0039254890434106335 0.018342888985555569 0.041280257304486104 0.02344602188232485
leaf_weight=50.38199146091938 74.416246574372053 26.16354738920927 94.565389469265938 25.036962624639273 97.375001564621925 104.3884749263525 148.81549714505672 173.44312135130167 34.168635196983814 626.31855049729347 4.8097267597913769 124.44067265093327 61.757536273449659 211.55206451565027 237.64642971009016 55.856686055660248 340.16913917660713 9.0737895816564542 211.53217340260744 15.329526916146277 70.741638198494911 42.604296803474426 390.45206379890442 88.42551527172327
leaf_count=670 916 119 1334 334 454 529 644 810 214 11416 46 676 452 2113 1192 352 5421 62 2930 110 378 175 1851 407
internal_value=-0.000247384 0.021858 -0.0188935 0.00360649 0.0304815 -0.00432452 0.0205636 0.0186836 0.0237513 -0.0253356 -0.0019208 -0.0101645 -0.012705 -0.00695999 0.0114847 -0.00238292 -0.0267373 0.0124122 -0.0223874 0.0417635 0.0146946 0.0330758 0.0383166 0.0320886
internal_weight=3319.46 1518.84 1800.62 487.362 1031.48 552.079 455.23 232.649 207.612 1248.54 70.5212 254.714 367.875 273.31 263.81 180.297 1178.02 184.204 551.701 20.1393 175.13 191.42 576.253 185.801
internal_count=33605 8144 25461 3302 4842 4868 2130 1358 1024 20593 826 1944 3899 2565 1311 1028 19767 969 8351 156 907 819 2712 861
is_linear=0
shrinkage=0.03


Tree=37
num_leaves=25
num_cat=0
split_feature=0 25 3 2 0 2 3 0 22 0 2 0 3 24 14 24 2 24 0 22 2 5 1 7
split_gain=1452.36 314.563 176.96 154.273 107.911 83.257 63.9138 52.9963 44.8635 34.1624 20.5956 20.2367 18.9492 18.8778 20.1545 17.2114 15.4118 18.9588 12.4338 4.62382 12.1234 4.38069 3.74399 6.57474
threshold=2.3550000000000004 -0.41918279569892464 19.105000000000004 29.665000000000003 14.585000000000003 27.235000000000003 17.645000000000003 5.6150000000000011 126.50000000000001 0.97500000000000009 25.135000000000002 5.1250000000000009 22.045000000000005 1.5000000000000002 0.17000000000000001 3.5000000000000004 25.405000000000005 1.5000000000000002 20.515000000000004 95.500000000000014 32.695000000000007 0.33685000000000004 26.115000000000006 73.832350000000005
decision_type=2 2 2 2 2 2 2 2 2 2 2 2 2 2 2 2 2 2 2 2 2 2 2 2
left_child=5 2 10 11 -5 6 -1 16 19 15 -2 -4 -11 21 -15 -10 -3 -18 -12 -7 -21 -8 -9 -24
right_child=1 7 3 4 -6 8 13 22 9 12 18 -13 -14 14 -16 -17 17 -19 -20 20 -22 -23 23 -25
leaf_value=-0.031435797973059842 0.058032412721387185 0.041471377974158743 0.021035487951157061 0.0012795050348096144 0.039443787823247943 -0.031289096294146439 -0.035848377411203357 0.040263155285612147 -0.028924884402714644 -0.019197369200007662 -0.0246000747793905 0.040089381805022466 -0.0028222737260263303 0.020327349923280783 0.069381806152248954 -0.016435378417085329 0.032459530837920081 0.014924122191860021 0.044806480354913199 0.0008673342797014175 -0.028004620335987725 0.0030070290518399833 -0.00043197620272980613 0.035288192798459093
leaf_weight=30.232057843357325 2.8367934674024573 35.38714824616909 74.781305659562349 623.85150453448296 74.659451507031918 513.28961649537086 4.9892783686518651 396.23062784969807 263.52252671867609 117.52011118456721 152.14824325963855 152.40932146459818 138.62357999384403 45.350981187075377 9.0407443866133672 159.35499779134989 80.456478729844093 178.82915058732033 2.3589932024478903 14.282104700803755 156.7123400978744 5.479481615126133 5.2372043281793585 40.507517293095589
leaf_count=492 16 152 382 3962 334 9553 58 1934 4351 1387 1787 673 1506 320 67 2242 374 773 11 223 2765 30 24 189
internal_value=-0.000246099 0.0176306 0.00734373 0.0123432 0.00535865 -0.0225515 0.00458899 0.0327547 -0.0244445 -0.0189813 -0.0220697 0.0338177 -0.0103353 0.0213805 0.028481 -0.0242184 0.0229 0.0203654 -0.0235404 -0.0298657 -0.0255931 -0.015511 0.039325 0.0311987
internal_weight=3278.09 1819.69 1083.05 925.702 698.511 1458.4 95.0925 736.648 1363.31 679.021 157.344 227.191 256.144 64.8605 54.3917 422.878 294.673 259.286 154.507 684.284 170.994 10.4688 441.975 45.7447
internal_count=33605 10611 7165 5351 4296 22994 967 3446 22027 9486 1814 1055 2893 475 387 6593 1299 1147 1798 12541 2988 88 2147 213
is_linear=0
shrinkage=0.03


Tree=38
num_leaves=25
num_cat=0
split_feature=5 25 22 25 0 1 0 0 2 2 1 22 0 2 24 4 25 24 24 25 2 2 24 0
split_gain=1387.84 263.068 151.104 129.708 107.95 82.1647 58.8954 48.4511 40.5107 40.1879 35.0889 32.7315 26.9831 19.5302 14.1624 14.0475 13.9987 13.0359 12.324 25.6302 9.87564 8.71669 8.50738 7.75487
threshold=0.56555000000000011 -0.63928494623655918 74.500000000000014 -0.33032258064516123 15.075000000000001 30.265000000000004 5.2150000000000007 1.2950000000000002 28.735000000000003 26.485000000000003 22.165000000000003 95.500000000000014 1.8650000000000004 29.275000000000002 1.5000000000000002 19.675000000000004 1.7651881720430111 1.5000000000000002 3.5000000000000004 -0.92993817204301055 24.835000000000004 25.845000000000002 3.5000000000000004 9.2550000000000008
decision_type=2 2 2 2 2 2 2 2 2 2 2 2 2 2 2 2 2 2 2 2 2 2 2 2
left_child=3 2 21 7 5 -4 13 18 16 10 -9 -11 17 22 -15 -14 20 -10 -1 -20 -5 -2 -3 -8
right_child=1 6 4 8 -6 -7 23 9 12 11 -12 -13 15 14 -16 -17 -18 -19 19 -21 -22 -23 -24 -25
leaf_value=-0.030455740199769567 0.033723224550515241 0.032223534796327967 0.012019280528585101 0.040438636990736014 0.040081271820422662 -0.018297510417120244 0.033128998933442108 -0.0025616381352333724 -0.029692855638600829 -0.029502540850769195 0.11527313093053609 -0.010660592725997444 0.024194650798653506 0.02495017550815665 0.0038242998145915125 -0.0077167623624182537 0.052711869220628954 -0.0089469829403324205 -0.026246707168667543 -0.00057006614412861685 0.0072948028431494847 -0.027607273017943783 0.015373857957676188 0.040561508775253774
leaf_weight=587.19294609129429 2.1293845362961283 102.27772573381662 562.01356036961079 8.9015267342329008 107.73770900070667 93.89894562214613 216.21999722719193 5.5038651563227159 52.818980004638433 122.36813769489527 3.8761666938662529 257.76483670994639 23.98495227098465 44.544482000172138 79.584302499890327 25.737259328365326 7.5495543256402007 56.333072077482939 307.27563204616308 39.483749285340309 88.858720749616623 101.54509538784623 36.62582240998745 303.93891404569149
leaf_count=10862 18 451 2984 38 487 652 1008 61 823 2174 24 2784 131 228 348 144 38 686 5339 570 618 1458 154 1525
internal_value=-0.000244357 0.019018 0.00763679 -0.0202695 0.0122506 0.0076792 0.0316218 -0.0241006 -0.00107703 -0.0152123 0.0461319 -0.016726 -0.0106415 0.020053 0.0114055 0.00767663 0.0133523 -0.018986 -0.0278075 -0.023323 0.0103127 -0.0263476 0.0277806 0.037472
internal_weight=3238.17 1650.52 867.325 1587.65 763.65 655.913 783.191 1323.47 264.184 389.513 9.38003 380.133 158.874 263.032 124.129 49.7222 105.31 109.152 933.952 346.759 97.7602 103.674 138.904 520.159
internal_count=33605 9313 5599 24292 4123 3636 3714 21814 2478 5043 85 4958 1784 1181 576 275 694 1509 16771 5909 656 1476 605 2533
is_linear=0
shrinkage=0.03


Tree=39
num_leaves=25
num_cat=0
split_feature=0 25 3 2 3 22 2 0 22 22 0 2 3 25 22 24 2 3 22 2 22 1 24 1
split_gain=1325.85 290.528 164.54 135.549 109.984 80.6803 72.3701 53.2365 52.1142 51.6038 33.1079 26.4712 48.9786 25.0178 18.854 17.0841 14.8233 18.0327 4.79254 9.15161 18.5837 4.65053 3.88484 7.43372
threshold=2.3550000000000004 -0.41918279569892464 19.475000000000005 31.955000000000002 23.005000000000006 127.50000000000001 27.235000000000003 5.6150000000000011 208.50000000000003 314.50000000000006 0.97500000000000009 28.975000000000005 17.525000000000002 -0.41918279569892464 272.50000000000006 3.5000000000000004 25.405000000000005 20.965000000000003 95.500000000000014 32.695000000000007 118.50000000000001 23.865000000000006 4.5000000000000009 25.315000000000001
decision_type=2 2 2 2 2 2 2 2 2 2 2 2 2 2 2 2 2 2 2 2 2 2 2 2
left_child=5 2 11 8 -5 18 9 16 -4 13 15 12 -2 -7 -12 -8 -3 -18 -1 20 -20 -13 -9 -24
right_child=1 7 3 4 -6 6 10 22 -10 -11 14 21 -14 -15 -16 -17 17 -19 19 -21 -22 -23 23 -25
leaf_value=-0.031055096788475831 -0.029166520797959946 0.04011326091051947 0.039649455520812525 -0.018137258942351409 0.012016321130299178 0.074153339089934656 -0.028615682777876617 0.039604633741301597 0.017183453781894859 -0.028244303235680841 -0.0040548789447938712 -0.021048945349259014 0.020317722160087235 0.018822065246237883 -0.021559188693391178 -0.015866798342526585 0.0026023777738001636 0.023013635780035738 0.043021254335342415 -0.027488531518007342 -0.025826416589082205 -0.033189699726468208 0.036506411657019754 0.011630783894564333
leaf_weight=503.50804657489061 36.013565767556429 34.756269901990891 142.11646924540401 167.47487660497427 311.09037885069847 8.7230679243803007 248.06690562143922 354.55808624625206 268.49114327132702 20.437569007277489 167.38977771624923 52.241163909435272 35.99341881647706 46.874652534723282 82.761695317924023 152.91330863535404 47.768467120826244 211.13284728676081 5.1880945712327984 154.97106590867043 11.030940189957617 62.210124883800745 59.680323392152786 13.203930273652075
leaf_count=9880 415 152 706 1247 1832 77 4301 1785 1304 296 1756 654 243 261 1114 2217 210 937 88 2848 156 764 299 63
internal_value=-0.000242797 0.016818 0.0069407 0.0123138 0.00146401 -0.0221092 -0.0151767 0.0315516 0.0249592 0.0125189 -0.0184108 -0.0186822 -0.00443132 0.0275033 -0.00984612 -0.0237539 0.0217172 0.0192477 -0.0295808 -0.0252446 -0.00380364 -0.0276481 0.0383079 0.0319999
internal_weight=3198.6 1796.73 1075.63 889.173 478.565 1401.87 727.167 721.1 410.608 76.0353 651.132 186.458 72.007 55.5977 250.151 400.98 293.658 258.901 674.698 171.19 16.219 114.451 427.442 72.8843
internal_count=33605 10611 7165 5089 3079 22994 10022 3446 2010 634 9388 2076 658 338 2870 6518 1299 1147 12972 3092 244 1418 2147 362
is_linear=0
shrinkage=0.03


Tree=40
num_leaves=25
num_cat=0
split_feature=0 25 0 0 7 2 24 25 3 25 2 0 24 3 22 3 2 2 3 1 26 2 22 1
split_gain=1267.3 230.043 170.36 116.722 108.19 87.0474 73.4652 71.2743 48.3425 42.6579 34.4702 28.419 26.4658 25.4294 24.0543 24.0318 21.9871 20.4769 18.7434 29.5415 15.5492 12.6797 11.4897 11.3364
threshold=3.3250000000000006 -1.6717642897566496 1.7150000000000001 9.4850000000000012 79.153350000000017 30.025000000000002 1.5000000000000002 -1.1172096774193547 17.525000000000002 -0.047677419354838567 29.705000000000002 20.515000000000004 1.5000000000000002 22.045000000000005 126.50000000000001 21.295000000000005 27.235000000000003 38.305000000000007 21.855000000000004 26.935000000000006 -0.26020215053763435 27.895000000000003 74.500000000000014 30.885000000000002
decision_type=2 2 2 2 2 2 2 2 2 2 2 2 2 2 2 2 2 2 2 2 2 2 2 2
left_child=2 4 9 5 11 8 -7 18 -3 14 20 22 -11 -12 -1 21 -16 -17 -4 -20 -9 -6 -2 -5
right_child=1 3 7 23 15 6 -8 10 -10 12 13 -13 -14 -15 16 17 -18 -19 19 -21 -22 -23 -24 -25
leaf_value=-0.03024447414204497 -0.028820872394908634 -0.029447587832678541 -0.026127290675130463 0.039337393510573603 0.048062620618773338 0.043384912733164339 0.0035045123917759398 0.038320333286289192 0.030984879359348821 -0.028654460532925086 -0.020165484129378686 0.046895351495105042 0.010333642121991121 0.0035446743929684306 0.0034119906030221927 0.03638800658393531 -0.022850686170420249 -0.022554973120592139 0.037343325334706474 -0.014295762899819984 0.011083200444285986 -0.031025778210934406 -0.012391681225660344 -0.0071388638823291946
leaf_weight=575.68169729784131 50.188154324889183 12.307878181338308 114.08062674105167 413.26388879492879 2.2839756384491912 47.734308674931526 322.0473748780787 22.128950484097004 371.569804020226 23.088558726012707 60.720190100371838 6.6082215905189505 48.767172258347273 123.54070699587464 30.570699535310268 67.875234313309193 466.38106982037425 5.7541591525077811 11.363505356013773 81.336878702044487 127.84041981399059 9.0675925165414792 161.88151666522026 4.7780371233820906
leaf_count=11675 771 120 1629 2064 13 217 1742 117 1710 345 597 30 415 868 390 305 7768 36 91 841 725 85 1024 27
internal_value=-0.000241589 0.020062 -0.0180139 0.0260926 -0.00320772 0.0190407 0.00865259 -0.00414171 0.0290473 -0.0245714 0.00442309 -0.0143707 -0.00219395 -0.00426862 -0.0260704 0.0255175 -0.0212351 0.0317816 -0.0179854 -0.00796568 0.0151022 -0.0151129 -0.0162798 0.0388062
internal_weight=3160.86 1475.36 1685.5 1171.7 303.659 753.659 369.782 541.011 383.878 1144.49 334.23 218.678 71.8557 184.261 1072.63 84.981 496.952 73.6294 206.781 92.7004 149.969 11.3516 212.07 418.042
internal_count=33605 8144 25461 5880 2264 3789 1959 4868 1830 20593 2307 1825 760 1465 19833 439 8158 341 2561 932 842 98 1795 2091
is_linear=0
shrinkage=0.03


Tree=41
num_leaves=25
num_cat=0
split_feature=0 25 3 2 0 22 2 0 22 0 25 2 3 24 0 2 24 16 22 2 22 1 7 7
split_gain=1210.4 269.487 151.392 131.68 93.1051 80.4506 67.1495 53.7398 48.0307 32.3372 21.3916 18.7652 18.1851 17.4624 16.9071 14.275 17.3979 12.275 5.00355 9.20965 17.749 3.93888 6.53284 3.8662
threshold=2.3550000000000004 -0.41918279569892464 19.105000000000004 29.445000000000004 15.075000000000001 127.50000000000001 27.235000000000003 5.6150000000000011 314.50000000000006 0.97500000000000009 -0.41918279569892464 25.135000000000002 22.045000000000005 3.5000000000000004 5.4050000000000011 25.405000000000005 1.5000000000000002 27.000000000000004 95.500000000000014 32.695000000000007 118.50000000000001 26.115000000000006 73.832350000000005 73.832350000000005
decision_type=2 2 2 2 2 2 2 2 2 2 2 2 2 2 2 2 2 2 2 2 2 2 2 2
left_child=5 2 11 14 -5 18 8 15 10 13 -7 -2 -11 -8 -4 -3 -17 -13 -1 20 -20 -9 -23 -21
right_child=1 7 3 4 -6 6 9 21 -10 12 -12 17 -14 -15 -16 16 -18 -19 19 23 -22 22 -24 -25
leaf_value=-0.030918898822231727 0.054727780652533482 0.038842759978831617 0.020704235008275788 0.0014777092710920377 0.038175993756772122 0.067894141962382526 -0.02836950268928402 0.038407972761857617 -0.028068644053787097 -0.018334520622647194 0.017896836491195094 -0.0071321114441445779 -0.0019492985047620086 -0.015243117985134775 0.038723613827619713 0.029838313291771015 0.012980849278034197 -0.027745155320883397 0.041924911590384736 -0.0099969428938168226 -0.025438484431720112 -0.0031561496183577925 0.03308606705388608 -0.028545945495640615
leaf_weight=477.01292489096522 2.8514319136738768 34.081600368022919 72.710985444486141 645.22452162951231 68.85936377197504 9.2071803957223874 237.38539833575487 369.69657476246357 19.980318039655685 111.82418294250965 47.106332048773766 33.820359967648983 134.0260025523603 148.13049601763487 131.8294025734067 79.710462391376495 178.46834617108107 112.45012672245502 5.2617236636579028 10.920765552669762 10.635736446827648 5.0673630982637397 38.373517543077469 136.74713006615639
leaf_count=9880 16 152 358 4074 318 77 4301 1934 296 1384 261 373 1486 2217 601 374 773 1425 88 203 156 24 189 2645
internal_value=-0.000239875 0.0160502 0.00654412 0.0110955 0.00501654 -0.0216639 -0.0146916 0.0304393 0.0118928 -0.017904 0.0260713 -0.0214932 -0.00940207 -0.0233258 0.032318 0.0205944 0.0181854 -0.022979 -0.0293663 -0.0248385 -0.00314262 0.0374038 0.0288584 -0.0271742
internal_weight=3121.38 1773.14 1067.75 918.624 714.084 1348.24 707.66 705.398 76.2938 631.366 56.3135 149.122 245.85 385.516 204.54 292.26 258.179 146.27 640.578 163.565 15.8975 413.137 43.4409 147.668
internal_count=33605 10611 7165 5351 4392 22994 10022 3446 634 9388 338 1814 2870 6518 959 1299 1147 1798 12972 3092 244 2147 213 2848
is_linear=0
shrinkage=0.03


Tree=42
num_leaves=25
num_cat=0
split_feature=0 25 3 2 3 2 0 3 22 22 0 24 2 3 14 26 1 0 2 3 16 0 25 6
split_gain=1157.12 266.216 153.75 128.405 102.063 67.889 60.5651 49.9896 38.1543 26.0159 24.5444 22.1977 20.1654 23.8498 17.5225 28.1698 17.4556 14.9641 13.3929 13.2974 12.002 9.33501 11.7869 5.89131
threshold=2.1950000000000007 -0.41918279569892464 19.295000000000005 30.105000000000004 22.295000000000005 27.235000000000003 4.455000000000001 17.645000000000003 95.500000000000014 208.50000000000003 1.2350000000000001 3.5000000000000004 26.365000000000006 17.525000000000002 0.17000000000000001 -0.082898245614035193 29.625000000000004 1.2950000000000002 35.665000000000006 23.355000000000004 27.000000000000004 7.7650000000000006 -0.30298387096774188 17.220550000000003
decision_type=2 2 2 2 2 2 2 2 2 2 2 2 2 2 2 2 2 2 2 2 2 2 2 2
left_child=5 2 12 9 -5 7 18 -1 -7 -4 11 -10 13 -2 17 -16 -12 -9 19 -3 -14 22 -8 -20
right_child=1 6 3 4 -6 8 21 14 10 -11 16 -13 20 -15 15 -17 -18 -19 23 -21 -22 -23 -24 -25
leaf_value=-0.031016772513899702 -0.029377518392636699 0.014934614190494556 0.042227991176047093 -0.01375280040918333 0.011586573180979828 -0.031077244207597984 0.01451167308623565 -0.0015959677688734309 -0.028050006828848454 0.021966383052319315 -0.0066558971866551688 -0.015492705559790508 -0.0082543046242242683 0.057615872132812128 0.11405285599698492 0.012389324429688087 -0.02804353318335984 0.032471555773868517 0.0067745916436998416 0.036234177611190681 -0.027689674915253874 0.038449257557014768 0.033673897645411378 -0.042435819576009809
leaf_weight=25.94880573824048 5.1947392113506776 185.69746562838554 84.019384387880564 208.08263295516372 457.81793904677033 439.00414478778839 36.006736889481544 30.12391309440136 335.13799465075135 177.57646661996841 163.49383916705847 203.70108171924949 37.399691808968782 6.2473744675517082 4.2203580513596535 5.857567895203827 43.477143999189138 18.875093959271908 4.0592621862888318 30.747514352202415 121.4867303557694 308.85242512822151 146.17492866516113 4.7533116117119789
leaf_count=478 51 841 412 1581 2667 9378 161 263 6372 841 1895 3297 407 33 27 47 614 106 21 138 1587 1667 694 27
internal_value=-0.000237918 0.0151365 0.00585358 0.0106647 0.00366845 -0.0222021 0.029364 0.00369175 -0.0240603 0.028474 -0.0199299 -0.0233029 -0.0203448 0.0181207 0.018937 0.0549632 -0.0111487 0.0115273 0.0164843 0.0179604 -0.0231149 0.0352724 0.0298866 -0.0197684
internal_weight=3083.96 1814.12 1097.82 927.496 665.901 1269.84 716.292 85.0257 1184.81 261.596 745.81 538.839 170.329 11.4421 59.0769 10.0779 206.971 48.999 225.258 216.445 158.886 491.034 182.182 8.81257
internal_count=33605 11128 7579 5501 4248 22477 3549 921 21556 1253 12178 9669 2078 84 443 74 2509 369 1027 979 1994 2522 855 48
is_linear=0
shrinkage=0.03


Tree=43
num_leaves=25
num_cat=0
split_feature=0 0 25 25 7 0 3 2 25 22 2 22 24 0 25 3 2 22 2 18 2 22 2 0
split_gain=1107.52 234.922 180.922 95.9271 88.3236 58.835 53.5572 73.4024 48.0258 42.3443 38.5292 37.1362 32.5235 27.8373 27.4611 25.086 21.9597 21.4637 16.6528 14.2297 12.807 10.3049 4.9871 10.4026
threshold=4.2150000000000007 1.7150000000000001 -1.5092324561403505 -0.41918279569892464 79.153350000000017 9.4850000000000012 19.395000000000003 30.305000000000003 -0.30298387096774188 126.50000000000001 26.945000000000004 220.50000000000003 1.5000000000000002 20.515000000000004 -1.779394736842105 21.265000000000004 38.305000000000007 278.50000000000006 35.665000000000006 31.000000000000004 28.035000000000004 127.50000000000001 36.435000000000009 12.585000000000003
decision_type=2 2 2 2 2 2 2 2 2 2 2 2 2 2 2 2 2 2 2 2 2 2 2 2
left_child=1 9 4 6 13 8 -3 -8 12 -1 11 -11 -4 14 -2 20 -17 -12 19 -5 -6 -10 -7 -24
right_child=2 3 5 18 15 22 7 -9 21 10 17 -13 -14 -15 -16 16 -18 -19 -20 -21 -22 -23 23 -25
leaf_value=-0.029956525076600769 -0.017217904973207326 -0.028751757942669112 0.050501587712628145 0.020304874548808857 0.043052367963826478 0.038258318670599617 0.019079558176476712 -0.011839652414840442 -0.015515966657966512 0.051271193204323523 -0.015245854027037507 -0.0093473725410750594 0.012276453518153131 0.045600022769756075 0.0068524707653676506 0.038524264395466287 -0.022522399920402489 -0.027969586332552993 -0.023997631771370095 0.0059453026733007558 -0.032087988442151431 0.034293472332780905 -0.014211213219560188 0.046931983258616208
leaf_weight=534.88815928995609 149.48500271141529 106.88023649901152 21.488731041550636 141.86929051578045 2.6805735826492301 371.68548554927111 89.469469122588634 303.56583033874631 3.8075498938560477 13.139310844242571 294.92440166696906 29.553935714066029 295.68041229993105 8.3219655752181989 59.691123619675636 69.544283270835876 5.7410952150821677 200.3998159468174 10.81491459161043 110.47351027652621 8.5624189376831037 205.28421239554882 4.936088874936102 5.0833325833082199
leaf_count=11718 1287 1633 97 685 16 1952 548 2728 18 78 4766 323 1498 39 411 317 36 3708 68 541 81 1008 27 22
internal_value=-0.000236219 -0.0149292 0.0220213 -0.00220446 0.00199058 0.0287284 -0.00992182 -0.00480129 0.0222246 -0.0239792 -0.0180367 0.00930865 0.0148663 -0.00820837 -0.0103491 0.0276267 0.033869 -0.0203937 0.012456 0.0140184 -0.0141729 0.0333864 0.0376953 0.0168097
internal_weight=3047.97 1835.98 1211.99 763.073 304.026 907.966 499.916 393.035 526.261 1072.91 538.017 42.6932 317.169 217.498 209.176 86.5284 75.2854 495.324 263.158 252.343 11.243 209.092 381.705 10.0194
internal_count=33605 26796 6809 6203 2187 4622 4909 3276 2621 20593 8875 401 1595 1737 1698 450 353 8474 1294 1226 97 1026 2001 49
is_linear=0
shrinkage=0.03


Tree=44
num_leaves=25
num_cat=0
split_feature=0 25 3 2 3 22 22 0 2 22 22 2 2 3 14 2 8 16 0 22 2 3 24 1
split_gain=1058.14 244.838 141.044 118.995 84.854 72.1412 67.3315 60.5413 57.6543 39.0205 26.1806 32.62 19.6469 42.3456 19.1251 16.9122 16.4784 8.89573 6.15584 5.1029 10.0093 17.7493 4.14617 7.57802
threshold=2.1950000000000007 -0.41918279569892464 19.295000000000005 33.225000000000001 22.295000000000005 208.50000000000003 127.50000000000001 5.6150000000000011 27.235000000000003 314.50000000000006 276.50000000000006 34.565000000000005 27.705000000000002 17.865000000000006 0.15500000000000003 25.405000000000005 539.00000000000011 27.000000000000004 1.3750000000000002 95.500000000000014 35.295000000000009 24.255000000000006 4.5000000000000009 25.315000000000001
decision_type=2 2 2 2 2 2 2 2 2 2 2 2 2 2 2 2 2 2 2 2 2 2 2 2
left_child=6 2 12 5 -5 -4 19 15 9 14 11 -10 13 -2 -8 -3 -17 -14 -12 -1 21 -21 -9 -24
right_child=1 7 3 4 -6 -7 8 22 10 -11 18 -13 17 -15 -16 16 -18 -19 -20 20 -22 -23 23 -25
leaf_value=-0.030839130832559066 -0.028120605916980696 0.037999063337646972 0.033358967626706766 -0.031339365267499746 0.0043046426310016338 0.010672188549521051 0.015328361878880415 0.037539458677497646 -0.0057388081506989479 -0.027251245001754503 -0.028632720355991476 -0.024552257697186605 -0.010507570580307345 0.040324561050722074 0.062009744886955556 0.026681436172251567 0.010864203926087789 -0.029305664804481164 -0.016004197155530656 -0.016961330966602291 -0.029385252611078664 0.066315831747711343 0.03416152223040636 0.0082438381027463252
leaf_weight=430.24681765958667 19.394528977572918 35.035983666777611 203.48824240267277 74.335704758763313 314.08227089047432 331.90462608635426 40.999330319464207 324.07557038962841 213.36319927871227 17.842596095055342 180.50690245628357 135.69730021432042 29.055669564753771 14.01297429949045 9.7836088761687261 86.678715512156487 187.52176466584206 102.8763903863728 43.018805559724569 41.078080631792545 105.74349338188767 2.4402494244277468 54.676611199975014 12.468667477369307
leaf_count=9697 222 160 1120 724 1971 1686 249 1785 2893 286 3450 2233 339 82 61 398 844 1435 564 775 2224 45 299 63
internal_value=-0.000234191 0.0144556 0.00555681 0.010124 -0.00251693 0.0192948 -0.0217697 0.0282923 -0.0150716 0.0109128 -0.0181859 -0.0130525 -0.0199619 0.000589123 0.0243218 0.0183721 0.0158643 -0.0251657 -0.0262023 -0.029181 -0.0244015 -0.0122916 0.0361337 0.0293487
internal_weight=3010.33 1789.61 1089.15 923.811 388.418 535.393 1220.72 700.457 641.212 68.6255 572.586 349.06 165.34 33.4075 50.7829 309.236 274.2 131.932 223.526 579.509 149.262 43.5183 391.221 67.1453
internal_count=33605 11128 7579 5501 2695 2806 22477 3549 9736 596 9140 5126 2078 304 310 1402 1242 1774 4014 12741 3044 820 2147 362
is_linear=0
shrinkage=0.03


Tree=45
num_leaves=25
num_cat=0
split_feature=0 0 25 25 7 0 3 2 2 24 22 22 2 0 25 3 3 2 2 22 2 22 2 6
split_gain=1013.52 220.881 167.462 86.6837 81.9401 58.6662 50.648 67.2747 47.0979 49.6617 42.6566 36.2222 60.2182 26.14 25.8404 23.3321 21.1836 20.5843 15.6037 13.5828 12.0743 5.07948 5.03709 3.71493
threshold=4.2150000000000007 1.7150000000000001 -1.5092324561403505 -0.41918279569892464 79.153350000000017 9.4850000000000012 19.395000000000003 30.305000000000003 29.145000000000003 1.5000000000000002 126.50000000000001 276.50000000000006 29.185000000000006 20.515000000000004 -1.779394736842105 21.265000000000004 17.585000000000004 38.305000000000007 35.665000000000006 216.50000000000003 28.035000000000004 314.50000000000006 36.435000000000009 17.220550000000003
decision_type=2 2 2 2 2 2 2 2 2 2 2 2 2 2 2 2 2 2 2 2 2 2 2 2
left_child=1 10 4 6 13 8 -3 -8 16 -10 -1 12 -12 14 -2 20 -4 -17 19 -5 -6 22 -7 -20
right_child=2 3 5 18 15 21 7 -9 9 -11 11 -13 -14 -15 -16 17 -18 -19 23 -21 -22 -23 -24 -25
leaf_value=-0.02978259349284744 -0.0168592024901234 -0.028447759273185418 -0.023463947637500284 0.019611500811492988 0.041600750560931703 0.037852818802808746 0.017921794413651406 -0.011569127427663821 0.045195049951009675 0.0083867620715259075 0.012646689555607752 -0.027222822408167788 -0.018401941504507448 0.044734200539660332 0.006531737673523612 0.037200209882176899 0.032892918677582483 -0.022213587812947685 -0.0050780185387140899 0.0056649360187175203 -0.03186668738732349 0.0045130386671631897 0.016215128257577288 -0.040469305474804727
leaf_weight=506.85827756673098 147.17514016479254 102.27730898559093 6.1680030748248091 135.90710230544209 2.6539781689643851 355.5223685503006 90.611848514527082 300.46693858876824 37.959976628422737 251.93196039274335 73.540417715907097 209.12079332396388 238.69024149700999 8.1306181550025922 59.766975004225969 68.961245305836201 224.0128860771656 5.6804029271006575 5.0453775748610479 116.91490843892097 8.3405503109097463 4.3124191612005225 9.953877314925192 5.6680863425135612
leaf_count=11718 1287 1633 58 642 16 1931 548 2728 186 1277 785 4011 4079 39 411 317 1100 36 31 584 81 21 49 37
internal_value=-0.000232754 -0.0145313 0.021206 -0.00223165 0.00185115 0.0277466 -0.0096518 -0.00473616 0.0212513 0.0132066 -0.0235854 -0.0175605 -0.011089 -0.00803057 -0.0101037 0.0266688 0.0313828 0.0326787 0.0116594 0.0131621 -0.0141323 0.0368816 0.0372635 -0.0238022
internal_weight=2975.67 1785.1 1190.57 756.892 300.709 889.861 493.356 391.079 520.073 289.892 1028.21 521.351 312.231 215.073 206.942 85.6362 230.181 74.6416 263.535 252.822 10.9945 369.789 365.476 10.7135
internal_count=33605 26796 6809 6203 2187 4622 4909 3276 2621 1463 20593 8875 4864 1737 1698 450 1158 353 1294 1226 97 2001 1980 68
is_linear=0
shrinkage=0.03


Tree=46
num_leaves=25
num_cat=0
split_feature=5 25 22 22 1 3 22 1 0 2 10 24 3 0 6 0 25 2 22 3 22 2 22 14
split_gain=967.698 192.58 115.902 110.999 87.9348 123.09 77.0724 78.9525 58.1294 38.4171 26.1102 16.9273 15.6971 11.5851 15.8123 8.7727 10.7788 8.5321 8.32584 8.53776 8.08675 17.4619 27.1734 6.31751
threshold=0.56555000000000011 -0.63928494623655918 74.500000000000014 127.50000000000001 30.265000000000004 23.535000000000004 276.50000000000006 29.105000000000004 5.2150000000000007 27.235000000000003 100.00000000000001 3.5000000000000004 18.305000000000003 1.3750000000000002 14.099000000000002 9.2550000000000008 -0.26881720430107531 31.145000000000003 10.500000000000002 17.645000000000003 95.500000000000014 32.695000000000007 98.500000000000014 0.29000000000000009
decision_type=2 2 2 2 2 2 2 2 2 2 2 2 2 2 2 2 2 2 2 2 2 2 2 2
left_child=3 2 18 20 5 -4 7 9 11 -5 -6 12 -3 -8 -15 16 -10 -13 19 -2 -1 22 -22 -9
right_child=1 8 4 6 10 -7 13 23 15 -11 -12 17 -14 14 -16 -17 -18 -19 -20 -21 21 -23 -24 -25
leaf_value=-0.030272708403109121 -0.032033458320915704 -0.031824108824610724 0.0061159989665196665 0.022373539867627201 1.5936644393549125e-05 0.035271818339594016 -0.028087504472252302 -0.026545231561865938 0.019400693877442358 -0.0019166914823065815 -0.031047460515851836 0.0088181751473666841 0.022003190251697859 0.023058108064786313 -0.01920259736431296 0.037481336506124431 0.034211470509339773 -0.016915081281861009 -0.029256526567428685 0.015088570212745428 0.11648995275866683 -0.025803489578593328 -0.0067397025084056737 -0.002772730998511227
leaf_weight=440.29089633002877 5.889529936015605 5.006750561296939 472.83212777599692 72.324830405414104 46.182299811393023 179.90692214667797 188.38689009845257 117.39071412011981 67.720735773444176 308.82348096370697 51.521922808140516 51.592697441577911 186.58696077764034 8.975731607526539 70.992897216230631 260.97163228690624 127.45998853445053 14.958002008497713 78.224885087460279 8.3904475681483728 1.8007997833192373 146.50120892375708 15.238348219543694 11.004041802138088
leaf_count=10300 103 40 2598 389 304 856 3727 1872 324 3681 365 223 852 79 827 1525 684 66 1278 95 24 2987 237 169
internal_value=-0.000230678 0.0159847 0.00627316 -0.0185058 0.0101788 0.0141519 -0.0110143 -0.00416144 0.0274453 0.0026925 -0.0163646 0.016069 0.0205966 -0.0240263 -0.0144592 0.0338834 0.0290727 0.00303434 -0.0254111 -0.0043461 -0.0281568 -0.0224603 0.00628395 -0.0245078
internal_weight=2938.97 1557.24 842.948 1381.73 750.443 652.739 777.899 509.543 714.297 381.148 97.7042 258.144 191.594 268.356 79.9686 456.152 195.181 66.5507 92.5049 14.28 603.831 163.54 17.0391 128.395
internal_count=33605 9313 5599 24292 4123 3454 10744 6111 3714 4070 669 1181 892 4633 906 2533 1008 289 1476 198 13548 3248 261 2041
is_linear=0
shrinkage=0.03


Tree=47
num_leaves=25
num_cat=0
split_feature=0 25 0 22 2 22 0 2 22 2 22 1 25 2 8 24 0 0 22 2 3 1 7 3
split_gain=927.254 217.346 128.272 109.971 75.7394 66.7107 60.2375 52.093 33.4821 27.2371 25.1307 30.7361 17.5592 16.4507 15.7395 12.1461 15.1308 6.23884 5.42222 10.3048 16.8404 4.37082 6.75888 3.15329
threshold=2.1950000000000007 -0.41918279569892464 14.585000000000003 93.500000000000014 37.555000000000007 127.50000000000001 5.6150000000000011 27.235000000000003 314.50000000000006 30.655000000000005 276.50000000000006 29.625000000000004 -0.088978494623655827 25.405000000000005 539.00000000000011 4.5000000000000009 20.515000000000004 1.3750000000000002 95.500000000000014 35.295000000000009 24.255000000000006 26.115000000000006 73.832350000000005 19.055000000000003
decision_type=2 2 2 2 2 2 2 2 2 2 2 2 2 2 2 2 2 2 2 2 2 2 2 2
left_child=5 2 3 9 -5 18 13 8 12 -2 11 -9 -7 23 -15 -4 -17 -12 -1 20 -20 -8 -23 -3
right_child=1 6 15 4 -6 7 21 10 -10 -11 17 -13 -14 14 -16 16 -18 -19 19 -21 -22 22 -24 -25
leaf_value=-0.030659329540783233 -0.0031958690255377282 0.01463239535352092 0.040990742246303821 0.009697209128899327 -0.018916933237007931 0.04499885360432225 0.036128775762083218 -0.00684163065758976 -0.026728077515749928 -0.028538090345160295 -0.02824342863144072 -0.027001027367670995 0.0088067034768193261 0.025153730300366547 0.0096630199005589262 0.0071581440199226798 0.043608829526259711 -0.015238753098486043 -0.016078109942779761 -0.029084845180541486 0.064456665275481911 -0.0079212963503841431 0.030162868328444455 0.040450738295716257
leaf_weight=396.32313222065568 56.83884284645319 4.9875323474407187 79.365355167537928 685.3545752055943 94.765219029039145 19.132463153451681 329.8290042579174 245.11607423424721 16.650165174156427 116.20556848868728 167.48699388280511 94.235376320779324 32.659554429352283 86.345952562987804 186.61722554266453 26.550655364990234 16.693329617381096 41.409200292080641 39.037482894957066 98.17145886644721 2.4856249094009391 4.7638412564992896 35.061482891440392 29.084800317883492
leaf_count=9697 858 23 410 3761 712 137 1934 3468 286 1605 3450 1658 173 398 844 152 81 564 775 2224 45 24 189 137
internal_value=-0.000229092 0.0135167 0.00513742 0.00142203 0.0062213 -0.0211269 0.0268377 -0.0143984 0.0102793 -0.0202141 -0.0174791 -0.0124397 0.0221764 0.0170166 0.0145632 0.0340209 0.0212291 -0.0256655 -0.028868 -0.0237857 -0.0112572 0.0349952 0.0256073 0.0366714
internal_weight=2905.17 1752.46 1075.77 953.164 780.12 1152.71 676.69 616.69 68.4422 173.044 548.248 339.351 51.792 307.036 272.963 122.609 43.244 208.896 536.018 139.695 41.5231 369.654 39.8253 34.0723
internal_count=33605 11128 7579 6936 4473 22477 3549 9736 596 2463 9140 5126 310 1402 1242 643 233 4014 12741 3044 820 2147 213 160
is_linear=0
shrinkage=0.03


Tree=48
num_leaves=25
num_cat=0
split_feature=0 0 25 22 7 0 2 24 2 21 22 22 2 0 25 3 2 3 22 3 2 26 7 22
split_gain=888.08 202.286 151.843 76.2189 73.7853 57.6176 44.8739 47.8797 43.3704 47.2422 42.8948 34.4622 54.0695 23.8278 24.2671 21.2542 18.5297 16.4597 11.4643 17.4945 11.3429 7.34991 6.45255 5.02013
threshold=4.2150000000000007 1.7150000000000001 -1.5092324561403505 95.500000000000014 79.153350000000017 9.4850000000000012 28.925000000000004 1.5000000000000002 37.395000000000003 9.5000000000000018 126.50000000000001 276.50000000000006 29.705000000000002 20.515000000000004 -1.779394736842105 21.265000000000004 38.305000000000007 17.585000000000004 10.500000000000002 19.395000000000003 28.035000000000004 0.03174946236559132 78.472250000000017 314.50000000000006
decision_type=2 2 2 2 2 2 2 2 2 2 2 2 2 2 2 2 2 2 2 2 2 2 2 2
left_child=1 10 4 18 13 6 17 -8 9 -5 -1 12 -12 14 -2 20 -17 -4 19 -3 -6 -10 -20 -7
right_child=2 3 5 8 15 23 7 -9 21 -11 11 -13 -14 -15 -16 16 -18 -19 22 -21 -22 -23 -24 -25
leaf_value=-0.029526447012156752 -0.016511591350085907 -0.018235011935751919 -0.021390315176754035 0.0089511729520322363 0.040246923423756777 0.036166342254157567 0.043837868940705717 0.0080724050929047737 -0.030641408117861594 -0.011997432816330674 0.0091939930122945396 -0.026743416594265712 -0.01866500066749395 0.043429957983125947 0.0062313834693134493 0.035412748002733932 -0.021609884377205887 0.032108578768072986 -0.031771966854624911 0.065902642746113724 -0.031656954422651665 -0.0098965327344246214 -0.011685733041886017 0.0034730743899546008
leaf_weight=467.94824184477329 144.5803741440177 8.8240777850151044 5.3117768615484229 447.88807995244861 2.6104738041758528 347.54437045753002 38.606336638331413 264.39077581465244 36.172679182142019 123.62961807847023 88.346104435622692 194.5581788495183 215.98402070254087 7.8385974615812293 59.643445994704962 67.728218145668507 5.5490282997488967 202.15927878767252 83.019661527127028 2.9736766330897799 8.1051252372562868 26.729204144328833 17.412880010902882 4.2791313529014579
leaf_count=11718 1287 174 51 2567 16 1980 197 1344 343 1019 1005 4011 3859 39 411 317 36 1029 1550 33 81 242 275 21
internal_value=-0.00022703 -0.0139436 0.0200633 -0.00221407 0.00152623 0.0264277 0.0199897 0.0126295 0.00181737 0.00441961 -0.0230019 -0.016882 -0.0105776 -0.00789938 -0.00986952 0.0253237 0.0310946 0.0307389 -0.0250032 0.00297226 -0.0141401 -0.0218262 -0.0282894 0.0357687
internal_weight=2871.83 1713.49 1158.35 746.65 296.055 862.292 510.468 302.997 634.42 571.518 966.837 498.888 304.33 212.062 204.224 83.9928 73.2772 207.471 112.23 11.7978 10.7156 62.9019 100.433 351.824
internal_count=33605 26796 6809 6203 2187 4622 2621 1541 4171 3586 20593 8875 4864 1737 1698 450 353 1080 2032 207 97 585 1825 2001
is_linear=0
shrinkage=0.03


Tree=49
num_leaves=25
num_cat=0
split_feature=0 25 3 1 3 22 0 2 22 22 1 22 2 25 2 3 2 0 24 0 22 2 3 2
split_gain=847.505 201.836 123.254 106.138 128.941 66.3841 55.8578 49.0169 30.441 24.4275 29.8675 22.3796 16.695 15.7421 15.7097 16.6221 11.5969 10.6939 14.0158 6.34128 5.64798 10.4781 15.5359 3.90002
threshold=2.1950000000000007 -0.3850860215053763 19.105000000000004 24.245000000000001 21.155000000000005 127.50000000000001 4.0050000000000008 27.235000000000003 314.50000000000006 276.50000000000006 29.625000000000004 340.50000000000006 25.135000000000002 -0.088978494623655827 33.275000000000013 23.355000000000004 29.235000000000003 7.7650000000000006 2.5000000000000004 1.3750000000000002 95.500000000000014 35.295000000000009 24.255000000000006 35.725000000000001
decision_type=2 2 2 2 2 2 2 2 2 2 2 2 2 2 2 2 2 2 2 2 2 2 2 2
left_child=5 2 12 11 -5 20 14 8 13 10 -9 -4 -2 -7 15 -3 -14 18 -8 -11 -1 22 -22 -16
right_child=1 6 3 4 -6 7 17 9 -10 19 -12 -13 16 -15 23 -17 -18 -19 -20 -21 21 -23 -24 -25
leaf_value=-0.030543081711080788 0.052196563637627202 0.011634639661140979 0.034256566414613283 -0.02267911158748849 0.010006605275983255 0.042219009268310417 0.035300662489499673 -0.0065299497093147365 -0.02637120946090532 -0.027983126088658109 -0.026715033068594379 -0.030705100788591115 -0.012803304956018809 0.0082731392762251613 -0.0078226650909119927 0.044234576354069764 -0.030053265289198647 0.036104322466462432 0.018925513997646633 -0.014666456766331347 -0.015454497391122838 -0.028880570868149217 0.060539021906246507 -0.042233177402579924
leaf_weight=375.13598834350705 2.7765884324908248 138.67720521986485 146.78885947167873 129.1590941734612 683.12057209014893 19.679848115891218 89.84846693277359 242.35496195033193 15.903474703431128 159.41137240827084 90.653200693428516 4.9332762286067 65.178537406027317 32.7654764726758 12.202054962515833 15.666750386357306 75.946607831865549 260.83155146241188 98.740687638521194 40.324070353060961 37.704657301306725 93.315530497580767 2.5873171314597121 3.915577419102191
leaf_count=9697 16 623 739 1115 3952 137 467 3468 286 3450 1658 28 728 173 56 69 1214 1623 476 564 775 2224 45 22
internal_value=-0.000224918 0.0129152 0.00524549 0.00911151 0.00480931 -0.0206814 0.0266232 -0.0139314 0.00998618 -0.0169999 -0.0120248 0.0321443 -0.0206531 0.0210112 0.0120007 0.0149437 -0.0220864 0.0321694 0.026727 -0.0252947 -0.0286567 -0.0233601 -0.0105746 -0.0161823
internal_weight=2837.62 1727.79 1107.9 964.002 812.28 1109.84 619.882 601.092 68.3488 532.744 333.008 151.722 143.902 52.4453 170.462 154.344 141.125 449.421 188.589 199.735 508.743 133.608 40.292 16.1176
internal_count=33605 11128 7792 5834 5067 22477 3336 9736 596 9140 5126 767 1958 310 770 692 1942 2566 943 4014 12741 3044 820 78
is_linear=0
shrinkage=0.03


Tree=50
num_leaves=25
num_cat=0
split_feature=0 0 25 22 7 0 2 2 24 2 22 24 25 0 25 3 3 2 22 2 22 3 6 7
split_gain=812.736 190.732 140.401 92.4383 68.9323 57.2215 49.9582 42.6031 45.5008 37.6223 29.8885 32.2791 41.9708 22.4813 22.8154 19.5856 18.1944 17.6589 16.9824 10.5476 10.1739 17.2068 6.33625 5.48721
threshold=4.2150000000000007 1.3350000000000002 -1.5092324561403505 95.500000000000014 79.153350000000017 9.4850000000000012 27.235000000000003 29.145000000000003 1.5000000000000002 37.395000000000003 127.50000000000001 3.5000000000000004 -0.70428947368421035 20.515000000000004 -1.779394736842105 21.265000000000004 17.585000000000004 39.025000000000013 330.50000000000006 28.035000000000004 10.500000000000002 19.395000000000003 15.881350000000001 78.472250000000017
decision_type=2 2 2 2 2 2 2 2 2 2 2 2 2 2 2 2 2 2 2 2 2 2 2 2
left_child=1 10 4 20 13 7 18 16 -9 -8 -1 22 -13 14 -2 19 -4 -17 -5 -6 21 -3 -12 -22
right_child=2 3 5 6 15 -7 9 8 -10 -11 11 12 -14 -15 -16 17 -18 -19 -20 -21 23 -23 -24 -25
leaf_value=-0.029548713669058896 -0.016148935022325603 -0.021082108000737336 -0.022666911036671612 0.024789356382870553 0.038750118464964622 0.035050101125030556 0.00056782498034393741 0.043282384906574878 0.0070016722608778614 -0.022527792411846721 -0.013694311742173651 -0.01769809696291327 0.014776310041650788 0.04276615468862708 0.0059396516292667704 0.033680360029702899 0.030567643437022198 -0.03040831835618614 -0.025364751943787647 -0.031197708879835719 -0.031564017024235835 0.052893777353701703 -0.027013478465775741 -0.014567913280332736
leaf_weight=406.22762316092849 142.49186036363244 11.364363640546797 5.9400774240493766 87.614256620407104 2.5775783881545049 340.31706290692091 533.47525178641081 35.525200068950653 250.36141301691532 72.052352968603373 37.81757090613246 122.3083136677742 50.652173172682524 7.6502631753683081 59.726183153688908 68.648464195430279 212.05450890958309 4.1005358323454848 6.5289399810135356 7.846413753926754 102.49222604930401 3.7681540474295607 214.32616754248738 20.51861684769392
leaf_count=10718 1287 249 58 399 16 2001 4014 186 1277 811 640 2222 552 39 411 326 1100 27 67 81 2173 50 4532 369
internal_value=-0.000223084 -0.0135491 0.0193358 -0.00344732 0.00144464 0.0255462 0.000980513 0.0191274 0.01151 -0.00218035 -0.0237297 -0.0181691 -0.00818784 -0.00771516 -0.00962495 0.0245573 0.0291171 0.030068 0.0213111 -0.0139015 -0.0258735 -0.00266134 -0.0250158 -0.028729
internal_weight=2806.39 1669.15 1137.24 837.814 293.041 844.198 699.671 503.881 285.887 605.528 831.332 425.104 172.96 209.868 202.218 83.173 217.995 72.749 94.1432 10.424 138.143 15.1325 252.144 123.011
internal_count=33605 26796 6809 8132 2187 4622 5291 2621 1463 4825 18664 7946 2774 1737 1698 450 1158 353 466 97 2841 299 5172 2542
is_linear=0
shrinkage=0.03


Tree=51
num_leaves=25
num_cat=0
split_feature=0 25 0 22 22 2 0 2 25 7 22 22 2 2 22 14 2 0 24 2 7 22 2 4
split_gain=775.012 188.672 119.881 100.13 65.8868 63.8767 48.1714 45.849 28.5469 30.6183 27.6269 23.9117 30.1554 23.8394 16.2497 15.1103 9.33223 6.24411 6.1857 5.97601 6.91623 5.55623 12.334 18.766
threshold=2.1950000000000007 -0.32145161290322583 12.320000000000002 93.500000000000014 126.50000000000001 37.555000000000007 4.9150000000000009 27.235000000000003 -1.8455967741935482 79.153350000000017 314.50000000000006 276.50000000000006 34.675000000000004 30.655000000000005 132.50000000000003 0.15500000000000003 25.405000000000005 1.3750000000000002 1.5000000000000002 30.265000000000004 73.832350000000005 95.500000000000014 32.695000000000007 11.605000000000002
decision_type=2 2 2 2 2 2 2 2 2 2 2 2 2 2 2 2 2 2 2 2 2 2 2 2
left_child=4 2 3 13 21 -5 14 10 9 -4 15 12 -9 -2 18 -6 -16 -13 -3 -8 -21 -1 23 -23
right_child=1 6 8 5 7 -7 19 11 -10 -11 -12 17 -14 -15 16 -17 -18 -19 -20 20 -22 22 -24 -25
leaf_value=-0.030429551892484679 -0.0042838744802968587 0.0078505764796681799 -0.0082283241892476249 0.0084349213656322534 0.011783417558363775 -0.018224752107518668 0.035622657276100686 -0.004800696124532486 0.036141007155840531 0.03603022515874009 -0.026031449349981195 -0.027745902758920516 -0.023592866533064832 -0.029222390671113985 0.034678985212573198 0.05178998213703203 0.015176372452765229 -0.014410192538032685 -0.036190694488054911 -0.0022937528786183179 0.028982891820805691 0.090440711276070715 -0.026241650516069068 -0.010613937126282436
leaf_weight=355.07617113739252 51.947670262306929 4.8128661364316923 33.191370889544487 728.28256481140852 42.434099681675434 90.992431297898293 281.81019593775272 209.92305694893003 122.38781390711665 24.416781384497881 15.24140604585409 152.41642268747091 121.23513999208808 102.70237964019179 25.267104342579842 10.624072328209875 175.18632228672504 39.864364419132471 7.1107570976018906 7.3264590054750434 48.394738495349884 1.9585102312266816 109.93070792779326 10.632635246962307
leaf_count=9697 827 24 255 3995 250 702 1766 2958 643 134 286 3450 2266 1532 122 61 780 564 31 38 279 37 2719 189
internal_value=-0.000220848 0.0123433 0.00545167 0.0012947 -0.0202399 0.00547398 0.0268045 -0.0135498 0.0279442 0.0105303 0.0095679 -0.0165663 -0.0116804 -0.0208454 0.0156108 0.0197941 0.0176347 -0.0249811 -0.0184138 0.0338476 0.0248705 -0.0285288 -0.0230203 0.00510477
internal_weight=2773.17 1703.83 1153.92 973.925 1069.34 819.275 549.908 591.739 179.996 57.6082 68.2996 523.439 331.158 154.65 212.377 53.0582 200.453 192.281 11.9236 337.531 55.7212 477.598 122.522 12.5911
internal_count=33605 11128 8088 7056 22477 4697 3040 9835 1032 389 597 9238 5224 2359 957 311 902 4014 55 2083 317 12642 2945 226
is_linear=0
shrinkage=0.03


Tree=52
num_leaves=25
num_cat=0
split_feature=0 0 25 22 7 0 2 21 24 2 22 24 25 2 0 25 3 2 22 3 2 25 7 2
split_gain=742.799 180.609 130.147 85.7563 63.4544 55.6779 45.708 42.7606 40.611 46.5583 30.144 32.0555 39.0844 25.9029 21.3562 21.3891 18.3967 16.3805 10.16 16.0403 9.92387 6.34078 5.66424 5.5013
threshold=4.2150000000000007 1.3350000000000002 -1.5092324561403505 95.500000000000014 79.153350000000017 9.4850000000000012 29.745000000000001 11.500000000000002 1.5000000000000002 29.185000000000006 127.50000000000001 3.5000000000000004 -0.77983333333333327 37.395000000000003 20.515000000000004 -1.779394736842105 21.265000000000004 38.305000000000007 10.500000000000002 19.395000000000003 28.035000000000004 0.037951612903225691 78.472250000000017 36.435000000000009
decision_type=2 2 2 2 2 2 2 2 2 2 2 2 2 2 2 2 2 2 2 2 2 2 2 2
left_child=1 10 4 18 14 8 7 -5 -4 -10 -1 21 -13 -8 15 -2 20 -18 19 -3 -6 -12 -20 -7
right_child=2 3 5 6 16 23 13 -9 9 -11 11 12 -14 -15 -16 -17 17 -19 22 -21 -22 -23 -24 -25
leaf_value=-0.02938599056395675 -0.015748702214187674 -0.020649162496358998 0.040004721964262684 0.014524553481025541 0.037387501337157361 0.034966636758689655 -0.0019979961608542671 -0.024821808177275854 0.026490560914226316 0.0065123163579370365 -0.026434360281689183 -0.017955473154847926 0.012553512167973541 -0.021981891196881174 0.04221595006215538 0.0056880626628306131 0.033142141942648917 -0.021073627497122341 -0.03145155526024393 0.050391583411958214 -0.030963967485707362 -0.011150411231177279 -0.013878774888135785 0.012281297329946471
leaf_weight=385.00480059534311 140.47704664990306 10.970485422760246 67.488601937890053 242.81163464486599 2.5447815135121328 318.69202910363674 356.69821514934301 27.69388647377491 182.10965748131275 247.89098853245378 215.152776658535 112.31622651219368 56.954923059791327 69.798454523086548 7.4973144009709349 59.690588571131229 66.3260867446661 5.425832822918891 97.38232197239995 3.8694195523858061 7.6850014626979828 27.558581579476595 19.878079984337091 9.9204118624329549
leaf_count=10718 1287 249 387 1322 16 1952 2835 323 967 1267 4808 2121 653 811 39 411 317 36 2173 50 81 364 369 49
internal_value=-0.000218664 -0.0131531 0.0186319 -0.00335051 0.00132827 0.0246989 0.000849832 0.0104963 0.018369 0.0149733 -0.0233506 -0.0177105 -0.00769007 -0.00526847 -0.00749429 -0.00935619 0.0236764 0.0290424 -0.0255128 -0.0021257 -0.0139607 -0.0246989 -0.0284726 0.0342818
internal_weight=2741.84 1626.09 1115.75 829.102 289.647 826.102 697.002 270.506 497.489 430.001 796.987 411.983 169.271 426.497 207.665 200.168 81.9817 71.7519 132.1 14.8399 10.2298 242.711 117.26 328.612
internal_count=33605 26796 6809 8132 2187 4622 5291 1645 2621 2234 18664 7946 2774 3646 1737 1698 450 353 2841 299 97 5172 2542 2001
is_linear=0
shrinkage=0.03


Tree=53
num_leaves=25
num_cat=0
split_feature=0 25 3 0 22 2 0 2 2 22 22 2 22 25 2 2 26 0 2 7 24 22 2 4
split_gain=708.535 175.845 111.27 100.496 65.3306 49.9311 47.8757 43.2128 42.655 25.3992 23.6212 28.9947 15.1576 13.829 11.833 9.06529 8.56667 6.18793 6.05746 6.722 5.90887 5.77617 12.267 16.6358
threshold=2.1950000000000007 -0.32145161290322583 18.305000000000003 6.8050000000000006 126.50000000000001 35.475000000000001 4.9150000000000009 27.235000000000003 30.305000000000003 314.50000000000006 276.50000000000006 34.675000000000004 132.50000000000003 -0.088978494623655827 24.835000000000004 25.405000000000005 0.33800000000000013 1.3750000000000002 30.265000000000004 73.832350000000005 1.5000000000000002 95.500000000000014 32.695000000000007 11.605000000000002
decision_type=2 2 2 2 2 2 2 2 2 2 2 2 2 2 2 2 2 2 2 2 2 2 2 2
left_child=4 2 14 8 21 -5 12 9 -4 13 11 -9 20 -6 -2 -14 -16 -12 -8 -20 -3 -1 23 -23
right_child=1 6 3 5 7 -7 18 10 -10 -11 17 -13 15 -15 16 -17 -18 -19 19 -21 -22 22 -24 -25
leaf_value=-0.030318374091053098 0.048205394321293477 0.0076215822504279917 0.012404690697976074 0.024462213031657735 0.038371449460527167 -0.0037679915899746269 0.035046787430843607 -0.00450127918312513 -0.0044954684942167906 -0.025686351932940044 -0.027504486617156359 -0.023189573316336722 0.033836155374215825 0.0069452156833947941 -0.027963487888023195 0.014422230479769576 0.017811794726623729 -0.014085694851904843 -0.0027963571646747306 0.028214869623469804 -0.035468052507593315 0.082947204815471104 -0.025926603364473031 -0.0099778402454959204
leaf_weight=336.09515277668834 1.960914410650729 4.8095855414867383 193.03002051264048 337.84328768029809 20.402565289288759 67.684803418815136 270.49883730709553 207.75319059938192 442.59602225199342 14.607097279280422 145.70262609794736 116.68133338913321 24.708324760198593 32.962951764464378 96.038286842405796 174.71517570316792 3.8261233344674102 39.263134092092514 7.2636312395334235 46.968160271644592 7.0810861885547638 2.0828269049525252 104.86917087808251 10.349428359419106
leaf_count=9697 11 24 1017 1829 137 422 1766 2958 3293 286 3450 2266 122 174 1469 780 47 564 38 279 31 37 2719 189
internal_value=-0.000216447 0.011803 0.00515431 0.00808157 -0.019795 0.0197504 0.0259798 -0.0131022 0.000636854 0.00936565 -0.0161002 -0.0112224 0.0148656 0.01896 -0.0247766 0.0168276 -0.0262097 -0.024656 0.0332122 0.0240613 -0.018039 -0.0283179 -0.0225863 0.00559028
internal_weight=2709.79 1679.02 1142.98 1041.15 1030.77 405.528 536.045 577.373 635.626 67.9726 509.4 324.435 211.314 53.3655 101.825 199.424 99.8644 184.966 324.731 54.2318 11.8907 453.397 117.301 12.4323
internal_count=33605 11128 8088 6561 22477 2251 3040 9835 4310 597 9238 5224 957 311 1527 902 1516 4014 2083 317 55 12642 2945 226
is_linear=0
shrinkage=0.03


Tree=54
num_leaves=25
num_cat=0
split_feature=0 0 25 22 7 0 2 21 24 2 22 22 24 25 2 22 22 2 22 3 26 24 7 5
split_gain=676.598 171.402 123.058 80.5802 62.8854 43.6995 41.8897 45.9042 33.9407 39.1329 31.2955 30.3742 31.7785 36.7331 27.7685 23.948 24.1372 12.2289 10.178 14.693 7.76566 6.48441 5.77454 3.75637
threshold=4.2150000000000007 1.3350000000000002 -1.3054999999999997 95.500000000000014 76.966650000000016 9.4850000000000012 37.395000000000003 9.5000000000000018 1.5000000000000002 29.185000000000006 74.500000000000014 127.50000000000001 3.5000000000000004 -0.92993817204301055 35.295000000000009 96.500000000000014 278.50000000000006 28.925000000000004 10.500000000000002 19.395000000000003 0.03174946236559132 1.5000000000000002 78.472250000000017 0.85305000000000009
decision_type=2 2 2 2 2 2 2 2 2 2 2 2 2 2 2 2 2 2 2 2 2 2 2 2
left_child=1 11 4 18 15 8 7 -5 -4 -10 23 -1 21 -14 -12 17 -17 -2 19 -3 -8 -13 -20 -6
right_child=2 3 5 6 10 -7 20 -9 9 -11 14 12 13 -15 -16 16 -18 -19 22 -21 -22 -23 -24 -25
leaf_value=-0.02922271956401476 0.011861241917329643 -0.020146827387282257 0.039286603870841132 0.0075540027132178127 0.0075271782305861186 0.0343109221597633 -0.030147830082076259 -0.01206806651386128 0.026174184007318396 0.0064814792788318388 0.025835312096934959 -0.031150638323428993 -0.018610581500727461 0.010273688649144175 -0.0063099381416137175 0.006314961406810253 -0.020251196777489721 -0.032265472741857572 -0.031364927015626216 0.047410040943269886 -0.0095996638383370088 -0.020691046254133209 -0.013370471242001254 -0.03013271189385551
leaf_weight=364.92251153290272 6.5435488112270823 10.543624579906462 64.264736965298653 487.59970827773213 2.9063185900449779 286.54828381538391 39.573831368237734 137.57638676092029 169.83028941601515 195.20748459920287 141.00601124763489 82.376259241253138 100.3694565705955 65.475410629063845 29.193155273795128 100.57784054428339 44.354082018136978 41.500439174473286 92.939631503075361 3.9953914098441592 28.455137215554714 151.3564506880939 19.400701489299536 13.256219439208506
leaf_count=10718 99 249 383 3137 44 1851 489 1343 912 971 698 1896 1976 798 177 539 288 623 2173 50 322 3276 369 224
internal_value=-0.000214256 -0.0127464 0.017918 -0.00321993 0.00410363 0.0252383 0.00080326 0.00323597 0.0191826 0.0156433 0.0165332 -0.0229654 -0.0172509 -0.0072071 0.0203216 -0.00789992 -0.00181518 -0.0262555 -0.0252006 -0.00158188 -0.0215529 -0.0243774 -0.0282574 -0.0233608
internal_weight=2679.77 1584.58 1095.19 820.084 379.338 715.851 693.205 625.176 429.303 365.038 186.362 764.5 399.578 165.845 170.199 192.976 144.932 48.044 126.879 14.539 68.029 233.733 112.34 16.1625
internal_count=33605 26796 6809 8132 2692 4117 5291 4480 2266 1883 1143 18664 7946 2774 875 1549 827 722 2841 299 811 5172 2542 268
is_linear=0
shrinkage=0.03


Tree=55
num_leaves=25
num_cat=0
split_feature=0 25 0 3 1 22 0 2 22 22 2 6 22 14 22 2 0 1 22 2 22 7 24 24
split_gain=647.427 164.095 106.251 87.0273 71.8657 64.7919 47.4308 41.0634 23.5528 23.128 27.8644 15.7547 14.2709 13.1642 9.74525 8.87175 6.25002 6.16221 5.98646 12.1675 16.5607 5.99548 5.67744 5.60478
threshold=2.1950000000000007 -0.32145161290322583 15.075000000000001 19.295000000000005 24.245000000000001 126.50000000000001 4.9150000000000009 27.235000000000003 314.50000000000006 276.50000000000006 34.675000000000004 14.099000000000002 132.50000000000003 0.15500000000000003 74.500000000000014 25.405000000000005 1.3750000000000002 25.835000000000004 95.500000000000014 32.695000000000007 118.50000000000001 73.832350000000005 4.5000000000000009 1.5000000000000002
decision_type=2 2 2 2 2 2 2 2 2 2 2 2 2 2 2 2 2 2 2 2 2 2 2 2
left_child=5 2 3 11 -5 18 12 8 13 10 -9 -2 23 -7 -4 -14 -11 -8 -1 20 -20 -21 -16 -3
right_child=1 6 14 4 -6 7 17 9 -10 16 -12 -13 15 -15 22 -17 -18 -19 19 21 -22 -23 -24 -25
leaf_value=-0.030209107500499245 0.00017034441291484691 0.0071753966898104636 -0.032271193902575601 0.026021385360443749 0.0018100762435932377 0.010780751816652908 0.034239654581019394 -0.0042393397838722804 -0.025351049208534617 -0.027261969087705364 -0.02280422972372672 -0.024729080726018742 0.033111572731636667 0.047618507513127004 0.038839622901032669 0.013725319118148121 -0.013597344299816875 0.021731822859860868 0.049799045292704909 -4.8285543026520305e-05 -0.021669155723548494 -0.027721225598851255 0.024371295627544719 -0.034802452937000086
leaf_weight=318.13748508691788 28.526858955621719 4.8168311119079572 2.0377352945506564 129.42963139712811 748.05430337041616 42.681141339242458 271.48184655606747 205.85193972289562 14.021691508591173 139.37757528200746 112.54278088361025 115.3396058678627 24.194451510906219 10.975903093814848 72.153957016766071 174.29726667702198 38.431714773178101 40.774116799235344 4.7620552293956262 7.626934014260768 7.5358101725578308 92.54128385335207 36.888854265213013 7.0558160394430161
leaf_count=9697 285 24 33 644 4749 250 1845 2958 286 3450 2266 1757 122 61 425 780 564 238 88 192 138 2527 195 31
internal_value=-0.00021225 0.0112832 0.0048659 0.0018354 0.00538127 -0.0193433 0.0251884 -0.0126517 0.00926918 -0.0156416 -0.0108015 -0.0197918 0.0141773 0.0183162 0.0327303 0.0160883 -0.0243085 0.0326064 -0.028106 -0.0221567 0.0060052 -0.0256142 0.033945 -0.0177717
internal_weight=2649.54 1655.05 1132.43 1021.35 877.484 994.486 522.62 563.883 67.6787 496.204 318.395 143.866 210.364 53.657 111.081 198.492 177.809 312.256 430.604 112.466 12.2979 100.168 109.043 11.8726
internal_count=33605 11128 8088 7435 5393 22477 3040 9835 597 9238 5224 2042 957 311 653 902 4014 2083 12642 2945 226 2719 620 55
is_linear=0
shrinkage=0.03


Tree=56
num_leaves=25
num_cat=0
split_feature=0 0 25 22 7 0 2 24 2 2 22 24 25 22 2 22 22 2 22 22 11 24 7 24
split_gain=618.727 161.832 115.084 75.5175 58.7571 43.3486 39.4886 33.4902 36.5613 31.5388 30.5619 31.4706 34.3214 28.8418 26.1403 22.7678 22.5185 12.101 10.4109 10.1998 13.5204 6.6267 5.89535 3.9255
threshold=4.2150000000000007 1.3350000000000002 -1.3054999999999997 95.500000000000014 76.966650000000016 9.4850000000000012 26.735000000000003 1.5000000000000002 28.925000000000004 37.395000000000003 127.50000000000001 3.5000000000000004 -0.92993817204301055 74.500000000000014 35.295000000000009 96.500000000000014 278.50000000000006 28.925000000000004 218.50000000000003 10.500000000000002 17.500000000000004 1.5000000000000002 78.472250000000017 3.5000000000000004
decision_type=2 2 2 2 2 2 2 2 2 2 2 2 2 2 2 2 2 2 2 2 2 2 2 2
left_child=1 10 4 19 15 7 18 -4 -9 -8 -1 21 -13 -6 -15 17 -17 -2 -5 20 -3 -12 -21 -7
right_child=2 3 5 6 13 23 9 8 -10 -11 11 12 -14 14 -16 16 -18 -19 -20 22 -22 -23 -24 -25
leaf_value=-0.029058247749015376 0.011867100035854738 -0.02494625154070005 0.038789455806389699 0.033792547407791744 -0.023008186239507841 0.036413925228969322 0.0006711423950044082 0.026039392276031002 0.0067249088122458495 -0.021189239423104845 -0.031070016550035676 -0.01808098890448441 0.010010467563794865 0.024928343466146859 -0.0063177969625574301 0.0059137011152375994 -0.019867335386475563 -0.032153635813643902 0.010281903313473213 -0.031288161914981676 0.034706346382453283 -0.020279636003943564 -0.012848792612610268 0.028962149704876407
leaf_weight=345.91978417336941 6.5353217571973792 8.5300247222185117 62.095651984214783 35.082610309123993 15.655004814267157 176.31190899014473 556.13276696950197 153.45635738223791 207.44368638470769 66.500669714063406 78.772793002426624 96.904492177069187 65.669953145086765 140.09182990342379 29.102788373827934 100.75942805409431 43.722982794046402 40.135842524468899 32.799486611038446 88.846104744821787 5.7077281400561324 146.46257349848747 18.92965392395854 99.545086339116096
leaf_count=10718 99 188 383 159 268 1196 4144 847 1036 811 1896 1976 798 698 177 539 288 623 177 2173 111 3276 369 655
internal_value=-0.000209751 -0.0123621 0.0172724 -0.00313938 0.00388944 0.0244728 0.000705151 0.018439 0.0149375 -0.00166367 -0.0225754 -0.0167928 -0.00673379 0.0159492 0.0195538 -0.00777258 -0.00188811 -0.0259895 0.0224326 -0.0248969 -0.00103231 -0.0240534 -0.0280495 0.0337249
internal_weight=2621.11 1546.26 1074.86 812.529 376.003 698.853 690.516 422.996 360.9 622.633 733.73 387.81 162.574 184.85 169.195 191.154 144.482 46.6712 67.8821 122.014 14.2378 225.235 107.776 275.857
internal_count=33605 26796 6809 8132 2692 4117 5291 2266 1883 4955 18664 7946 2774 1143 875 1549 827 722 336 2841 299 5172 2542 1851
is_linear=0
shrinkage=0.03


Tree=57
num_leaves=25
num_cat=0
split_feature=0 25 0 3 2 22 0 2 21 3 1 9 6 22 22 25 2 2 3 22 2 22 7 24
split_gain=591.654 153.405 99.728 81.0051 68.1568 64.0573 46.7118 38.8545 39.0349 20.3348 34.1423 16.2614 15.0758 13.369 9.06547 8.4786 8.43685 6.30889 7.1312 6.20889 12.059 15.3811 6.04465 5.76498
threshold=2.1950000000000007 -0.32145161290322583 15.075000000000001 19.295000000000005 37.395000000000003 126.50000000000001 4.9150000000000009 28.345000000000002 11.500000000000002 21.985000000000003 25.115000000000006 2.8500000000000005 14.099000000000002 132.50000000000003 74.500000000000014 0.32177419354838693 25.405000000000005 30.265000000000004 21.365000000000006 95.500000000000014 32.695000000000007 118.50000000000001 73.832350000000005 4.5000000000000009
decision_type=2 2 2 2 2 2 2 2 2 2 2 2 2 2 2 2 2 2 2 2 2 2 2 2
left_child=5 2 3 12 -5 19 13 8 11 15 -11 -7 -2 -3 -4 -9 -15 -8 -19 -1 21 -21 -22 -16
right_child=1 6 14 4 -6 7 17 9 -10 10 -12 -13 -14 16 23 -17 -18 18 -20 20 22 -23 -24 -25
leaf_value=-0.030101387141334132 4.3167230014583892e-05 -0.017406809360365101 -0.032149013156081589 0.0081948372233246313 -0.017402357776180842 0.037412563092179198 0.034000416240965947 -0.025047170935728138 -0.027349873808677452 0.041831279106131776 -0.013092159755092677 0.0062789773093631859 -0.024421717235225637 0.032255434979894575 0.038269983298386302 0.012045947421568174 0.013130404481384007 -0.0080313524425471364 0.026551200860978074 0.047563037691424878 0.00061392431807179629 -0.021233078903603677 -0.027486021402085611 0.023521225434668971
leaf_weight=301.1809481177479 28.419880874454975 11.838736206293104 1.9451087936758984 767.78143490850925 106.62042309343815 19.466740198433399 248.857621088624 178.24336693435907 28.226797632873058 10.635090254247187 241.4308296404779 67.290385454893112 112.03058438003063 23.576694175601006 69.511688336730003 5.7241022177040568 173.73880665004253 6.0893245190381995 45.209135234355927 4.8904983848333341 7.4737064205110064 7.2769513130187988 88.175867095589638 36.312525108456612
leaf_count=9697 285 55 33 4518 875 184 1766 3830 642 132 4421 554 1757 122 425 72 780 37 280 88 192 138 2527 195
internal_value=-0.000207476 0.0107859 0.00459054 0.00167674 0.00507364 -0.0188951 0.0244416 -0.0122187 0.00329451 -0.0163096 -0.0107748 0.0132648 -0.0194713 0.0135578 0.0320295 -0.023893 0.0154156 0.0320257 0.0224461 -0.0278898 -0.021712 0.00641834 -0.0252904 0.0332091
internal_weight=2591.95 1631.93 1122.62 1014.85 874.402 960.015 509.31 551.017 114.984 436.033 252.066 86.7571 140.45 209.154 107.769 183.967 197.316 300.156 51.2985 408.998 107.817 12.1674 95.6496 105.824
internal_count=33605 11128 8088 7435 5393 22477 3040 9835 1380 8455 4553 738 2042 957 653 3902 902 2083 317 12642 2945 226 2719 620
is_linear=0
shrinkage=0.03


Tree=58
num_leaves=25
num_cat=0
split_feature=0 0 25 22 7 2 3 2 0 22 24 25 25 2 24 2 3 22 22 0 4 26 24 7
split_gain=565.653 152.923 108.478 70.9214 58.0729 36.2922 35.4374 34.3348 33.9124 30.6737 31.1441 32.3285 29.4381 29.4238 29.0019 28.5575 16.9406 10.2509 13.4138 10.2502 9.25221 7.69389 6.77285 5.99016
threshold=4.2150000000000007 1.3350000000000002 -1.0258091397849463 95.500000000000014 75.562100000000015 26.485000000000003 17.865000000000006 35.295000000000009 9.4850000000000012 127.50000000000001 3.5000000000000004 -0.92993817204301055 -1.779394736842105 37.395000000000003 1.5000000000000002 29.185000000000006 20.355000000000004 10.500000000000002 8.5000000000000018 20.515000000000004 26.365000000000006 0.33555967741935494 1.5000000000000002 78.472250000000017
decision_type=2 2 2 2 2 2 2 2 2 2 2 2 2 2 2 2 2 2 2 2 2 2 2 2
left_child=1 9 4 17 12 20 21 -8 14 -1 22 -12 19 -7 -4 -16 -14 18 -3 -2 -5 -6 -11 -19
right_child=2 3 8 5 6 13 7 -9 -10 10 11 -13 16 -15 15 -17 -18 23 -20 -21 -22 -23 -24 -25
leaf_value=-0.028892300172600343 -0.01914850555809057 -0.016077345112733215 0.038317306607005205 0.017073517277097622 -0.030491224581870646 0.00073866340710124808 0.02399465358765231 -0.0062260430631115938 0.034177320373376979 -0.030994585111278731 -0.017585060486713867 0.009845602415156203 -0.016581371299408516 -0.020645612921903724 0.025026275999459377 0.0059237433723171098 0.010341218338952443 -0.031214142727901163 0.054899068190239854 0.043375674138984376 0.046205300430304748 0.038648839826552817 -0.019873037635547267 -0.012381188876257264
leaf_weight=327.95577625185251 94.542328078299761 10.89406152628362 59.975507840514183 45.25295465067029 16.697553426027302 565.07830345258117 198.35563951730728 40.793662559241056 235.1002813577652 75.482390474528074 93.853543601930141 65.763211581856012 26.874748978763819 64.522041659802198 138.9421640522778 142.84742540121078 96.799029752612114 84.976053604856133 3.072250470519065 2.4202183336019507 12.528372302651404 1.5861330702900875 141.97495282068849 18.511193595826626
leaf_count=10718 890 237 383 226 229 4196 1070 255 1695 1896 1976 798 266 811 800 679 511 2173 62 12 58 19 3276 369
internal_value=-0.000205234 -0.0119817 0.0166496 -0.00304574 0.00608217 0.000635469 0.015762 0.0188397 0.0254073 -0.0221825 -0.0163468 -0.00628344 -0.00521204 -0.00145282 0.0193744 0.0153426 0.00449084 -0.0245895 -0.000464253 -0.0175879 0.02339 -0.0244932 -0.0237335 -0.0278454
internal_weight=2564.8 1509.87 1054.93 804.835 478.069 687.382 257.433 239.149 576.865 705.03 377.074 159.617 220.636 629.6 341.765 281.79 123.674 117.454 13.9663 96.9625 57.7813 18.2837 217.457 103.487
internal_count=33605 26796 6809 8132 3252 5291 1573 1325 3557 18664 7946 2774 1679 5007 1862 1479 777 2841 299 902 284 248 5172 2542
is_linear=0
shrinkage=0.03


Tree=59
num_leaves=25
num_cat=0
split_feature=0 2 3 3 1 3 22 0 1 3 2 21 3 3 1 22 8 0 22 25 22 2 4 7
split_gain=540.446 146.253 139.082 94.6747 85.3598 79.2899 63.2674 47.949 39.6103 74.3809 36.8646 36.6787 24.531 20.2223 31.6069 19.4573 17.9303 17.2801 14.9488 8.30802 6.43741 11.9562 15.0471 6.08727
threshold=2.1950000000000007 29.185000000000006 20.965000000000003 17.455000000000002 30.265000000000004 23.455000000000002 126.50000000000001 4.8250000000000011 24.275000000000002 18.615000000000006 28.345000000000002 11.500000000000002 25.525000000000002 21.985000000000003 25.115000000000006 340.50000000000006 496.50000000000006 17.620000000000001 214.50000000000003 0.32177419354838693 95.500000000000014 32.695000000000007 11.605000000000002 73.832350000000005
decision_type=2 2 2 2 2 2 2 2 2 2 2 2 2 2 2 2 2 2 2 2 2 2 2 2
left_child=6 3 8 -2 5 -4 20 16 9 -3 11 18 -6 19 -15 -9 -5 -10 -8 -12 -1 22 -22 -23
right_child=1 2 4 7 12 -7 10 15 17 -11 13 -13 -14 14 -16 -17 -18 -19 -20 -21 21 23 -24 -25
leaf_value=-0.029994894629489177 -0.026446563684882681 -0.031118393278329111 0.0048432598107164748 0.051627400675894761 -0.029980859721930094 0.025711201058004181 0.029101514474577778 0.032460446105731573 -0.029666737002704842 0.027442291013437838 -0.024750451587556999 -0.02711828136698358 -0.0023772293125742618 0.039559567115221156 -0.012611767708102638 -0.031336507076128242 0.011353350029355277 0.034375322296866385 0.0033340674870810873 0.011998374627589641 0.078536936002160149 0.0012598452256144706 -0.0088453473144551979 -0.027246973670760427
leaf_weight=285.1574822999537 34.055309984833002 38.007227696478367 408.95602667331696 10.490657508373259 51.514994855970144 273.43878754973412 32.100636761635542 353.20060940459371 132.40362504124641 40.132710557430983 172.1609856672585 27.121705684810877 66.223047267645597 10.935315765440462 236.01142206415534 4.3556077629327765 192.6925740391016 3.903704121708869 54.949091851711273 5.720707342028617 2.1617408208549014 7.3296457715332499 9.8772858977317792 84.041315533220768
leaf_count=9697 491 685 2388 66 423 1433 206 2375 1476 271 3830 642 497 132 4421 33 965 25 532 72 37 192 189 2527
internal_value=-0.000202877 0.0103091 0.0033847 0.0221206 0.00913502 0.0132051 -0.0184417 0.0250702 -0.0180706 -0.0010416 -0.0117894 0.00334486 -0.0144549 -0.0158566 -0.0103015 0.0316833 0.0134328 -0.0278326 0.0128361 -0.0235686 -0.0276696 -0.0212574 0.00684511 -0.0249602
internal_weight=2536.94 1609.37 1014.58 594.795 800.133 682.395 927.567 560.739 214.447 78.1399 539 114.171 117.738 424.828 246.947 357.556 203.183 136.307 87.0497 177.882 388.567 103.41 12.039 91.371
internal_count=33605 11128 7198 3930 4741 3821 22477 3439 2457 956 9835 1380 920 8455 4553 2408 1031 1501 738 3902 12642 2945 226 2719
is_linear=0
shrinkage=0.03


Tree=60
num_leaves=25
num_cat=0
split_feature=0 0 25 22 7 2 22 0 3 2 22 24 25 24 25 3 2 3 22 3 0 26 6 7
split_gain=516.836 144.493 101.676 68.2146 53.5903 35.7527 36.731 34.3686 32.3091 31.4276 29.8005 30.4361 29.6749 28.8658 27.5658 27.1926 26.6494 15.3226 10.0322 12.9518 9.57136 7.4063 7.24498 5.94056
threshold=4.2150000000000007 1.2950000000000002 -1.0258091397849463 95.500000000000014 75.562100000000015 30.265000000000004 344.50000000000006 9.4850000000000012 17.865000000000006 35.295000000000009 127.50000000000001 3.5000000000000004 -0.67306451612903218 1.5000000000000002 -1.779394736842105 23.205000000000002 29.185000000000006 20.355000000000004 10.500000000000002 19.395000000000003 20.515000000000004 0.33555967741935494 15.881350000000001 78.472250000000017
decision_type=2 2 2 2 2 2 2 2 2 2 2 2 2 2 2 2 2 2 2 2 2 2 2 2
left_child=1 10 4 18 14 6 -5 13 21 -10 -1 22 -13 -4 20 -7 -15 -16 19 -3 -2 -6 -12 -20
right_child=2 3 7 5 8 15 -8 -9 9 -11 11 12 -14 16 17 -17 -18 -19 23 -21 -22 -23 -24 -25
leaf_value=-0.028793525462496028 -0.01874908966379343 -0.019257726716184927 0.037854155462530625 0.010626198910151355 -0.030197161691455483 -0.014049423013182745 -0.033244948537523827 0.033729156658303699 0.022992421191105058 -0.006019008545582169 -0.010645746535832001 -0.015045130185709191 0.01314188468079446 0.024108550555487916 -0.016053541053537318 0.0020134550719243531 0.0055145967823266523 0.0097875801606518466 -0.031124024559978411 0.044010294720123098 0.04252749454277336 0.037411529717556569 -0.026020608028261064 -0.012339386886539258
leaf_weight=306.98063391260803 92.800864208489656 9.8778309524059278 57.943149164319038 292.73345437273383 16.025830104947094 181.68337485566735 18.246418077498674 225.93831168115139 197.12856224551797 40.512374583631754 32.763597194105387 104.59218037873507 49.535281233489513 135.30169736966491 26.257478792220354 198.46626022085547 142.36715070158243 96.728313952684402 82.897486556321383 4.1295261792838565 2.3523306250572196 1.6042521744966496 174.48348398134112 18.540611267089844
leaf_count=10581 890 256 383 1730 229 1660 259 1695 1070 255 632 2209 517 800 266 1790 679 511 2246 51 12 19 4478 387
internal_value=-0.000201505 -0.0116052 0.01605 -0.0030577 0.00580896 0.000508008 0.00805211 0.0246837 0.0151396 0.0180466 -0.0219204 -0.0160819 -0.00598606 0.0185941 -0.00510996 -0.00566341 0.014575 0.0042705 -0.0244043 -0.000605604 -0.0172342 -0.0240451 -0.02359 -0.0276906
internal_weight=2509.89 1474.93 1034.96 806.575 473.41 691.13 310.98 561.55 255.271 237.641 668.355 361.375 154.127 335.612 218.139 380.15 277.669 122.986 115.445 14.0074 95.1532 17.6301 207.247 101.438
internal_count=33605 26796 6809 8379 3252 5439 1989 3557 1573 1325 18417 7836 2726 1862 1679 3450 1479 777 2940 307 902 248 5110 2633
is_linear=0
shrinkage=0.03


Tree=61
num_leaves=25
num_cat=0
split_feature=0 2 3 3 1 3 22 0 1 3 22 2 15 3 22 8 0 1 6 5 22 2 22 7
split_gain=493.333 135.756 129.766 87.2177 79.704 76.4111 62.3883 47.6545 38.0365 69.635 35.7106 45.3518 42.363 30.8472 18.3843 16.5043 16.2665 15.3193 10.7745 21.1145 6.66018 11.882 14.4834 6.13954
threshold=2.1950000000000007 29.185000000000006 20.965000000000003 17.455000000000002 29.955000000000002 23.455000000000002 126.50000000000001 4.8250000000000011 24.275000000000002 18.615000000000006 278.50000000000006 29.745000000000001 0.045000000000000005 25.395000000000003 340.50000000000006 496.50000000000006 17.620000000000001 29.625000000000004 14.099000000000002 0.33365000000000006 95.500000000000014 32.695000000000007 118.50000000000001 73.832350000000005
decision_type=2 2 2 2 2 2 2 2 2 2 2 2 2 2 2 2 2 2 2 2 2 2 2 2
left_child=6 3 8 -2 5 -4 20 15 9 -3 11 12 -8 -6 -9 -5 -10 -13 19 -12 -1 22 -22 -23
right_child=1 2 4 7 13 -7 10 14 16 -11 18 17 -14 -15 -16 -17 -18 -19 -20 -21 21 23 -24 -25
leaf_value=-0.029888844697613756 -0.026083278978473356 -0.030932586667691345 0.0048907882624911417 0.04908906034787109 -0.027543027388894834 0.025857867306212663 0.0038421926767756584 0.03179216046424501 -0.029331986663054799 0.026367022723901731 -0.02138926073722355 -0.0084444856219259446 0.072177857939361531 0.00091055764409022288 -0.030954597621830636 0.010684807189400323 0.033614592866049377 -0.024877585605537308 -0.025075791764994301 0.055075091118868463 0.046555649833272386 0.0019387672483562775 -0.020620272854669674 -0.027008903207049254
leaf_weight=269.95661521144211 32.850987073034048 36.515186626464128 401.30488732084632 10.628247220069168 62.716120216995478 256.36273281276226 115.18459622189403 341.15960557758808 129.11209362372756 39.996262576431036 11.091689258813856 157.45017551258206 8.7874672859907133 75.660120397806168 4.2549083977937689 192.14686807990074 3.8036651089787474 75.555755566805601 154.55740858241916 4.5972817949950686 4.947781424969433 7.1846299841999999 6.9406020753085613 80.216020794585347
leaf_count=9697 491 685 2342 66 504 1340 1156 2375 1476 271 238 2671 75 555 33 965 25 1708 3937 50 88 192 138 2527
internal_value=-0.000199261 0.0098527 0.0031816 0.0213968 0.00870956 0.0130639 -0.0179885 0.0242421 -0.0178305 -0.000979289 -0.0113654 -0.0059735 0.00868601 -0.0119854 0.0310192 0.0126977 -0.0275306 -0.0137732 -0.0226712 0.00101681 -0.0274454 -0.0208018 0.00733742 -0.0246293
internal_weight=2482.98 1586.51 1005.47 581.041 796.044 657.668 896.47 548.19 209.427 76.5114 527.224 356.978 123.972 138.376 345.415 202.775 132.916 233.006 170.246 15.689 369.246 99.289 11.8884 87.4007
internal_count=33605 11128 7198 3930 4741 3682 22477 3439 2457 956 9835 5610 1231 1059 2408 1031 1501 4379 4225 288 12642 2945 226 2719
is_linear=0
shrinkage=0.03


Tree=62
num_leaves=25
num_cat=0
split_feature=0 0 25 22 0 3 1 0 2 22 22 24 25 24 2 1 22 22 26 6 7 24 2 20
split_gain=472.466 144.324 96.8269 62.3723 47.22 38.2598 39.5296 36.7402 35.4517 48.255 29.8208 29.9843 27.468 27.2231 32.0177 20.977 11.9884 16.5638 9.21522 7.23389 4.69636 4.33556 12.9568 2.922
threshold=4.455000000000001 1.2950000000000002 -1.3054999999999997 93.500000000000014 17.620000000000001 20.965000000000003 30.265000000000004 9.4850000000000012 37.395000000000003 216.50000000000003 127.50000000000001 3.5000000000000004 -0.92993817204301055 1.5000000000000002 28.925000000000004 24.245000000000001 10.500000000000002 8.5000000000000018 0.03174946236559132 15.881350000000001 78.472250000000017 3.5000000000000004 33.32500000000001 0.53500000000000014
decision_type=2 2 2 2 2 2 2 2 2 2 2 2 2 2 2 2 2 2 2 2 2 2 2 2
left_child=1 10 4 16 5 15 -7 13 9 -5 -1 19 -13 -4 -15 -2 17 -3 -10 -12 -18 -9 -23 -6
right_child=2 3 7 8 23 6 -8 21 18 -11 11 12 -14 14 -16 -17 20 -19 -20 -21 -22 22 -24 -25
leaf_value=-0.028626735640242908 -0.0030368453884631807 -0.016504456660304211 0.037419269851519145 0.010626549303096602 0.038975595039332948 0.013054277577895373 -0.019281997240945568 0.03521939728369293 -0.029733883662801344 -0.0055226266110395879 -0.010246674661278272 -0.016641301807535175 0.0091730487987520676 0.025397350043495977 0.0061334388118156422 -0.031125805399840487 -0.030377404042283236 0.05739190759999592 -0.0072829694650690634 -0.02576643346283421 -0.013431081304621501 0.030209706314011882 -0.01296167611315174 0.019255175725685338
leaf_weight=291.11211099661887 51.179940965026617 10.969525186344979 52.036193370819092 335.90884409472346 30.298716351389885 171.07093784213066 42.47091194242239 156.99379693716764 38.808725468814373 330.24641387164593 32.217353738844395 86.537742506712675 64.934270370751619 131.56746069714427 189.48136013746262 44.93891392275691 79.821946209296584 3.6344456281512967 28.565797653049231 167.87326627224684 18.045507829636335 82.831793688237667 6.7679598927497855 8.7050852440297586
leaf_count=10581 618 247 362 2280 185 869 311 1196 538 2538 632 1941 785 790 960 531 2246 69 358 4478 385 622 33 50
internal_value=-0.000197915 -0.0108079 0.0161133 -0.0026665 0.00346645 -0.000451791 0.00662298 0.0232292 0.00052315 0.0026206 -0.0215251 -0.0156446 -0.00557499 0.0172904 0.0140279 -0.0161694 -0.0234692 0.00188591 -0.020215 -0.0232675 -0.0272527 0.0322143 0.0269487 0.0345743
internal_weight=2457.02 1488.68 968.343 846.001 348.665 309.661 213.542 619.679 733.53 666.155 642.675 351.563 151.472 373.085 321.049 96.1189 112.471 14.604 67.3745 200.091 97.8675 246.594 89.5998 39.0038
internal_count=33605 27078 6527 8661 2564 2329 1180 3963 5714 4818 18417 7836 2726 2112 1750 1149 2947 316 896 5110 2631 1851 655 235
is_linear=0
shrinkage=0.03


Tree=63
num_leaves=25
num_cat=0
split_feature=0 25 0 3 1 1 22 0 22 2 15 1 22 6 5 6 24 2 22 2 4 1 24 7
split_gain=450.229 128.288 89.3673 71.6107 71.174 64.4869 61.536 40.3951 34.6176 42.5801 38.3218 14.9267 13.1274 10.5611 19.4959 10.1014 7.64189 10.9056 6.87022 11.7052 13.5142 6.73159 8.43569 6.15101
threshold=2.1950000000000007 -0.26881720430107531 15.075000000000001 21.155000000000005 29.955000000000002 24.245000000000001 126.50000000000001 4.8250000000000011 278.50000000000006 29.745000000000001 0.045000000000000005 29.625000000000004 138.50000000000003 14.099000000000002 0.33365000000000006 18.100050000000003 4.5000000000000009 35.725000000000001 95.500000000000014 32.695000000000007 11.605000000000002 27.395000000000003 2.5000000000000004 73.832350000000005
decision_type=2 2 2 2 2 2 2 2 2 2 2 2 2 2 2 2 2 2 2 2 2 2 2 2
left_child=6 2 3 5 -5 -2 18 12 9 10 -8 -11 -3 14 -10 -14 -4 -18 -1 20 -20 -9 -23 -21
right_child=1 7 16 4 -6 -7 8 21 13 11 -12 -13 15 -15 -16 -17 17 -19 19 23 -22 22 -24 -25
leaf_value=-0.029783755455478872 0.0013638847559184039 -0.016962859880749238 0.03676460905158855 0.011320205435483012 -0.013251629189773666 -0.025729771231224632 0.0038244036956900343 0.032008428684065046 -0.021058286097795503 -0.0080786991269979156 0.067859945488849299 -0.024552859398271537 0.018966971648135274 -0.024772377122337902 0.051857891215654206 0.0020834106600556711 0.02542497660330309 -0.026907649743111418 0.073633627407887939 0.0024718419075476297 -0.0079937118053359426 0.031550304820114707 -0.028695696580718449 -0.026769429733417394
leaf_weight=255.66747665219009 183.80220051109791 12.62768069654703 66.290253877639771 573.95776787027717 130.1512551791966 138.74713299795985 115.00958662480116 242.74905697256327 10.809024728834627 155.19737760350108 9.0746361054480058 72.680186279118061 127.41595622897148 148.71248226612806 4.7506484761834136 42.541474193334579 33.278441213071346 4.0163568519055834 2.2570173479616633 7.0721332449465981 9.5456447564065439 4.712098151445387 3.7614851295948029 76.595962673425674
leaf_count=9697 1890 57 455 3118 1029 1586 1156 1917 238 2671 75 1708 591 3937 50 196 216 21 37 192 189 32 20 2527
internal_value=-0.000195474 0.0094181 0.00409516 0.00141562 0.00677822 -0.0102907 -0.0175307 0.0232865 -0.0109405 -0.00563315 0.00850751 -0.013333 0.0125483 -0.0223119 0.00120434 0.0147409 0.0306528 0.0197892 -0.0272195 -0.0203524 0.00761584 0.0310909 0.00480667 -0.0242978
internal_weight=2431.42 1564.05 1130.24 1026.66 704.109 322.549 867.372 433.808 516.234 351.962 124.084 227.878 182.585 164.272 15.5597 169.957 103.585 37.2948 351.138 95.4708 11.8027 251.223 8.47358 83.6681
internal_count=33605 11128 8315 7623 4147 3476 22477 2813 9835 5610 1231 4379 844 4225 288 787 692 237 12642 2945 226 1969 52 2719
is_linear=0
shrinkage=0.03


Tree=64
num_leaves=25
num_cat=0
split_feature=0 0 25 22 0 0 3 1 2 22 24 2 24 2 25 1 22 11 3 6 7 24 2 20
split_gain=432.059 135.951 90.8481 58.3098 43.7673 36.4026 35.0938 35.8455 33.4348 29.8019 29.5057 28.6244 26.8215 30.2958 25.4472 19.9226 11.9153 16.1476 7.34095 7.21457 4.78732 4.37554 12.4604 2.98803
threshold=4.455000000000001 1.2950000000000002 -1.3054999999999997 93.500000000000014 17.620000000000001 9.4850000000000012 20.965000000000003 30.265000000000004 25.405000000000005 127.50000000000001 3.5000000000000004 37.395000000000003 1.5000000000000002 28.925000000000004 -0.92993817204301055 24.245000000000001 10.500000000000002 17.500000000000004 19.055000000000003 15.881350000000001 78.472250000000017 3.5000000000000004 33.32500000000001 0.53500000000000014
decision_type=2 2 2 2 2 2 2 2 2 2 2 2 2 2 2 2 2 2 2 2 2 2 2 2
left_child=1 9 4 16 6 12 15 -8 18 -1 19 -10 -4 -14 -12 -2 17 -3 -5 -11 -18 -7 -23 -6
right_child=2 3 5 8 23 21 7 -9 11 10 14 -13 13 -15 -16 -17 20 -19 -20 -21 -22 22 -24 -25
leaf_value=-0.02845725958880909 -0.0030217423728315976 -0.024955521561523853 0.037051171783413238 -0.0046382678378413898 0.038351651678057173 0.034823506384410563 0.012343156873030472 -0.018703517189911339 0.0011152490311131776 -0.0098568352562206571 -0.016110579937713941 -0.019714765829882807 0.024657896948724674 0.0057776303611121191 0.0088817055304193197 -0.030681789513671995 -0.030269128583871853 0.039228760389016341 0.038821923491384087 -0.025509927722903555 -0.012916331210652859 0.029671169456378661 -0.012745539609313425 0.01820949741339967
leaf_weight=276.11279209144413 51.149884756654501 8.3234089873731119 50.101922869682312 4.0925423540174988 29.142119511961937 150.46854645013809 171.3656473569572 41.592803098261356 637.17537574842572 31.698945447802544 83.817182593047619 65.475633405148983 128.64306750148535 188.67790345102549 65.180416230112314 43.254235811531544 76.359405349940062 6.1227088272571555 24.075334280729294 161.59135276824236 17.608022609725595 79.79233306646347 6.7612205743789664 8.5800844803452474
leaf_count=10581 618 198 362 22 185 1196 869 311 4675 632 1941 896 790 960 785 531 2246 118 121 4478 385 622 33 50
internal_value=-0.000193235 -0.0104514 0.0155542 -0.00258671 0.00327302 0.0225657 -0.000469861 0.00627945 0.000458993 -0.0211246 -0.0152096 -0.000825769 0.0166525 0.0134318 -0.00517747 -0.0156951 -0.0231179 0.00224775 0.0325075 -0.0229429 -0.0270175 0.0317321 0.0263577 0.0337702
internal_weight=2407.16 1457.63 949.53 839.232 345.085 604.445 307.363 212.958 730.819 618.401 342.288 702.651 367.423 317.321 148.998 94.4041 108.414 14.4461 28.1679 193.29 93.9674 237.022 86.5536 37.7222
internal_count=33605 27078 6527 8661 2564 3963 2329 1180 5714 18417 7836 5571 2112 1750 2726 1149 2947 316 143 5110 2631 1851 655 235
is_linear=0
shrinkage=0.03


Tree=65
num_leaves=25
num_cat=0
split_feature=0 0 25 22 7 0 2 22 24 24 2 25 2 22 22 22 22 22 22 22 2 6 7 24
split_gain=410.995 132.025 87.2451 56.1797 42.7915 36.3116 32.2987 29.8516 28.8609 26.4598 29.1828 24.3569 24.1676 22.2529 24.7314 21.2454 16.9973 14.7937 11.6946 15.09 8.89314 7.17919 4.81885 4.37325
threshold=4.455000000000001 1.2950000000000002 -1.3054999999999997 93.500000000000014 76.966650000000016 9.4850000000000012 27.235000000000003 127.50000000000001 3.5000000000000004 1.5000000000000002 28.925000000000004 -0.67306451612903218 37.395000000000003 74.500000000000014 276.50000000000006 96.500000000000014 98.500000000000014 218.50000000000003 10.500000000000002 8.5000000000000018 28.925000000000004 15.881350000000001 78.472250000000017 3.5000000000000004
decision_type=2 2 2 2 2 2 2 2 2 2 2 2 2 2 2 2 2 2 2 2 2 2 2 2
left_child=1 7 4 18 15 9 17 -1 21 -4 -11 -10 -8 -6 -15 20 -17 -5 19 -3 -2 -9 -20 -7
right_child=2 3 5 6 13 23 12 8 11 10 -12 -13 -14 14 -16 16 -18 -19 22 -21 -22 -23 -24 -25
leaf_value=-0.028368361116138358 0.0079919893547877024 -0.016068016479739884 0.036795546874523785 0.028114760846654561 -0.022107952152934828 0.034585178110222374 -4.4795088496742446e-05 -0.0096396649325254345 -0.013787468662732958 0.024199135569071346 0.0056049138822918407 0.011883312531711777 -0.019425228800895804 0.022380674352909382 -0.0094739841372391345 0.06613167646483363 -0.0033554056678860734 0.0046164006900488355 -0.030195754898224941 0.053686801736753768 -0.032646562193508616 -0.025337083103113254 -0.012664976669733295 0.026037182052703993
leaf_weight=268.77951926365495 5.6637365259230128 10.677367724478243 48.953853525221348 49.267530679702759 14.249954001978038 147.01256741583347 568.80198334529996 31.444598685950041 97.757279004901648 127.17187421396375 188.65759366750717 50.422908958047628 64.473301585763693 130.9095633327961 26.350749105215073 3.2478733584284774 129.18574339151382 47.225913845002651 74.280002800747752 3.7790030706673852 33.584253698587418 157.86929647251964 17.421610333025455 85.017260409891605
leaf_count=10581 91 247 362 230 260 1196 4320 632 2209 790 960 517 896 697 153 18 759 268 2246 69 586 4478 385 655
internal_value=-0.000190575 -0.0102507 0.0152441 -0.00252055 0.0031916 0.0221748 0.000445717 -0.0209089 -0.0149683 0.0162731 0.0130921 -0.00505219 -0.0020179 0.0137902 0.0170431 -0.00739642 -0.00165127 0.0166142 -0.0229118 0.00216641 -0.0267822 -0.0227298 -0.0268652 0.0314531
internal_weight=2382.21 1442.2 940.005 835.927 343.192 596.813 729.769 606.274 337.494 364.783 315.829 148.18 633.275 171.51 157.26 171.682 132.434 96.4934 106.158 14.4564 39.248 189.314 91.7016 232.03
internal_count=33605 27078 6527 8661 2564 3963 5714 18417 7836 2112 1750 2726 5216 1110 850 1454 777 498 2947 316 677 5110 2631 1851
is_linear=0
shrinkage=0.03


Tree=66
num_leaves=25
num_cat=0
split_feature=0 25 0 3 22 1 0 22 2 15 1 22 6 5 6 24 0 22 2 22 26 1 24 7
split_gain=392.905 116.786 81.4058 65.4952 59.9041 52.5546 39.0818 33.4814 38.8464 35.0693 14.4565 12.2697 10.2928 17.8365 9.56746 7.5769 10.4109 7.23334 11.7112 13.7085 7.01911 6.76272 7.88215 6.28658
threshold=2.1950000000000007 -0.26881720430107531 15.075000000000001 17.965000000000003 126.50000000000001 24.245000000000001 4.8250000000000011 278.50000000000006 29.745000000000001 0.045000000000000005 29.625000000000004 138.50000000000003 14.099000000000002 0.33365000000000006 18.100050000000003 4.5000000000000009 20.515000000000004 95.500000000000014 32.695000000000007 118.50000000000001 0.33800000000000013 27.395000000000003 2.5000000000000004 73.832350000000005
decision_type=2 2 2 2 2 2 2 2 2 2 2 2 2 2 2 2 2 2 2 2 2 2 2 2
left_child=4 2 3 20 17 -5 11 8 9 -6 -10 -3 13 -9 -13 -4 -17 -1 19 -19 -2 -8 -23 -20
right_child=1 6 15 5 7 -7 21 12 10 -11 -12 14 -14 -15 -16 16 -18 18 23 -21 -22 22 -24 -25
leaf_value=-0.029628428225103118 -0.028130056300295369 -0.016719642952461183 0.036094811497630268 0.018622207707363028 0.0037897922680904875 4.6423615888417379e-05 0.03134770802700064 -0.02065771349930548 -0.0074877938165820081 0.064355368926295745 -0.024072924093544414 0.018133276229271588 -0.024371989245935737 0.048625953632569038 0.0016485093418368442 0.0052644188242930651 0.03791081725083742 0.046262109849430598 0.0037429119461335893 -0.019871906088270476 0.019904358490977603 0.03070263872310907 -0.028228812313656336 -0.02640093122845865
leaf_weight=235.92727498337626 69.752308716997504 12.5811156257987 62.417093697935343 166.46374299749732 114.4298887103796 776.42412985302508 228.00552456825972 10.472659906372426 151.65937069058418 9.3039462603628618 68.739768087863922 126.16344587504864 141.35862257145345 4.9130534492433062 42.313727483153343 21.139340084046125 15.050739116966723 4.9590244442224485 6.8206686563789836 6.5424092710018158 2.8497703690081826 4.451442211866377 3.7747986689209938 71.506259754300117
leaf_count=9697 1283 57 455 1026 1156 5277 1917 238 2671 75 1708 591 3937 50 196 137 100 88 192 138 37 32 20 2527
internal_value=-0.000188097 0.00880906 0.00373878 0.00121178 -0.0168559 0.00332592 0.0223459 -0.010343 -0.00510831 0.00834391 -0.0126605 0.0118589 -0.0218357 0.00146634 0.0139931 0.0297626 0.0188414 -0.02687 -0.0196252 0.00864282 -0.0262446 0.0303836 0.0036606 -0.023776
internal_weight=2358.02 1531.39 1114.1 1015.49 826.633 942.888 417.29 500.877 344.133 123.734 220.399 181.058 156.744 15.3857 168.477 98.6072 36.1901 325.756 89.8284 11.5014 72.6021 236.232 8.22624 78.3269
internal_count=33605 11128 8315 7623 22477 6303 2813 9835 5610 1231 4379 844 4225 288 787 692 237 12642 2945 226 1320 1969 52 2719
is_linear=0
shrinkage=0.03


Tree=67
num_leaves=25
num_cat=0
split_feature=0 0 25 22 7 0 2 22 24 24 2 2 25 22 22 22 22 22 11 2 24 3 7 24
split_gain=375.791 124.066 81.8621 52.5995 39.8968 35.8669 30.4746 29.7509 28.3314 26.0999 27.3429 25.534 23.0285 20.7819 23.0704 20.3489 16.7342 11.59 14.9385 8.85208 7.30752 7.01004 4.89196 4.47392
threshold=4.455000000000001 1.2950000000000002 -1.3054999999999997 93.500000000000014 76.966650000000016 9.4850000000000012 25.405000000000005 127.50000000000001 3.5000000000000004 1.5000000000000002 28.925000000000004 37.395000000000003 -1.4291827956989243 74.500000000000014 276.50000000000006 96.500000000000014 336.50000000000006 10.500000000000002 17.500000000000004 28.925000000000004 1.5000000000000002 19.055000000000003 78.472250000000017 3.5000000000000004
decision_type=2 2 2 2 2 2 2 2 2 2 2 2 2 2 2 2 2 2 2 2 2 2 2 2
left_child=1 7 4 17 15 9 21 -1 20 -4 -11 -8 -10 -6 -15 19 -17 18 -3 -2 -9 -5 -19 -7
right_child=2 3 5 6 13 23 11 8 12 10 -12 -13 -14 14 -16 16 -18 22 -20 -21 -22 -23 -24 -25
leaf_value=-0.028193732153686916 0.0081934449134355696 -0.024654721567148704 0.036474918693445296 -0.0049864471581372071 -0.021824920925990875 0.034225157416266319 0.00097345905992241542 -0.030713553521502752 -0.019146158555377716 0.023450719507682641 0.0053135833811250536 -0.019039221154558292 0.0051432587975828309 0.021590602132210226 -0.0092792660973182832 0.0016749874237066188 -0.035646128742368402 -0.03009745607178637 0.037133128056748323 -0.032569133882004796 -0.018078197390768398 0.037675133894847335 -0.012209133601640295 0.025420467752238052
leaf_weight=255.00412834249437 5.6241871602833262 8.0184951387345773 47.136850170791149 4.068341817706826 13.928466686978934 140.87061941623688 636.12639001570642 62.613200899213552 58.972575791180134 124.19703837484121 188.11872501671314 63.067451409995556 86.888681847602129 130.04773848503828 26.173719480633736 120.24749799072742 11.881160378456114 71.107254728674889 6.2795039750635615 32.511277243494987 120.42236712388694 23.432243198156357 17.060020633041859 82.275819763541222
leaf_count=10581 91 198 362 22 260 1196 4675 1871 1466 790 960 896 1260 697 153 667 110 2246 118 586 3239 121 385 655
internal_value=-0.000185559 -0.00991023 0.0147022 -0.0024506 0.00301416 0.0215315 0.000386702 -0.0205032 -0.0145404 0.0156666 0.0125261 -0.000831689 -0.0046771 0.013288 0.0164186 -0.00725277 -0.00168097 -0.022573 0.00248174 -0.0265575 -0.0224005 0.0313639 -0.0266361 0.0309788
internal_weight=2336.07 1413.06 923.013 829.16 340.414 582.599 726.694 583.901 328.897 359.453 312.316 699.194 145.861 170.15 156.221 170.264 132.129 102.465 14.298 38.1355 183.036 27.5006 88.1673 223.146
internal_count=33605 27078 6527 8661 2564 3963 5714 18417 7836 2112 1750 5571 2726 1110 850 1454 777 2947 316 677 5110 143 2631 1851
is_linear=0
shrinkage=0.03


Tree=68
num_leaves=25
num_cat=0
split_feature=0 0 22 25 22 22 22 2 2 21 7 2 3 24 0 9 2 1 3 22 0 0 2 3
split_gain=358.51 114.113 71.9174 56.7782 52.5927 52.4129 71.6721 31.4197 30.5122 30.1385 27.93 19.158 26.7728 18.6413 19.2111 18.1749 16.7052 16.2855 15.8929 12.9658 7.31791 1.80858 9.85129 14.3751
threshold=2.0450000000000004 8.9350000000000005 93.500000000000014 -1.8455967741935482 95.500000000000014 274.50000000000006 262.50000000000006 29.705000000000002 28.345000000000002 11.500000000000002 79.153350000000017 32.405000000000008 19.105000000000004 3.5000000000000004 1.1150000000000004 2.8500000000000005 29.665000000000003 30.805000000000003 21.985000000000003 284.50000000000006 12.955000000000002 1.8650000000000004 29.235000000000003 16.765000000000004
decision_type=2 2 2 2 2 2 2 2 2 2 2 2 2 2 2 2 2 2 2 2 2 2 2 2
left_child=4 2 11 10 21 6 -4 -7 9 15 16 12 -2 14 -10 -6 -3 19 -15 -5 -12 -1 23 -23
right_child=1 3 5 17 8 7 -8 -9 13 -11 20 -13 -14 18 -16 -17 -18 -19 -20 -21 -22 22 -24 -25
leaf_value=-0.030009887768030607 -0.021439570105144849 0.014777477609995706 0.0065850428596900329 0.030818798659771066 0.037476872494852494 0.0042082386554119326 0.040097805738214816 -0.020057001761298845 -0.026270918412201326 -0.02856062574955108 0.0064651676330627307 -0.031719167791309004 0.020931063523655171 -0.019246377075199068 -0.0088852555484317149 0.0034256779158572692 -0.021819193249310538 -0.014071590070660655 -0.00085139525980188662 0.0051123822443638802 0.035856826430836194 -0.030870723037386687 -0.030865932282770053 0.16690818308581321
leaf_weight=210.75997093692422 40.353441307321191 15.433103982359169 786.70773297920823 280.69058104977012 18.147356033325195 93.061024934053421 61.957657128572464 99.241185165941715 175.96030262485147 22.002898948267102 13.168454652652146 55.82932847365737 20.110468244180083 69.262241512537003 84.754829345270991 63.371560407802463 41.176016746088862 8.0372144579887372 108.47490275837481 18.844275459647179 18.107383262366056 0.72867439314722904 6.2728106696158648 0.60564911924302578
leaf_count=9226 1008 141 4552 2226 175 632 338 707 5747 627 75 1087 224 1572 1448 539 389 47 2330 110 125 27 235 18
internal_value=-0.00018308 0.0080818 0.00332762 0.0219944 -0.0170611 0.00582728 0.00903168 -0.0083143 -0.0120528 0.00259636 0.00072873 -0.0190474 -0.00734698 -0.0155116 -0.0206191 0.011006 -0.011842 0.0280708 -0.00801972 0.0292016 0.0234817 -0.0294912 -0.0151204 0.0589011
internal_weight=2313.06 1552.72 1157.26 395.457 760.341 1040.97 848.665 192.302 541.974 103.522 87.885 116.293 60.4639 438.452 260.715 81.5189 56.6091 307.572 177.737 299.535 31.2758 218.367 7.60713 1.33432
internal_count=33605 11661 8548 3113 21944 6229 4890 1339 12438 1341 730 2319 1232 11097 7195 714 530 2383 3902 2336 200 9506 280 45
is_linear=0
shrinkage=0.03


Tree=69
num_leaves=25
num_cat=0
split_feature=0 22 25 0 3 1 1 3 24 3 2 22 25 0 9 22 6 0 7 22 22 3 2 24
split_gain=342.958 118.278 79.529 70.0147 51.6536 64.404 56.6943 57.4297 32.8792 31.34 28.3503 27.507 22.2469 15.5783 14.6539 11.5645 7.74347 7.54009 12.8812 11.0991 7.87664 6.65951 6.08948 7.8845
threshold=4.455000000000001 95.500000000000014 -0.30298387096774188 1.2550000000000001 21.155000000000005 30.265000000000004 24.245000000000001 17.765000000000004 3.5000000000000004 24.205000000000002 25.405000000000005 216.50000000000003 -1.4291827956989243 17.620000000000001 1.6500000000000001 127.50000000000001 15.881350000000001 1.8650000000000004 78.472250000000017 6.5000000000000009 10.500000000000002 19.055000000000003 30.575000000000003 2.5000000000000004
decision_type=2 2 2 2 2 2 2 2 2 2 2 2 2 2 2 2 2 2 2 2 2 2 2 2
left_child=1 17 4 8 6 9 7 -2 16 -6 21 -12 -10 -8 -7 -4 -3 -1 20 -20 -19 -5 -17 -24
right_child=2 3 15 10 5 14 13 -9 12 -11 11 -13 -14 -15 -16 22 -18 18 19 -21 -22 -23 23 -25
leaf_value=-0.029967896958230177 -0.024245765641580892 -0.010810716045361544 -0.027381563469585719 -0.0051386711975423324 0.013653879170031883 -0.00043927140297290312 -0.027963681354053829 0.022371130763626835 -0.017964106298060729 0.033273732792741158 0.004506288765829731 -0.0074380379392083272 0.0042765581098598553 0.031733329855528063 -0.03022726165696293 0.031126494389810484 -0.025987963607916977 0.0010333591079649453 0.084589340193760437 -0.0027205385404623092 -0.029788408461865441 0.03652981332909061 0.032056163725931557 0.0049268244133804026
leaf_weight=204.81335690058768 33.598448885604739 36.488129148259759 3.3014243468642226 4.0565005205571678 305.38215874880552 30.221665717661381 71.515148460865021 81.425938732922077 72.461798597127199 96.405996538698673 384.4543282110244 316.27863000519574 91.704988446086645 4.1632467880845061 29.247238088399172 212.36190251260996 177.09822043031454 8.7517871055752021 1.4428349323570717 14.275543384253977 50.643352530896664 23.16421040892601 18.837987668812275 19.748971194028854
leaf_count=9226 510 884 21 22 1687 200 724 518 2072 488 3114 2531 1439 31 208 1871 5785 167 15 263 1438 122 146 123
internal_value=-0.000181098 -0.00956621 0.0141691 -0.00515607 0.00861918 0.0140488 -0.00451353 0.00875441 -0.0156356 0.0183615 0.000282036 -0.000884831 -0.00554028 -0.0246796 -0.0150892 0.0284006 -0.0233952 -0.0269862 -0.0188559 0.00529389 -0.0252469 0.0303203 0.0291344 0.0181713
internal_weight=2291.84 1385.63 906.21 1105.71 651.96 461.257 190.703 115.024 377.753 401.788 727.954 700.733 164.167 75.6784 59.4689 254.25 213.586 279.927 75.1135 15.7184 59.3951 27.2207 250.949 38.587
internal_count=33605 27078 6527 15969 4366 2583 1783 1028 10180 2175 5789 5645 3511 755 408 2161 6669 11109 1883 278 1605 144 2140 269
is_linear=0
shrinkage=0.03


Tree=70
num_leaves=25
num_cat=0
split_feature=5 2 3 22 3 1 3 22 1 3 22 1 3 10 0 0 6 5 22 2 22 14 3 2
split_gain=326.926 97.4357 89.9067 79.4408 64.5152 56.7592 61.0422 48.4494 44.6985 32.5026 31.9391 28.2411 52.8983 27.2547 26.5445 13.3499 10.6215 14.0185 10.6064 16.6508 21.8211 8.5171 7.22969 5.14329
threshold=0.56555000000000011 29.275000000000002 20.965000000000003 127.50000000000001 17.455000000000002 30.265000000000004 23.735000000000003 276.50000000000006 29.105000000000004 23.455000000000002 340.50000000000006 24.245000000000001 19.005000000000006 100.00000000000001 5.6150000000000011 17.620000000000001 14.099000000000002 0.33365000000000006 95.500000000000014 32.695000000000007 118.50000000000001 0.29000000000000009 19.105000000000004 37.475000000000001
decision_type=2 2 2 2 2 2 2 2 2 2 2 2 2 2 2 2 2 2 2 2 2 2 2 2
left_child=3 4 11 18 -2 6 -4 8 9 -5 14 12 -3 -7 -6 -13 17 -9 -1 20 -20 -10 -18 -21
right_child=1 2 5 7 10 13 -8 16 21 -11 -12 15 -14 -15 -16 -17 22 -19 19 23 -22 -23 -24 -25
leaf_value=-0.028602479446307612 -0.025339008435768577 -0.027149047089425501 0.0047546164233070714 -0.0011043238257169988 0.015172536121987469 0.0034308240156484711 0.025437812809365769 -0.021156735429559308 -0.023469416506081142 0.022698123832511876 -0.031450665181768631 -0.028271834947465629 0.032367700807153774 -0.028950196713100357 0.030271261040074885 0.030652322672330201 -0.030821378608614902 0.031019460242336701 0.052929844428492988 -0.015528408740942088 -0.020493807178465908 0.0089731903320426805 -0.01773317778865828 -0.029707993957873487
leaf_weight=233.07354005612433 26.116785932332277 28.859295411035419 377.55136789008975 294.34241830743849 172.63677383586764 45.017926689237356 194.61996433511376 10.745896631851794 81.99586477689445 62.615390095859766 9.4341832697391492 99.313028270378709 25.155453074723482 48.702623574063182 266.6653943285346 3.5853973329067221 59.001779651269317 8.1488556154072267 6.6020548976957789 51.127172335982323 8.1275509689003211 7.9927888065576544 106.63085788302124 41.882560636848211
leaf_count=10300 403 540 2136 3181 894 323 1009 246 1872 889 71 1150 153 386 2221 27 1718 70 101 1498 160 169 2599 1489
internal_value=-0.000178819 0.00967614 0.00343116 -0.0133317 0.0204972 0.00824506 0.0117899 -0.00703191 -0.00169253 0.00307096 0.0231649 -0.0169975 0.000568767 -0.0133962 0.0243378 -0.0262187 -0.0199645 0.00134561 -0.0250042 -0.0172202 0.0124159 -0.0205879 -0.0223955 -0.0219135
internal_weight=2269.94 1297.66 822.805 972.287 474.853 665.892 572.171 631.474 446.946 356.958 448.736 156.913 54.0147 93.7206 439.302 102.898 184.527 18.8948 340.813 107.739 14.7296 89.9887 165.633 93.0097
internal_count=33605 9313 5724 24292 3589 3854 3145 10744 6111 4070 3186 1870 693 709 3115 1177 4633 316 13548 3248 261 2041 4317 2987
is_linear=0
shrinkage=0.03


Tree=71
num_leaves=25
num_cat=0
split_feature=0 2 3 1 3 1 3 22 22 3 24 22 2 0 22 0 4 22 1 2 2 22 0 13
split_gain=313.176 114.903 88.0482 78.5695 92.0778 62.8708 76.5181 51.8201 43.35 33.3929 29.9186 35.2014 37.2491 16.4874 10.4604 9.97008 4.51164 4.43833 12.0577 4.11115 3.58255 1.84769 0.903426 1.06256
threshold=1.7450000000000003 27.135000000000002 20.965000000000003 27.355000000000004 23.535000000000004 24.455000000000002 18.615000000000006 139.50000000000003 126.50000000000001 17.525000000000002 1.5000000000000002 276.50000000000006 33.675000000000004 5.5050000000000008 218.50000000000003 19.395000000000003 28.475000000000005 95.500000000000014 22.695000000000004 35.915000000000006 25.135000000000002 76.500000000000014 1.1150000000000004 0.055000000000000007
decision_type=2 2 2 2 2 2 2 2 2 2 2 2 2 2 2 2 2 2 2 2 2 2 2 2
left_child=8 9 5 7 -5 6 -3 -4 17 20 22 12 -12 14 -11 -7 -13 -1 -19 -20 -2 -15 -10 -24
right_child=1 2 3 4 -6 15 -8 -9 10 13 11 16 -14 21 -16 -17 -18 18 19 -21 -22 -23 23 -25
leaf_value=-0.029863401736705333 0.010297119885303725 -0.023451780616426793 0.037949852025101691 -0.022780700884115157 0.0071441377015859326 -0.028258211411620094 0.014289482394534845 0.011399374876178685 -0.031064728710196707 0.026537694271135354 0.0086882943396376956 -0.022685954388044514 -0.018168388390759335 0.059376028090043893 0.0073657511788857233 0.035410088321260254 0.053259932130684633 0.11303149719067813 -0.012834694846691723 -0.027924363819901904 -0.034367659781595741 0.032689787634679335 -0.013633096305032491 -0.029489968771538422
leaf_weight=189.06632938608527 1.9673731196671713 77.92028371989727 76.223115218803287 132.95399553701282 304.44797829724848 121.58798963576555 127.38905894570053 501.13103265315294 54.292146433144808 55.025323214009404 136.70359177142382 98.904134379699826 70.421675054356456 2.3712765872478476 47.917375564575195 2.2546247020363799 0.70904071629047294 0.59891866520047088 26.292529489845037 42.542761290445924 9.055513169616459 152.83540230989456 6.5197241287678471 9.1283288057893497
leaf_count=9042 16 1530 485 1073 2121 1741 865 2943 1795 284 1966 3046 1819 14 251 17 18 5 902 1824 140 1414 130 164
internal_value=-0.00017732 0.00684875 0.0032654 0.00763875 -0.0019519 -0.0102174 -3.43174e-05 0.0149046 -0.0180205 0.0247395 -0.011528 -0.00749074 -0.000442859 0.026923 0.0176136 -0.0270991 -0.0221454 -0.0274812 -0.0209945 -0.0221607 -0.0263959 0.0330975 -0.0292342 -0.0228832
internal_weight=2248.26 1613.08 1343.91 1014.76 437.402 329.152 205.309 577.354 635.179 269.172 376.679 306.738 207.125 258.149 102.943 123.843 99.6132 258.501 69.4342 68.8353 11.0229 155.207 69.9402 15.6481
internal_count=33605 12894 10775 6622 3194 4153 2395 3428 20711 2119 8938 6849 3785 1963 535 1758 3064 11773 2731 2726 156 1428 2089 294
is_linear=0
shrinkage=0.03


Tree=72
num_leaves=25
num_cat=0
split_feature=0 22 25 0 0 3 1 1 2 22 24 25 22 26 0 7 22 22 2 24 6 3 0 14
split_gain=302.083 109.782 74.8886 62.0925 47.5613 42.2003 55.3014 50.5011 29.2057 51.1521 27.9992 17.2283 11.0156 7.82862 7.82751 12.7426 9.82862 7.89823 6.04111 7.7776 5.91691 1.823 1.81525 0.600194
threshold=4.455000000000001 95.500000000000014 -0.30298387096774188 0.95500000000000007 17.620000000000001 21.155000000000005 30.265000000000004 24.245000000000001 37.155000000000008 216.50000000000003 3.5000000000000004 -0.77983333333333327 127.50000000000001 0.03174946236559132 1.8650000000000004 78.472250000000017 6.5000000000000009 10.500000000000002 30.575000000000003 2.5000000000000004 15.881350000000001 19.645000000000003 9.6750000000000025 0.15500000000000003
decision_type=2 2 2 2 2 2 2 2 2 2 2 2 2 2 2 2 2 2 2 2 2 2 2 2
left_child=1 14 4 10 5 7 -7 -2 9 -5 20 -12 -4 -10 -1 17 -17 -16 22 -20 -3 -6 -14 -23
right_child=2 3 12 8 21 6 -8 -9 13 -11 11 -13 18 -15 15 16 -18 -19 19 -21 -22 23 -24 -25
leaf_value=-0.029844519353171187 0.0062847427077972412 -0.011805917367530427 -0.026658398639467958 0.0098131187651219354 0.014623662495039876 0.015105835231771137 -0.016937944752143941 -0.026994671207475302 -0.026457595518095924 -0.006485127964465022 -0.014168819357474832 0.0075420157222353505 0.027777110074401146 -0.006834839397172613 0.0016897785018639914 0.078989725944668784 -0.001866450153969682 -0.029599228515554646 0.031561914765457083 0.0042846274180095775 -0.02636635008084999 0.036417032371753533 0.0334915202010128 0.02914018138985899
leaf_weight=188.2516506947577 102.2899077590555 30.219347648322582 3.3064531013369551 344.69366610236466 4.3809564784169188 351.92898986488581 56.214565880596638 68.534427724778652 42.99655519425869 348.56879791989923 87.495186155661941 52.71346377581358 103.05562746524811 31.854640385136008 8.5716566592454893 1.4993402305990446 13.865746283903716 47.481375118717551 18.193602450191975 19.481404326856136 148.80227383412421 43.44934669137001 97.235778391361237 13.330965906381605
leaf_count=9226 946 783 21 2583 38 1824 397 724 717 3156 2449 608 826 483 167 15 263 1438 146 123 5190 330 1045 107
internal_value=-0.000175851 -0.0091107 0.0134789 -0.00492538 0.00811032 0.0054525 0.0106924 -0.0070669 -0.000303731 0.00161844 -0.0160457 -0.00600632 0.0277226 -0.0181067 -0.0266364 -0.0181799 0.00602357 -0.0248145 0.0284782 0.0174571 -0.0239085 0.0332699 0.0305513 0.0347086
internal_weight=2228.42 1347.01 881.402 1087.34 640.129 578.968 408.144 170.824 768.114 693.262 319.23 140.209 241.273 74.8512 259.67 71.4181 15.3651 56.053 237.966 37.675 179.022 61.1613 200.291 56.7803
internal_count=33605 27078 6527 15969 4366 3891 2221 1670 6939 5739 9030 3057 2161 1200 11109 1883 278 1605 2140 269 5973 475 1871 437
is_linear=0
shrinkage=0.03


Tree=73
num_leaves=25
num_cat=0
split_feature=0 22 25 0 0 3 1 1 2 22 3 24 25 22 0 7 22 22 2 24 6 0 3 14
split_gain=287.033 107.425 73.1974 59.6158 46.1363 39.8329 52.2085 48.2465 29.2064 36.6223 33.7513 27.4792 16.4052 10.5939 7.92328 12.3903 8.85866 7.80168 6.05622 7.59063 5.91457 1.89751 1.83244 0.603611
threshold=4.455000000000001 95.500000000000014 -0.30298387096774188 0.95500000000000007 17.620000000000001 21.155000000000005 30.265000000000004 24.245000000000001 30.265000000000004 214.50000000000003 23.245000000000001 3.5000000000000004 -0.77983333333333327 127.50000000000001 1.8650000000000004 78.472250000000017 6.5000000000000009 10.500000000000002 30.575000000000003 2.5000000000000004 15.881350000000001 9.6750000000000025 19.645000000000003 0.15500000000000003
decision_type=2 2 2 2 2 2 2 2 2 2 2 2 2 2 2 2 2 2 2 2 2 2 2 2
left_child=1 14 4 11 5 7 -7 -2 9 -5 -10 20 -13 -4 -1 17 -17 -16 21 -20 -3 -15 -6 -24
right_child=2 3 13 8 22 6 -8 -9 10 -11 -12 12 -14 18 15 16 -18 -19 19 -21 -22 -23 23 -25
leaf_value=-0.029802538758130073 0.0060880000472640153 -0.011569874835922141 -0.025583421004917169 0.019560697795472891 0.014247800932925356 0.014675950430034661 -0.016594228146804096 -0.026573510653352065 -0.014316591960025838 -0.00094456619227836368 0.0026788420142047466 -0.013926378340262412 0.0072783319832084624 0.027466927942329872 0.0016367855705609958 0.073597949560959747 -0.0018131355951564877 -0.029507048200799909 0.031273403646002118 0.0041650686273637131 -0.026219051014889375 0.0333766532242743 0.036178440768101602 0.028808138649654962
leaf_weight=182.9414493702352 102.42558725737035 29.915449010208249 3.3414758816361418 119.93285851925611 4.3619252368807784 351.37893348932266 55.665973987430334 67.54706566222012 205.15729664824903 226.30465586669743 215.76691776514053 86.365100879222155 52.980356423184276 101.12221604585648 8.5835140757262689 1.5599308870732773 13.845575163140891 46.219874897971749 17.81632349640131 19.440039433538914 145.20359100960195 94.681868024170399 42.439089499413967 13.083835452795027
leaf_count=9226 946 783 21 635 38 1824 397 724 2209 1843 2252 2449 608 826 167 15 263 1438 146 123 5190 1045 330 107
internal_value=-0.000173453 -0.00892245 0.0131987 -0.00480508 0.00790724 0.00530606 0.0103996 -0.00689167 -0.000295814 0.00615823 -0.00560469 -0.0158058 -0.00586416 0.0274547 -0.0265146 -0.0179473 0.00582284 -0.0246292 0.0282151 0.0171285 -0.0237165 0.0303246 0.0329708 0.0344416
internal_weight=2208.08 1334.78 873.304 1081.63 636.902 577.018 407.045 169.973 767.162 346.238 420.924 314.464 139.345 236.402 253.15 70.2089 15.4055 54.8034 233.06 37.2564 175.119 195.804 59.8849 55.5229
internal_count=33605 27078 6527 15969 4366 3891 2221 1670 6939 2478 4461 9030 3057 2161 11109 1883 278 1605 2140 269 5973 1871 475 437
is_linear=0
shrinkage=0.03


Tree=74
num_leaves=25
num_cat=0
split_feature=0 2 3 2 3 22 22 3 24 22 2 0 2 18 22 16 22 1 4 2 2 22 0 13
split_gain=273.441 105.123 79.3846 65.7061 80.8211 70.2246 42.6901 31.5867 29.4786 33.7587 34.7488 16.6206 9.90072 7.15455 19.6433 8.82813 4.56758 10.7133 4.30571 4.19485 3.3675 1.68899 0.912574 1.05514
threshold=1.7450000000000003 27.135000000000002 18.755000000000006 33.125000000000007 22.815000000000001 208.50000000000003 126.50000000000001 17.525000000000002 1.5000000000000002 276.50000000000006 33.675000000000004 5.5050000000000008 24.835000000000004 34.500000000000007 27.500000000000004 27.000000000000004 95.500000000000014 22.695000000000004 28.475000000000005 35.915000000000006 25.135000000000002 76.500000000000014 1.1150000000000004 0.055000000000000007
decision_type=2 2 2 2 2 2 2 2 2 2 2 2 2 2 2 2 2 2 2 2 2 2 2 2
left_child=6 7 13 5 -5 -4 16 20 22 10 -10 12 -9 15 -15 -3 -1 -18 -11 -19 -2 -13 -8 -24
right_child=1 2 3 4 -6 -7 8 11 9 18 -12 21 -14 14 -16 -17 17 19 -20 -21 -22 -23 23 -25
leaf_value=-0.029736064490584919 0.0093530318877230699 -0.0110270500851896 0.020913876874675771 -0.026192832788921004 0.0032505469605684746 0.002724131340867728 -0.030991908394048331 0.036151534222091511 0.0087355402236486707 -0.022212677574342313 -0.017573828202162699 0.05788474258184783 0.012250749941098019 0.082345743835363819 -0.026506057012167562 -0.03198586822286708 0.10116009613979683 -0.012109774660221062 0.051037281604292051 -0.027707036747410319 -0.034293805783860924 0.032176337065693471 -0.013385733840608822 -0.029332944763756655
leaf_weight=173.51415206678212 1.9411382004618634 25.548086626455188 324.02222606912255 112.64284136518836 328.89279270172119 465.36608465015888 50.526332143694162 19.244102546945214 136.2166976891458 94.19115243293345 67.605584433302283 2.337470017373561 82.342023357748985 2.1049377098679534 5.1245122943073511 61.938500264659524 0.64543057605624099 25.328583724796772 0.72780611552297969 40.07007553614676 8.8174377027899009 143.28119629621506 6.4380322378128758 8.8906741086393577
leaf_count=9042 16 428 2242 1308 2354 2849 1795 116 1966 3046 1819 14 419 56 110 1428 5 902 18 1824 140 1414 130 164
internal_value=-0.000170982 0.00637997 0.0029703 0.00500675 -0.00426093 0.0101905 -0.0173423 0.0239018 -0.0108781 -0.00687302 9.01528e-06 0.0260918 0.0167784 -0.0234952 0.0051874 -0.0258654 -0.0271804 -0.0204659 -0.021651 -0.0216663 -0.0264187 0.032589 -0.0290468 -0.0226351
internal_weight=2187.76 1583.6 1325.64 1230.92 441.536 789.388 604.155 257.963 364.596 298.741 203.822 247.205 101.586 94.716 7.22945 87.4866 239.558 66.0441 94.919 65.3987 10.7586 145.619 65.855 15.3287
internal_count=33605 12894 10775 8753 3662 5091 20711 2119 8938 6849 3785 1963 535 2022 166 1856 11773 2731 3064 2726 156 1428 2089 294
is_linear=0
shrinkage=0.03


Tree=75
num_leaves=25
num_cat=0
split_feature=0 22 25 0 0 3 1 1 1 22 24 25 3 22 0 7 2 22 25 2 24 0 3 14
split_gain=263.885 102.291 69.8229 55.4159 44.3781 36.7474 49.0899 45.9105 32.9662 57.2899 23.9484 12.4397 11.9361 10.2718 7.99374 12.0138 8.06351 7.63321 6.29951 6.07867 7.50559 2.02849 1.83646 0.610844
threshold=4.455000000000001 95.500000000000014 -0.30298387096774188 0.65500000000000014 17.620000000000001 21.155000000000005 30.265000000000004 24.245000000000001 29.955000000000002 216.50000000000003 3.5000000000000004 -1.4291827956989243 25.525000000000002 127.50000000000001 1.8650000000000004 78.472250000000017 28.645000000000003 10.500000000000002 1.7651881720430111 30.575000000000003 2.5000000000000004 9.6750000000000025 19.645000000000003 0.15500000000000003
decision_type=2 2 2 2 2 2 2 2 2 2 2 2 2 2 2 2 2 2 2 2 2 2 2 2
left_child=1 14 4 10 5 7 -7 -2 9 -5 18 -12 -10 -4 -1 17 -17 -16 -3 21 -21 -15 -6 -24
right_child=2 3 13 8 22 6 -8 -9 12 -11 11 -13 -14 19 15 16 -18 -19 -20 20 -22 -23 23 -25
leaf_value=-0.029719146050054542 0.0059428173010891809 -0.025868194272397903 -0.025118083406959445 0.010192003555380739 0.013678916786018919 0.014126683293815213 -0.016312524536283034 -0.026149571410118672 -0.028212834926906748 -0.0067867644634458024 -0.019104451054147646 0.0010563094001863433 -0.0072117731473091903 0.026946801674394966 0.001493989519331679 0.055145026194787353 -0.0038071349508195093 -0.02938364358909596 0.035110472148827836 0.030902354775828682 0.0036978659509399009 0.033183436207253891 0.0358952355828904 0.028362683376340032
leaf_weight=172.8461302947253 101.71321814320982 138.30025086924434 3.3553584143519393 345.38097168877721 4.2705711796879759 349.65443090721965 55.213077761232853 66.250322556123137 46.359808517619967 370.96439675614238 44.985815159976482 71.046555798500776 51.320016218349338 97.809876792132854 8.6014435905963165 2.4924708958715192 12.8735852278769 44.396888060495257 1.5417289659380902 17.335282579064369 19.277257837355137 90.242263197898865 41.074933663010597 12.680423237383364
leaf_count=9226 946 4966 21 2863 38 1824 397 724 850 3922 1403 1113 837 826 167 37 241 1438 15 146 123 1045 330 107
internal_value=-0.000169255 -0.00863657 0.0127564 -0.00465782 0.00761393 0.0050815 0.00997559 -0.00671547 -0.000829918 0.00139943 -0.0168357 -0.00676003 -0.0171791 0.0269841 -0.0262845 -0.0176006 0.00575528 -0.0243723 -0.0251959 0.0277623 0.0165786 0.0299396 0.0326141 0.0341184
internal_weight=2169.99 1311.11 858.877 1069.9 630.857 572.831 404.868 167.964 814.025 716.345 255.874 116.032 97.6798 228.02 241.211 68.3644 15.3661 52.9983 139.842 224.665 36.6125 188.052 58.0259 53.7554
internal_count=33605 27078 6527 15969 4366 3891 2221 1670 8472 6785 7497 2516 1687 2161 11109 1883 278 1605 4981 2140 269 1871 475 437
is_linear=0
shrinkage=0.03


Tree=76
num_leaves=25
num_cat=0
split_feature=0 22 25 0 0 2 3 1 22 24 25 25 3 22 0 7 3 22 2 7 1 0 3 2
split_gain=250.657 100.014 68.1918 53.2523 43.0412 34.8959 45.5226 31.4385 53.8325 23.7443 15.6931 14.0751 11.716 9.88274 8.08279 11.676 8.07275 7.53865 6.08764 7.37227 2.44385 2.11115 1.84495 0.620409
threshold=4.455000000000001 95.500000000000014 -0.30298387096774188 0.65500000000000014 17.620000000000001 38.815000000000005 21.155000000000005 29.955000000000002 216.50000000000003 4.5000000000000009 -1.8991129032258065 1.4740000000000002 25.525000000000002 127.50000000000001 1.8650000000000004 78.472250000000017 19.005000000000006 10.500000000000002 30.575000000000003 73.832350000000005 30.885000000000002 9.6750000000000025 19.645000000000003 36.985000000000007
decision_type=2 2 2 2 2 2 2 2 2 2 2 2 2 2 2 2 2 2 2 2 2 2 2 2
left_child=1 14 4 9 5 6 -2 8 -5 11 -11 -3 -9 -4 -1 17 -17 -16 21 -20 -7 -15 -6 -24
right_child=2 3 13 7 22 20 -8 12 -10 10 -12 -13 -14 18 15 16 -18 -19 19 -21 -22 -23 23 -25
leaf_value=-0.029676790885942349 -0.0065479082906837053 -0.022486722787246092 -0.024126358004774064 0.0098523459525926057 0.01332293267057922 -0.0023389864434420057 0.012239977104697826 -0.0279905767720947 -0.0066042682401952482 -0.022428286380953018 0.012188949985718706 0.037752183962787532 -0.0070346010057989036 0.026643463698514794 0.0014473797798964599 -0.031282617864429915 0.018365882279331908 -0.029290540701076069 -0.017694285312676028 0.021657594925373658 -0.03372402236221065 0.033079663348945375 0.034604377795054576 0.019493328818587521
leaf_weight=167.97356831468642 167.15183532051742 194.3603834323585 3.387973651289939 346.55110885761678 4.253403913229703 2.4916404075920608 379.79090258851647 45.341528240591288 369.79682595096529 17.384084019809961 36.599937064573169 3.5547717176377764 51.038507588207722 95.983499027788639 8.6119210813194496 3.9714492969214907 11.431825263425706 43.219654781743884 4.9654144495725623 31.250252582132816 21.503562401980162 87.845778845250607 49.980032779276371 2.5710873603820792
leaf_count=9226 1670 6277 21 2863 38 19 2033 850 3922 567 626 27 837 826 167 117 161 1438 30 239 169 1045 425 12
internal_value=-0.000166875 -0.00845402 0.0124885 -0.0045426 0.00742253 0.00494471 0.00649819 -0.000807241 0.00135703 -0.0165944 0.00104141 -0.0214048 -0.0168932 0.0267214 -0.0261583 -0.0173681 0.00556494 -0.0241834 0.0275043 0.0162622 -0.030465 0.0297191 0.0323269 0.0338651
internal_weight=2151.01 1299.84 851.175 1064.63 627.742 570.938 546.943 812.728 716.348 251.899 53.984 197.915 96.38 223.433 235.208 67.2349 15.4033 51.8316 220.045 36.2157 23.9952 183.829 56.8045 52.5511
internal_count=33605 27078 6527 15969 4366 3891 3703 8472 6785 7497 1193 6304 1687 2161 11109 1883 278 1605 2140 269 188 1871 475 437
is_linear=0
shrinkage=0.03


Tree=77
num_leaves=25
num_cat=0
split_feature=0 2 3 1 3 22 1 3 22 24 22 2 3 5 26 22 2 22 0 25 0 13 26 22
split_gain=238.631 97.9822 77.9489 74.475 87.3527 48.6703 46.7029 57.3064 41.9186 29.1774 32.4404 31.8873 10.8565 7.22714 6.33773 4.67159 9.99202 4.58171 4.22964 3.91134 0.925878 1.0534 0.402961 2.1688
threshold=1.7450000000000003 25.635000000000002 20.465000000000003 27.275000000000002 23.455000000000002 208.50000000000003 24.245000000000001 17.645000000000003 126.50000000000001 1.5000000000000002 278.50000000000006 33.675000000000004 16.845000000000002 0.41995000000000005 0.39394731182795689 95.500000000000014 29.985000000000003 97.500000000000014 1.0000000180025095e-35 -1.1172096774193547 1.1150000000000004 0.055000000000000007 -0.17810611205432925 10.500000000000002
decision_type=2 2 2 2 2 2 2 2 2 2 2 2 2 2 2 2 2 2 2 2 2 2 2 2
left_child=8 12 6 5 -5 -4 7 -3 15 20 11 -11 -2 -14 -8 22 -17 -18 -12 -15 -10 -22 23 -1
right_child=1 2 3 4 -6 -7 14 -9 9 10 18 -13 13 19 -16 16 17 -19 -20 -21 21 -23 -24 -25
leaf_value=0.0081536994919162321 -0.039122184037966093 -0.027359578525344409 0.022182499185744199 -0.022655689041001285 0.0062353672902603482 0.006265669880049219 -0.030768489782374238 0.0085386709754976999 -0.030931357052741002 0.0084624421520392793 -0.0042417052828728269 -0.016999457475436904 -0.011299914507602992 0.053662120862713637 0.0062532906546542352 0.050776376842296453 0.010840514387906158 -0.024025618690512875 -0.024003122497932936 0.031771884840887221 -0.013088942904923545 -0.029176922767902177 -0.030318507324195183 -0.0283568817729229
leaf_weight=1.5469936914742017 1.9626553393900383 57.349589377641678 306.10664948821068 134.74569651670754 312.91390406154096 397.31710988283157 82.208380466327071 132.46204827167094 47.336524613201618 138.39264550246298 11.166694048792122 65.085304588079453 3.3812957257032386 7.8404609449207774 4.3835198506712905 1.7474940847605456 3.6039618514478198 57.689052293077111 76.7197469715029 116.5521634966135 6.3418861068785182 8.6714942213147861 130.31644735857844 27.386798784136772
leaf_count=81 24 1279 2043 1157 2198 2401 1418 1075 1795 2034 374 1821 16 47 81 29 160 2542 2620 1155 130 164 7404 1557
internal_value=-0.000164406 0.00593803 0.0036694 0.00710465 -0.00246085 0.0131921 -0.0106367 -0.00230761 -0.0166623 -0.0102466 -0.00626073 0.000318093 0.0308997 0.0319753 -0.0288943 -0.0268711 -0.0199588 -0.0219755 -0.0214923 0.0331516 -0.0288725 -0.0223811 -0.0296074 -0.0264048
internal_weight=2133.23 1557.22 1427.49 1151.08 447.66 703.424 276.404 189.812 576.005 353.714 291.364 203.478 129.737 127.774 86.5919 222.291 63.0405 61.293 87.8864 124.393 62.3499 15.0134 159.25 28.9338
internal_count=33605 12894 11652 7799 3355 4444 3853 2354 20711 8938 6849 3855 1242 1218 1499 11773 2731 2702 2994 1202 2089 294 9042 1638
is_linear=0
shrinkage=0.03


Tree=78
num_leaves=25
num_cat=0
split_feature=0 22 25 0 0 2 3 2 22 24 25 22 0 7 2 24 0 22 26 5 25 2 0 1
split_gain=230.782 94.8452 65.0753 49.2512 41.5205 33.9883 36.6111 29.6003 46.7776 23.3179 11.436 9.40271 8.1892 11.2895 7.7452 7.73942 9.32023 7.43908 7.04947 6.24996 5.73602 4.25453 1.1458 0.426536
threshold=4.455000000000001 95.500000000000014 -0.30298387096774188 0.65500000000000014 15.075000000000001 38.815000000000005 21.155000000000005 37.155000000000008 216.50000000000003 3.5000000000000004 -1.4291827956989243 127.50000000000001 1.8650000000000004 78.472250000000017 32.405000000000008 4.5000000000000009 20.515000000000004 10.500000000000002 0.03174946236559132 0.75455000000000017 1.7651881720430111 30.575000000000003 4.995000000000001 30.145000000000003
decision_type=2 2 2 2 2 2 2 2 2 2 2 2 2 2 2 2 2 2 2 2 2 2 2 2
left_child=1 12 4 9 5 6 -2 8 -5 20 -11 -4 -1 17 -15 23 -17 -14 -9 -13 -3 -21 -7 -6
right_child=2 3 11 7 15 22 -8 18 -10 10 -12 19 13 14 -16 16 -18 -19 -20 21 -22 -23 -24 -25
leaf_value=-0.029592125343013517 -0.0062694039542463909 -0.025474294984630309 -0.023173529909546849 0.0087053985492906941 0.033840266138058545 -0.013751500643160799 0.011021168827587483 -0.025875902972995413 -0.0064877991323846829 -0.018457845986466357 0.0011835559246450677 -0.0042762613167556173 0.0015406118534391868 0.025138330302093809 -0.017610002864637667 0.0026700649000953752 0.036038684489298513 -0.029156297501740942 -0.0077699322820038112 0.029840397154930389 0.031831591389600247 0.018308477364610276 -0.034341130805484246 0.045408576480529587
leaf_weight=158.68971124105155 158.95836990140378 130.12903566844761 3.4065710231661788 361.76457850635052 46.473908551037312 2.7715948522090939 359.41340373083949 45.922097826376557 367.81340760551393 42.855275351554155 70.680282907560468 5.5756886899471274 8.5775358080863935 8.311719259247182 7.0499014984816304 19.469338117167357 12.288206331431864 41.391287563368678 33.450700620189309 172.1363457813859 1.5912311635911454 34.576993256807327 19.881909739226103 3.057224139571189
leaf_count=9226 1613 4966 21 3020 419 23 1898 925 3927 1403 1113 37 167 160 118 137 100 1438 600 1839 15 264 161 15
internal_value=-0.000162873 -0.00818447 0.0120726 -0.00441738 0.00715081 0.00414713 0.00571903 -0.000846998 0.00104582 -0.0161939 -0.00623031 0.0262726 -0.0259118 -0.0169723 0.00551986 0.0271421 0.0155817 -0.0238869 -0.0182454 0.0270661 -0.024782 0.0279114 -0.031822 0.0345543
internal_weight=2116.24 1278.23 838.01 1054.21 622.314 541.025 518.372 808.951 729.578 245.256 113.536 215.696 224.02 65.3304 15.3616 81.2887 31.7575 49.9688 79.3728 212.289 131.72 206.713 22.6535 49.5311
internal_count=33605 27078 6527 15969 4366 3695 3511 8472 6947 7497 2516 2161 11109 1883 278 671 237 1605 1525 2140 4981 2103 184 434
is_linear=0
shrinkage=0.03


Tree=79
num_leaves=25
num_cat=0
split_feature=0 22 2 3 0 24 22 1 2 22 3 24 1 3 3 1 0 25 22 0 7 3 22 2
split_gain=219.053 92.6443 64.1475 58.7968 47.2964 44.3059 36.3951 30.9599 29.6734 56.6006 33.6652 22.9403 22.5466 30.35 17.5769 15.7212 11.1262 11.0032 8.75051 8.28044 10.9709 7.78336 7.34349 5.72313
threshold=4.455000000000001 95.500000000000014 28.975000000000005 20.965000000000003 0.65500000000000014 2.5000000000000004 344.50000000000006 28.545000000000005 31.765000000000004 216.50000000000003 23.285000000000004 3.5000000000000004 24.245000000000001 19.005000000000006 16.845000000000002 31.875000000000004 17.620000000000001 -1.4291827956989243 208.50000000000003 1.8650000000000004 78.472250000000017 19.475000000000005 10.500000000000002 28.285000000000004
decision_type=2 2 2 2 2 2 2 2 2 2 2 2 2 2 2 2 2 2 2 2 2 2 2 2
left_child=1 19 6 12 11 15 14 -7 9 -6 -10 23 13 -4 -2 -5 -14 -13 -16 -1 22 -22 -21 -3
right_child=2 4 3 5 8 7 -8 -9 10 -11 -12 17 16 -15 18 -17 -18 -19 -20 20 21 -23 -24 -25
leaf_value=-0.029549071016101713 -0.024106111556239648 -0.0095441251651567707 -0.022271902999067346 0.02951117481876046 0.017610164628167724 0.011739042396503833 -0.036077067447589192 -0.007500793691718589 -0.019894426833314369 -0.0038059730885931725 -0.00011384131726271431 -0.018219808130173622 -0.028991738264776273 0.027439577432756636 0.032315979133021366 -0.030473865669281418 0.028038002473716829 0.0011470195695417454 0.021384558402989817 0.0014924943766002044 -0.025443773843813779 0.020091347347129654 -0.029061798791723617 -0.027266683004508369
leaf_weight=154.2207371275872 6.279274506494402 19.290465051308274 22.540308337658644 105.02429334819317 173.51680490747094 223.97370606660843 8.924196705222128 113.37678149342537 126.86032751016319 308.59170961566269 198.76180436648428 42.123858837410808 58.261788306757808 21.688882634043694 127.82728175073862 4.0852076411247245 3.2506261095404616 70.742771016433835 136.05174280703068 8.5882836654782277 4.9992041476070872 10.420744596049188 40.296641536056995 109.41669113747776
leaf_count=9226 121 453 373 721 1027 1209 85 706 1715 3198 2532 1403 683 144 1323 25 28 1113 1109 167 141 137 1438 4528
internal_value=-0.000160322 -0.00800765 0.011808 0.00588348 -0.00430681 0.0106476 0.0235305 0.00527292 -0.000823632 0.00390196 -0.00782023 -0.0159532 -0.0142314 0.00210536 0.0254995 0.0272653 -0.025978 -0.00608103 0.0266799 -0.0257782 -0.0167345 0.00532869 -0.0236939 -0.0246104
internal_weight=2099.11 1267.83 831.284 552.202 1049.3 446.46 279.082 337.35 807.731 482.109 325.622 241.574 105.742 44.2292 270.158 109.11 61.5124 112.867 263.879 218.526 64.3049 15.4199 48.8849 128.707
internal_count=33605 27078 6527 3889 15969 2661 2638 1915 8472 4225 4247 7497 1228 517 2553 746 711 2516 2432 11109 1883 278 1605 4981
is_linear=0
shrinkage=0.03


Tree=80
num_leaves=25
num_cat=0
split_feature=0 2 3 1 3 1 3 22 0 24 2 22 0 0 26 3 0 23 1 0 2 3 25 26
split_gain=208.269 88.3691 69.5699 70.8839 74.1573 51.3472 52.5379 47.3847 39.9855 27.5888 29.475 49.9506 7.60088 6.81241 14.2987 5.57365 3.46129 4.13405 3.0928 2.16945 9.8284 16.2027 1.51141 0.42823
threshold=2.0450000000000004 25.635000000000002 20.965000000000003 27.275000000000002 23.455000000000002 24.455000000000002 18.135000000000002 95.500000000000014 6.8050000000000006 1.5000000000000002 35.915000000000006 218.50000000000003 19.395000000000003 1.3550000000000002 -0.26020215053763435 17.335000000000004 3.4450000000000007 2.5000000000000004 31.665000000000003 1.8650000000000004 29.235000000000003 17.335000000000004 -1.1172096774193547 -0.17810611205432925
decision_type=2 2 2 2 2 2 2 2 2 2 2 2 2 2 2 2 2 2 2 2 2 2 2 2
left_child=7 15 5 8 -5 6 -3 19 -4 13 11 -11 -7 -9 -15 -2 17 -17 -12 23 21 -21 -18 -1
right_child=1 2 3 4 -6 12 -8 9 -10 10 18 -13 -14 14 -16 16 22 -19 -20 20 -22 -23 -24 -25
leaf_value=-0.026101112131801427 -0.014627296039805386 -0.022969737305828308 0.0090579110000911043 -0.021336496160931612 0.0065427468415206877 -0.026700110938447239 0.0092571407953653366 -0.030392916397177283 0.02575721143899052 0.012384180364933797 -0.018428545800432218 -0.012014255483803766 0.03332198275390566 0.048325450179373917 -0.019943451486437641 0.03493124866598659 0.047074944687596799 0.0038265099590363994 -0.030944011564639148 -0.030804150543514177 -0.030700877491515996 0.18462918993659067 0.032731858388457408 -0.030260999365938322
leaf_weight=27.21267799474299 2.3815661258995524 63.850768748670816 386.52353556267917 121.30791958421469 293.92619811743498 101.4592631328851 158.65517535991967 61.100561033934355 193.72526440769434 126.03890798799694 49.594822531566024 188.41051213629544 1.9350347146391857 3.0777190029621151 26.845595823600888 7.2739820703864089 7.1062465608119956 8.1592110395431501 27.693488704040647 0.72402333468198665 4.8986949995160103 0.55508626811206341 95.089122042059898 122.66677298955619
leaf_count=1665 26 1315 2059 945 1950 1502 1113 2530 1534 2219 1744 4515 17 25 329 39 43 44 1076 31 235 14 1074 7561
internal_value=-0.000158207 0.00616121 0.00392262 0.00786123 -0.00160199 -0.00810811 9.24879e-06 -0.014417 0.0146332 -0.00977153 -0.00631451 -0.00223477 -0.0255768 -0.0246494 -0.0129218 0.0308094 0.0317294 0.0184868 -0.022913 -0.0287876 -0.0113652 0.062686 0.0337292 -0.0295057
internal_weight=2080.21 1441.39 1321.38 995.483 415.234 325.9 222.506 638.819 580.249 482.762 391.738 314.449 103.394 91.0239 29.9233 120.01 117.629 15.4332 77.2883 156.057 6.1778 1.27911 102.195 149.879
internal_count=33605 11661 10435 6488 2895 3947 2428 21944 3593 12438 9554 6734 1519 2884 354 1226 1200 83 2820 9506 280 45 1117 9226
is_linear=0
shrinkage=0.03


Tree=81
num_leaves=25
num_cat=0
split_feature=0 22 25 0 0 24 1 3 2 24 16 25 25 2 8 0 7 3 22 4 0 0 24 3
split_gain=199.98 87.9415 60.6681 43.9493 39.4348 32.4956 28.207 48.1113 27.6735 22.6501 17.0018 14.0831 12.9856 9.28602 12.7099 8.41229 10.7497 7.42679 7.18963 5.19889 2.57983 2.57965 3.50664 0.574196
threshold=4.455000000000001 95.500000000000014 -0.30298387096774188 0.65500000000000014 18.420000000000005 1.5000000000000002 29.625000000000004 23.735000000000003 38.815000000000005 4.5000000000000009 33.500000000000007 -1.8991129032258065 1.4740000000000002 30.425000000000004 785.00000000000011 1.8650000000000004 78.472250000000017 19.005000000000006 10.500000000000002 17.825000000000003 7.7650000000000006 9.6750000000000025 4.5000000000000009 19.205000000000002
decision_type=2 2 2 2 2 2 2 2 2 2 2 2 2 2 2 2 2 2 2 2 2 2 2 2
left_child=1 15 4 9 5 -2 7 -5 -7 12 -8 -11 -3 21 20 -1 18 -18 -17 -16 -15 22 -4 -6
right_child=2 3 13 6 23 8 10 -9 -10 11 -12 -13 -14 14 19 16 17 -19 -20 -21 -22 -23 -24 -25
leaf_value=-0.029462026284028473 0.039449610788989585 -0.02167107356854605 0.02775801645245924 -0.0015881518523720131 0.019616491596988635 0.00443103037552494 -0.030307472307287271 0.022118383991491661 -0.029019196403623212 -0.021633028191212652 -0.0058562937150939557 0.012069815730664955 0.035764919376296209 0.013963784316574641 -0.0032295311467941202 0.0014242292228513604 -0.031214607266753548 0.017468051729696666 -0.028915734909081454 -0.051276459489125445 0.031855473581474225 0.032672073269692875 0.011253437502503365 0.033954854614490236
leaf_weight=145.66247911378741 22.939606383442879 179.23172062635422 73.231633566319942 605.4947854205966 2.6655256152153006 518.89108645729721 40.753510601818562 88.279836585745215 23.256798934191465 16.052636474370956 68.804164241999388 36.600385710597038 3.614150393754243 14.840053215622904 7.7065033763647062 8.5965954139828664 3.7322269715368739 11.542567059397696 38.55897119268775 2.750159963965416 14.187553003430365 77.542417801916599 13.763184711337088 44.113662227988243
leaf_count=9226 155 6277 699 5866 26 3585 670 726 189 567 1210 626 27 91 50 167 117 161 1438 17 144 1039 121 411
internal_value=-0.000156457 -0.00771224 0.0113911 -0.00414646 0.00666722 0.00447592 -0.000805499 0.0014284 0.0029961 -0.0155431 -0.0149517 0.00179463 -0.0205358 0.025558 0.0124928 -0.0255131 -0.0162996 0.00557298 -0.0233847 -0.0158661 0.0227085 0.0286933 0.0251469 0.0331378
internal_weight=2062.81 1246.92 815.888 1038.83 611.867 565.087 803.332 693.775 542.148 235.499 109.558 52.653 182.846 204.022 39.4843 208.093 62.4304 15.2748 47.1556 10.4567 29.0276 164.537 86.9948 46.7792
internal_count=33605 27078 6527 15969 4366 3929 8472 6592 3774 7497 1880 1193 6304 2161 302 11109 1883 278 1605 67 235 1859 820 437
is_linear=0
shrinkage=0.03


Tree=82
num_leaves=25
num_cat=0
split_feature=0 0 25 2 22 1 24 22 2 25 0 7 7 2 3 22 2 22 22 0 24 2 5 22
split_gain=189.804 87.8047 61.1103 41.6574 40.2901 32.7818 28.3751 30.7995 28.9574 25.9329 17.4556 11.9424 10.1484 7.55996 6.58961 4.83539 9.24107 22.273 4.97651 4.47137 3.78354 5.86469 2.52609 2.15657
threshold=1.7450000000000003 12.320000000000002 -1.7866666666666668 25.405000000000005 126.50000000000001 30.325000000000003 1.5000000000000002 278.50000000000006 34.155000000000008 -1.8455967741935482 20.515000000000004 75.562100000000015 79.153350000000017 26.195000000000004 24.395000000000003 95.500000000000014 31.105000000000004 121.50000000000001 97.500000000000014 1.0000000180025095e-35 4.5000000000000009 33.885000000000012 0.41995000000000005 314.50000000000006
decision_type=2 2 2 2 2 2 2 2 2 2 2 2 2 2 2 2 2 2 2 2 2 2 2 2
left_child=4 2 11 22 15 -5 -6 8 -8 10 12 13 -3 -2 -13 -1 17 -17 -18 -9 23 -22 -4 -11
right_child=1 9 3 5 6 -7 7 19 -10 20 -12 14 -14 -15 -16 16 18 -19 -20 -21 21 -23 -24 -25
leaf_value=-0.029387534444109117 0.044890221314184783 -0.01741595490934273 0.0013290757295902631 0.0055205225969226501 -0.028574474963446613 -0.014869860737357866 0.0082364166333201583 -0.0024917222946794809 -0.017234917778820875 0.033158962410966449 0.035039858971645264 -0.0093595486936605965 0.022229947188435337 -0.01893784804815438 0.0071337182375379674 0.14887540836365501 0.012959958092652114 -0.020964749756704631 -0.024345094392435832 -0.023448731232267882 0.026886766042048746 -0.0059399963521428864 0.031079408392115905 0.0006167271473536902
leaf_weight=138.06352925952524 1.6933955494314421 24.077770480886105 2.689414979889988 959.29943182133138 56.819833964109421 76.630234634503722 142.6688497941941 10.505190266296266 55.912261368706822 113.55489286035299 11.685930602252482 68.681291092187166 7.6593734174966803 121.32405488006771 31.940614011138678 0.98817182146012728 3.4316868539899579 2.3417869210243225 51.767453270033002 71.700986407697201 29.252589114010334 5.8832480907440177 57.209411973133683 1.8628539443016041
leaf_count=9042 16 227 14 6780 2089 739 2153 374 1702 1236 106 903 56 1778 205 22 160 52 2497 2620 280 27 515 12
internal_value=-0.000153787 0.00527265 0.00250206 0.0054187 -0.0155275 0.0040122 -0.00924042 -0.00532801 0.00106474 0.0241188 0.00369397 -0.0117894 -0.0078479 -0.0180592 -0.00412406 -0.0263242 -0.019098 0.0294357 -0.0220259 -0.0207706 0.0300097 0.0213902 0.0297436 0.0326337
internal_weight=2047.64 1513.44 1319.47 1095.83 534.2 1035.93 337.607 280.787 198.581 193.977 43.4231 223.639 31.7371 123.017 100.622 196.593 58.5291 3.32996 55.1991 82.2062 150.554 35.1358 59.8988 115.418
internal_count=33605 12894 10950 8048 20711 7519 8938 6849 3855 1944 389 2902 283 1794 1108 11773 2731 74 2657 2994 1555 307 529 1248
is_linear=0
shrinkage=0.03


Tree=83
num_leaves=25
num_cat=0
split_feature=0 22 2 3 24 0 22 1 22 1 24 1 3 3 1 2 0 22 0 2 3 22 2 26
split_gain=183.189 83.7825 58.333 52.7951 41.5472 40.9572 33.6968 27.5533 27.193 36.8642 22.1082 20.8359 27.9689 15.9958 14.4125 10.3326 9.81877 9.13251 8.40843 10.5143 27.5142 5.94681 5.87415 3.39921
threshold=4.455000000000001 95.500000000000014 28.975000000000005 20.965000000000003 2.5000000000000004 0.65500000000000014 344.50000000000006 30.265000000000004 344.50000000000006 24.205000000000002 3.5000000000000004 24.245000000000001 18.705000000000002 16.845000000000002 31.875000000000004 26.045000000000005 17.620000000000001 208.50000000000003 1.8650000000000004 30.655000000000005 20.585000000000004 89.500000000000014 28.285000000000004 0.33112903225806417
decision_type=2 2 2 2 2 2 2 2 2 2 2 2 2 2 2 2 2 2 2 2 2 2 2 2
left_child=1 18 6 11 14 10 13 -6 9 -7 22 12 -4 23 -5 -12 -13 -15 -1 20 -20 -21 -3 -2
right_child=2 5 3 4 7 8 -8 -9 -10 -11 15 16 -14 17 -16 -17 -18 -19 19 21 -22 -23 -24 -25
leaf_value=-0.029374629396918494 -0.033450495867832435 -0.0085413965701183221 -0.02501597376563473 0.028514756489706587 0.0081302650763029009 0.011432523424098008 -0.03590239243324983 -0.016968199509647442 -0.03235295834928275 -0.0036166983787034976 0.035192069068826402 -0.028361573891739697 0.023569402947705174 0.031725914479748901 -0.029800236799151621 -0.007530930009859986 0.026922999735176402 0.020212272666052092 -0.012043094113675811 -0.03070281018392557 0.089270301992383727 0.0023237931571786431 -0.026921776685789916 0.028019628751251625
leaf_weight=137.67200595047325 5.0853381697088471 18.511081585660577 19.281831841915846 101.24305945634842 287.12508627772331 195.95366885699332 8.5810221657156927 45.620814882218838 23.83053976111114 580.38898091204464 5.3553959522396317 56.449090864509344 23.858268361538649 118.74021331965923 3.9636916145682326 104.71637965552509 3.0473760664463034 129.75699541717768 20.361390318721536 32.327898791059852 2.7367557175457469 5.7848389558494082 101.20110736228526 0.96295391209423531
leaf_count=9226 104 453 350 721 1566 1420 85 349 554 6498 38 683 167 1323 25 2478 28 1109 636 1107 22 118 4528 17
internal_value=-0.0001515 -0.00743521 0.0109849 0.00534626 0.00988486 -0.00399299 0.0225695 0.00468916 -0.000787124 0.000181818 -0.0151567 -0.01402 0.00185376 0.0245406 0.0263177 -0.0054523 -0.0255299 0.0257139 -0.0252615 -0.0160105 -3.90997e-05 -0.02569 -0.0240796 -0.0236638
internal_weight=2032.56 1228.84 803.716 540.589 437.953 1029.96 263.127 332.746 800.173 776.343 229.784 102.637 43.1401 254.546 105.207 110.072 59.4965 248.497 198.883 61.2109 23.0981 38.1127 119.712 6.04829
internal_count=33605 27078 6527 3889 2661 15969 2638 1915 8472 7918 7497 1228 517 2553 746 2516 711 2432 11109 1883 658 1225 4981 121
is_linear=0
shrinkage=0.03


Tree=84
num_leaves=25
num_cat=0
split_feature=0 22 25 0 0 24 22 1 22 24 25 2 8 0 7 2 22 2 2 0 24 0 3 26
split_gain=173.989 81.7361 56.7346 39.2917 36.9209 30.7052 26.3481 34.6621 26.027 21.6928 9.92095 9.27738 12.0234 8.46187 10.3054 7.30787 7.08744 5.86839 5.01042 2.74455 3.56337 2.63102 0.795393 0.477363
threshold=4.455000000000001 95.500000000000014 -0.30298387096774188 0.65500000000000014 18.420000000000005 1.5000000000000002 344.50000000000006 24.205000000000002 74.500000000000014 3.5000000000000004 -1.4291827956989243 30.425000000000004 785.00000000000011 1.8650000000000004 78.472250000000017 32.405000000000008 10.500000000000002 28.285000000000004 32.305000000000007 9.6750000000000025 4.5000000000000009 7.7650000000000006 19.005000000000006 -0.17810611205432925
decision_type=2 2 2 2 2 2 2 2 2 2 2 2 2 2 2 2 2 2 2 2 2 2 2 2
left_child=1 13 4 9 5 -2 7 -5 -7 17 -11 19 21 23 16 -16 -15 -3 -14 20 -4 -13 -6 -1
right_child=2 3 11 6 22 8 -8 -9 -10 10 -12 12 18 14 15 -17 -18 -19 -20 -21 -22 -23 -24 -25
leaf_value=-0.025532990349824009 0.038910515258284532 -0.0083414878460142984 0.027157775197195189 0.01107367848041056 0.01394741708020723 -0.021109247107748998 -0.032287917557433689 -0.0035149470463230708 0.0045466980486269654 -0.017327297877963284 0.0014751615773412061 0.013086200354819423 -0.0029232426466272755 0.0016482519571926991 0.024610116160028481 -0.017228280669534687 -0.028727525565396275 -0.026801449830128325 -0.049378917774993342 0.032448783516109664 0.010213889137041949 0.031500354850977901 0.033553570333750497 -0.030175396503944116
leaf_weight=24.374731535091996 21.955709367990494 18.38796228915453 69.816357754170895 196.23018995299935 1.9485846310853947 38.32375711388886 23.172123601660132 579.29142249934375 498.32742798700929 39.550951993092895 69.878599058836699 14.530558079481127 7.5293462797999364 8.5251491349190456 8.2738590650260431 6.8831879422068587 36.561119046993554 98.644469181075692 2.8920688703656197 71.986338697373867 13.29835596680641 13.444959238171576 42.034612461924553 109.43002045806497
leaf_count=1665 155 453 699 1420 20 879 554 6498 2895 1403 1113 91 50 167 160 118 1438 4528 17 1039 121 144 417 7561
internal_value=-0.000149462 -0.00727235 0.0107592 -0.00389287 0.0062209 0.0041372 -0.00076546 0.000176412 0.00271454 -0.0149227 -0.00532058 0.0248923 0.0116898 -0.0251261 -0.0157897 0.00561027 -0.0229839 -0.023901 -0.0158153 0.0281607 0.0244468 0.021936 0.032685 -0.0293297
internal_weight=2015.29 1219.2 796.088 1025.16 602.59 558.607 798.694 775.522 536.651 226.462 109.43 193.498 38.3969 194.048 60.2433 15.157 45.0863 117.032 10.4214 155.101 83.1147 27.9755 43.9832 133.805
internal_count=33605 27078 6527 15969 4366 3929 8472 7918 3774 7497 2516 2161 302 11109 1883 278 1605 4981 67 1859 820 235 437 9226
is_linear=0
shrinkage=0.03


Tree=85
num_leaves=25
num_cat=0
split_feature=0 2 3 1 3 22 1 3 22 24 22 2 24 25 3 0 26 25 2 0 22 12 7 0
split_gain=165.799 91.1378 68.9344 63.4167 82.1354 43.2753 42.5722 53.2951 28.1138 26.6695 15.3147 21.974 8.43048 13.8612 7.28711 6.39492 6.07912 2.79412 2.78587 2.17575 7.06649 10.498 2.32779 0.594411
threshold=1.2950000000000002 25.635000000000002 20.465000000000003 27.355000000000004 23.535000000000004 208.50000000000003 24.245000000000001 17.765000000000004 102.50000000000001 3.5000000000000004 282.50000000000006 32.555000000000007 1.5000000000000002 -0.34124462365591385 17.095000000000002 1.0000000180025095e-35 0.39394731182795689 -1.1172096774193547 24.835000000000004 1.0000000180025095e-35 95.500000000000014 0.66500000000000015 73.832350000000005 9.4850000000000012
decision_type=2 2 2 2 2 2 2 2 2 2 2 2 2 2 2 2 2 2 2 2 2 2 2 2
left_child=8 14 6 5 -5 -4 7 -3 19 12 11 -11 -10 -14 -2 -12 -8 23 -19 20 22 -22 -1 -16
right_child=1 2 3 4 -6 -7 16 -9 9 10 15 -13 13 -15 17 -17 -18 18 -20 -21 21 -23 -24 -25
leaf_value=0.044935249903723613 -0.02459030724346976 -0.025970202623853991 0.01952853465447647 -0.022511483059908011 0.005286972471618601 0.0046835354902511435 -0.03016371999796599 0.0074308007207463259 -0.030231608364605186 0.013899879437183266 0.0068793027974869431 -0.012916852777604822 -0.022079726075789022 0.0019445548165151611 0.056606889355380947 -0.026601950896871788 0.0056608878996047525 0.033227014705249643 0.022731770955100952 -0.029675597970361751 -0.030969092195513775 0.16860012162646829 -0.030432794854224184 0.039149620101828715
leaf_weight=0.3980131633579721 2.1508898697793475 63.015012871474028 310.79331809375435 138.27912517171353 310.37523514218628 409.73186655528843 82.828230899758637 135.32380971126258 51.587781401351094 66.06167197227478 6.3215193543583146 47.112774072214961 78.989026825875044 29.757022961974144 4.1595151405781499 27.335930166766047 4.4943712018430224 72.224413879215717 33.237699903547764 116.8848944734782 0.4998977556824683 0.45146757178008556 5.0279313568025827 3.037140641361475
leaf_count=28 29 1743 2277 1463 2560 2736 1813 1237 2361 833 198 1426 3458 582 20 921 100 880 304 8210 19 22 359 26
internal_value=-0.000146784 0.00437634 0.00234561 0.00557349 -0.00328075 0.0110868 -0.0108657 -0.00318116 -0.0166413 -0.0117844 -0.00254714 0.00273649 -0.0202438 -0.0155058 0.0301092 -0.0203135 -0.0283199 0.0311535 0.0299193 -0.0287446 -0.011681 0.0637359 -0.0249043 0.0492396
internal_weight=2000.08 1569.65 1454.84 1169.18 448.654 720.525 285.661 198.339 430.428 307.166 146.832 113.174 160.334 108.746 114.81 33.6574 87.3226 112.659 105.462 123.262 6.37731 0.951365 5.42594 7.19666
internal_count=33605 15188 13929 9036 4023 5013 4893 2980 18417 9779 3378 2259 6401 4040 1259 1119 1913 1230 1184 8638 428 41 387 46
is_linear=0
shrinkage=0.03


Tree=86
num_leaves=25
num_cat=0
split_feature=0 22 2 3 24 0 22 2 22 1 24 1 3 3 1 25 25 22 0 26 0 22 3 20
split_gain=160.509 77.2486 54.2432 47.7228 39.3197 36.9332 31.6295 26.6594 39.2694 25.8864 21.2046 19.558 25.8382 14.3359 13.7114 12.7671 12.1389 9.3175 9.12981 8.90707 7.80274 6.45014 12.9475 3.60444
threshold=4.455000000000001 93.500000000000014 28.975000000000005 20.965000000000003 2.5000000000000004 0.65500000000000014 344.50000000000006 37.395000000000003 216.50000000000003 30.265000000000004 4.5000000000000009 24.245000000000001 19.005000000000006 16.845000000000002 31.875000000000004 -1.8991129032258065 1.4740000000000002 208.50000000000003 17.620000000000001 0.03174946236559132 4.3650000000000011 10.500000000000002 19.395000000000003 0.49000000000000005
decision_type=2 2 2 2 2 2 2 2 2 2 2 2 2 2 2 2 2 2 2 2 2 2 2 2
left_child=1 20 6 11 14 10 13 8 -7 -6 16 12 -4 23 -5 -12 -3 -15 -13 -9 21 22 -1 -2
right_child=2 5 3 4 9 7 -8 19 -10 -11 15 18 -14 17 -16 -17 -18 -19 -20 -21 -22 -23 -24 -25
leaf_value=-0.024138985549044981 0.03172701846858892 -0.020930102322894731 -0.021545006685052766 0.027712914671773468 0.0076063558045859157 0.0077364433430200446 -0.035741426849996406 -0.028027437346383327 -0.0061871356775879951 -0.016797004123961977 -0.02101394240556136 -0.027835303084257225 0.02546951436667903 0.031259555817260254 -0.029488243964655294 0.011720259564877976 0.034506245348169602 0.019364011242050078 0.026424899042192404 -0.006254065365591685 0.04204867226084244 -0.027965618941322254 0.02639159486660576 -0.033369425720140955
leaf_weight=17.905334880575541 0.9099733904004087 167.09787009935826 21.161744341254234 98.598626516759396 285.22464710101485 368.99982046894729 8.2914648875594121 39.285425238311291 360.31832751631737 45.34027586877346 15.150526415556667 54.735884539783001 20.922075655311346 112.10843075439334 3.921502534300088 36.697347004897892 3.632220394909381 125.71652603149414 2.9408292770385733 29.687424026429653 1.5422681178897608 154.75183359067887 6.1248522009700528 4.8229962587356567
leaf_count=991 17 6396 373 721 1566 3176 85 889 3927 349 576 683 144 1323 25 627 27 1109 28 581 27 9688 173 104
internal_value=-0.000145453 -0.00703891 0.0104069 0.00498423 0.00929322 -0.00384147 0.0218798 -0.000828431 0.000857524 0.00425919 -0.014648 -0.0137222 0.00182838 0.0238414 0.0255249 0.00215496 -0.0197507 0.0249715 -0.0250687 -0.0186557 -0.0251406 -0.0257202 -0.0112597 -0.0230369
internal_weight=1985.89 1201.19 784.695 532.846 433.085 1020.87 251.849 798.291 729.318 330.565 222.578 99.7605 42.0838 243.558 102.52 51.8479 170.73 237.825 57.6767 68.9728 180.324 178.782 24.0302 5.73297
internal_count=33605 27078 6527 3889 2661 16199 2638 8573 7103 1915 7626 1228 517 2553 746 1203 6423 2432 711 1470 10879 10852 1164 121
is_linear=0
shrinkage=0.03


Tree=87
num_leaves=25
num_cat=0
split_feature=0 22 25 2 21 8 0 3 1 24 2 1 2 8 24 0 0 2 3 17 2 22 0 24
split_gain=152.378 75.2851 52.7382 35.6163 47.7725 46.8315 35.3178 31.7308 65.815 28.5012 26.2052 21.1877 9.14276 11.2639 7.64326 8.28918 7.47337 11.5583 23.7651 5.38559 4.71457 3.78096 2.95871 3.61846
threshold=4.455000000000001 93.500000000000014 -0.30298387096774188 29.705000000000002 11.500000000000002 473.50000000000006 15.075000000000001 23.245000000000001 29.105000000000004 1.5000000000000002 38.815000000000005 26.575000000000003 30.425000000000004 785.00000000000011 4.5000000000000009 20.515000000000004 1.8650000000000004 30.655000000000005 20.585000000000004 44.500000000000007 32.305000000000007 89.500000000000014 9.6750000000000025 4.5000000000000009
decision_type=2 2 2 2 2 2 2 2 2 2 2 2 2 2 2 2 2 2 2 2 2 2 2 2
left_child=1 16 6 4 5 -3 9 11 -9 -2 -11 -5 22 -14 -8 -16 -1 18 -18 -6 -15 -19 23 -4
right_child=2 3 12 7 19 -7 14 8 -10 10 -12 -13 13 20 15 -17 17 21 -20 -21 -22 -23 -24 -25
leaf_value=-0.029173168739353324 0.038792187004628213 0.086466437111790861 0.026516709686786526 -0.0083545523227377041 -0.032303353209154832 0.0058566134102201722 0.033685646102470865 0.013956733580980572 -0.014223447584838818 0.0031919863905090413 -0.030979190873099385 -0.023742593953500358 0.021201078949733821 -0.0029013158012897488 0.0015827317379537502 0.035026389493919945 -0.011125789861908124 -0.030525346298819686 0.081079588647313586 -0.0097972390168251117 -0.047854488685441857 0.0034244933292599485 0.032259156583272983 0.0091130014131395182
leaf_weight=120.79814473725855 19.426391586661339 6.6175421569496384 66.344201676547527 206.04588793590665 31.349724909290671 327.32818008027971 42.645779322832823 140.91981623414904 158.4680341957137 481.72534159570932 21.082018215209246 132.19887478556484 27.050579912960529 7.4545556530356389 18.414213906973604 10.458190083503721 19.40384440030903 29.648193341679871 2.8905285485088816 13.773374292999504 2.9230809584259987 3.2788635501638046 67.088639307767153 12.831279814243315
leaf_count=9039 138 46 699 3739 967 2722 434 1574 3960 3373 184 2813 235 50 137 100 636 1107 22 378 17 75 1039 121
internal_value=-0.000143442 -0.00687934 0.0101905 -0.00374324 0.00353917 0.007454 0.00584446 -0.00807259 -0.000959229 0.00313681 0.00175924 -0.0143688 0.0242382 0.0110075 0.025616 0.0136967 -0.0249937 -0.015851 0.000828898 -0.0254336 -0.0155633 -0.0271446 0.0276239 0.0236962
internal_weight=1970.17 1192.72 777.444 1016.7 379.069 333.946 593.752 637.633 299.388 522.234 502.807 338.245 183.692 37.4282 71.5182 28.8724 176.02 55.2214 22.2944 45.1231 10.3776 32.9271 146.264 79.1755
internal_count=33605 27078 6527 16199 4113 2768 4366 12086 5534 3695 3557 6552 2161 302 671 237 10879 1840 658 1345 67 1182 1859 820
is_linear=0
shrinkage=0.03


Tree=88
num_leaves=25
num_cat=0
split_feature=0 2 3 1 3 1 3 22 24 25 2 3 3 1 3 25 5 26 24 4 6 25 24 2
split_gain=146.501 84.8145 61.9234 58.0803 75.8703 40.0412 49.1919 28.1189 27.6514 25.4121 13.1943 21.7142 11.8608 15.5643 9.9861 9.52931 12.3354 6.17491 5.95433 4.82613 8.32415 3.18004 2.99506 2.92623
threshold=1.2950000000000002 25.635000000000002 20.465000000000003 25.595000000000002 23.205000000000002 24.245000000000001 17.765000000000004 262.50000000000006 3.5000000000000004 -1.4291827956989243 32.755000000000003 22.975000000000005 23.285000000000004 28.545000000000005 16.845000000000002 0.037951612903225691 0.02775 0.39394731182795689 1.5000000000000002 29.215000000000003 16.639450000000004 -1.1172096774193547 4.5000000000000009 24.835000000000004
decision_type=2 2 2 2 2 2 2 2 2 2 2 2 2 2 2 2 2 2 2 2 2 2 2 2
left_child=8 14 5 7 -5 6 -3 -4 15 12 11 -11 -10 -14 -2 19 -17 -7 -18 -1 -21 -16 -12 -23
right_child=1 2 3 4 -6 17 -8 -9 9 10 22 -13 13 -15 21 16 18 -19 -20 20 -22 23 -24 -25
leaf_value=-0.025678091275514726 -0.038449808672478297 -0.025609087878361018 0.0094700948688005958 -0.011777873144282322 0.007864787526469158 -0.029805432644655315 0.0070302984093203241 0.027086523328978984 -0.025559972952802806 0.0025399367706443058 -0.026888315866092215 0.047410011515392959 0.054157206933251816 -0.011279191678058242 0.050089842667221239 0.14642082981890397 -0.03146589873825574 0.0068140699515715098 0.0034905735468161144 0.059208665160593262 -0.018998213129351273 0.032975998053293744 -0.0026546380562223137 0.021973656819062069
leaf_weight=202.93671553395689 1.9056348931044329 60.196208060719073 299.90005872584879 289.73267769441009 454.74549100827426 79.335426128469408 134.21825855597854 112.00098380818963 64.003258825279772 61.07997986767441 12.492934713140132 11.540759317576883 3.8599253036081818 21.455623543821275 7.1995628438889971 0.48128590174019592 6.3223662301898012 4.3726883623749009 14.315406432375312 1.6314809629693616 4.9147568382322788 67.796230636537075 7.2557601798325768 32.036868397146463
leaf_count=11630 28 1743 2062 2604 3554 1813 1237 816 3546 916 341 158 106 913 47 8 187 100 197 49 184 880 182 304
internal_value=-0.000141158 0.00410253 0.00216454 0.00522133 0.000220345 -0.010545 -0.00307578 0.0142602 -0.0160277 -0.00727493 0.00375786 0.00967061 -0.0186845 -0.00130194 0.029622 -0.0229239 -0.00371701 -0.0278925 -0.00721832 -0.0248603 0.000492835 0.030834 -0.0179848 0.0294453
internal_weight=1955.73 1543.44 1434.5 1156.38 744.478 278.123 194.414 411.901 412.29 181.688 92.3694 72.6207 89.3188 25.3155 108.938 230.602 21.1191 83.7081 20.6378 209.483 6.54624 107.033 19.7487 99.8331
internal_count=33605 15188 13929 9036 6158 4893 2980 2878 18417 6162 1597 1074 4565 1019 1259 12255 392 1913 384 11863 233 1231 523 1184
is_linear=0
shrinkage=0.03


Tree=89
num_leaves=25
num_cat=0
split_feature=0 22 24 2 2 21 8 0 3 1 0 3 24 1 3 25 0 7 2 2 22 17 3 3
split_gain=140.413 73.9646 52.9156 45.7463 32.735 44.0588 43.3814 29.3051 27.0716 37.8487 24.7624 20.5206 20.4871 12.2377 10.5091 9.31806 6.30036 9.96361 8.74606 6.29757 5.4887 4.88273 1.73169 1.22676
threshold=4.2150000000000007 95.500000000000014 2.5000000000000004 27.135000000000002 29.705000000000002 11.500000000000002 496.50000000000006 17.620000000000001 22.045000000000005 29.175000000000004 6.6850000000000014 21.515000000000004 1.5000000000000002 25.805000000000003 16.845000000000002 -0.29562365591397849 1.8650000000000004 78.472250000000017 32.405000000000008 25.135000000000002 10.500000000000002 44.500000000000007 20.075000000000003 23.695000000000004
decision_type=2 2 2 2 2 2 2 2 2 2 2 2 2 2 2 2 2 2 2 2 2 2 2 2
left_child=1 16 10 14 5 6 -3 11 13 -10 12 -5 -2 -6 -4 -14 -1 20 -19 -16 -18 -7 -9 -12
right_child=2 4 3 7 8 21 -8 22 9 -11 23 -13 15 -15 19 -17 17 18 -20 -21 -22 -23 -24 -25
leaf_value=-0.029114087687256977 0.034970964455614581 0.061102317718305661 -0.033013577400734913 -0.0095183208692297318 -0.011687097994357999 -0.032131901789901822 0.0049425118546108961 0.0066612780069288972 0.0028748875533684192 -0.015440959423098932 0.030492160238031942 0.0038173862379562041 -0.0028234397784313711 -0.028145476054806117 0.034862546479078778 0.023095685867236513 -0.0013642712497722029 0.025429548325794936 -0.023276264599005968 0.018749401931235268 -0.03002135087249283 -0.0099301452674889681 0.031592630915441053 0.037890649132520236
leaf_weight=117.18590639811009 24.542024344205856 12.902110178023575 2.758300829678773 150.92855513095856 103.53665608260781 29.411308579146862 305.47860902175307 2.745127227157357 269.19081960245967 163.04065492842346 83.079783722758293 332.91499822214246 54.231120714917779 66.953850029967725 41.862889796495438 16.215906716883183 7.4752300716936579 8.0638167075812799 5.6381280105561009 45.618600247427821 30.796720960177481 12.793029444292186 28.951451949775219 26.637643653899431
leaf_count=9226 224 106 48 1603 2275 963 2581 27 3466 4251 1036 1912 367 1748 557 119 159 156 112 434 1379 374 273 209
internal_value=-0.000139742 -0.0069624 0.00939335 0.00493731 -0.00374958 0.00340031 0.00721834 0.00148818 -0.00802709 -0.00403397 0.0225799 -0.00034251 0.0113661 -0.0181505 0.0246422 0.00314278 -0.0252583 -0.0165647 0.0053879 0.0264601 -0.0244241 -0.0254021 0.0294334 0.0322884
internal_weight=1942.95 1132.47 810.486 605.78 963.307 360.585 318.381 515.54 602.722 432.231 204.706 483.844 94.9891 170.491 90.2398 70.447 169.16 51.9739 13.7019 87.4815 38.272 42.2043 31.6966 109.717
internal_count=33605 26796 6809 4854 15764 4024 2687 3815 11740 7717 1955 3515 710 4023 1039 486 11032 1806 268 991 1538 1337 300 1245
is_linear=0
shrinkage=0.03


Tree=90
num_leaves=25
num_cat=0
split_feature=0 2 3 0 2 24 25 24 2 3 3 1 25 5 26 11 3 24 4 6 24 2 1 24
split_gain=134.94 79.6867 57.0022 53.0481 38.5691 27.2224 23.7708 19.0643 12.245 19.0742 11.7228 14.2415 9.2715 10.7772 7.88954 13.6428 5.94144 5.77212 4.74453 7.57509 2.95991 2.85096 8.03429 2.47283
threshold=1.2950000000000002 25.635000000000002 17.765000000000004 12.055000000000001 32.505000000000003 3.5000000000000004 -1.4291827956989243 3.5000000000000004 32.755000000000003 22.975000000000005 23.285000000000004 29.105000000000004 0.037951612903225691 0.02775 0.33800000000000013 -53.999999999999993 17.215000000000003 1.5000000000000002 29.215000000000003 16.639450000000004 4.5000000000000009 24.835000000000004 21.635000000000002 1.5000000000000002
decision_type=2 2 2 2 2 2 2 2 2 2 2 2 2 2 2 2 2 2 2 2 2 2 2 2
left_child=5 16 14 4 -4 12 10 -5 9 -8 -7 -12 18 -14 -3 -16 -2 -15 23 -20 -10 -18 -23 -1
right_child=1 2 3 7 -6 6 8 -9 20 -11 11 -13 13 17 15 -17 21 -19 19 -21 -22 22 -24 -25
leaf_value=-0.030096329480814612 -0.020629801310941474 -0.027846927531700046 0.005525739494635769 0.034335623891886498 -0.0054687651802419988 -0.025301451425193522 0.0024637659841118876 0.011691888725706413 -0.026678237279527485 0.043747138577784291 0.039800395287739918 -0.013514445323056306 0.13111080305767747 -0.031427912041988221 -0.028205713112444537 0.12258118808606788 0.033757987713629957 0.0033152820380730279 0.0547742932697039 -0.018719587797677947 -0.0023647401478498124 -0.0034940121752942595 0.031089990571122373 -0.022992186508574167
leaf_weight=67.43259549792856 2.1104677636176339 60.873061238788068 759.818085340783 56.693961966782808 461.6344071244821 61.22700865380466 61.104916730895638 81.665509670972824 12.083581854589285 12.060570320114492 5.9039723789319423 19.087754026055336 0.52069100737571972 6.1450824998319158 1.4286204501986506 0.8682298781350245 68.364130709320307 14.36198814958334 1.711086057126521 4.8113138312473893 7.186426560394465 7.8486698716878882 26.316267900168896 127.43026268202811
leaf_count=4351 30 1949 5627 644 4990 3546 916 667 341 158 166 853 8 187 41 11 901 197 49 184 182 59 269 7279
internal_value=-0.000137289 0.00392865 0.00207061 0.00336475 0.00137049 -0.015624 -0.00690334 0.0209704 0.00366527 0.0092689 -0.018234 -0.000919503 -0.0226289 -0.00367347 -0.0257875 0.0287931 0.0291959 -0.00709575 -0.0246081 0.000560793 -0.0176109 0.0302215 0.023145 -0.0254506
internal_weight=1928.69 1527.62 1422.98 1359.81 1221.45 401.067 178.654 138.359 92.4355 73.1655 86.2187 24.9917 222.413 21.0278 63.1699 2.29685 104.64 20.5071 201.385 6.5224 19.27 102.529 34.1649 194.863
internal_count=33605 15188 13929 11928 10617 18417 6162 1311 1597 1074 4565 1019 12255 392 2001 52 1259 384 11863 233 523 1229 328 11630
is_linear=0
shrinkage=0.03


Tree=91
num_leaves=25
num_cat=0
split_feature=0 22 2 3 21 22 1 2 24 6 22 17 1 3 22 0 2 3 22 3 21 0 22 0
split_gain=128.813 71.5489 46.4165 38.4947 34.9094 64.9186 37.7114 33.6357 32.336 29.2581 29.1678 24.3695 20.2124 40.0153 18.7799 10.4758 13.6157 22.8945 10.4214 10.0576 9.48472 5.61048 5.26867 3.8804
threshold=5.0550000000000006 95.500000000000014 28.975000000000005 21.155000000000005 9.5000000000000018 262.50000000000006 29.315000000000001 38.815000000000005 3.5000000000000004 17.220550000000003 340.50000000000006 43.000000000000007 25.085000000000004 19.475000000000005 328.50000000000006 1.8650000000000004 30.655000000000005 19.005000000000006 74.500000000000014 16.125000000000004 7.5000000000000009 13.655000000000003 89.500000000000014 18.420000000000005
decision_type=2 2 2 2 2 2 2 2 2 2 2 2 2 2 2 2 2 2 2 2 2 2 2 2
left_child=1 15 10 11 5 6 -3 8 -5 -7 19 23 13 -6 -14 -1 17 -17 -13 -2 -21 -9 -18 -4
right_child=2 4 3 7 12 9 -8 21 -10 -11 -12 18 14 -15 -16 16 22 -19 -20 20 -22 -23 -24 -25
leaf_value=-0.029028032267521993 -0.031641792258486137 0.0014512744312478981 -0.027776111650113511 0.022545205213301077 -0.019594512225675792 0.01717434402695589 -0.014334735279916085 -0.034954745341912022 0.0037592593489560017 0.071903636465730822 -0.034920403007509017 -0.031625047783704882 -0.029675682311883604 0.012728326177387032 0.018473831339180565 -0.01796190904024763 -0.029303363255279744 0.042175881251492554 0.011201671645803386 0.032182752446378457 0.018883344779473982 0.0092195084480531288 0.0013473715180111682 0.020753947329938727
leaf_weight=111.39987049996853 2.7963073663413516 656.60675059445202 48.086807871237397 147.23533613979816 84.867168139666319 22.090347051620483 171.8428169740364 16.807907890528444 187.45186710730195 14.602562483400105 7.6354911513626567 5.986065847799181 75.597778791561723 58.048144843429327 8.0685015227645618 15.870949336327614 33.763900677673519 8.8881369978189451 35.092056624591351 98.460176711902022 94.66130243614316 3.0585098043084136 5.9344669608399263 1.5300320237874974
leaf_count=9226 76 6717 674 1035 2376 142 4317 152 1068 89 83 163 1798 938 157 617 1217 95 258 1336 917 16 123 15
internal_value=-0.000135146 -0.00569967 0.0107364 0.00531093 -0.00283906 -9.36726e-05 -0.00182317 0.00977232 0.0120236 0.0389548 0.022604 -0.01213 -0.0133216 -0.00646589 -0.0250323 -0.0234584 -0.0138325 0.00362665 0.00496079 0.0248459 0.0256639 -0.028154 -0.0247214 -0.0262796
internal_weight=1916.38 1267.58 648.802 445.249 1091.72 865.142 828.45 354.554 334.687 36.6929 203.553 90.695 226.582 142.915 83.6663 175.857 64.4575 24.7591 41.0781 195.918 193.121 19.8664 39.6984 49.6168
internal_count=33605 27812 5793 3381 16534 11265 11034 2271 2103 231 2412 1110 5269 3314 1955 11278 2052 712 421 2329 2253 168 1340 689
is_linear=0
shrinkage=0.03


Tree=92
num_leaves=25
num_cat=0
split_feature=0 2 3 1 3 22 1 3 24 25 2 3 3 1 25 24 3 3 26 1 4 2 1 26
split_gain=124.389 75.4911 54.0582 50.8779 76.007 41.2183 38.342 43.646 26.781 22.2199 11.6449 17.5309 11.5883 12.9928 9.09408 13.381 9.06748 9.00455 6.1197 6.06333 4.0233 3.08554 7.8412 2.17783
threshold=1.2950000000000002 25.635000000000002 20.465000000000003 27.355000000000004 23.535000000000004 208.50000000000003 24.245000000000001 17.645000000000003 3.5000000000000004 -1.4291827956989243 29.185000000000006 22.325000000000003 23.285000000000004 29.105000000000004 -0.33032258064516123 1.5000000000000002 23.005000000000006 16.845000000000002 0.39394731182795689 23.535000000000004 34.120000000000012 24.835000000000004 21.635000000000002 -0.20619468024900964
decision_type=2 2 2 2 2 2 2 2 2 2 2 2 2 2 2 2 2 2 2 2 2 2 2 2
left_child=8 17 6 5 -5 -4 7 -3 14 12 11 -11 23 -14 20 -16 -12 -2 -8 -17 -1 -19 -23 -10
right_child=1 2 3 4 -6 -7 18 -9 9 10 16 -13 13 -15 15 19 -18 21 -20 -21 -22 22 -24 -25
leaf_value=-0.026014190574038993 -0.038128730867907488 -0.025835867221038929 0.018212600826157277 -0.022069143087917902 0.0050686143574461568 0.0035365214399383101 -0.029494814743858594 0.0062497717338629482 -0.0094172965554969734 0.0068424491568244011 -0.01543799947102276 0.06012718005940651 0.037448858500836416 -0.013012058117672842 -0.029511902603141529 0.021355614511805267 0.0094326847405340822 0.033811254814555151 0.0072071248684579441 -0.0077524957919167048 0.039565115531166525 -0.003694563007604474 0.030664779197129479 -0.027180028295613771
leaf_weight=165.14352205395699 1.7749735536053766 53.031720598228276 301.36482503358275 133.54799390863627 305.06529618985951 401.94547051377594 75.788199253380299 136.02844188082963 7.062910675071179 31.14358654152602 32.337632919661701 6.763890851289033 6.1010533757507828 18.571136394515634 20.352181702852249 9.8673289921134728 22.285467557609081 65.764383206143975 4.3219614503905168 18.545742329210043 0.8462741132825603 7.8107589185237876 25.471650782972574 51.576797205023468
leaf_count=10831 28 1678 2277 1463 2560 2736 1813 1302 420 338 748 59 166 853 832 94 452 903 100 467 31 59 269 3126
internal_value=-0.000133513 0.00376544 0.00197358 0.0048244 -0.00319423 0.00982515 -0.0101207 -0.00275031 -0.0152255 -0.00654431 0.00357477 0.0163501 -0.0177831 -0.000533849 -0.0223337 -0.010944 -0.00529111 0.0288442 -0.0275147 0.00235621 -0.0256798 0.0300444 0.0226013 -0.0250406
internal_weight=1902.51 1511.92 1411.09 1141.92 438.613 703.31 269.17 189.06 390.598 175.842 92.5306 37.9075 83.3119 24.6722 214.755 48.7653 54.6231 100.822 80.1102 28.4131 165.99 99.0468 33.2824 58.6397
internal_count=33605 15188 13929 9036 4023 5013 4893 2980 18417 6162 1597 397 4565 1019 12255 1393 1200 1259 1913 561 10862 1231 328 3546
is_linear=0
shrinkage=0.03


Tree=93
num_leaves=25
num_cat=0
split_feature=0 22 24 2 0 0 0 25 1 24 3 24 25 25 3 3 1 0 2 3 2 22 1 3
split_gain=119.291 64.5562 46.655 40.848 30.1229 26.8181 23.1953 22.5156 24.3216 19.4947 19.2903 16.6145 10.7739 10.6002 9.48292 9.06675 8.0518 7.59946 10.9853 19.878 4.78571 3.82647 1.29579 1.93704
threshold=4.455000000000001 93.500000000000014 2.5000000000000004 27.135000000000002 0.65500000000000014 18.420000000000005 6.6850000000000014 -2.241774193548387 29.955000000000002 4.5000000000000009 22.265000000000004 1.5000000000000002 1.4740000000000002 -1.8991129032258065 16.845000000000002 26.865000000000006 30.325000000000003 1.8650000000000004 30.655000000000005 21.475000000000005 25.135000000000002 89.500000000000014 31.255000000000006 23.695000000000004
decision_type=2 2 2 2 2 2 2 2 2 2 2 2 2 2 2 2 2 2 2 2 2 2 2 2
left_child=1 17 6 14 9 10 11 15 -9 12 -5 -2 -3 -11 -4 -6 -13 -1 19 -19 -16 -20 23 -8
right_child=2 4 3 5 7 -7 22 8 -10 13 -12 16 -14 -15 20 -17 -18 18 21 -21 -22 -23 -24 -25
leaf_value=-0.028906618793042557 0.034187877976479812 -0.020002041116826946 -0.032699683186514561 -0.0071275615579143373 -0.02584481837256996 0.031566582893893878 0.029919943513085683 0.0024113199446356508 -0.015219066885309869 -0.019929338055420815 0.0053365107686030137 0.005884227044978171 0.031870091657340165 0.010916244269007601 0.034408775882979761 0.02401951103677501 -0.033519013043204933 -0.0048124817432919536 -0.030309345858122012 0.13188609697301157 0.019538590234905753 0.0044818542057777026 0.0065373013790507332 0.039700142694496142
leaf_weight=103.54748054314405 19.855329014360905 153.21828786097467 2.513966526836156 197.82964736968279 39.725221722386777 25.437621004879475 77.205260500311852 660.50397832691669 78.826969675719738 13.735284528695045 256.84529905766249 56.289880825206637 3.6904987040907136 37.138884725049138 36.599020667374134 3.5773505233228198 5.0893549174070349 20.441957049071792 26.543828571215276 1.0044280067086209 41.639818482100964 3.1866979803889981 1.7982886917889107 23.85783588886261
leaf_count=9039 203 6396 48 1852 676 264 1035 6283 1556 576 1510 402 27 627 548 58 33 651 1107 7 422 75 10 200
internal_value=-0.000132191 -0.00621102 0.00921207 0.0049108 -0.00339567 0.00159045 0.0223163 -0.000699882 0.00053158 -0.0135496 -8.6623e-05 0.0103336 -0.018782 0.00258839 0.0246518 -0.0217254 0.00261705 -0.0242325 -0.0147752 0.00158971 0.0264947 -0.0265802 0.0317796 0.0322287
internal_weight=1890.1 1145.14 744.961 560.865 990.416 480.113 184.096 782.634 739.331 207.783 454.675 81.2346 156.909 50.8742 80.7528 43.3026 61.3792 154.724 51.1769 21.4464 78.2388 29.7305 102.861 101.063
internal_count=33605 27078 6527 4644 16199 3626 1883 8573 7839 7626 3362 638 6423 1203 1018 734 435 10879 1840 658 970 1182 1245 1235
is_linear=0
shrinkage=0.03


Tree=94
num_leaves=25
num_cat=0
split_feature=0 2 3 1 3 1 3 22 24 25 2 3 3 1 25 5 26 3 24 4 3 2 1 24
split_gain=113.363 71.6968 51.2055 49.0456 68.3479 36.6554 41.7829 28.5742 27.6461 21.3972 11.4408 16.3652 10.5923 14.7328 8.34556 9.15734 6.0726 4.92254 4.76267 3.90065 7.08864 3.03052 7.63406 2.91937
threshold=1.2550000000000001 25.635000000000002 20.465000000000003 25.495000000000001 23.385000000000002 24.245000000000001 17.765000000000004 262.50000000000006 3.5000000000000004 -1.4291827956989243 32.755000000000003 22.975000000000005 23.045000000000005 26.615000000000006 1.0000000180025095e-35 0.035100000000000013 0.39394731182795689 17.275000000000002 1.5000000000000002 30.165000000000003 24.155000000000005 24.835000000000004 21.635000000000002 4.5000000000000009
decision_type=2 2 2 2 2 2 2 2 2 2 2 2 2 2 2 2 2 2 2 2 2 2 2 2
left_child=8 17 5 7 -5 6 -3 -4 14 12 11 -11 -10 -14 19 -16 -7 -2 -17 -1 -21 -19 -23 -12
right_child=1 2 3 4 -6 16 -8 -9 9 10 23 -13 13 -15 15 18 -18 21 -20 20 -22 22 -24 -25
leaf_value=-0.025206964604544076 -0.017197599541069336 -0.02483727160614764 0.0083239411755912686 -0.0098014039234915386 0.0083354723785307554 -0.029240112228729211 0.0062397496704555949 0.026717572511909701 -0.025025666982957346 0.0027587903445744862 -0.026387431227437856 0.040423484302896148 0.16880928436785139 -0.004583942394849199 0.086558548240965413 -0.031286993018974397 0.0074518992472883605 0.033332482466727403 0.00019824426193570859 -0.021756372466974351 0.062791281701646204 -0.0038987821463042412 0.030137848549829052 -0.0019067627073934368
leaf_weight=176.8460885239765 2.0803654147312036 54.991662719286978 281.4175491835922 341.12253014743328 413.89301387127489 74.212823348119855 133.36964657902718 104.14044915884733 53.481409795582294 59.852482907474041 11.533634733408691 12.5612670276314 0.44892367161810653 25.063952271826565 0.94292144477367656 6.1138273328542718 4.2944229599088422 62.379411114379764 14.7694530505687 2.9295439403504124 1.2835108721628783 7.7741897068917742 25.010111808776855 7.0725514320656648
leaf_count=11522 31 1787 1988 3060 3345 1854 1258 776 3415 906 340 157 10 1065 14 199 100 900 207 95 67 59 271 179
internal_value=-0.000129638 0.00354006 0.00181873 0.00458664 0.000141075 -0.0100111 -0.00283312 0.0132921 -0.0149372 -0.00601394 0.00390093 0.0092923 -0.0174382 -0.00153292 -0.0224148 -0.00489033 -0.027233 0.0284534 -0.00901943 -0.0245273 0.00400115 0.0294514 0.0220667 -0.0170819
internal_weight=1877.59 1504.69 1407.44 1140.57 755.016 266.869 188.361 385.558 372.9 170.014 91.0199 72.4137 78.9943 25.5129 202.885 21.8262 78.5072 97.2441 20.8833 181.059 4.21305 95.1637 32.7843 18.6062
internal_count=33605 15429 14168 9169 6405 4999 3045 2764 18176 6072 1582 1063 4490 1075 12104 420 1954 1261 406 11684 162 1230 330 519
is_linear=0
shrinkage=0.03


Tree=95
num_leaves=25
num_cat=0
split_feature=0 22 2 3 22 2 8 3 2 24 22 17 22 0 2 3 3 21 0 18 0 26 2 4
split_gain=110.339 63.7393 42.0724 33.5673 32.3117 35.8881 34.9158 32.3453 31.8464 30.0546 26.8385 22.9832 9.82413 9.32419 14.375 20.1791 8.87611 9.87785 5.4015 3.67453 3.61498 0.643003 3.32046 0.207436
threshold=5.0550000000000006 93.500000000000014 28.975000000000005 21.155000000000005 344.50000000000006 29.705000000000002 496.50000000000006 23.245000000000001 38.815000000000005 3.5000000000000004 340.50000000000006 43.000000000000007 74.500000000000014 1.8650000000000004 30.655000000000005 19.005000000000006 16.125000000000004 7.5000000000000009 13.655000000000003 24.500000000000004 18.420000000000005 -0.17810611205432925 28.035000000000004 7.6450000000000005
decision_type=2 2 2 2 2 2 2 2 2 2 2 2 2 2 2 2 2 2 2 2 2 2 2 2
left_child=1 13 10 11 5 6 -3 -7 9 -5 16 20 -13 21 15 -15 -2 -18 -10 -16 -4 22 -1 -23
right_child=2 4 3 8 -6 7 -8 -9 18 -11 -12 12 -14 14 19 -17 17 -19 -20 -21 -22 23 -24 -25
leaf_value=0.029272589318489049 -0.031484182696937209 0.044502848649633317 -0.027197775742449477 0.021623289368637978 -0.031837604273946218 -0.012462366666726402 0.0034015446744085826 0.00079775744752389778 -0.034836273267264357 0.0033747663392797653 -0.034764196220353483 -0.031572092345481424 0.011099006884634876 -0.017258369532989148 -0.0096989566926379261 0.039249826189548628 0.031775138715420481 0.017795988596979617 0.008467566224771645 -0.031840565064116831 0.02015209253276019 -0.023742402631526979 -0.026822337934989785 -0.030335969942140373
leaf_weight=1.0057704765349651 2.5554292295128098 19.604762993752956 46.158655321225524 143.98009137436748 33.264954502694309 341.25190615653992 363.57012485340238 321.57599533442408 16.515650998800997 186.36383464559913 7.2604218050837508 5.650817869231104 34.518719684332609 15.108837344683709 9.1315908096730691 9.1209630630910379 91.416159084066749 90.559373445808887 3.0751006305217734 25.817774066701531 1.4982471764087666 4.5520890448242417 17.040639718994498 75.81194899789989
leaf_count=87 76 206 674 1035 1243 6432 3187 5697 152 1068 83 163 258 617 271 95 1336 917 16 1025 15 421 1541 6990
internal_value=-0.00012813 -0.00533213 0.010096 0.00496263 -0.00272979 -0.00180411 0.00550445 -0.00602912 0.00912442 0.0113284 0.0218127 -0.0116196 0.00509628 -0.0231545 -0.0137443 0.00401334 0.0240388 0.0248185 -0.028039 -0.0260554 -0.0257092 -0.0288134 -0.023696 -0.0299625
internal_weight=1866.41 1236.86 629.553 437.761 1079.27 1046 383.175 662.828 349.935 330.344 191.791 87.8264 40.1695 157.59 59.1792 24.2298 184.531 181.976 19.5908 34.9494 47.6569 98.4104 18.0464 80.364
internal_count=33605 27812 5793 3381 16765 15522 3393 12129 2271 2103 2412 1110 421 11047 2008 712 2329 2253 168 1296 689 9039 1628 7411
is_linear=0
shrinkage=0.03


Tree=96
num_leaves=25
num_cat=0
split_feature=0 22 24 2 1 22 2 2 0 22 0 22 22 7 7 3 25 18 22 2 7 23 0 2
split_gain=104.994 64.5027 43.4675 35.4664 34.3762 52.9329 31.3102 24.1784 23.7877 19.2882 12.5056 11.7635 19.7889 24.0918 13.4161 8.25431 7.50936 5.16568 35.7468 4.50571 3.90986 8.77811 3.72324 3.09091
threshold=5.6150000000000011 93.500000000000014 2.5000000000000004 27.315000000000001 30.945000000000004 216.50000000000003 32.755000000000003 29.705000000000002 18.420000000000005 74.500000000000014 6.4450000000000012 10.500000000000002 8.5000000000000018 74.830400000000012 79.153350000000017 16.845000000000002 -0.86088709677419339 33.500000000000007 142.50000000000003 32.055000000000007 78.197250000000011 3.5000000000000004 3.1750000000000003 25.635000000000002
decision_type=2 2 2 2 2 2 2 2 2 2 2 2 2 2 2 2 2 2 2 2 2 2 2 2
left_child=1 11 10 15 5 6 -3 -7 9 -5 16 12 14 -14 -1 -4 19 22 -19 -2 -13 -22 -6 -17
right_child=2 4 3 8 17 7 -8 -9 -10 -11 -12 20 13 -15 -16 23 -18 18 -20 -21 21 -23 -24 -25
leaf_value=-0.029816751223656839 0.011370480128314462 0.012561413136027797 -0.032388402422849023 -0.028718167446215678 -0.028953332954282335 -0.0015236282935610255 -0.0019880142981063393 -0.014463132394223034 0.031186862321573597 0.0021153569837702893 0.030863488010822164 -0.02913511431453248 0.095957508884462167 -0.030945304210933632 0.038690043995717356 0.033599506600726227 0.019833952363369937 -0.032387996555168365 0.066648952088048538 -0.031095231898394866 -0.031605314552095358 -0.0026581374808193133 -0.013816233842172794 0.020612493200447279
leaf_weight=15.303585842251783 3.7592469863593596 287.87419580854475 2.1167665012180796 19.396514311432838 47.218941672705114 277.12055338639766 247.62255768850446 244.75620444770902 24.08709567040205 311.46985673159361 102.34075360745192 98.627453096210957 3.4160734107717863 2.2222364526242018 3.0926996339112511 36.84273736551404 15.922376926988361 12.137637673877181 4.4947490449994794 5.5961924716830254 19.749774396419525 18.040547201409936 21.18602892011404 29.861576609313488
leaf_count=901 30 2163 45 565 1833 3541 4534 4425 258 1980 1287 7719 96 143 72 601 138 405 88 47 1295 946 175 318
internal_value=-0.0001262 -0.00477029 0.0108471 0.00622477 -0.00226866 -0.000792852 0.00583352 -0.00759216 0.00240324 0.000307791 0.0261962 -0.0225817 -0.00322936 0.0459411 -0.0182997 0.0259348 0.0073002 -0.0206192 -0.00562417 -0.0140315 -0.0259913 -0.0177864 -0.0242651 0.0277856
internal_weight=1854.26 1302.86 551.393 423.775 1142.41 1057.37 535.497 521.877 354.953 330.866 127.619 160.452 24.0346 5.63831 18.3963 68.8211 25.2778 85.0374 16.6324 9.35544 136.418 37.7903 68.405 66.7043
internal_count=33605 28336 5269 3767 17164 14663 6697 7966 2803 2545 1502 11172 1212 239 973 964 215 2501 493 77 9960 2241 2008 919
is_linear=0
shrinkage=0.03


Tree=97
num_leaves=25
num_cat=0
split_feature=0 2 0 25 24 1 25 3 2 3 3 2 24 25 5 2 3 24 4 0 2 1 6 3
split_gain=101.578 66.0087 47.3365 41.4552 27.1412 27.0918 19.6561 10.7321 10.6237 14.5675 10.5317 17.6099 10.4417 8.03631 8.25682 7.77037 5.13107 4.63182 3.78238 6.43761 3.19816 7.4557 2.91229 2.87929
threshold=1.2550000000000001 25.635000000000002 14.585000000000003 -1.8455967741935482 3.5000000000000004 30.325000000000003 -1.4291827956989243 19.815000000000001 32.755000000000003 22.975000000000005 24.105000000000004 35.915000000000006 4.5000000000000009 1.0000000180025095e-35 0.035100000000000013 34.255000000000003 17.095000000000002 1.5000000000000002 30.165000000000003 0.90500000000000014 24.835000000000004 21.635000000000002 15.881350000000001 23.175000000000004
decision_type=2 2 2 2 2 2 2 2 2 2 2 2 2 2 2 2 2 2 2 2 2 2 2 2
left_child=4 16 3 7 13 -5 10 -3 9 -8 -6 -12 -4 18 -15 -14 -2 -16 22 -20 -18 -22 -1 -10
right_child=1 2 12 5 6 -7 8 -9 23 -11 11 -13 15 14 17 -17 20 -19 19 -21 21 -23 -24 -25
leaf_value=-0.01478893327468501 -0.021793441651131753 -0.022901106821988385 0.03232160508370141 0.0041074068502590317 -0.022933558044961853 -0.013635147816753571 0.0027464492850570966 -0.0076726900794965068 -0.03161936857351598 0.037802924043852076 0.054416918655074926 -0.014322839462783517 0.018832636620529222 0.079782877459327772 -0.031254874933070408 -0.016475166514149469 0.033087135291548699 0.00010844360741981569 -0.013743556751208405 0.081745917321367031 -0.0043975759271588817 0.029537070495679225 -0.02644721403664332 -0.0071049757806316552
leaf_weight=22.22304767742753 1.8298903061076988 55.895346937701106 50.740826012566686 1005.9411856746301 58.232681749388576 83.916132880374789 59.716650919988751 163.42621019575745 7.0662054484710124 12.988585440441964 4.5463041281327632 12.791095796972511 22.282145457342271 0.99050315655768173 5.9399965154007086 7.4972479417920104 58.740733295679092 14.789452932775021 3.4614505469799033 0.77828100416809309 7.7107761874794987 23.851215142756701 145.83937670942396 11.063316352665423
leaf_count=1495 29 1849 650 8606 3755 1046 906 1753 221 157 123 612 217 14 199 47 902 207 144 18 59 271 10027 298
internal_value=-0.000124283 0.00334992 0.00171962 0.00034649 -0.0144079 0.00274128 -0.00551853 -0.0115537 0.00388598 0.00900919 -0.0168227 0.00370246 0.0240454 -0.0220319 -0.00483541 0.00994356 0.0279409 -0.00887867 -0.0241996 0.0037853 0.0289487 0.0212466 -0.0249056 -0.0166598
internal_weight=1842.26 1481.83 1389.7 1309.18 360.427 1089.86 166.405 219.322 90.8348 72.7052 75.5701 17.3374 80.5202 194.022 21.72 29.7794 92.1326 20.7294 172.302 4.23973 90.3027 31.562 168.062 18.1295
internal_count=33605 15429 14168 13254 18176 9652 6072 3602 1582 1063 4490 735 914 12104 420 264 1261 406 11684 162 1232 330 11522 519
is_linear=0
shrinkage=0.03


Tree=98
num_leaves=25
num_cat=0
split_feature=5 24 0 22 2 3 1 3 22 2 0 25 20 0 2 3 14 3 22 3 7 2 2 0
split_gain=97.3163 62.9996 51.2993 47.8603 34.8328 30.0973 28.4013 49.6982 43.8468 29.3127 20.8971 6.62482 9.81221 6.41069 7.93374 5.68691 5.65089 17.9226 4.61508 8.7091 19.4544 3.30661 3.08398 1.95188
threshold=0.56555000000000011 1.5000000000000002 15.075000000000001 95.500000000000014 25.405000000000005 21.155000000000005 29.105000000000004 23.285000000000004 132.50000000000003 29.705000000000002 3.5050000000000003 -1.8455967741935482 0.49000000000000005 2.8450000000000002 36.565000000000005 21.155000000000005 0.29000000000000009 25.775000000000002 10.500000000000002 19.475000000000005 74.47975000000001 36.035000000000004 26.195000000000004 3.5050000000000003
decision_type=2 2 2 2 2 2 2 2 2 2 2 2 2 2 2 2 2 2 2 2 2 2 2 2
left_child=3 10 4 18 23 -6 7 9 -9 -5 13 12 -4 15 -15 -2 21 -18 19 22 -21 -8 -1 -3
right_child=1 2 11 6 5 -7 16 8 -10 -11 -12 -13 -14 14 -16 -17 17 -19 -20 20 -22 -23 -24 -25
leaf_value=0.026213102893477121 0.022418929100272052 0.0098714971969954702 0.028188859421340726 0.00068973303373504285 -0.0096175321817011453 0.0031288462825723937 -0.0097990067068396882 0.076520917963472962 0.010581348409901496 -0.015016759187672365 0.034987103808866375 0.030553508713885388 -0.014072960013941834 0.023587285837482794 -0.024184528718077934 -0.024294719522598363 -0.013578977750234677 0.10618508652959126 -0.028588945458407514 0.165772190695267 -0.0060140169461858342 -0.02403927036017383 -0.027868507592330435 0.031281435871326105
leaf_weight=1.0378413489088405 3.2749922564253202 4.3151490874588481 12.066955588757994 234.21727210935205 227.12914336659014 626.8905502166599 17.980541595257819 10.302908408455549 76.206241705454886 196.79218492191285 80.213230188935995 62.298657719045877 8.3767284415662271 20.208095543086532 3.7019638177007428 8.2639022506773454 8.2420370578765851 1.3022637553513039 100.20467154681683 0.75081541854888145 2.8283074898645282 79.836660112254322 11.082667036913334 34.252530477941036
leaf_count=61 42 29 122 3359 2751 3808 457 207 1099 5284 924 917 74 122 24 52 310 41 9210 23 124 3235 882 448
internal_value=-0.000122212 0.00557566 0.00309311 -0.00851377 0.00099832 -0.000261092 -0.00522968 -0.00231659 0.0184345 -0.00648161 0.02651 0.0256907 0.0108722 0.00732819 0.0161908 -0.0110364 -0.0192717 0.00276212 -0.0262194 -0.0110956 0.0300227 -0.0214217 -0.0232377 0.028886
internal_weight=1831.78 1090.99 975.33 740.784 892.587 854.02 624.88 517.519 86.5092 431.009 115.662 82.7423 20.4437 35.449 23.9101 11.5389 107.362 9.5443 115.904 15.6996 3.57912 97.8172 12.1205 38.5677
internal_count=33605 9313 8149 24292 7036 6559 13992 9949 1306 8643 1164 1113 196 240 146 94 4043 351 10300 1090 147 3692 943 477
is_linear=0
shrinkage=0.03


Tree=99
num_leaves=25
num_cat=0
split_feature=0 2 3 0 2 24 25 24 3 1 2 8 25 26 11 5 3 24 4 3 2 1 6 24
split_gain=93.2049 61.8375 45.2604 42.5089 30.8966 26.63 18.5197 18.3039 10.336 16.5669 9.94212 13.2935 7.87431 7.71895 12.1844 7.49753 4.99728 4.53638 3.70501 6.46889 3.27766 7.28161 2.97243 2.91991
threshold=1.2550000000000001 25.635000000000002 17.765000000000004 12.055000000000001 37.635000000000012 3.5000000000000004 -1.4291827956989243 3.5000000000000004 24.105000000000004 31.665000000000003 32.755000000000003 473.50000000000006 1.0000000180025095e-35 0.33800000000000013 -53.999999999999993 0.035100000000000013 17.095000000000002 1.5000000000000002 30.165000000000003 24.155000000000005 24.835000000000004 21.635000000000002 15.881350000000001 4.5000000000000009
decision_type=2 2 2 2 2 2 2 2 2 2 2 2 2 2 2 2 2 2 2 2 2 2 2 2
left_child=5 16 13 4 -4 12 8 -5 -7 -10 11 -8 18 -3 -15 -14 -2 -17 22 -20 -18 -22 -1 -12
right_child=1 2 3 7 -6 6 10 -9 9 -11 23 -13 15 14 -16 17 20 -19 19 -21 21 -23 -24 -25
leaf_value=-0.014300399699699073 -0.021669561894668943 -0.027096266418175686 0.0023723350783799169 0.033709368770472266 -0.016038501691668892 -0.022622493285728688 0.060754271641801486 0.010242955514457664 0.028979264784443994 -0.030693498008928344 -0.025966566627068928 0.0056295679563493402 0.074190533342506401 -0.028313702407497067 0.11593563600388349 -0.031217425857161338 0.032859520781634156 0.0001797039249618638 -0.021672839951271568 0.057834284964644149 -0.004664561015219836 0.029085380060896861 -0.026260970656518178 -0.00096310869691608578
leaf_weight=21.581262080930173 1.8216494871303428 53.552357850596309 1110.4646928133443 48.795609252527356 88.580312844365835 56.100611794739962 4.1761039849370709 77.314404191449285 9.9876863807439822 7.2100443290546528 10.84389607794583 68.828598413616419 1.0332265570759798 1.2935395631939175 0.889340590685605 5.7577357590198526 55.980095248669386 14.755581503733993 2.878206241875886 1.354396568611264 7.6659031771123436 23.061225641518831 140.08675957005471 6.8644335716962805
leaf_count=1495 29 1995 9518 644 1288 3755 75 667 370 365 340 988 14 44 12 199 902 207 95 67 59 271 10027 179
internal_value=-0.000120282 0.00319916 0.0016409 0.00275477 0.00101222 -0.0139986 -0.00517037 0.0193228 -0.0163851 0.00396182 0.00389141 0.00878288 -0.021723 -0.0248422 0.0304558 -0.00466128 0.0275051 -0.00863293 -0.0239389 0.00376876 0.0285382 0.0206653 -0.0246643 -0.0162743
internal_weight=1820.88 1469.42 1380.89 1325.16 1199.05 351.459 164.011 126.11 73.2983 17.1977 90.713 73.0047 187.447 55.7352 2.18288 21.5465 88.5289 20.5133 165.901 4.2326 86.7072 30.7271 161.668 17.7083
internal_count=33605 15429 14168 12117 10806 18176 6072 1311 4490 735 1582 1063 12104 2051 56 420 1261 406 11684 162 1232 330 11522 519
is_linear=0
shrinkage=0.03


Tree=100
num_leaves=25
num_cat=0
split_feature=0 3 1 3 1 24 2 3 1 1 8 22 22 6 22 23 22 4 0 18 0 3 0 25
split_gain=89.6795 55.0452 49.8279 52.6807 43.4916 42.1305 37.2915 31.1808 35.4092 28.6384 25.4993 22.8852 22.2112 19.5451 15.4349 14.91 11.6835 12.8173 11.3927 2.46025 10.1074 1.45795 0.639259 0.295154
threshold=4.455000000000001 19.345000000000002 24.205000000000002 22.045000000000005 29.105000000000004 1.5000000000000002 28.975000000000005 22.295000000000005 30.265000000000004 26.155000000000005 496.50000000000006 344.50000000000006 218.50000000000003 14.099000000000002 328.50000000000006 3.5000000000000004 114.50000000000001 18.585000000000004 10.255000000000001 34.500000000000007 4.0650000000000004 18.665000000000003 4.6050000000000013 -0.49680107526881717
decision_type=2 2 2 2 2 2 2 2 2 2 2 2 2 2 2 2 2 2 2 2 2 2 2 2
left_child=1 13 10 14 -5 22 11 9 -9 -8 15 18 -12 16 -4 -3 -1 -18 -7 21 -21 -15 -2 -24
right_child=5 2 3 4 -6 6 7 8 -10 -11 12 -13 -14 19 -16 -17 17 -19 -20 20 -22 -23 23 -25
leaf_value=-0.030719337378551044 0.013583341865207512 0.10367796927331369 -0.020864341199779625 0.0047081568591394122 -0.013723683747131388 0.013994317112279489 -0.00061813525339423812 0.012292446634599739 -0.015058774734211458 -0.02722380150013852 0.021037055287197903 -0.035320991546152133 -0.0001955633584563803 -0.030863562778503901 0.012455253912480514 0.012856157703829692 0.019489649329150528 -0.018334771311738506 0.029913445628414696 -0.019057685585164456 0.1499652938582022 -0.022717610143696217 0.037735344496567839 0.032518144004128509
leaf_weight=11.42887374665588 1.4534391649067391 4.152037549763917 198.92430624645203 365.61293937265873 168.22961103543639 114.65848710387945 123.77930533047765 244.18507796153426 51.601764880120754 51.587249271571636 78.391516987234354 7.0989469029009333 102.08320375625044 85.04343661852181 13.352423072792588 2.6748675275593996 20.200429362244904 13.419122032821177 62.523658042773604 10.107287089340385 0.32877087499946434 25.76524983625859 12.755403894931076 41.5476333796978
leaf_count=887 16 61 6153 4572 5204 1062 1239 1407 395 493 510 85 878 6019 309 25 252 163 1044 702 7 1336 111 675
internal_value=-0.000118372 -0.00548712 -0.00265417 -0.00612701 -0.00110026 0.00818332 0.00605367 0.00157838 0.00752086 -0.00844467 0.01118 0.0174957 0.0090271 -0.0213888 -0.0187685 0.0680928 -0.00451569 0.00439217 0.0196118 -0.027658 -0.0137329 -0.0289695 0.0332181 0.0337436
internal_weight=1810.91 1099.71 933.421 746.119 533.843 711.191 655.434 471.153 295.787 175.367 187.302 184.281 180.475 166.293 212.277 6.82691 45.0484 33.6196 177.182 121.245 10.4361 110.809 55.7565 54.303
internal_count=33605 27078 17712 16238 9776 6527 5725 3534 1802 1732 1474 2191 1388 9366 6462 86 1302 415 2106 8064 709 7355 802 786
is_linear=0
shrinkage=0.03


Tree=101
num_leaves=25
num_cat=0
split_feature=0 2 3 1 3 1 3 3 24 3 2 2 3 25 2 5 9 3 24 4 3 2 1 6
split_gain=85.803 58.2537 42.8254 46.4889 46.0436 44.1004 39.8005 38.8604 26.0416 17.3253 28.5253 15.1478 9.36495 7.64709 7.4256 6.77988 6.08052 4.73746 4.41352 3.61883 5.93523 3.38856 7.03932 3.0221
threshold=1.2550000000000001 25.635000000000002 20.965000000000003 28.545000000000005 23.455000000000002 24.455000000000002 17.645000000000003 24.205000000000002 3.5000000000000004 20.395000000000003 28.885000000000002 27.765000000000004 23.005000000000006 1.0000000180025095e-35 26.045000000000005 0.035100000000000013 3.5000000000000004 17.095000000000002 1.5000000000000002 30.165000000000003 24.155000000000005 24.835000000000004 21.635000000000002 15.881350000000001
decision_type=2 2 2 2 2 2 2 2 2 2 2 2 2 2 2 2 2 2 2 2 2 2 2 2
left_child=8 17 5 4 -4 6 -3 -5 13 14 11 -11 -12 19 -10 -15 -7 -2 -17 23 -21 -19 -23 -1
right_child=1 2 3 7 -6 16 -8 -9 9 10 12 -13 -14 15 -16 18 -18 21 -20 20 -22 22 -24 -25
leaf_value=-0.013831619387715067 -0.021220784258774078 -0.025027347982169733 0.0043816081585436161 -0.021390517327771953 0.021940247012579742 -0.019449172965754061 0.0057010734492210016 0.0022476327116037094 0.01699698542207688 0.012190406898243291 -0.015759790926637141 0.063833141186053793 0.0035217758619389568 0.06869451921176728 -0.023302325578881868 -0.031185829246521739 -0.035468095432596561 0.0326676632145615 0.00011248639520616863 -0.021488701918368026 0.053678591712188743 -0.0048184190990591194 0.02857085176902387 -0.026071297294366066
leaf_weight=20.98514311388135 1.7865568473935116 47.668511084280908 584.06398983672261 95.827031170018017 174.58687957283109 71.209937100298703 185.80263706669211 180.47740119043738 4.528419421054422 12.719027268700303 43.240550950169563 8.5467266626656038 47.656409378163517 1.0788320247083927 45.08416969422251 5.5891059422865519 30.443855881690979 53.588006371632218 14.772694144397974 2.8275312492623916 1.4203088060021398 7.6247365027666119 22.312140911817551 134.65291449800134
leaf_count=1495 29 1761 4372 1120 1171 1621 1747 1719 61 84 1535 104 1541 14 2747 199 657 902 207 95 67 59 271 10027
internal_value=-0.000116819 0.00306474 0.00156704 0.0045852 0.00842234 -0.00775383 -0.000572841 -0.00595048 -0.0136126 -0.00486235 0.00166711 0.0329457 -0.00565065 -0.0214193 -0.019624 -0.00459545 -0.0242466 0.0271174 -0.00847858 -0.0236753 0.00364425 0.0281513 0.0200668 -0.024421
internal_weight=1798.49 1455.39 1370.08 1034.96 758.651 335.125 233.471 276.304 343.102 161.775 112.163 21.2658 90.897 181.327 49.6126 21.4406 101.654 85.3114 20.3618 159.886 4.24784 83.5249 29.9369 155.638
internal_count=33605 15429 14168 8382 5543 5786 3508 2839 18176 6072 3264 188 3076 12104 2808 420 2278 1261 406 11684 162 1232 330 11522
is_linear=0
shrinkage=0.03


Tree=102
num_leaves=25
num_cat=0
split_feature=0 22 24 22 2 22 8 1 22 22 3 1 2 3 18 26 14 2 1 3 1 1 2 0
split_gain=83.9597 60.9142 45.2731 37.1396 35.4804 39.6834 28.8286 27.4851 31.7156 28.3025 25.8377 21.2287 11.7555 30.2649 13.3118 13.0324 9.08352 7.31479 1.17356 1.57899 3.7348 0.7378 0.40891 2.83716
threshold=6.8050000000000006 93.500000000000014 2.5000000000000004 344.50000000000006 29.705000000000002 145.50000000000003 496.50000000000006 27.575000000000003 314.50000000000006 74.500000000000014 24.205000000000002 30.805000000000003 32.405000000000008 20.505000000000006 34.500000000000007 -0.16861290322580658 0.13000000000000003 26.615000000000006 31.255000000000006 23.695000000000004 27.235000000000003 29.885000000000002 32.915000000000006 5.7150000000000007
decision_type=2 2 2 2 2 2 2 2 2 2 2 2 2 2 2 2 2 2 2 2 2 2 2 2
left_child=1 12 18 4 6 -6 -3 8 9 -4 16 -12 13 14 -1 -15 -9 -10 19 20 -2 -21 23 -14
right_child=2 3 7 -5 5 -7 -8 10 17 -11 11 -13 22 15 -16 -17 -18 -19 -20 21 -22 -23 -24 -25
leaf_value=-0.023960334271941254 0.031516701289302285 0.037821628850133675 -0.026393812259642584 -0.032227647959465852 0.0041551950583874429 -0.0099564377035397129 0.004407919307091202 -0.038378361481742236 0.017889596782550473 0.018995490847735632 0.02125594414088957 -0.020009929151648544 -0.027542845244859521 0.072487480645222188 0.025490159299303431 0.0047142181911453531 -0.010445387182962673 -0.027283330181745228 0.0065003794907663379 0.036715161690744708 0.0060401748282200938 0.054189373778875054 -0.031163293862283718 0.065016902668753332
leaf_weight=69.430364456027746 58.674396984279156 24.629351119510829 13.217386578209696 34.190843645483255 293.94603477418423 460.03245810698718 411.66219474561512 21.203016670420766 3.8290013335645225 191.49926353804767 33.253785893321037 16.932947315275669 7.7755643688142282 4.5167323658242822 5.2713289335370055 5.8751989724114519 20.713174104690552 20.491853252053261 1.7128211930394162 18.123863358050588 5.6801523938775054 2.4711385816335669 62.702263222075999 0.30992496944963921
leaf_count=5360 971 240 417 1294 5931 6815 3629 151 25 1895 181 134 606 96 380 172 131 156 9 181 44 15 4763 9
internal_value=-0.000115598 -0.00364895 0.0118442 -0.00140035 -0.000514829 -0.00445488 0.00629418 0.0066516 0.0122171 0.016065 -0.00718849 0.00733288 -0.0213119 -0.0137978 -0.0204709 0.0341711 -0.0245751 -0.0201714 0.0310861 0.0315818 0.0292681 0.0388118 -0.0303445 -0.0239949
internal_weight=1788.15 1380.34 407.803 1224.46 1190.27 753.978 436.292 321.14 229.038 204.717 92.1029 50.1867 155.881 85.0936 74.7017 10.3919 41.9162 24.3209 86.6624 84.9496 64.3545 20.595 70.7878 8.08549
internal_count=33605 29295 4310 17909 16615 12746 3869 3090 2493 2312 597 315 11386 6008 5740 268 282 181 1220 1211 1015 196 5378 615
is_linear=0
shrinkage=0.03


Tree=103
num_leaves=25
num_cat=0
split_feature=0 3 2 3 1 22 24 22 2 6 0 17 22 22 22 0 26 18 0 2 3 3 2 2
split_gain=80.1144 52.9494 46.9072 50.5122 63.2679 45.9134 39.0173 35.4162 30.4919 25.1273 21.0016 19.669 16.8673 13.0313 15.4567 11.505 9.03899 8.66077 21.6183 7.62126 7.16582 6.8498 3.09216 2.60444
threshold=5.6150000000000011 19.475000000000005 32.555000000000007 23.535000000000004 29.105000000000004 214.50000000000003 2.5000000000000004 242.50000000000003 27.315000000000001 14.099000000000002 18.420000000000005 50.000000000000007 74.500000000000014 114.50000000000001 121.50000000000001 6.8050000000000006 0.074354838709677656 34.500000000000007 3.0450000000000004 36.165000000000006 16.845000000000002 19.245000000000001 25.635000000000002 26.195000000000004
decision_type=2 2 2 2 2 2 2 2 2 2 2 2 2 2 2 2 2 2 2 2 2 2 2 2
left_child=1 9 5 16 -5 11 15 -7 20 13 12 -3 -10 -1 -15 19 -4 23 -19 21 -8 -2 -22 -11
right_child=6 2 3 4 -6 7 8 -9 10 17 -12 -13 -14 14 -16 -17 -18 18 -20 -21 22 -23 -24 -25
leaf_value=-0.02904878658974825 -0.02328930325749385 0.014945981177616807 -0.026019137356831184 0.022365806682255664 -0.010910780315808258 -0.015429800836448491 -0.032201633376750395 0.0036132294496032296 -0.028360256530916925 -0.0036041877205897706 0.030476142301548673 -0.01866571869072154 0.0016587274422630322 0.087827936544033036 0.0016674013042074054 0.030858857484550348 -0.010794778700979465 -0.024224994104554958 0.069947316804895243 -0.029189645304402559 0.033189709980164836 0.021168855371885464 0.019492386411443789 -0.029061953286797768
leaf_weight=12.645852784626184 3.6013504359871211 253.62033511884511 125.88243293762207 74.624001775868237 165.38686913717538 138.04759910702705 1.9184954781085242 241.94897046033293 17.829809227026999 3.7310959389433256 21.721825040876865 16.70090738683939 305.28581913001835 1.9596555326133955 42.813600975088775 84.712879551574588 48.66750795673579 9.1241396032273752 2.8884297963231793 3.9956625849008551 31.331760041415691 23.288191881030798 28.168902289122343 117.99486206378788
leaf_count=925 51 2404 4116 834 4387 1341 45 3324 565 142 258 183 1980 20 479 1220 1695 694 61 30 601 201 318 7731
internal_value=-0.000113646 -0.0042185 -0.00160877 -0.00949482 -0.000564449 0.00341839 0.00976621 -0.00330485 0.00539048 -0.0187565 0.00192185 0.0128694 2.25307e-06 -0.00215689 0.00543851 0.0251442 -0.0217743 -0.0258834 -0.0015812 0.00946989 0.0248651 0.0152145 0.0267051 -0.0282816
internal_weight=1777.89 1256.04 1064.88 414.561 240.011 650.318 521.855 379.997 406.257 191.158 344.837 270.321 323.116 57.4191 44.7733 115.598 174.55 133.739 12.0126 30.8852 61.4192 26.8895 59.5007 121.726
internal_count=33605 28336 18284 11032 5221 7252 5269 4665 3767 10052 2803 2587 2545 1424 499 1502 5811 8628 755 282 964 252 919 7873
is_linear=0
shrinkage=0.03


Tree=104
num_leaves=25
num_cat=0
split_feature=0 2 0 25 24 1 3 2 15 3 3 24 24 25 1 3 2 2 4 2 1 0 4 25
split_gain=77.1376 53.9171 39.1078 36.6598 25.4065 23.3968 16.204 25.3736 13.6024 8.96146 8.92744 8.16756 7.51657 12.742 7.44269 7.23041 7.05309 7.01287 4.39081 3.68757 6.80588 2.06487 2.0614 1.3937
threshold=1.2550000000000001 25.635000000000002 15.075000000000001 -1.8455967741935482 3.5000000000000004 31.975000000000005 20.395000000000003 28.885000000000002 0.045000000000000005 21.515000000000004 23.005000000000006 4.5000000000000009 1.5000000000000002 -0.34803225806451604 23.535000000000004 16.845000000000002 26.045000000000005 35.725000000000001 34.120000000000012 24.835000000000004 21.635000000000002 0.045000000000000005 10.575000000000001 -1.4387768817204301
decision_type=2 2 2 2 2 2 2 2 2 2 2 2 2 2 2 2 2 2 2 2 2 2 2 2
left_child=4 15 3 9 12 -5 16 8 -8 -3 -9 -4 -1 18 -15 -2 21 -13 -14 23 -21 -6 -18 -17
right_child=1 2 11 5 6 -7 7 10 -10 -11 -12 17 13 14 -16 19 22 -19 -20 20 -22 -23 -24 -25
leaf_value=-0.029974263714359 -0.037764799516470812 -0.018014205427093793 0.03219078409563509 0.0033383081753738937 -0.011076848221878398 -0.02332565250879429 0.021278686749286405 -0.015312818520816875 0.089649822529330528 -0.005606943171251242 0.0036621452809929593 0.017073229958389089 -0.022952646627945324 0.020928550356825167 -0.01081989405990031 0.056371309030917208 -0.011435815056659672 -0.027699332546968932 0.051135834704536851 -0.005114061934372984 0.028013623313505678 0.031489789492616209 -0.026656564371190617 0.031733160263484703
leaf_weight=56.980589277110994 1.5380706451833237 93.327669131569564 41.180973773822188 1043.3662944063544 1.5788665246218432 30.482883798889816 18.784634599462155 42.12326140794903 3.0431200619786969 119.44923356734216 47.456435474567115 21.230832520872358 87.554254218004644 10.394413471221926 18.42562943790108 2.1581900976598254 10.651378490030764 3.6968263462185851 0.725891362875699 7.5560967326164272 21.357324358075857 2.9271242124959826 32.270654643885791 48.532907200977206
leaf_count=4560 28 2493 611 9263 15 435 168 1535 20 1130 1541 215 6868 110 542 12 718 21 24 59 271 46 2029 891
internal_value=-0.000112167 0.00290829 0.00148352 0.000327272 -0.0131213 0.00258141 -0.00444518 0.00180683 0.0308107 -0.011049 -0.00526049 0.0239867 -0.0210377 -0.0166892 0.000630695 0.0266609 -0.019131 0.0104334 -0.0223434 0.0279057 0.0193562 0.0165747 -0.0228794 0.0327821
internal_weight=1766.79 1433.88 1352.73 1286.63 332.916 1073.85 158.835 111.407 21.8278 212.777 89.5797 66.1086 174.081 117.1 28.82 81.1426 47.428 24.9277 88.2801 79.6045 28.9134 4.50599 42.922 50.6911
internal_count=33605 15429 14168 13321 18176 9698 6072 3264 188 3623 3076 847 12104 7544 652 1261 2808 236 6892 1233 330 61 2747 903
is_linear=0
shrinkage=0.03


Tree=105
num_leaves=25
num_cat=0
split_feature=0 22 24 22 1 3 1 3 1 3 1 22 2 3 18 16 14 3 0 16 0 5 2 1
split_gain=73.8918 55.9322 42.5931 35.1646 33.6355 39.4233 25.515 30.1543 27.4692 24.4321 19.7662 13.5045 11.9989 27.9136 12.7451 12.1645 8.73788 7.39138 1.25286 3.2076 3.15105 1.23284 0.432124 2.9077
threshold=6.8050000000000006 93.500000000000014 2.5000000000000004 344.50000000000006 31.015000000000004 23.775000000000002 27.575000000000003 21.155000000000005 24.495000000000001 24.205000000000002 30.805000000000003 208.50000000000003 32.405000000000008 20.505000000000006 34.500000000000007 41.000000000000007 0.13000000000000003 25.605000000000004 8.0850000000000026 39.000000000000007 7.3550000000000013 0.91685000000000005 32.915000000000006 26.935000000000006
decision_type=2 2 2 2 2 2 2 2 2 2 2 2 2 2 2 2 2 2 2 2 2 2 2 2
left_child=1 12 18 4 5 -3 7 8 -4 16 -11 -9 13 14 -1 -15 -8 -6 19 21 -21 -2 23 -14
right_child=2 3 6 -5 17 -7 9 11 -10 10 -12 -13 22 15 -16 -17 -18 -19 -20 20 -22 -23 -24 -25
leaf_value=-0.023509934517878882 0.015434566410399295 -0.0017832071102214394 0.0081763106937165764 -0.032194437551082089 -0.031782110529210456 0.012859608133197841 -0.037822530000363605 0.030191093955420429 -0.02948112366703013 0.020554387061062572 -0.019561202661773615 0.011029330140804211 -0.030731478250981343 0.04836268528100527 0.02472709856802514 -0.032934904396081474 -0.010262743616334417 -0.012642676178818976 0.032583776089999753 0.027631850341147315 -0.018261663949290196 0.036793969278405655 -0.031136028336797409 0.024093511888759443
leaf_weight=65.484181298874319 3.2033059224486378 896.86881981417537 67.199970630928874 32.284219672903419 27.301952077075839 202.92127946950495 20.832459338009357 67.938277956098318 23.540780732408166 32.93794534355402 16.63878370448947 64.554555360227823 6.6580803096294394 8.4725238652899844 5.3310737572610369 2.059026561677455 20.583965681493282 54.231642774306238 63.188972190022469 2.6388336699455968 2.7492978312075138 10.100960329174994 59.049561833031476 1.0016047386452553
leaf_count=5360 33 11622 908 1294 913 2520 151 720 328 181 134 537 587 189 380 79 131 1560 1036 25 21 105 4763 28
internal_value=-0.000110188 -0.00342768 0.011294 -0.00130399 -0.000459791 0.000918526 0.0062723 0.0117302 -0.00159312 -0.00711745 0.00709092 0.0208549 -0.0208355 -0.0131015 -0.0198786 0.0324682 -0.0241253 -0.0190516 0.0305654 0.0237425 0.00421465 0.0316512 -0.0302664 -0.0235624
internal_weight=1757.77 1361.66 396.108 1213.61 1181.32 1099.79 314.227 223.234 90.7408 90.9932 49.5767 132.493 148.056 81.3468 70.8153 10.5316 41.4164 81.5336 81.8814 18.6924 5.38813 13.3043 66.7092 7.65969
internal_count=33605 29295 4310 17909 16615 14142 3090 2493 1236 597 315 1257 11386 6008 5740 268 282 2473 1220 184 46 138 5378 615
is_linear=0
shrinkage=0.03


Tree=106
num_leaves=25
num_cat=0
split_feature=0 2 3 0 1 24 25 3 1 2 8 24 25 26 6 24 1 0 3 4 26 24 4 26
split_gain=71.5698 51.4992 37.3313 36.2225 29.2775 24.7682 15.4869 9.54887 15.3017 8.9414 12.3557 7.59662 12.3236 7.35592 11.2092 7.09859 6.98939 4.23974 5.47846 4.11121 3.47958 2.8751 2.38672 1.65539
threshold=1.2550000000000001 25.635000000000002 17.705000000000002 15.075000000000001 31.015000000000004 3.5000000000000004 -1.4291827956989243 24.105000000000004 31.665000000000003 32.755000000000003 473.50000000000006 1.5000000000000002 -0.34803225806451604 0.33800000000000013 17.823850000000004 4.5000000000000009 23.535000000000004 3.4450000000000007 19.055000000000003 34.120000000000012 -0.082898245614035193 4.5000000000000009 28.705000000000002 -0.20619468024900964
decision_type=2 2 2 2 2 2 2 2 2 2 2 2 2 2 2 2 2 2 2 2 2 2 2 2
left_child=5 17 13 4 -4 11 7 22 -9 10 -8 -1 19 23 -15 -5 -14 18 -2 -13 -20 -11 -7 -3
right_child=1 2 3 15 -6 6 9 8 -10 21 -12 12 16 14 -16 -17 -18 -19 20 -21 -22 -23 -24 -25
leaf_value=-0.02993781858975688 -0.016256047754594254 -0.015194762872737352 0.0024218306818218722 0.032445289564285842 -0.016978897768981163 -0.023077812850377494 0.057848472367483743 0.027495973129097042 -0.030649741527511834 -0.025607518747592969 0.0054239190935305732 -0.022687898887577468 0.02012498394684975 0.11006917487426179 -0.033387871009183563 0.011640584849312663 -0.010587901247048523 0.030348197439418228 0.029999414884961783 0.047441800923967763 -0.0052786553515417568 -0.00040365324645809581 0.008554846745831542 -0.029645038018990193
leaf_weight=54.792463456280529 4.1754001276567605 8.8105600024573487 1158.0873738476075 39.140849571675062 74.511087973602116 48.03217379655689 4.3001338336616746 10.230686171911659 6.767956023104488 10.285900490358474 68.498956106603146 84.714592631906271 10.511132625862958 0.90330604836344597 1.0718885036185384 23.696038207039237 18.242446827702224 59.426807494834065 11.93615747988224 0.75907171331345935 3.1884436756372425 6.7443563239648929 2.2471406692638984 37.516187843866646
leaf_count=4560 36 203 10296 607 1043 3638 75 370 365 340 988 6868 110 12 43 219 542 1133 77 24 15 179 117 1745
internal_value=-0.000108299 0.00279783 0.00141616 0.00238171 0.00124905 -0.0127839 -0.0042087 -0.0150924 0.00434544 0.0039427 0.00852056 -0.0207548 -0.0163498 -0.0244795 0.0322186 0.0245998 0.000639473 0.0263807 0.0141643 -0.0220651 0.0225624 -0.0156262 -0.021664 -0.0268968
internal_weight=1748.59 1422.46 1343.74 1295.44 1232.6 326.127 157.107 67.278 16.9986 89.8293 72.7991 169.02 114.227 48.3019 1.97519 62.8369 28.7536 78.7268 19.3 85.4737 15.1246 17.0303 50.2793 46.3267
internal_count=33605 15429 14168 12165 11339 18176 6072 4490 735 1582 1063 12104 7544 2003 55 826 652 1261 128 6892 92 519 3755 1948
is_linear=0
shrinkage=0.03


Tree=107
num_leaves=25
num_cat=0
split_feature=3 2 3 1 22 1 3 0 15 8 25 3 22 24 26 26 6 2 3 26 22 2 18 3
split_gain=68.8677 70.8579 60.2505 65.1235 60.8158 52.5619 33.0128 32.5498 28.1192 22.9878 18.0318 17.4937 15.7466 9.9399 9.35551 6.37754 8.99211 3.655 4.94911 1.86674 4.8125 1.69565 0.537011 0.0200249
threshold=17.765000000000004 29.705000000000002 22.695000000000004 29.105000000000004 144.50000000000003 26.815000000000001 21.045000000000005 5.6150000000000011 0.03500000000000001 496.50000000000006 1.7651881720430111 19.005000000000006 340.50000000000006 3.5000000000000004 0.28480215053763469 0.33800000000000013 17.823850000000004 25.135000000000002 16.845000000000002 -0.20619468024900964 340.50000000000006 26.845000000000002 34.500000000000007 17.645000000000003
decision_type=2 2 2 2 2 2 2 2 2 2 2 2 2 2 2 2 2 2 2 2 2 2 2 2
left_child=15 7 5 4 -4 6 -3 9 -5 11 -11 -2 13 -9 -7 17 -17 18 -1 20 -19 -18 -21 -23
right_child=1 2 3 8 -6 14 -8 12 -10 10 -12 -13 -14 -15 -16 16 21 19 -20 22 -22 23 -24 -25
leaf_value=-0.039509839752108027 -0.031568754607586479 -0.015501183892311983 0.028852042863072056 -0.0035833161479898335 0.0026001275828299313 -0.031755551196253777 0.0038046169275329981 0.029274738772280384 -0.027207497038607111 0.0018806058468194182 0.038098465661996303 0.040452770526896137 -0.041067879721130796 0.014893899207315342 -0.0043218244936829853 0.088072613869256966 0.043560056164035792 -0.027079415540114535 0.048378467744432753 -0.030824437964342328 0.013867458539491015 -0.030670120308465994 -0.02189858932056617 -0.039305290767721046
leaf_weight=1.0224145483225577 3.4704947704449323 153.91444380162284 113.81282132165506 189.26562003279105 262.83102982211858 106.38180218357593 165.36313554411754 82.421332016587257 59.632367379497737 367.20179179310799 12.803268410265444 24.204038334079087 3.6700403541326514 91.034188512712717 12.50252662738785 1.0547266001813105 0.31606975942850124 12.350226209964601 1.322584383189678 63.882712890859693 3.2665426610037676 1.3900868389755485 6.7028424297459415 0.29256555531173933
leaf_count=32 177 5724 1209 4218 2505 3572 2053 1368 1339 3596 88 238 28 1022 373 27 2 546 21 4785 101 107 465 9
internal_value=-0.000106619 0.00130022 -0.00331152 0.00266406 0.0105328 -0.0118426 -0.00550215 0.00968853 -0.00924333 0.00502333 0.00310087 0.031421 0.0204262 0.0217273 -0.0288705 -0.025425 0.0172025 -0.026895 0.0100594 -0.0279003 -0.0185146 -0.0201956 -0.0299768 -0.0321715
internal_weight=1740.11 1648.51 1063.7 625.542 376.644 438.162 319.278 584.805 248.898 407.68 380.005 27.6745 177.126 173.456 118.884 91.6008 3.05345 88.5473 2.345 86.2023 15.6168 1.99872 70.5856 1.68265
internal_count=33605 27510 20993 9271 3714 11722 7777 6517 5557 4099 3684 415 2418 2390 3945 6095 145 5950 53 5897 647 118 5250 116
is_linear=0
shrinkage=0.03


Tree=108
num_leaves=25
num_cat=0
split_feature=0 2 3 0 2 24 22 7 3 22 26 6 24 3 24 25 1 2 1 26 26 5 26 25
split_gain=66.6334 49.5004 38.8823 34.891 28.8945 20.7848 11.4039 11.4912 20.3346 9.02695 7.77888 8.41899 7.07888 7.0038 6.24449 10.5903 7.36787 4.10363 7.2987 2.36726 1.8005 1.61775 3.93809 1.17517
threshold=0.95500000000000007 25.635000000000002 17.645000000000003 15.075000000000001 31.955000000000002 3.5000000000000004 102.50000000000001 73.832350000000005 21.985000000000003 214.50000000000003 0.33800000000000013 17.823850000000004 4.5000000000000009 16.845000000000002 1.5000000000000002 -0.34803225806451604 23.535000000000004 24.835000000000004 21.635000000000002 -0.23144516129032253 -0.20619468024900964 0.020050000000000002 0.077302207130730258 -1.4387768817204301
decision_type=2 2 2 2 2 2 2 2 2 2 2 2 2 2 2 2 2 2 2 2 2 2 2 2
left_child=5 13 10 4 -4 14 21 8 -8 -9 20 -12 -5 -2 -1 19 -17 23 -19 -16 -3 22 -7 -15
right_child=1 2 3 12 -6 6 7 9 -10 -11 11 -13 -14 17 15 16 -18 18 -20 -21 -22 -23 -24 -25
leaf_value=-0.030428790419000797 -0.036988839156852478 -0.015383746051950168 0.004981758082299996 0.032314624189004958 -0.0041846833958704421 -0.030256987422478319 -0.0058643080048608092 0.005090932621136625 0.083270465471068769 -0.012477692420401386 0.095835613001121381 -0.0308453758470611 0.011319130628921429 0.054442479418270864 -0.0045230588266222168 0.021887324219364027 -0.012490905269301701 -0.0069701125484172202 0.027439874745776471 -0.024531427293396482 -0.030303318628788531 -0.027254284110268659 0.1439442264133543 0.031537205667108797
leaf_weight=47.327192093245685 1.5624997811391939 8.9957399484701437 724.05360432201996 37.707554817199707 540.55952502135187 0.36461133509874599 5.7276472169905883 49.099781116470695 3.8530542785301805 56.736697842366993 0.97678245604038128 0.91390687692910433 23.435427203774452 2.1097163856029502 5.7903967909514895 8.8271516952663678 15.397910936735569 7.6224834173917797 20.382526017725468 65.774207692593336 38.165998379699886 19.768592056352645 0.17184105888009071 45.338740868493915
leaf_count=4258 35 231 6137 607 6814 44 119 1302 71 1411 13 51 219 12 501 95 481 60 272 5616 2059 2288 15 894
internal_value=-0.000105416 0.00247435 0.00116325 0.0021337 0.00106356 -0.0135374 -0.00512663 -0.00147918 0.0299829 -0.00432724 -0.0250655 0.0346015 0.0242673 0.0258789 -0.0215136 -0.0171089 3.58672e-05 0.0271807 0.0180741 -0.0229125 -0.0274575 -0.0258594 0.0255446 0.0325557
internal_weight=1730.66 1451.82 1374.81 1325.76 1264.61 278.839 135.722 115.417 9.5807 105.836 49.0524 1.89069 61.143 77.016 143.117 95.7897 24.2251 75.4535 28.005 71.5646 47.1617 20.305 0.536452 47.4485
internal_count=33605 17404 16131 13777 12951 16201 5250 2903 190 2713 2354 64 826 1273 10951 6693 576 1238 332 6117 2290 2347 59 906
is_linear=0
shrinkage=0.03


Tree=109
num_leaves=25
num_cat=0
split_feature=0 3 1 3 24 1 0 2 3 8 22 6 22 22 23 22 4 17 0 25 20 2 0 1
split_gain=64.463 43.9988 39.5227 47.1065 38.5287 36.1557 30.8969 23.6653 25.2067 22.3518 19.3507 18.2713 16.9994 15.1104 12.7802 9.89356 12.3228 2.69332 5.62044 1.58222 5.26164 1.27961 0.678682 0.253052
threshold=4.455000000000001 19.345000000000002 24.205000000000002 22.045000000000005 1.5000000000000002 26.615000000000006 17.620000000000001 28.975000000000005 22.295000000000005 496.50000000000006 218.50000000000003 14.099000000000002 344.50000000000006 328.50000000000006 3.5000000000000004 114.50000000000001 18.585000000000004 21.000000000000004 4.0650000000000004 -1.8877730616864741 0.53500000000000014 26.195000000000004 4.6050000000000013 31.175000000000004
decision_type=2 2 2 2 2 2 2 2 2 2 2 2 2 2 2 2 2 2 2 2 2 2 2 2
left_child=1 11 9 13 22 -5 7 12 -9 14 -11 15 -6 -4 -3 -1 -17 18 -13 20 -8 -19 -2 -21
right_child=4 2 3 5 6 -7 19 8 -10 10 -12 17 -14 -15 -16 16 -18 21 -20 23 -22 -23 -24 -25
leaf_value=-0.030638183440075111 0.012084558133803299 0.094043039771017883 -0.020048183667708271 0.010829734528433759 0.015916805001476939 -0.0061177449597792097 0.031680895971159202 -0.009703254341973111 0.0053150009065595135 0.019272997977222747 -0.00064972875815774082 -0.018773947835851179 -0.034947530782517333 0.013384040714807205 0.010839157160184397 0.019059211349546717 -0.018481177142888466 -0.0079891204581201691 0.081116946893645431 0.031386014850038384 -0.016031983305614322 -0.02964682930173038 0.033459100425875236 0.046339510693360585
leaf_weight=9.4297979087568802 1.3757951371371735 4.3736988725140682 186.4469377794303 166.11805424280465 138.75642378255725 356.28549988754094 7.5499219931662065 160.05183436535299 270.69490315020084 77.446366327349097 101.22940150089562 14.630765850655731 6.1768200993537894 13.01652257144451 2.679253289476037 19.902127962559462 13.016607826575635 2.5287708737887433 0.52514052856713611 34.520398363471031 2.8712073024362326 84.441904176492244 47.350917663425207 1.0494764000177372
leaf_count=887 16 61 6153 1493 1561 8283 99 1633 1610 510 878 1196 84 309 25 252 163 131 11 709 24 6726 786 5
internal_value=-0.000103581 -0.00473639 -0.00228863 -0.00546411 0.0071668 -0.00072865 0.00515331 0.00326295 -0.000265307 0.0100534 0.00798571 -0.0201133 0.013749 -0.0178665 0.0624358 -0.0035457 0.00421513 -0.0269833 -0.0153128 0.0288154 0.0185351 -0.0290171 0.0328556 0.0318272
internal_weight=1722.47 1052.07 907.596 721.867 670.398 522.404 621.671 575.68 430.747 185.729 178.676 144.475 144.933 199.463 7.05295 42.3485 32.9187 102.127 15.1559 45.991 10.4211 86.9707 48.7267 35.5699
internal_count=33605 27078 17712 16238 6527 9776 5725 4888 3243 1474 1388 9366 1645 6462 86 1302 415 8064 1207 837 123 6857 802 714
is_linear=0
shrinkage=0.03


Tree=110
num_leaves=25
num_cat=0
split_feature=3 2 3 1 1 22 3 22 22 22 2 10 14 0 26 26 5 2 2 3 26 23 3 22
split_gain=62.7543 61.7155 56.8267 78.2083 49.9771 44.7691 41.7282 29.7123 34.8525 38.9112 38.2619 28.5589 26.9297 16.2767 17.5118 7.04769 8.76647 3.85254 3.21006 4.63998 1.08425 4.57087 0.256592 0.000220645
threshold=17.645000000000003 29.705000000000002 23.285000000000004 29.105000000000004 26.615000000000006 144.50000000000003 21.045000000000005 208.50000000000003 258.50000000000006 314.50000000000006 26.735000000000003 100.00000000000001 0.14500000000000005 5.0550000000000006 -0.26020215053763435 0.33800000000000013 0.89045000000000007 29.235000000000003 25.135000000000002 16.845000000000002 -0.20619468024900964 3.5000000000000004 17.525000000000002 80.500000000000014
decision_type=2 2 2 2 2 2 2 2 2 2 2 2 2 2 2 2 2 2 2 2 2 2 2 2
left_child=15 7 4 5 6 -4 -3 13 10 -10 -9 -5 -6 14 -2 18 23 -15 19 -1 21 -20 -22 -17
right_child=1 2 3 11 12 -7 -8 8 9 -11 -12 -13 -14 17 -16 16 -18 -19 20 -21 22 -23 -24 -25
leaf_value=-0.039016964262585226 0.05179663816163791 -0.014821535940383069 0.035220117488623345 0.0043728186512749885 -0.029712057081663898 0.0076790207641984727 0.0061535000749860305 0.01457980727282971 0.024380824736082708 -0.0050875827499879296 -0.012894697242023754 -0.017175482945705471 -0.0082692462504753289 0.03152244361544089 0.0079733686405847135 -0.030367855878351478 0.079723310792271435 0.011100284289561554 -0.034426845160625733 0.050357808820937031 -0.030715124440114268 0.0011125636006422944 -0.02210917908337949 -0.031287630047417331
leaf_weight=0.97290020342916195 8.9002085053361935 146.29431994538754 75.491868968587369 93.927673544269055 127.96510838996619 179.24894941691309 204.95060675544664 67.234704054892063 114.78894072864205 62.168940397910774 141.89990952052176 134.79470340022817 89.635339138563722 69.742131654173136 105.30814311653376 1.0399866919033223 1.2540076766163109 9.4386741779744607 8.6047481615096313 1.1300047254189847 58.802754525095224 5.2407054910436264 3.2926888787187627 0.30315903760492791
leaf_count=32 167 5600 692 1908 3578 1628 2320 665 1077 1061 1191 3155 2288 1266 1100 107 13 101 369 17 4802 230 226 12
internal_value=-0.000101814 0.00117487 -0.0031546 0.00440748 -0.00958163 0.0158408 -0.00258265 0.00903695 0.00422923 0.014028 -0.00406192 -0.00832641 -0.0208792 0.0186354 0.0113885 -0.0259358 0.0226811 0.029088 -0.0275536 0.00900894 -0.0285661 -0.0209747 -0.0302588 -0.0305755
internal_weight=1712.43 1631.79 1052.31 483.463 568.845 254.741 351.245 579.482 386.092 176.958 209.135 228.722 217.6 193.389 114.208 80.641 2.59715 79.1808 78.0438 2.1029 75.9409 13.8455 62.0954 1.34315
internal_count=33605 27797 21169 7383 13786 2320 7920 6628 3994 2138 1856 5063 5866 2634 1267 5808 132 1367 5676 49 5627 599 5028 119
is_linear=0
shrinkage=0.03


Tree=111
num_leaves=25
num_cat=0
split_feature=3 2 3 1 22 1 3 0 3 8 2 3 2 26 5 22 2 3 26 26 23 3 22 0
split_gain=60.5838 58.382 52.1188 46.1266 49.4455 35.8137 32.5485 31.955 27.6564 24.9549 24.2704 19.901 15.1123 6.81619 8.12645 6.73781 3.11755 4.4362 1.58495 1.1221 4.49194 0.262613 0.000201587 3.06547e-05
threshold=17.645000000000003 29.525000000000002 21.775000000000002 28.545000000000005 144.50000000000003 24.245000000000001 24.205000000000002 10.255000000000001 19.105000000000004 496.50000000000006 24.835000000000004 19.005000000000006 33.025000000000013 0.33800000000000013 0.89045000000000007 342.50000000000006 25.135000000000002 16.845000000000002 0.18182258064516132 -0.20619468024900964 3.5000000000000004 17.525000000000002 80.500000000000014 1.8650000000000004
decision_type=2 2 2 2 2 2 2 2 2 2 2 2 2 2 2 2 2 2 2 2 2 2 2 2
left_child=13 7 5 4 -4 8 -5 9 -3 11 -11 -2 -7 16 22 18 17 -1 -9 20 -18 -21 23 -15
right_child=1 2 3 6 -6 12 -8 15 -10 10 -12 -13 -14 14 -16 -17 19 -19 -20 21 -22 -23 -24 -25
leaf_value=-0.038841732917645276 -0.028714479394504902 -0.017839471573274621 0.023132246664190826 -0.020859024254249674 0.0011580041141847535 -0.01382455586631637 -0.00085565317994122116 0.031721709497834483 0.031921542674327744 0.03190419472094462 0.0026165097004210891 0.038450565441442083 -0.030689098673568099 -0.030233878621474381 0.075904769063669442 -0.037628717691619892 -0.034325687269503469 0.049362766862369969 0.019087355399161499 -0.030694476249055389 0.0010781723247512837 -0.021896471753249054 -0.031248901806778702 -0.030579014174362585
leaf_weight=0.94834204576909487 4.5291660460643461 16.952895982190967 125.64627877669409 110.94794835196808 345.79699356108904 173.38228406012058 215.23009705590084 56.136132542043924 24.694941785186529 27.135893267579377 413.63692758139223 32.180427332874388 66.035195802804083 0.64968500798568063 1.2772142719477413 1.3646237477660168 8.3746773856691998 1.1183782704174516 10.6280061006546 57.102679237257689 5.2455640607513478 3.2259485526010385 0.29455844778567541 0.35992357414215803
leaf_count=32 196 897 1548 2733 3519 4491 4233 1176 298 345 4000 293 3872 87 13 10 369 17 186 4802 230 226 12 20
internal_value=-0.000100579 0.00114415 -0.00290088 0.00101362 0.00701445 -0.0140096 -0.00765971 0.00914128 0.0116662 0.00639885 0.00441959 0.0301639 -0.0184761 -0.0258244 0.0221174 0.0283617 -0.0274524 0.00888896 0.0297105 -0.0284681 -0.0206906 -0.030224 -0.0305584 -0.0303569
internal_weight=1702.89 1624.3 1078.69 797.621 471.443 281.065 326.178 545.611 41.6478 477.482 440.773 36.7096 239.417 78.597 2.58138 68.1288 76.0156 2.06672 66.7641 73.9489 13.6202 60.3286 1.30417 1.00961
internal_count=33605 27797 21591 12033 5067 9558 6966 6206 1195 4834 4345 489 8363 5808 132 1372 5676 49 1362 5627 599 5028 119 107
is_linear=0
shrinkage=0.03


Tree=112
num_leaves=25
num_cat=0
split_feature=0 0 25 2 22 24 22 7 3 2 3 3 22 24 2 24 25 1 3 26 0 5 3 5
split_gain=58.7429 44.1433 33.1414 25.1402 23.1867 20.105 10.4936 10.5838 17.1238 10.1645 17.3843 11.5185 8.38629 7.18787 7.19669 6.38626 9.89003 6.65046 5.25199 2.41867 2.24135 1.72955 4.78476 0.780662
threshold=0.95500000000000007 15.075000000000001 -1.8094439728353138 25.135000000000002 214.50000000000003 3.5000000000000004 102.50000000000001 73.832350000000005 21.985000000000003 29.235000000000003 20.315000000000001 22.465000000000003 214.50000000000003 4.5000000000000009 35.355000000000011 1.5000000000000002 -0.34803225806451604 23.535000000000004 20.625000000000004 -0.23144516129032253 3.4450000000000007 0.11795000000000001 23.285000000000004 0.83805000000000007
decision_type=2 2 2 2 2 2 2 2 2 2 2 2 2 2 2 2 2 2 2 2 2 2 2 2
left_child=5 2 9 20 -5 15 21 8 -8 10 -2 -11 -9 23 18 -1 19 -18 -15 -17 -4 22 -7 -3
right_child=1 13 3 4 -6 6 7 12 -10 11 -12 -13 -14 14 -16 16 17 -19 -20 -21 -22 -23 -24 -25
leaf_value=-0.030412840701062704 -0.0079338072283273407 0.0066766329298924348 0.016865096111767234 0.0060516996270800708 -0.0028187825077218521 -0.021623422217545703 -0.0054496609574223526 0.005004241213515879 0.074977567113678326 -0.020126215023321823 0.038146277029069961 -0.0051957226822077797 -0.012034549221781437 -0.0035439163298702724 -0.023771338199932511 -0.0035192498284163749 0.020327694579762988 -0.012211792268045685 0.028116259003491784 -0.024147838349602824 0.032876481407624003 -0.030263407675289788 0.07055414364771824 0.032079014406907157
leaf_weight=44.353998451028019 26.300657731946558 1.1143124513328064 11.560388520825652 635.65802156971768 455.07248813193291 3.462801962625238 5.6217568470165116 48.989730168133974 4.1349013820290565 89.047675879206508 10.236126519739626 97.336925473995507 55.393953828141093 6.6617022249847713 4.2222076579928389 5.5760505893267682 9.0123831797391194 15.164985476993023 16.142345957458019 61.920634046196938 24.638852763921022 14.676199198234825 0.59371475409716357 47.595444310456514
leaf_count=4258 719 19 80 7430 3801 442 119 1302 71 2465 59 1011 1411 93 25 501 95 481 216 5616 475 1855 50 1011
internal_value=-9.91133e-05 0.00232682 0.00107637 0.00316707 0.00235077 -0.0129603 -0.00466037 -0.00124493 0.0286356 -0.00949269 0.00497597 -0.012329 -0.00403784 0.0246137 0.0122061 -0.0210677 -0.0165463 -8.23365e-05 0.0188674 -0.0224437 0.0277632 -0.025471 -0.00813225 0.0314979
internal_weight=1694.49 1425.59 1349.85 1126.93 1090.73 268.901 132.873 114.14 9.75666 222.921 36.5368 186.385 104.384 75.736 27.0263 136.028 91.6741 24.1774 22.804 67.4967 36.1992 18.7327 4.05652 48.7098
internal_count=33605 17404 16040 11786 11231 16201 5250 2903 190 4254 778 3476 2713 1364 334 10951 6693 576 309 6117 555 2347 492 1030
is_linear=0
shrinkage=0.03


Tree=113
num_leaves=25
num_cat=0
split_feature=3 2 3 1 22 22 2 2 10 22 0 17 14 3 22 0 26 5 2 3 26 23 3 22
split_gain=57.6046 55.6947 75.3341 75.4321 67.8825 44.9397 31.8201 29.2779 28.8518 27.844 24.9373 19.3635 17.1187 15.565 12.6493 7.41441 6.62515 7.53894 2.99002 4.25116 1.16702 4.44395 0.272219 0.000185261
threshold=17.645000000000003 32.555000000000007 23.535000000000004 29.105000000000004 214.50000000000003 242.50000000000003 35.725000000000001 26.365000000000006 100.00000000000001 274.50000000000006 5.2150000000000007 50.000000000000007 0.15500000000000003 22.135000000000002 74.500000000000014 17.620000000000001 0.33800000000000013 0.89045000000000007 25.135000000000002 16.845000000000002 -0.20619468024900964 3.5000000000000004 17.525000000000002 80.500000000000014
decision_type=2 2 2 2 2 2 2 2 2 2 2 2 2 2 2 2 2 2 2 2 2 2 2 2
left_child=16 4 12 6 10 7 -4 -6 -5 -7 11 -2 15 -14 -12 -3 18 23 19 -1 21 -20 -22 -18
right_child=1 2 3 8 5 9 -8 -9 -10 -11 14 -13 13 -15 -16 -17 17 -19 20 -21 22 -23 -24 -25
leaf_value=-0.038824579315320691 0.011094950804740824 -0.025292267142883563 0.016516242800478326 0.0053056278381682165 0.012317082790265194 0.012104311603560441 0.064850524843610535 -0.020070492167215008 -0.016882563313550043 -0.0032782437113089515 -0.012439471817486468 -0.021852124852451436 -0.023697301937601792 0.0027560470321822605 0.026377141782526006 0.036942559159663685 -0.030343423245752586 0.072826219122658561 -0.034243590553847209 0.048648864075271976 -0.030673218662506586 0.0012691235187570356 -0.021568414886073761 -0.031214250909006917
leaf_weight=0.92006451403722112 269.70810949942097 160.55600850889459 104.40651341620833 90.72287771711126 30.594705337658525 199.44207962136716 13.889134355820714 140.39029634092003 125.99194107204676 225.81373709253967 7.985749263316392 17.07042869925499 33.502084428444505 49.738444154616445 140.30209151655436 1.7415571399033059 0.96557865897193484 1.2904019001871345 8.0941330851055664 1.0952992327511308 54.750809833873063 5.2143934480845919 3.1240560328587881 0.28469550283625722
leaf_count=32 4089 5319 977 1834 305 1887 124 1384 2965 4035 149 306 1589 903 1915 16 107 13 369 17 4802 230 226 12
internal_value=-9.72452e-05 0.00110423 -0.00632836 0.00292348 0.00528822 -0.00128644 0.0221912 -0.0142753 -0.00759397 0.00393607 0.0142985 0.00913378 -0.0189515 -0.00789072 0.0242867 -0.0246244 -0.0256665 0.0219586 -0.0273195 0.00871503 -0.0283397 -0.0203294 -0.0301817 -0.0305417
internal_weight=1687.6 1611.86 580.549 335.01 1031.31 596.241 118.296 170.985 216.715 425.256 435.066 286.779 245.538 83.2405 148.288 162.298 75.7394 2.54068 73.1988 2.01536 71.1834 13.3085 57.8749 1.25027
internal_count=33605 27797 13727 5900 14070 7611 1101 1689 4799 5922 6459 4395 7827 2492 2064 5335 5808 132 5676 49 5627 599 5028 119
is_linear=0
shrinkage=0.03


Tree=114
num_leaves=25
num_cat=0
split_feature=3 2 3 1 22 22 22 17 22 15 0 17 1 3 26 22 26 5 2 3 26 23 3 22
split_gain=55.6052 52.7187 69.6574 55.1553 50.4103 52.5382 59.0296 43.1539 42.5859 26.4841 22.1567 29.6612 20.8058 28.4269 9.59086 9.57664 6.40834 7.00876 2.90432 4.06265 1.20419 4.36528 0.278387 0.000169261
threshold=17.645000000000003 31.765000000000004 23.045000000000005 29.105000000000004 214.50000000000003 260.50000000000006 274.50000000000006 38.000000000000007 144.50000000000003 0.03500000000000001 6.6850000000000014 50.000000000000007 26.815000000000001 21.045000000000005 0.26633870967741941 74.500000000000014 0.33800000000000013 0.89045000000000007 25.135000000000002 16.845000000000002 -0.20619468024900964 3.5000000000000004 17.525000000000002 80.500000000000014
decision_type=2 2 2 2 2 2 2 2 2 2 2 2 2 2 2 2 2 2 2 2 2 2 2 2
left_child=16 4 12 8 10 7 -7 -6 -4 -5 11 -2 13 -3 -14 -12 18 23 19 -1 21 -20 -22 -18
right_child=1 2 3 9 5 6 -8 -9 -10 -11 15 -13 14 -15 -16 -17 17 -19 20 -21 22 -23 -24 -25
leaf_value=-0.038648450751056128 0.012478178661271508 -0.023629518174857152 0.029518025081690866 -0.0025618019285682083 -0.020703247306410179 0.029390892915547782 -0.00020915544793608334 0.0041299702328127883 0.0019922983994448158 -0.026455129856745165 -0.015139552172231226 -0.029302264706897178 -0.028232098790183392 0.0081253262624243205 -0.0047354059221472108 0.029048793797742601 -0.030333217695313559 0.069511790292817441 -0.034145418100032354 0.047647073170608768 -0.030653763134090468 0.0012297297029887873 -0.021351322632872576 -0.03117776403902621
leaf_weight=0.89688028628006478 261.7972908099182 50.252540681976825 84.487350303679705 178.73904474498704 144.83460005465895 87.125531201250851 199.43044692277908 111.43500528484583 126.06841414794326 54.476997824385762 4.6428765216842285 16.241463863756508 126.39804203109816 51.244544176384807 17.841452396009117 89.573577456176281 0.93735200818628006 1.3110476545989511 7.8771588830277306 1.0849376944825051 53.165893149096519 5.2199027510359883 3.0620876089669755 0.27659992268308997
leaf_count=32 3539 2870 833 4022 1332 789 3497 1176 1247 1266 85 262 4178 693 474 1534 107 13 369 17 4802 230 226 12
internal_value=-9.61601e-05 0.00107514 -0.00518929 0.00190633 0.00579535 -3.56249e-05 0.00879055 -0.00990489 0.0130372 -0.00814305 0.0142981 0.0100376 -0.0180032 -0.00759691 -0.0253257 0.0268712 -0.0255521 0.0214165 -0.0272152 0.00859366 -0.0282389 -0.0200465 -0.0301472 -0.0305256
internal_weight=1678.42 1604.59 689.508 443.772 915.081 542.826 286.556 256.27 210.556 233.216 372.255 278.039 245.737 101.497 144.239 94.2165 73.8319 2.525 71.3069 1.98182 69.325 13.0971 56.228 1.21395
internal_count=33605 27797 15583 7368 12214 6794 4286 2508 2080 5288 5420 3801 8215 3563 4652 1619 5808 132 5676 49 5627 599 5028 119
is_linear=0
shrinkage=0.03


Tree=115
num_leaves=25
num_cat=0
split_feature=3 1 3 1 3 3 22 0 2 22 8 3 26 5 2 3 26 23 1 3 3 0 0 22
split_gain=53.6729 50.6581 82.857 45.1705 48.1087 32.1086 27.6493 23.2484 13.1436 16.405 11.986 7.10629 6.19962 6.52447 2.82131 3.88185 1.24098 4.28763 0.930266 0.284611 0.245871 0.219834 0.0124805 0.000154645
threshold=17.645000000000003 24.245000000000001 21.515000000000004 28.545000000000005 23.455000000000002 24.595000000000002 344.50000000000006 5.4050000000000011 32.555000000000007 123.50000000000001 496.50000000000006 18.755000000000006 0.33800000000000013 0.89045000000000007 25.135000000000002 16.845000000000002 -0.20619468024900964 3.5000000000000004 25.145000000000003 17.525000000000002 19.345000000000002 4.1350000000000007 2.9650000000000003 80.500000000000014
decision_type=2 2 2 2 2 2 2 2 2 2 2 2 2 2 2 2 2 2 2 2 2 2 2 2
left_child=12 6 8 4 -4 -5 7 10 9 -3 -2 -9 14 23 15 -1 17 -16 -10 -18 22 -22 -8 -14
right_child=1 2 3 5 -6 -7 20 11 18 -11 -12 -13 13 -15 16 -17 19 -19 -20 -21 21 -23 -24 -25
leaf_value=-0.038472864968863173 0.034485629407611205 0.0046968529703032965 0.0009817602740802686 -0.018074745562518361 0.018936942524974236 0.00096559135602875142 -0.030909558729426797 0.00255623129071695 -0.014466267325588507 -0.018970454766974624 0.0051858178201497334 0.02488678159678882 -0.030323317173974001 0.066416269397352859 -0.034049009712457168 0.046649341108506583 -0.030634859002183275 0.001191598612821428 -0.03079085868333277 -0.021132668685573668 -0.033556239119003739 -0.047381343528363568 -0.033400711664434396 -0.031142392446541718
leaf_weight=0.87428600061684747 13.206600983627139 33.5159602900967 453.12804049998522 142.71119111590087 190.87765892595053 180.56179289752617 4.7240948146209103 14.525427510961888 3.31030851881951 123.43008597195148 258.92986111436039 109.61688125133514 0.90994159271940522 1.3306798003613947 7.6656722486950439 1.0750500997528432 51.625961247831583 5.2252458790317178 61.68230155389756 3.0018724226392797 1.9420630875974891 2.2166353017091751 2.9341888278722763 0.26872544083744287
leaf_count=32 417 1521 5226 3442 1706 3623 255 190 197 2319 3078 1807 107 13 369 17 4802 230 3909 226 59 11 37 12
internal_value=-9.49984e-05 0.00104692 -0.00208277 0.00171035 0.00630352 -0.0074399 0.010167 0.0115155 -0.0186144 -0.0139163 0.00660772 0.022274 -0.0254363 0.0208889 -0.0271097 0.00847165 -0.028137 -0.0197645 -0.0299594 -0.0301127 -0.0350529 -0.0409252 -0.031864 -0.0305101
internal_weight=1669.29 1597.31 1189.22 967.279 644.006 323.273 408.096 396.279 221.939 156.946 272.136 124.142 71.9774 2.50935 69.4681 1.94934 67.5188 12.8909 64.9926 54.6278 11.817 4.1587 7.65828 1.17867
internal_count=33605 27797 21943 13997 6932 7065 5854 5492 7946 3840 3495 1997 5808 132 5676 49 5627 599 4106 5028 362 70 292 119
is_linear=0
shrinkage=0.03


Tree=116
num_leaves=25
num_cat=0
split_feature=0 2 3 0 24 2 24 1 3 3 1 1 3 2 16 6 7 2 0 2 22 0 3 25
split_gain=52.6311 41.9933 36.7888 31.7106 27.4421 23.0079 17.9658 10.721 18.7471 8.40509 13.5585 11.7861 8.08529 5.14956 7.78131 14.0252 4.57216 3.64785 2.65095 7.81754 2.37383 2.17155 4.07723 5.56657
threshold=0.65500000000000014 25.135000000000002 18.755000000000006 8.9350000000000005 3.5000000000000004 31.765000000000004 3.5000000000000004 22.695000000000004 17.455000000000002 20.075000000000003 25.835000000000004 25.735000000000003 23.005000000000006 28.285000000000004 41.000000000000007 16.455100000000005 73.832350000000005 25.635000000000002 1.0000000180025095e-35 39.485000000000007 328.50000000000006 3.4450000000000007 19.645000000000003 1.0635000000000001
decision_type=2 2 2 2 2 2 2 2 2 2 2 2 2 2 2 2 2 2 2 2 2 2 2 2
left_child=6 21 7 5 -5 -4 13 8 -3 17 11 -11 -12 14 16 -16 -1 -8 19 -15 -19 22 23 -2
right_child=1 2 3 4 -6 -7 9 -9 -10 10 12 -13 -14 18 15 -17 -18 20 -20 -21 -22 -23 -24 -25
leaf_value=0.023286645980794322 -0.021862447358760456 -0.024284846978302129 0.0041815009998701583 0.028041058995782346 0.0047767484474837106 -0.0045359053124858937 0.017774399679724981 -0.028310353325523042 0.011682253815138531 0.0090589921066036062 -0.027759227473312258 0.08310120724243461 -0.0023819905684983943 -0.018366464635576181 0.098956285835165469 -0.033975861196130067 -0.023910467807182645 -0.029467554299721959 -0.028270751829947163 0.11276885605095283 -0.0057054377017940437 0.032364748143526946 0.034971995330230377 0.037192664044463385
leaf_weight=2.1763027482666102 3.7980825155973417 28.830757523421198 618.76070627709851 72.821192428469658 122.22491363622248 486.90900453692302 2.0124070742167559 42.194667754229158 23.817202272824943 32.688588032498956 16.993830299004912 2.0566142853349438 33.71929152822122 17.019683360122148 1.5402016243897372 1.3321321713738141 12.218798355199395 17.686240640003238 70.870185846462846 0.41921925125643511 4.8135380512103429 38.205683829262853 6.2257697805762291 2.3103760778903961
leaf_count=92 41 1694 5135 1050 1086 7382 23 2465 335 503 861 42 1093 1037 27 77 622 1422 7299 38 272 952 41 16
internal_value=-9.37655e-05 0.00196755 0.000994683 0.00230996 0.0134626 0.000342576 -0.0139231 -0.0170436 -0.00801383 -0.00543679 -0.000994892 0.0134416 -0.0108858 -0.0227626 -0.00777916 0.037305 -0.016775 -0.0209228 -0.0256924 -0.0152141 -0.024384 0.0288314 0.0178869 0.000473714
internal_weight=1661.65 1446.1 1395.56 1300.72 195.046 1105.67 215.547 94.8426 52.648 109.971 85.4583 34.7452 50.7131 105.577 17.2674 2.87233 14.3951 24.5122 88.3091 17.4389 22.4998 50.5399 12.3342 6.10846
internal_count=33605 20197 19147 14653 2136 12517 13408 4494 2029 4216 2499 545 1954 9192 818 104 714 1717 8374 1075 1694 1050 98 57
is_linear=0
shrinkage=0.03


Tree=117
num_leaves=25
num_cat=0
split_feature=22 0 24 22 1 22 2 3 22 1 2 22 18 3 26 7 2 22 2 0 7 22 1 3
split_gain=50.5718 44.6699 32.6488 28.5087 27.9554 30.3149 22.0202 25.8535 19.3435 25.0426 17.6502 13.6293 10.3594 20.8899 9.48892 8.99792 7.91768 16.8919 6.93786 6.01906 5.24132 5.14323 1.17503 1.37513
threshold=93.500000000000014 6.8050000000000006 2.5000000000000004 344.50000000000006 31.665000000000003 98.500000000000014 30.655000000000005 18.305000000000003 314.50000000000006 27.575000000000003 28.035000000000004 25.500000000000004 34.500000000000007 17.525000000000002 0.33800000000000013 78.197250000000011 32.965000000000011 89.500000000000014 26.365000000000006 14.045000000000002 74.47975000000001 138.50000000000003 31.255000000000006 23.695000000000004
decision_type=2 2 2 2 2 2 2 2 2 2 2 2 2 2 2 2 2 2 2 2 2 2 2 2
left_child=6 3 22 4 5 -2 7 12 9 -4 20 -12 14 -14 -1 -8 17 -17 -10 -18 -9 -6 23 -3
right_child=1 2 8 -5 21 -7 15 10 18 -11 11 -13 13 -15 -16 16 19 -19 -20 -21 -22 -23 -24 -25
leaf_value=-0.028820603564504901 0.036799691960168142 0.028320763414519882 0.016160967118299254 -0.032095473677871834 -0.030113746378182274 -7.4223886646345669e-05 -0.031151105825050526 0.10380629908366702 0.024257029078357511 -0.0045448828147217546 -0.01635375956950547 0.033221076502276924 -0.030371751526075335 0.14404113196920754 0.036674833275397389 -0.0036080276790633752 -0.031259963722769304 0.13178879222324669 -0.026254199742174144 0.024839897741757152 0.045324605796356852 -0.010882472492208733 0.0054861181459434092 0.038194597628377971
leaf_weight=28.685988119337711 20.448422756977379 46.568315364420414 156.5672659650445 26.1244772747159 29.775360769592226 1072.8648701058701 66.764287470374256 1.9693053858354712 2.7960855253040817 79.143126830458641 10.959305485710503 9.1649490729905647 1.5723509094677859 1.0183241534978149 2.1393146384507409 13.510121883358803 15.929564315825703 0.88351880293339569 19.621014606207609 1.9297856288030732 4.6032599685713649 21.592007456347346 1.6652118042111386 17.451870607212186
leaf_count=2994 463 963 1778 1294 1184 14376 6249 26 22 479 480 261 172 40 87 727 952 14 159 20 68 592 9 196
internal_value=-9.22587e-05 0.00161954 0.0114814 -0.00110799 -0.000400774 0.000615435 -0.0161702 -0.0018474 0.00667605 0.00920868 0.0201639 0.00622352 -0.0194327 0.0381852 -0.0242751 -0.0248655 -0.0118541 0.00470298 -0.0199539 -0.0251981 0.0628472 -0.02203 0.0303652 0.0310124
internal_weight=1653.75 1494.62 323.813 1170.81 1144.68 1093.31 159.13 60.1128 258.127 235.71 26.6968 20.1243 33.416 2.59068 30.8253 99.0173 32.253 14.3936 22.4171 17.8593 6.57257 51.3674 65.6854 64.0202
internal_count=33605 21515 3606 17909 16615 14839 12090 4128 2438 2257 835 741 3293 212 3081 7962 1713 741 181 972 94 1776 1168 1159
is_linear=0
shrinkage=0.03


Tree=118
num_leaves=25
num_cat=0
split_feature=0 2 3 1 3 22 1 3 24 3 1 3 3 26 2 16 6 5 2 0 2 22 0 3
split_gain=49.1334 40.1271 34.6649 36.3039 53.3452 32.2473 29.9583 26.8738 17.5689 8.00533 12.6796 10.911 7.94108 6.15437 5.13055 7.28223 12.3516 4.39707 3.51351 2.66608 6.938 2.39804 2.20076 3.91263
threshold=0.65500000000000014 25.135000000000002 20.465000000000003 25.495000000000001 23.245000000000001 262.50000000000006 24.245000000000001 17.395000000000003 3.5000000000000004 20.075000000000003 25.835000000000004 23.245000000000001 23.005000000000006 0.39394731182795689 28.285000000000004 41.000000000000007 16.455100000000005 0.051950000000000003 25.635000000000002 1.0000000180025095e-35 39.485000000000007 328.50000000000006 3.4450000000000007 19.645000000000003
decision_type=2 2 2 2 2 2 2 2 2 2 2 2 2 2 2 2 2 2 2 2 2 2 2 2
left_child=8 22 6 5 -5 -4 7 -3 14 18 11 -11 -12 -8 15 17 -17 -1 -10 20 -16 -20 23 -2
right_child=1 2 3 4 -6 -7 13 -9 9 10 12 -13 -14 -15 19 16 -18 -19 21 -21 -22 -23 -24 -25
leaf_value=0.041450078559044944 0.00050217780123616154 -0.025679227987012658 0.0056193550338021897 -0.010298532431593869 0.0060349217074676283 0.025565146779985178 -0.02744836171202197 0.0029867569993469395 0.017403390279687684 0.0087684500772354634 -0.027627354046984673 0.080335767273621128 -0.0022148491719513794 0.01110683172954334 -0.018114684392066656 0.090286617218483883 -0.033915651471210458 -0.021273561226747305 -0.029314206829081271 -0.028177079048746573 0.099945234539033631 -0.005129670886061392 0.032272247760277345 0.034479892279278238
leaf_weight=1.0902575599029685 6.0737902605906111 36.561869334429502 282.76117754960433 303.62584618479013 441.8546173046343 98.316742135211825 68.267573414836079 150.95924761425704 2.0056473622098592 33.034119641408324 16.519333493430167 2.0353706032037726 33.529816553462297 3.9412708054296663 16.695171763189141 1.6368127749301487 1.2874131673015652 12.996200756169854 17.083738529123369 68.210991716012359 0.46034658653661509 4.7065651258453718 36.709162449464202 6.1270862445235252
leaf_count=58 57 2397 2351 3881 4616 897 2795 2071 23 529 861 16 1093 139 1037 27 77 656 1422 7299 38 272 952 41
internal_value=-9.11448e-05 0.00189731 0.000955079 0.00323292 -0.000617511 0.0107653 -0.00892488 -0.00260238 -0.0135977 -0.00521062 -0.000910234 0.0129221 -0.0106026 -0.025344 -0.0225203 -0.00747562 0.0356056 -0.0164189 -0.0205932 -0.0255183 -0.0149467 -0.0240905 0.0286035 0.0175652
internal_weight=1646.49 1435.2 1386.29 1126.56 745.48 381.078 259.73 187.521 211.292 108.915 85.1186 35.0695 50.0492 72.2088 102.377 17.0107 2.92423 14.0865 23.796 85.3665 17.1555 21.7903 48.91 12.2009
internal_count=33605 20197 19147 11745 8497 3248 7402 4468 13408 4216 2499 545 1954 2934 9192 818 104 714 1717 8374 1075 1694 1050 98
is_linear=0
shrinkage=0.03


Tree=119
num_leaves=25
num_cat=0
split_feature=3 0 2 3 1 1 8 2 3 24 1 22 3 26 5 2 3 26 23 26 22 3 1 22
split_gain=47.133 45.5893 36.5019 46.0533 57.0503 41.046 21.9914 21.8713 18.5186 15.4946 12.1346 9.79113 9.2119 6.05636 6.05441 2.55444 3.62758 1.36629 4.43291 0.371399 1.35736 0.300159 0.297652 0.000138926
threshold=17.645000000000003 12.055000000000001 29.705000000000002 23.285000000000004 29.105000000000004 26.615000000000006 496.50000000000006 24.835000000000004 19.005000000000006 3.5000000000000004 27.575000000000003 314.50000000000006 24.595000000000002 0.33800000000000013 0.89045000000000007 25.135000000000002 16.845000000000002 -0.20619468024900964 3.5000000000000004 -1.0031666666666663 182.50000000000003 17.525000000000002 30.205000000000002 80.500000000000014
decision_type=2 2 2 2 2 2 2 2 2 2 2 2 2 2 2 2 2 2 2 2 2 2 2 2
left_child=13 2 6 5 -5 -4 8 -8 -2 19 11 -11 -12 15 23 16 -1 18 -17 20 -3 -19 -21 -15
right_child=1 9 3 4 -6 -7 7 -9 -10 10 12 -13 -14 14 -16 17 -18 21 -20 22 -22 -23 -24 -25
leaf_value=-0.038209945147746387 -0.028956768296710473 -0.021558831681040801 -0.003615916974894258 0.013199419868279204 -0.0084285591077698525 -0.021351155477993038 0.030907272924060258 0.0025138078757969882 0.033965444877130074 0.02229847908138936 -0.023047667495019221 -0.027088359224795275 0.014381032417549757 -0.030302511443926955 0.064510850515088952 -0.03393658494967066 0.045251061428436191 -0.030578679385632229 0.0029733328592321849 0.032616544488830099 0.030812538632230154 -0.020514446335460915 0.044203518636433396 -0.031102308169364837
leaf_weight=0.85408118134364386 4.7500213435851029 0.52265284024178926 314.79336833395064 234.03694145008922 206.72096612630412 187.34170058276504 25.844763065688312 441.78205471206456 37.001625829841942 47.46503602899611 13.985945010557773 3.9105308540165415 10.259270898997782 0.85037388140335612 1.3323997817933557 7.1192088914103788 1.0387151362374423 46.612578796688467 4.9749647709541023 40.05899453908205 3.0132500566542149 2.8289178842678657 2.0999078601598731 0.25380186317488551
leaf_count=32 211 10 7637 2089 4962 5733 397 4475 350 731 98 27 70 107 13 369 17 4802 230 876 118 226 13 12
internal_value=-9.01162e-05 0.000950562 -0.000525287 -0.00402107 0.00305563 -0.0102328 0.00594563 0.00408306 0.0268069 0.018618 0.0102837 0.0185393 -0.00720986 -0.024953 0.0214612 -0.026736 0.00759119 -0.0277919 -0.0187536 0.0324104 0.0230714 -0.0300028 0.0331937 -0.0304863
internal_weight=1639.45 1573.59 1452.27 942.893 440.758 502.135 509.378 467.627 41.7516 121.316 75.6208 51.3756 24.2452 65.865 2.43658 63.4285 1.8928 61.5357 12.0942 45.6948 3.5359 49.4415 42.1589 1.10418
internal_count=33605 27797 25854 20421 7051 13370 5433 4872 561 1943 926 758 168 5808 132 5676 49 5627 599 1017 128 5028 889 119
is_linear=0
shrinkage=0.03


Tree=120
num_leaves=25
num_cat=0
split_feature=0 0 22 22 22 2 24 25 24 22 2 24 0 2 11 11 2 3 26 0 2 26 26 5
split_gain=46.0826 37.684 28.5824 30.019 30.1075 24.8617 17.0927 7.75261 8.62249 10.4075 7.33715 6.92012 6.68829 5.0931 6.9558 13.031 4.3512 3.06682 5.61379 2.68232 6.1738 2.48511 1.06692 0.816373
threshold=0.65500000000000014 15.075000000000001 344.50000000000006 93.500000000000014 145.50000000000003 30.655000000000005 3.5000000000000004 -1.8991129032258065 4.5000000000000009 322.50000000000006 32.555000000000007 4.5000000000000009 20.515000000000004 28.285000000000004 12.500000000000002 17.500000000000004 35.355000000000011 24.395000000000003 0.17057903225806481 1.0000000180025095e-35 39.485000000000007 -0.18041256366723257 0.42787096774193573 0.83805000000000007
decision_type=2 2 2 2 2 2 2 2 2 2 2 2 2 2 2 2 2 2 2 2 2 2 2 2
left_child=6 2 3 5 -5 -2 13 17 10 -10 -9 23 16 14 -1 -16 -13 21 -19 20 -15 -8 -21 -3
right_child=1 11 -4 4 -6 -7 7 8 9 -11 -12 12 -14 19 15 -17 -18 18 -20 22 -22 -23 -24 -25
leaf_value=-0.032714716052289657 0.0041391325704826249 0.0048322952736809758 -0.033389242383634068 0.010350066164112878 -0.0002191040510408776 -0.025117180962710591 -0.00080795250402505478 -0.0014274519425004518 0.007197080715342901 0.098654088624575434 -0.026983784549838564 0.0084866913971936454 0.032893150494151396 -0.017854518837605013 0.082766904671608632 -0.0071770898560879984 -0.028311474907394888 -0.0092925900965848754 0.10224808674285599 -0.028514895060386639 0.088846565451752985 -0.030485810417993305 0.0057228738492535449 0.031877319389725274
leaf_weight=6.1241925242356983 42.840542318299413 1.0297018624842156 21.716976169031113 333.08587022963911 892.61683498229831 67.06628107978031 3.02734460867942 33.006644941400737 35.82340209884569 1.1559691913425911 14.575105621013789 12.654757894575601 8.4789923503994924 16.370923185721043 1.7298280661925662 8.9519612113945168 3.7486988659948102 4.1258739419281474 0.45043400861322869 64.883450186811388 0.50303840916603704 15.753464734647421 0.82962401770055194 41.066997712478042
leaf_count=438 2125 19 692 3803 8140 4073 270 762 609 39 755 150 161 1037 27 353 23 174 28 7232 38 1579 67 1011
internal_value=-8.83351e-05 0.00183516 0.000751167 0.00130629 0.00265308 -0.0137134 -0.0133035 -0.00503649 -0.000810561 0.010056 -0.00925579 0.0238022 0.0112596 -0.0222795 -0.00722527 0.0073886 7.71686e-05 -0.0203359 0.00168607 -0.0253429 -0.0146736 -0.0257019 -0.0280826 0.0312158
internal_weight=1631.62 1424.31 1357.33 1335.61 1225.7 109.907 207.311 107.918 84.5611 36.9794 47.5818 66.9791 24.8824 99.393 16.806 10.6818 16.4035 23.3571 4.57631 82.587 16.874 18.7808 65.7131 42.0967
internal_count=33605 20197 18833 18141 11943 6198 13408 4216 2165 648 1517 1364 334 9192 818 380 173 2051 202 8374 1075 1849 7299 1030
is_linear=0
shrinkage=0.03


Tree=121
num_leaves=25
num_cat=0
split_feature=3 1 3 1 3 1 3 2 22 6 22 10 26 5 0 2 3 26 23 0 3 3 22 0
split_gain=44.5758 43.0192 61.8173 45.8629 40.7353 22.6722 25.9823 19.8595 17.2565 13.1702 12.725 11.3961 5.8832 5.62059 3.44728 2.46038 3.45329 1.40674 4.39771 1.03404 0.312183 0.0809274 0.00012822 1.68839e-05
threshold=17.645000000000003 23.865000000000006 21.815000000000001 31.015000000000004 24.595000000000002 25.385000000000002 19.945000000000004 24.835000000000004 344.50000000000006 18.365250000000003 328.50000000000006 100.00000000000001 0.33800000000000013 0.89045000000000007 0.23500000000000001 25.135000000000002 16.845000000000002 -0.20619468024900964 3.5000000000000004 2.4850000000000008 17.525000000000002 19.345000000000002 80.500000000000014 1.9850000000000001
decision_type=2 2 2 2 2 2 2 2 2 2 2 2 2 2 2 2 2 2 2 2 2 2 2 2
left_child=12 7 5 4 -4 6 -3 14 9 -9 -7 -5 15 22 -2 16 -1 18 -17 -16 -19 -10 23 -14
right_child=1 2 3 11 -6 10 -8 8 21 -11 -12 -13 13 -15 19 17 -18 20 -20 -21 -22 -23 -24 -25
leaf_value=-0.038041478239301658 -0.033461664919634336 -0.025598586510377146 0.0016671997681663375 -0.0067467763438410506 0.01965063069759276 -0.024301250534411165 4.4511177512792925e-05 0.01234686987856148 -0.031773195906997141 -0.0049716296738113895 0.027904841439181597 -0.027400374525207521 -0.030190373551669574 0.061942455389467001 0.044013115007933853 -0.033863822661256884 0.044324150787959309 -0.030554146685987535 0.0032224414317967146 0.030010444077589692 -0.020107273652016738 -0.03820326573885028 -0.031072691553201956 -0.030477366857525969
leaf_weight=0.82907602796330948 0.7369715366512527 47.346429428085685 691.61387613741681 47.193031630944461 135.58604288520291 126.40504461200908 142.86958336504176 223.39472843334079 6.2772430540062469 48.013510985299945 4.3464970253407946 49.0176857477054 0.52849143603816562 1.3461687359958885 5.5527737559750667 6.8946393588557822 1.0239065475761888 44.548264141660184 4.9392101229168475 32.680014386773109 2.7323211557231835 2.448814520612359 0.24573547253385186 0.28343276306986809
leaf_count=32 7 2257 8859 1230 1573 5629 1875 2879 258 540 90 1645 88 13 36 369 17 4802 230 869 226 50 12 19
internal_value=-8.72168e-05 0.000912544 -0.00160743 0.00233472 0.00461486 -0.0129488 -0.00633828 0.0107394 0.00794804 0.00928314 -0.0225658 -0.0172694 -0.0247531 0.0212809 0.0308053 -0.0265682 0.00747147 -0.0276351 -0.0183848 0.0320441 -0.0299504 -0.0335777 -0.0304723 -0.0302906
internal_weight=1626.85 1563.48 1244.38 923.411 827.2 320.968 190.216 319.104 280.134 271.408 130.752 96.2107 63.3712 2.40383 38.9698 60.9674 1.85298 59.1144 11.8338 38.2328 47.2806 8.72606 1.05766 0.811924
internal_count=33605 27797 23158 13307 10432 9851 4132 4639 3727 3419 5719 2875 5808 132 912 5676 49 5627 599 905 5028 308 119 107
is_linear=0
shrinkage=0.03


Tree=122
num_leaves=25
num_cat=0
split_feature=0 22 22 2 22 16 24 21 22 2 0 2 3 18 2 25 22 0 2 2 3 3 22 2
split_gain=43.5374 39.9824 32.6843 45.1505 39.857 32.4144 29.7797 25.2519 28.1759 23.1316 15.1622 15.1049 19.8653 19.2719 18.9713 12.2256 9.60838 6.96177 6.58522 6.07711 4.48461 0.740304 0.577726 0.55137
threshold=8.9350000000000005 93.500000000000014 214.50000000000003 33.935000000000009 121.50000000000001 33.500000000000007 3.5000000000000004 8.5000000000000018 344.50000000000006 26.365000000000006 20.515000000000004 32.405000000000008 19.295000000000005 34.500000000000007 28.285000000000004 -1.8455967741935482 284.50000000000006 10.255000000000001 36.765000000000008 31.055000000000003 19.205000000000002 25.605000000000004 314.50000000000006 32.915000000000006
decision_type=2 2 2 2 2 2 2 2 2 2 2 2 2 2 2 2 2 2 2 2 2 2 2 2
left_child=1 11 3 4 -3 -5 17 9 -9 -4 15 12 13 -1 -14 19 -17 18 20 -8 -2 22 -19 -13
right_child=6 2 7 5 -6 -7 10 8 -10 -11 -12 23 14 -15 -16 16 -18 21 -20 -21 -22 -23 -24 -25
leaf_value=-0.025662486519874336 -0.018738760549700407 0.040431919990464658 0.010676716508219088 -0.017026533313782188 0.0077284638726480464 0.0029604690394654256 0.0042536397745644404 0.00043238608325573574 -0.032352320880705818 -0.019745613273525413 0.032521989822600093 -0.021742066585168158 0.086699940353320473 0.042791649460774843 0.0037292494871936114 0.01220225859444197 -0.024519185397850429 0.032076516266057009 -0.034637295097472126 -0.017771841427208397 0.023478955969955233 0.048279017369126931 0.01030095176320898 -0.031256390089461961
leaf_weight=44.2266601533629 2.5822384245693746 37.192475111223757 26.480147894471884 116.15813416102901 341.50169547088444 196.67371563008055 16.606139936484396 384.81695936573669 25.133662319276482 149.42068093456328 14.810040069743989 6.1901917937211683 2.8410354955121901 4.0394947533495715 19.529148182366043 63.527697800658643 7.1329250298440448 54.19276569224894 2.3534172028303137 35.113850619643927 18.405306448228657 2.5147411003708831 1.1191884912550438 47.908335062209517
leaf_count=4923 41 463 214 2556 2808 4202 218 5776 1321 1519 320 631 21 356 832 663 48 1194 17 358 222 21 11 4870
internal_value=-8.63137e-05 -0.00202687 -0.000443801 0.00397313 0.0109403 -0.00446094 0.0123743 -0.00565745 -0.00157761 -0.0151658 0.00385258 -0.0182386 -0.00910244 -0.0199334 0.0142666 0.000383121 0.00849537 0.0267777 0.0129486 -0.0106999 0.0182846 0.0323597 0.0316359 -0.0301677
internal_weight=1620.47 1402.11 1277.38 691.526 378.694 312.832 218.358 585.851 409.951 175.901 137.191 124.735 70.6363 48.2662 22.3702 122.381 70.6606 81.1677 23.341 51.72 20.9875 57.8267 55.312 54.0985
internal_count=33605 30492 18859 10029 3271 6758 3113 8830 7097 1733 1607 11633 6132 5279 853 1287 711 1506 280 576 263 1226 1205 5501
is_linear=0
shrinkage=0.03


Tree=123
num_leaves=25
num_cat=0
split_feature=0 2 3 1 3 22 1 3 24 3 1 15 3 26 2 11 11 2 0 2 22 0 3 25
split_gain=42.3304 35.3611 29.8645 33.4984 53.1653 34.4146 24.6385 20.8574 16.5926 7.48833 11.2908 10.0408 7.64604 6.13498 5.0277 6.67958 11.5555 3.17396 2.68422 5.57128 2.49917 2.47709 3.81231 5.34912
threshold=0.65500000000000014 25.135000000000002 20.315000000000001 27.275000000000002 24.205000000000002 131.50000000000003 24.455000000000002 17.395000000000003 3.5000000000000004 20.075000000000003 25.835000000000004 0.045000000000000005 23.005000000000006 0.39394731182795689 28.285000000000004 12.500000000000002 17.500000000000004 25.635000000000002 1.0000000180025095e-35 39.485000000000007 328.50000000000006 3.4450000000000007 19.645000000000003 1.0635000000000001
decision_type=2 2 2 2 2 2 2 2 2 2 2 2 2 2 2 2 2 2 2 2 2 2 2 2
left_child=8 21 6 5 -5 -4 7 -3 14 17 11 -11 -12 -8 15 -1 -17 -10 19 -16 -19 22 23 -2
right_child=1 2 3 4 -6 -7 13 -9 9 10 12 -13 -14 -15 18 16 -18 20 -20 -21 -22 -23 -24 -25
leaf_value=-0.032724732579306526 -0.022913584504465234 -0.025136932987307369 0.026356074837465604 -0.014424371622557787 0.006406196327300555 0.0047095253896021257 -0.030081956058380193 0.0010867368221202085 0.016160725910769305 0.0050731998927251816 -0.027368961347348505 0.047890109795836334 -0.001880756513805994 0.012511156865634233 -0.017584644141077944 0.076043452465181377 -0.0069618512003807283 -0.029167358105748928 -0.027960739457091804 0.080189784992144936 -0.0038172922602631347 0.032118791323984805 0.033201783882386621 0.036487510828686488
leaf_weight=5.8374425047077265 3.7022902746684831 33.446071670856327 74.025947831571102 211.18434313870966 230.77576384833083 617.43073874339461 47.587523684371263 148.47581390663981 1.9768944759853209 29.456575662828982 15.57183586200699 5.9198720958083859 33.126289271749556 3.2514778813347212 16.043032890651379 1.819648406933992 8.8547770068980736 16.053335678763691 62.65276943333447 0.54222889710217614 4.475987220183014 33.230846120044589 5.8539796844124794 2.1606208384037018
leaf_count=438 41 2442 950 3102 2690 5292 2339 2209 23 457 861 88 1093 123 1037 27 353 1422 7299 38 272 952 41 16
internal_value=-8.50082e-05 0.00175499 0.000893595 0.00290364 -0.00354739 0.00702696 -0.00889421 -0.00373445 -0.0129178 -0.00477494 -0.000660664 0.0122382 -0.0100309 -0.0273579 -0.0219817 -0.00692242 0.0071879 -0.0201443 -0.0251199 -0.0143881 -0.0236403 0.0279369 0.0160764 -0.00102288
internal_weight=1613.46 1411.13 1366.18 1133.42 441.96 691.457 232.761 181.922 202.331 106.581 84.0746 35.3764 48.6981 50.839 95.7499 16.5119 10.6744 22.5062 79.238 16.5853 20.5293 44.9477 11.7169 5.86291
internal_count=33605 20197 19147 12034 5792 6242 7113 4651 13408 4216 2499 545 1954 2462 9192 818 380 1717 8374 1075 1694 1050 98 57
is_linear=0
shrinkage=0.03


Tree=124
num_leaves=25
num_cat=0
split_feature=0 22 22 1 22 15 24 21 22 2 2 3 18 2 0 25 22 0 2 2 3 3 22 2
split_gain=40.7494 37.4828 30.8243 41.6439 32.1071 30.7803 28.8736 24.3777 27.0612 21.6974 14.96 18.5852 15.9225 15.4066 14.6229 11.4193 8.95945 6.88531 6.2418 5.85517 4.25029 0.682445 0.580589 0.56424
threshold=8.9350000000000005 93.500000000000014 214.50000000000003 29.375000000000004 98.500000000000014 0.03500000000000001 3.5000000000000004 8.5000000000000018 344.50000000000006 26.365000000000006 32.405000000000008 19.105000000000004 34.500000000000007 28.285000000000004 20.515000000000004 -1.8455967741935482 284.50000000000006 10.255000000000001 36.765000000000008 35.525000000000013 19.205000000000002 25.605000000000004 314.50000000000006 32.915000000000006
decision_type=2 2 2 2 2 2 2 2 2 2 2 2 2 2 2 2 2 2 2 2 2 2 2 2
left_child=1 10 3 4 -3 -5 17 9 -9 -4 11 12 -1 -13 15 19 -17 18 20 -8 -2 22 -19 -12
right_child=6 2 7 5 -6 -7 14 8 -10 -11 23 13 -14 -15 -16 16 -18 21 -20 -21 -22 -23 -24 -25
leaf_value=-0.026179354868223193 -0.018322579871932414 0.046620395882094184 0.01022534822751878 -0.0017297642269483904 0.006738504029435057 -0.031135633254043935 -0.00477784593540334 0.00043241481885584424 -0.032317327235941169 -0.019351814050262126 -0.021444633951299422 0.070764020976499267 0.036990802743526008 0.0024560473843635989 0.032448258741555734 0.011795620860234803 -0.023800492579800409 0.031935121639856408 -0.033983601053914257 -0.028584380284477948 0.023038542858420167 0.047630290984698391 0.010009064008489612 -0.031228550196402274
leaf_weight=40.067515424452722 2.5515108369290891 18.863989003933966 26.275917328894138 136.77245529275388 491.97625410556793 41.836107746232301 39.101797404233366 383.66202817391604 24.13632458075881 148.35266449395567 5.9988819342106572 3.4455674830824163 3.9446686310693613 21.608747478108853 14.240472204983233 62.902115507051349 7.0801311843097201 52.388424163684249 2.3192235715687266 12.198739281855522 18.08379764482379 2.4632643312215796 1.109929148107766 45.859377789776772
leaf_count=4780 41 319 214 3456 5100 1154 455 5776 1321 1519 631 31 349 972 320 663 48 1194 17 121 222 21 11 4870
internal_value=-8.41385e-05 -0.00195848 -0.000440987 0.00385156 0.00821124 -0.0086176 0.0120899 -0.00552229 -0.00150594 -0.0149014 -0.0179194 -0.00877605 -0.0205176 0.01185 0.00368956 0.000312848 0.00819435 0.0265158 0.0126798 -0.0104388 0.0179243 0.0321911 0.0314802 -0.0300968
internal_weight=1607.24 1392.8 1271.88 689.449 510.84 178.609 214.439 582.427 407.798 174.629 120.925 69.0665 44.0122 25.0543 135.523 121.283 69.9822 78.9161 22.9545 51.3005 20.6353 55.9616 53.4984 51.8583
internal_count=33605 30492 18859 10029 5419 4610 3113 8830 7097 1733 11633 6132 5129 1003 1607 1287 711 1506 280 576 263 1226 1205 5501
is_linear=0
shrinkage=0.03


Tree=125
num_leaves=25
num_cat=0
split_feature=0 2 3 1 3 22 1 22 24 3 1 1 3 26 2 11 3 2 0 2 22 3 26 5
split_gain=39.533 33.8379 27.562 33.5219 48.2988 31.5736 24.2836 19.6473 16.1975 7.15085 10.6053 9.69539 7.49943 6.04306 4.99331 6.47923 11.0933 3.02717 2.69677 5.01826 2.51553 1.34637 1.12861 0.662944
threshold=0.65500000000000014 24.835000000000004 20.315000000000001 25.495000000000001 23.245000000000001 262.50000000000006 24.455000000000002 344.50000000000006 3.5000000000000004 20.075000000000003 25.835000000000004 25.735000000000003 23.005000000000006 0.39394731182795689 28.285000000000004 12.500000000000002 19.645000000000003 25.635000000000002 1.0000000180025095e-35 39.485000000000007 328.50000000000006 17.095000000000002 0.42787096774193573 0.47535000000000005
decision_type=2 2 2 2 2 2 2 2 2 2 2 2 2 2 2 2 2 2 2 2 2 2 2 2
left_child=8 21 6 5 -5 -4 7 -3 14 17 11 -11 -12 -8 15 -1 -17 -10 19 -16 -19 -2 -20 -23
right_child=1 2 3 4 -6 -7 13 -9 9 10 12 -13 -14 -15 18 16 -18 20 22 -21 -22 23 -24 -25
leaf_value=-0.032704964900815876 -0.0070419957684507359 -0.00018529399436861799 0.0048392164774322868 -0.010149125547020663 0.0054611935655741167 0.024087583049692659 -0.029923638959065416 -0.033034540301026274 0.015664442509157831 0.0077700659535778057 -0.02723089946896385 0.071972784989532856 -0.0017254483863200496 0.012349300142897387 -0.0173243706373487 -0.023154685740701862 0.038043975583249193 -0.029000456004904942 -0.028332107262923026 0.072230035144708341 -0.0032800499985549425 0.042684511727863104 0.0079482978741852034 0.029812168723114801
leaf_weight=5.6243147980421808 0.8438696707598855 165.45215271180496 289.81263978080824 301.11657383106649 437.65312066767365 104.29903597943485 46.133023330941796 18.188182241749018 1.9681500825099671 33.29335390496999 15.143217283766715 2.2606433308683327 32.953668139409274 3.2584783146157852 15.741296329069883 5.3940962096676213 5.2703333646059036 15.538016658276321 59.632862943224609 0.58404148276895362 4.3889658525586119 4.0727992588654152 0.78180776862427492 31.073879497125745
leaf_count=438 20 4021 2494 4031 4616 978 2339 666 23 503 861 42 1093 123 1037 316 64 1422 7232 38 272 27 67 882
internal_value=-8.29737e-05 0.00169154 0.000934974 0.00286775 -0.000901447 0.00993317 -0.00846118 -0.00343876 -0.0126107 -0.00456675 -0.000571744 0.0118523 -0.00975579 -0.0271348 -0.021737 -0.00665105 0.00708953 -0.0198298 -0.0249392 -0.0141205 -0.0233355 0.0304047 -0.0278626 0.0313038
internal_weight=1600.48 1401.9 1365.91 1132.88 738.77 394.112 233.032 183.64 198.575 105.546 83.6509 35.554 48.0969 49.3915 93.0288 16.2887 10.6644 21.8951 76.74 16.3253 19.927 35.9905 60.4147 35.1467
internal_count=33605 20197 19268 12119 8647 3472 7149 4687 13408 4216 2499 545 1954 2462 9192 818 380 1717 8374 1075 1694 929 7299 909
is_linear=0
shrinkage=0.03


Tree=126
num_leaves=25
num_cat=0
split_feature=3 0 1 3 2 22 24 1 22 7 22 22 26 23 2 3 2 26 26 2 26 0 3 1
split_gain=38.6698 37.8829 31.666 37.7953 50.3962 46.2649 14.6097 10.8743 8.83316 8.24353 6.42382 19.9298 5.93091 5.33912 2.26874 3.18997 1.57614 1.51971 4.57671 0.752828 0.407058 1.48656 0.337027 0.220971
threshold=17.645000000000003 12.055000000000001 31.665000000000003 24.595000000000002 32.505000000000003 145.50000000000003 3.5000000000000004 27.575000000000003 314.50000000000006 74.184400000000025 138.50000000000003 145.50000000000003 0.33800000000000013 5.5000000000000009 25.135000000000002 16.845000000000002 38.125000000000007 -0.20619468024900964 -0.21771182795698918 26.845000000000002 -1.0031666666666663 14.045000000000002 17.525000000000002 30.205000000000002
decision_type=2 2 2 2 2 2 2 2 2 2 2 2 2 2 2 2 2 2 2 2 2 2 2 2
left_child=12 2 3 4 -2 -5 20 8 -8 -9 16 -12 14 19 15 -1 -4 18 -16 -14 21 -3 -19 -22
right_child=1 6 10 5 -6 -7 7 9 -10 -11 11 -13 13 -15 17 -17 -18 22 -20 -21 23 -23 -24 -25
leaf_value=-0.037821462191045423 0.0024505142279487367 -0.027012858524316809 -0.0040056014388945883 0.033866804427269553 -0.01126826709176236 -0.00046001129354941142 0.021443295398453882 -0.052841789173514113 -0.026337700113577847 -0.00029960552343528875 0.021107128222807688 -0.033050333493018787 0.038078030167677801 0.070537450941823454 -0.027242078262261511 0.04341289691859071 -0.03138049164137062 -0.030504502998323697 0.020165596225217557 -0.030578837611999362 0.032379817931737193 0.030711517679443072 -0.019230236901671485 0.042749821665151309
leaf_weight=0.78251191088929661 891.21543621178716 0.47914744727313463 2.0054126814939073 64.495397000573575 330.31800529966131 78.160881395451725 44.255505640991032 3.0936882644891766 3.7795422710478297 20.465890520252287 10.637858428992333 14.385133454576133 0.16713899374008101 1.1052604080177844 8.8063098774291557 0.97981937602162361 33.745297379791737 39.991137211676687 2.3143917717970899 1.0266080084256826 35.412279004231095 2.4783130567520857 2.5377627327106884 1.9512591436505307
leaf_count=32 12212 13 58 995 9668 958 731 20 27 148 217 405 1 22 508 17 1341 4802 91 109 876 115 226 13
internal_value=-8.20023e-05 0.000823297 -0.000496682 0.000447242 -0.00125922 0.0150593 0.0176299 0.00949557 0.0176837 -0.0071991 -0.021685 -0.0100267 -0.0241907 0.0230248 -0.0261496 0.00734314 -0.0298449 -0.0272498 -0.0173758 -0.020966 0.0320733 0.0213594 -0.0298318 0.0329214
internal_weight=1594.59 1536.88 1424.96 1364.19 1221.53 142.656 111.916 71.5946 48.035 23.5596 60.7737 25.023 57.7109 2.29901 55.4119 1.76233 35.7507 53.6496 11.1207 1.19375 40.321 2.95746 42.5289 37.3635
internal_count=33605 27797 25854 23833 21880 1953 1943 926 758 168 2021 622 5808 132 5676 49 1399 5627 599 110 1017 128 5028 889
is_linear=0
shrinkage=0.03


Tree=127
num_leaves=25
num_cat=0
split_feature=0 24 3 1 3 2 16 2 0 22 0 2 3 22 18 3 2 0 16 25 0 22 22 18
split_gain=37.4964 30.7046 29.3352 21.5894 25.7735 52.4535 23.1595 19.2707 14.1895 14.8566 8.33542 6.19073 5.57202 5.25707 14.6291 2.38087 1.36709 1.24427 2.78766 1.19248 1.00303 0.811888 7.58752 0.481577
threshold=5.6150000000000011 2.5000000000000004 17.645000000000003 31.665000000000003 23.455000000000002 32.305000000000007 33.500000000000007 26.485000000000003 18.420000000000005 210.50000000000003 6.8050000000000006 36.165000000000006 19.245000000000001 138.50000000000003 34.500000000000007 16.845000000000002 25.635000000000002 8.0850000000000026 39.000000000000007 0.32177419354838693 20.515000000000004 326.50000000000006 342.50000000000006 34.500000000000007
decision_type=2 2 2 2 2 2 2 2 2 2 2 2 2 2 2 2 2 2 2 2 2 2 2 2
left_child=2 10 19 4 5 -4 -6 15 9 -9 11 12 -2 -5 -15 -3 -17 18 -12 21 -10 23 -23 -1
right_child=1 7 3 13 6 -7 -8 8 20 -11 17 -13 -14 14 -16 16 -18 -19 -20 -21 -22 22 -24 -25
leaf_value=-0.031171334581569687 -0.024754576711706684 -0.031961136000416258 8.8183602595739549e-05 -0.030658996073014151 -0.0039198753701940444 -0.019096551481924774 0.014290521153458946 0.0050410066465587369 0.015685537205433638 -0.0084573956983489927 0.030242839166186152 -0.027531345197390217 0.020131434333596328 -0.021104656627081098 0.053746558598157551 0.032269668375600614 0.018251409305339392 0.031706107156728336 0.0033240362487549518 0.012386763604153056 0.032645431285196182 0.031285864046103382 -0.030686219168467976 -0.016516655633143324
leaf_weight=28.0435915440321 2.8245771154761377 0.6122960969805743 631.55748631805182 27.008679416961968 104.42716336622834 160.95228743506595 157.88283724617213 189.49302356084809 4.2094412352889803 119.76313837431371 11.388659987598659 3.5771288014948359 20.95344870723784 15.666896197944881 2.7646516654640427 19.723434707149867 9.1730253919959051 45.466335844248533 4.9747726675122967 0.69009839557111163 12.334783868864177 2.0931782945990554 11.811467650812117 2.1746591445989898
leaf_count=4063 51 17 9531 1313 1737 7420 2366 1882 60 840 138 30 201 506 69 601 138 1036 46 10 229 88 918 315
internal_value=-8.07403e-05 0.00731464 -0.00295148 -0.00198241 -0.00111019 -0.00380808 0.00704085 0.00336432 0.00126167 -0.000186411 0.0230526 0.00926402 0.0147995 -0.0222295 -0.0098773 0.0265792 0.0278196 0.029153 0.022059 -0.0267442 0.0283302 -0.0273562 -0.0213571 -0.0301167
internal_weight=1589.57 444.494 1145.07 1100.26 1054.82 792.51 262.31 355.309 325.8 309.256 89.1849 27.3552 23.778 45.4402 18.4315 29.5088 28.8965 61.8298 16.3634 44.813 16.5442 44.1229 13.9046 30.2183
internal_count=33605 5269 28336 22942 21054 16951 4103 3767 3011 2722 1502 282 252 1888 575 756 739 1220 184 5394 289 5384 1006 4378
is_linear=0
shrinkage=0.03


Tree=128
num_leaves=25
num_cat=0
split_feature=0 2 3 1 3 24 2 22 10 7 3 2 24 25 5 18 24 25 23 3 3 3 5 5
split_gain=36.334 31.804 25.3139 26.8472 41.6348 15.8995 11.6877 13.4266 11.2536 8.07202 9.53435 12.4126 7.4951 7.12222 5.74431 2.37309 1.5664 2.97364 5.27688 1.32315 1.259 1.23964 0.628256 1.7965
threshold=0.65500000000000014 24.835000000000004 18.855000000000004 31.015000000000004 24.595000000000002 2.5000000000000004 29.275000000000002 314.50000000000006 100.00000000000001 73.832350000000005 23.535000000000004 29.745000000000001 4.5000000000000009 -1.8991129032258065 0.37855000000000005 34.500000000000007 1.5000000000000002 -0.34803225806451604 3.5000000000000004 23.895000000000003 24.155000000000005 17.095000000000002 0.47535000000000005 0.63270000000000015
decision_type=2 2 2 2 2 2 2 2 2 2 2 2 2 2 2 2 2 2 2 2 2 2 2 2
left_child=5 21 6 4 -4 16 7 -3 -5 10 11 -7 14 -14 -11 -8 -1 19 -19 -18 -12 -2 -23 -24
right_child=1 2 3 8 -6 9 15 -9 -10 12 20 -13 13 -15 -16 -17 17 18 -20 -21 -22 22 23 -25
leaf_value=-0.030330137264900008 -0.006225045052699202 0.0093798079079598536 0.0011813786393704993 -0.0040514944548088287 0.0195888057563555 0.037297691428383926 -0.02973671336851854 -0.021638891309182843 -0.026956934052133372 -0.015400856510529659 0.068684848462860937 -0.025869729872887121 -0.017614040524670974 0.0080052568713736977 0.085348412252020597 -0.0025248955630764653 -0.030318116294943034 0.017986047721272175 -0.032159080241626274 -0.012877841181223962 0.13166829473965155 0.0422653863688989 0.0092350121920673333 0.032274867404571569
leaf_weight=28.85902854334563 0.82116644456982513 26.584291165228933 1066.9578660423867 39.816312228795141 123.37703251605853 6.0490424912422878 34.103130944538862 23.805677236989141 37.472643289715052 76.120639468543231 0.59440706716850289 5.2121337316930294 13.826558823697267 33.25577119551599 0.51275773905217548 3.150791792664676 16.458626590669162 4.2315141540020695 3.4112925035879016 5.1371340584009877 0.54987375205382705 3.9838795671239486 3.4509359337389496 25.948404029011726
leaf_count=3728 20 1126 12079 675 1021 154 2627 648 847 4380 18 294 1243 577 39 245 2182 173 123 475 22 27 30 852
internal_value=-7.91286e-05 0.00161975 0.000898703 0.00197679 0.00308929 -0.0122332 -0.014694 -0.00527432 -0.0151569 -0.00662552 0.0164449 0.00806122 -0.00893888 0.000481697 -0.0147267 -0.0274352 -0.0253719 -0.0204779 -0.00439574 -0.0261695 0.098951 0.0301897 0.0310854 0.0295704
internal_weight=1583.69 1389.47 1355.27 1267.62 1190.33 194.219 87.6439 50.39 77.289 136.121 12.4055 11.2612 123.716 47.0823 76.6334 37.2539 58.0976 29.2386 7.64281 21.5958 1.14428 34.2044 33.3832 29.3993
internal_count=33605 20197 19268 14622 13100 13408 4646 1774 1522 6727 488 448 6239 1820 4419 2872 6681 2953 296 2657 40 929 909 882
is_linear=0
shrinkage=0.03


Tree=129
num_leaves=25
num_cat=0
split_feature=0 22 22 1 22 22 2 3 15 2 22 22 18 24 0 2 3 5 0 1 3 2 5 2
split_gain=35.2665 34.5403 37.1618 51.5998 29.226 96.1058 32.1204 28.0194 27.0373 19.7612 18.6211 32.998 11.9586 6.69076 5.89265 3.76755 4.85582 1.20772 0.800174 2.31493 0.212373 0.136241 0.124262 0.0180503
threshold=15.075000000000001 93.500000000000014 214.50000000000003 29.375000000000004 262.50000000000006 274.50000000000006 26.045000000000005 23.535000000000004 0.03500000000000001 32.965000000000011 55.500000000000007 56.500000000000007 34.500000000000007 4.5000000000000009 20.515000000000004 35.355000000000011 20.625000000000004 0.82955000000000012 12.585000000000003 27.825000000000003 18.515000000000004 39.265000000000008 0.74315000000000009 32.055000000000007
decision_type=2 2 2 2 2 2 2 2 2 2 2 2 2 2 2 2 2 2 2 2 2 2 2 2
left_child=1 9 3 7 6 -6 -4 -3 -5 10 12 -12 -1 17 15 16 -15 -2 22 -20 -19 -22 -11 -16
right_child=13 2 4 8 5 -7 -8 -9 -10 18 11 -13 -14 14 23 -17 -18 20 19 -21 21 -23 -24 -25
leaf_value=-0.02025687793169129 -0.0077547194936894359 0.0051856033545782448 0.016817813156133378 -0.0022644141996611307 0.031890783151750327 -0.0073190692792462894 -0.015153668936727699 0.019865538713686737 -0.028708341751689504 -0.030381046740019804 0.14755412108595875 0.0061727548365461283 0.028625358140197437 -0.017416402301899524 0.031733035756787618 -0.027122062486639502 0.022168042354365824 0.01648549225811876 0.018816928197237234 -0.037581647037882658 0.031668827009551745 0.043236702470879754 -0.033566128352624527 0.03532392058760659
leaf_weight=51.603082376066595 0.71512191370129485 398.21178801963106 31.630869010463357 150.64662386709824 71.803931606933475 259.89436250878498 267.06233529560268 165.71477606333792 45.250330743379891 28.901935450732708 1.5909704403020466 22.464682863559574 4.9350031539797774 4.3780539957806486 5.5662026423960915 3.6129533117637029 7.6844076402485371 0.81432993896305461 1.096732942387461 1.6262609641999004 33.332584515213966 0.94221413135528465 17.821615791413933 1.6284513697028158
leaf_count=5378 15 4725 373 3566 585 5867 2566 1392 1187 4450 42 1182 413 54 145 23 96 26 24 20 984 5 471 16
internal_value=-7.81653e-05 -0.000958985 0.000424021 0.00489165 -0.00496091 0.00116883 -0.011768 0.00949943 -0.00837271 -0.0157442 -0.00658398 0.0155233 -0.0159901 0.0227439 0.0100683 -0.000248314 0.00780092 0.0308405 -0.0306746 -0.0148661 0.0316271 0.0319868 -0.0315959 0.0325458
internal_weight=1578.93 1520.26 1390.22 759.824 630.391 331.698 298.693 563.927 195.897 130.04 80.5937 24.0557 56.5381 58.6743 22.8701 15.6754 12.0625 35.8043 49.4465 2.72299 35.0891 34.2748 46.7236 7.19465
internal_count=33605 32241 20261 10870 9391 6452 2939 6117 4753 11980 7015 1224 5791 1364 334 173 150 1030 4965 44 1015 989 4921 161
is_linear=0
shrinkage=0.03


Tree=130
num_leaves=25
num_cat=0
split_feature=3 1 3 1 22 22 2 22 22 2 22 3 22 0 18 26 23 26 26 22 0 2 2 26
split_gain=34.649 35.9139 54.2146 39.8486 42.5249 30.2542 20.6369 16.7435 34.5987 20.9152 17.3088 16.451 8.77815 13.208 7.58972 5.7667 4.7909 2.20955 6.12722 10.4515 1.72977 1.1603 0.692977 0.486373
threshold=17.645000000000003 23.865000000000006 21.815000000000001 28.545000000000005 133.50000000000003 145.50000000000003 33.275000000000013 218.50000000000003 234.50000000000003 25.845000000000002 344.50000000000006 19.645000000000003 176.50000000000003 3.2750000000000004 33.500000000000007 0.33800000000000013 5.5000000000000009 -0.20619468024900964 -0.22161290322580643 346.50000000000006 6.2150000000000007 24.835000000000004 26.845000000000002 0.082374193548386973
decision_type=2 2 2 2 2 2 2 2 2 2 2 2 2 2 2 2 2 2 2 2 2 2 2 2
left_child=15 7 6 4 -4 -5 11 12 9 -9 -10 -3 13 -2 -14 17 22 18 20 -20 -1 -19 -17 -8
right_child=1 2 3 5 -6 -7 23 8 10 -11 -12 -13 14 -15 -16 16 -18 21 19 -21 -22 -23 -24 -25
leaf_value=-0.033849028487989985 -0.0033686774860906834 -0.027600914812421194 0.026047319011294524 -0.00022646411913644098 0.0033426435729469552 -0.020490603904134552 -0.032426095485091559 0.0073703637690769172 0.012498263609829486 -0.043524810816311758 -0.033256119950624739 -0.0060682877032495518 0.029137045896387458 0.023851050753211662 -0.0071271712868086583 0.037350942192456493 0.067548816972275549 0.013625690842661037 0.080126662540960653 -0.031298037388528432 0.00033979384543273892 -0.029744203707502276 -0.030537325005429283 -0.0251199740038398
leaf_weight=6.8998201740905625 31.965297161135823 37.26974551519379 86.84393891505897 208.27010618243366 511.67203888343647 97.281278258189559 36.282525012269616 11.522090530022981 139.21562562510371 19.677498212084174 7.8614174630492917 223.01263733906671 59.073556810617447 32.211562345735729 5.6948425602167836 0.15807424485683352 1.1131053371354938 0.56312223663553496 1.4616395467892283 1.5729583799839018 1.650464368984103 39.378329140134156 0.94022272527217865 10.595131208654491
leaf_count=492 951 2227 1228 5294 5130 1655 2699 142 1626 145 313 4025 998 400 64 1 22 21 28 74 23 5038 109 900
internal_value=-7.68837e-05 0.000760943 -0.00156268 0.00213687 0.00663706 -0.00667815 -0.0124516 0.00992187 0.00396561 -0.0247291 0.0100526 -0.00915154 0.0181568 0.0102934 0.0259485 -0.0237511 0.0236869 -0.025787 -0.0142518 0.0223706 -0.0272495 -0.0291327 -0.0207664 -0.0307748
internal_weight=1572.19 1518.45 1211.23 904.067 598.516 305.551 307.16 307.222 178.277 31.1996 147.077 260.282 128.945 64.1769 64.7684 53.7377 2.2114 51.5263 11.5849 3.0346 8.55028 39.9415 1.0983 46.8777
internal_count=33605 27797 23158 13307 6358 6949 9851 4639 2226 287 1939 6252 2413 1351 1062 5808 132 5676 617 102 515 5059 110 3599
is_linear=0
shrinkage=0.03


Tree=131
num_leaves=25
num_cat=0
split_feature=0 22 22 1 22 22 2 3 15 2 0 22 3 24 0 2 3 5 0 1 3 2 5 2
split_gain=33.556 32.1269 34.494 46.9191 27.948 90.2346 29.8447 26.7166 26.2337 19.579 17.8636 13.2484 6.71096 6.56447 5.69105 3.57499 4.55838 1.19832 0.795593 2.22769 0.220875 0.125156 0.115516 0.0167172
threshold=15.075000000000001 93.500000000000014 214.50000000000003 29.375000000000004 262.50000000000006 274.50000000000006 25.635000000000002 24.255000000000006 0.03500000000000001 32.965000000000011 1.8650000000000004 55.500000000000007 23.285000000000004 4.5000000000000009 20.515000000000004 35.355000000000011 20.625000000000004 0.82955000000000012 12.585000000000003 27.825000000000003 18.515000000000004 39.265000000000008 0.74315000000000009 32.055000000000007
decision_type=2 2 2 2 2 2 2 2 2 2 2 2 2 2 2 2 2 2 2 2 2 2 2 2
left_child=1 9 3 7 6 -6 -4 -3 -5 10 12 -12 -1 17 15 16 -15 -2 22 -20 -19 -22 -11 -16
right_child=13 2 4 8 5 -7 -8 -9 -10 18 11 -13 -14 14 23 -17 -18 20 19 -21 21 -23 -24 -25
leaf_value=-0.026033171609511355 -0.0077081212767789948 0.0064574858910591611 0.021892048063898148 -0.002034791009555237 0.031126233186361946 -0.0070466642058675333 -0.014193324502484004 0.025329327811143245 -0.02835124748500354 -0.030370082979371001 -0.007365383468325856 0.024495197221084727 0.18059079059588204 -0.016924090937442512 0.031669839815334874 -0.026557735935967414 0.021748062878122594 0.015849101532029224 0.018336754688546803 -0.037375078108407615 0.031618339305957692 0.04279976800370499 -0.03350281666693472 0.035179231619281999
leaf_weight=28.793696129461754 0.71426456607878108 484.74262703536078 22.301603505387902 149.88618728378788 71.115803051739931 257.63897568359971 274.79522579908371 78.439170248806477 44.128676924388856 27.633804982993752 31.311018035747111 18.798484355676919 0.14216894563287397 4.3137625958770531 5.3398540448397389 3.5755652226507655 7.5345207899808884 0.78682210855185886 1.0880849980749183 1.5896954759955404 32.09722712635994 0.92696979641914268 17.178974011447281 1.5840294025838373
leaf_count=5261 15 5504 313 3566 585 5867 2626 613 1187 4450 1405 338 11 54 145 23 96 26 24 20 984 5 471 16
internal_value=-7.60284e-05 -0.000928288 0.00039549 0.00470279 -0.00481577 0.00121085 -0.0114846 0.00908593 -0.00802047 -0.0153973 -0.00625036 0.00458705 -0.025018 0.0225455 0.0098772 -0.000266094 0.00766818 0.0307456 -0.0306218 -0.0147372 0.0315579 0.0319322 -0.031571 0.0324727
internal_weight=1566.46 1509.58 1383.05 757.197 625.852 328.755 297.097 563.182 194.015 126.536 79.0454 50.1095 28.9359 56.873 22.3477 15.4238 11.8483 34.5253 47.4906 2.67778 33.811 33.0242 44.8128 6.92388
internal_count=33605 32241 20261 10870 9391 6452 2939 6117 4753 11980 7015 1743 5272 1364 334 173 150 1030 4965 44 1015 989 4921 161
is_linear=0
shrinkage=0.03


Tree=132
num_leaves=25
num_cat=0
split_feature=3 1 3 1 22 22 0 8 22 22 18 10 3 26 5 26 26 22 0 2 3 3 0 0
split_gain=32.8793 34.3601 63.1192 34.7265 34.3039 20.0194 17.2785 12.2839 11.6213 32.3042 13.1832 6.36917 6.17239 5.52072 4.45358 2.19982 5.87769 9.6804 1.71387 1.15294 0.381443 0.15453 0.12637 0.00571858
threshold=17.645000000000003 24.245000000000001 21.515000000000004 31.665000000000003 145.50000000000003 344.50000000000006 5.4050000000000011 496.50000000000006 328.50000000000006 330.50000000000006 24.500000000000004 100.00000000000001 18.755000000000006 0.33800000000000013 0.89045000000000007 -0.20619468024900964 -0.22161290322580643 346.50000000000006 6.2150000000000007 24.835000000000004 17.525000000000002 19.345000000000002 4.1350000000000007 2.9650000000000003
decision_type=2 2 2 2 2 2 2 2 2 2 2 2 2 2 2 2 2 2 2 2 2 2 2 2
left_child=13 5 8 4 -4 6 7 -2 10 -10 -3 -5 -8 15 -15 16 18 -18 -1 -17 -21 23 -23 -7
right_child=1 2 3 11 -6 21 12 -9 9 -11 -12 -13 -14 14 -16 19 17 -19 -20 20 -22 22 -24 -25
leaf_value=-0.033769262622007724 0.034190405327254397 -0.0057466477993215895 0.011182164106505799 -0.011638962878463777 -0.0013880622241612382 -0.030693446581713493 0.00076683294370176848 0.0040895787220142366 0.065765612209021676 -0.023424405079286212 -0.024223622442105359 -0.031240339837195638 0.022634335167379241 -0.030402600521709906 0.057288820230534179 0.013549140537418429 0.076524296651449025 -0.031251690367117779 0.00038333316300492664 -0.030459547180245308 -0.017795565727895309 -0.032985912169784547 -0.044262578410154463 -0.032607917441603337
leaf_weight=6.6656545375008118 12.820575087331234 46.828233931679279 296.56915751611814 32.302278202958405 572.70313612185419 3.5567701137624663 13.287845172919331 252.76871148357168 5.5485570826567736 10.708662766963242 134.78473270009272 27.724576042965055 92.393281994387507 0.85520777571946327 1.334760684520006 0.56314096366986532 1.4822434494271868 1.5184017149731515 1.6497280085459349 35.474023317918181 2.2780420023482284 1.5923032402060928 2.0405592545866966 2.3202482685446739
leaf_count=492 417 1605 5636 972 6319 255 190 3078 60 295 5986 1070 1807 119 13 21 28 74 23 4812 226 59 11 37
internal_value=-7.46189e-05 0.000732825 -0.00189925 0.00137657 0.00290052 0.00852417 0.00962508 0.00554261 -0.0172842 0.00701597 -0.0194594 -0.0206922 0.0198848 -0.0235705 0.0230443 -0.0256274 -0.0140055 0.0219869 -0.0269936 -0.0290598 -0.0296954 -0.034456 -0.03932 -0.0314493
internal_weight=1559.77 1507.95 1127.17 929.299 869.272 380.78 371.27 265.589 197.87 16.2572 181.613 60.0269 105.681 51.8212 2.18997 49.6312 11.316 3.00065 8.31538 38.3152 37.7521 9.50988 3.63286 5.87702
internal_count=33605 27797 21943 13997 11955 5854 5492 3495 7946 355 7591 2042 1997 5808 132 5676 617 102 515 5059 5038 362 70 292
is_linear=0
shrinkage=0.03


Tree=133
num_leaves=25
num_cat=0
split_feature=0 22 22 1 22 22 22 2 2 3 0 6 24 0 3 2 3 5 0 1 3 2 5 2
split_gain=31.9665 30.1704 31.9269 43.8642 30.5363 26.7821 84.8995 27.877 19.394 18.9749 17.0903 12.8189 6.4357 5.50702 5.4999 3.40805 4.26251 1.19081 0.794088 2.3067 0.225124 0.113334 0.108285 0.015466
threshold=15.075000000000001 93.500000000000014 214.50000000000003 30.735000000000003 98.500000000000014 262.50000000000006 274.50000000000006 26.195000000000004 32.965000000000011 25.605000000000004 1.8650000000000004 17.792250000000006 4.5000000000000009 20.515000000000004 23.285000000000004 35.355000000000011 20.625000000000004 0.82955000000000012 12.585000000000003 27.525000000000002 18.515000000000004 39.265000000000008 0.74315000000000009 32.055000000000007
decision_type=2 2 2 2 2 2 2 2 2 2 2 2 2 2 2 2 2 2 2 2 2 2 2 2
left_child=1 8 3 4 -3 7 -7 -4 10 -5 14 -12 17 15 -1 16 -14 -2 22 -20 -19 -22 -10 -15
right_child=12 2 5 9 -6 6 -8 -9 18 -11 11 -13 13 23 -16 -17 -18 20 19 -21 21 -23 -24 -25
leaf_value=-0.025851254018728544 -0.0077267362878572238 0.04118187683587031 0.013752689695147754 -0.031581383318249015 0.0060618140875258134 0.030438863679565144 -0.0067769177631111623 -0.014610230977617177 -0.030361007168913462 -0.0041271572280517409 -0.013266892799719923 0.017576697112265113 -0.016375934237518035 0.031613344296380741 0.14470833676870914 -0.026051732472970001 0.021324428987172583 0.015489389337380068 0.020368338243682702 -0.03705993791021199 0.031567730166485126 0.042295624129012097 -0.033447083106291402 0.035038003542329221
leaf_weight=27.627431012690071 0.7121890913695087 23.091609948314726 35.440778076648712 36.000307194888592 635.27757211728022 70.387056155130267 255.16401651827618 259.8993408344686 26.588085746159777 61.129030597861856 20.971022329758853 28.757093450520188 4.2519540730863827 5.1351085044443598 0.17120950948446889 3.541821898892521 7.3904359303414822 0.77294095046818156 1.0334370327182107 1.610386276617646 30.923953201621774 0.91243613511323829 16.635309075936675 1.5435718037188051
leaf_count=5261 15 414 402 1230 7496 585 5867 2537 4450 1730 907 836 54 145 11 23 96 26 23 21 984 5 471 16
internal_value=-7.3915e-05 -0.000899006 0.000375006 0.0045171 0.00729361 -0.00466508 0.00126947 -0.0112067 -0.0151099 -0.0143029 -0.00596173 0.00456954 0.0223501 0.0097022 -0.0248008 -0.000283419 0.00755576 0.0306487 -0.0305725 -0.014612 0.0314868 0.0318752 -0.0315487 0.0324048
internal_weight=1554.97 1499.78 1376.39 755.499 658.369 620.891 325.551 295.34 123.394 97.1293 77.5268 49.7281 55.1844 21.8629 27.7986 15.1842 11.6424 33.3215 45.8672 2.64382 32.6093 31.8364 43.2234 6.67868
internal_count=33605 32241 20261 10870 7910 9391 6452 2939 11980 2960 7015 1743 1364 334 5272 173 150 1030 4965 44 1015 989 4921 161
is_linear=0
shrinkage=0.03


Tree=134
num_leaves=25
num_cat=0
split_feature=3 1 3 1 3 22 0 2 2 22 10 26 6 22 26 26 22 0 2 1 2 3 3 0
split_gain=31.2126 32.2904 59.2414 32.31 32.8419 19.0297 16.5468 12.1957 11.3345 16.0704 6.42094 5.37576 4.28316 3.45131 2.20101 5.6397 8.96908 1.7036 1.14117 1.02428 0.648273 0.392525 0.138382 0.111587
threshold=17.645000000000003 24.245000000000001 21.515000000000004 31.665000000000003 24.595000000000002 344.50000000000006 10.255000000000001 24.835000000000004 32.555000000000007 123.50000000000001 100.00000000000001 0.33800000000000013 17.823850000000004 318.50000000000006 -0.20619468024900964 -0.22161290322580643 346.50000000000006 6.2150000000000007 24.835000000000004 25.145000000000003 26.845000000000002 17.525000000000002 19.345000000000002 4.1350000000000007
decision_type=2 2 2 2 2 2 2 2 2 2 2 2 2 2 2 2 2 2 2 2 2 2 2 2
left_child=11 5 8 4 -4 6 7 -2 9 -3 -5 14 -13 -8 15 17 -17 -1 -16 -10 -14 -20 -7 -24
right_child=1 2 3 10 -6 22 13 -9 19 -11 -12 12 20 -15 18 16 -18 -19 21 -21 -22 -23 23 -25
leaf_value=-0.033692624810678626 0.029461044662615222 0.0069204147935282472 3.276635959184256e-05 -0.011151307356185714 0.015239662880995427 -0.031394503742721527 0.030848921213391983 0.0057350201849774339 -0.010919141888623612 -0.017765238741232963 -0.031115248733005967 0.063461927156430106 0.036780239034348551 -0.0046932069874095822 0.013316240546499613 0.073039266468266709 -0.031207282146195087 0.00052905451478725855 -0.030445431613587193 -0.030227107470112608 -0.030532472171038109 -0.01741798646320717 -0.03288656178202503 -0.043632223321207676
leaf_weight=6.4315108093433064 20.8043516241014 29.944849647115916 712.58592089172453 31.67730075167492 155.7555097527802 5.6744614196941239 34.571261645294726 310.60470384778455 2.6089382842183104 114.44295917404816 26.737818533089012 1.1241111312992862 0.15036165714263916 2.6471739858388892 0.56502257566898961 1.505679422989487 1.4660162320360539 1.6438181102275846 34.060495504410937 47.385607487056404 0.89662075135856867 2.2170636241789898 1.5403038505464794 1.9978305548429487
leaf_count=492 342 1521 9859 972 2096 292 1130 3996 197 2319 1070 24 1 24 21 28 74 23 4812 3909 107 226 59 11
internal_value=-7.27776e-05 0.000705449 -0.00185069 0.00130759 0.00276045 0.0082901 0.00935444 0.00722443 -0.0169084 -0.0126456 -0.0202892 -0.0233754 0.0227961 0.028321 -0.0254686 -0.0137233 0.0216117 -0.0267264 -0.0289903 -0.0292195 -0.0208654 -0.0296493 -0.0342978 -0.0389542
internal_weight=1549.04 1498.98 1121.14 926.757 868.341 377.84 368.627 331.409 194.382 144.388 58.4151 50.0607 2.17109 37.2184 47.8896 11.047 2.9717 8.07533 36.8426 49.9945 1.04698 36.2776 9.2126 3.53813
internal_count=33605 27797 21943 13997 11955 5854 5492 4338 7946 3840 2042 5808 132 1154 5676 617 102 515 5059 4106 108 5038 362 70
is_linear=0
shrinkage=0.03


Tree=135
num_leaves=25
num_cat=0
split_feature=0 2 22 0 1 24 7 2 3 3 24 3 24 5 3 24 25 23 3 25 25 25 3 0
split_gain=30.7822 27.2422 22.3595 21.6371 20.5721 15.2959 7.5564 7.63212 14.3646 11.4749 7.13283 6.80481 5.53821 5.36487 2.91557 1.64219 2.82481 5.14276 1.35904 0.656807 1.61748 0.301562 0.212347 0.117813
threshold=0.65500000000000014 24.835000000000004 344.50000000000006 15.075000000000001 31.975000000000005 2.5000000000000004 73.832350000000005 29.745000000000001 21.985000000000003 24.255000000000006 4.5000000000000009 23.935000000000006 4.5000000000000009 0.37855000000000005 16.845000000000002 1.5000000000000002 -0.34803225806451604 3.5000000000000004 23.895000000000003 0.74876881720430111 1.0635000000000001 -1.5434122807017541 19.345000000000002 4.1350000000000007
decision_type=2 2 2 2 2 2 2 2 2 2 2 2 2 2 2 2 2 2 2 2 2 2 2 2
left_child=5 14 3 4 -3 15 7 8 -7 -9 13 -12 -5 -8 -2 -1 18 -18 -17 21 -21 -16 -4 -24
right_child=1 2 22 12 -6 6 10 9 -10 -11 11 -13 -14 -15 19 16 17 -19 -20 20 -22 -23 23 -25
leaf_value=-0.03032003440929296 -0.038487224430403068 0.001252582730270181 -0.031139879141830147 0.030549109690723896 -0.020829296202348097 0.017168498757575461 -0.014810050289678873 -0.020805581744232079 0.131989681867797 0.11717212631510547 -0.0051023463388884041 0.0229615158630294 0.009305879251491303 0.080768651674005307 0.048270379470918161 -0.030304574701815374 0.017554185493504897 -0.032250427184905915 -0.01213620088620178 0.009565304910376821 0.031781808104163915 0.034510672548909556 -0.032986753370784917 -0.042810923443449882
leaf_weight=26.463094126898795 0.555974295828494 1225.8290513348766 12.681463879998775 26.373767187818885 39.184486884158105 4.9524713954888266 73.086335050640628 5.5476084682159126 1.2227012962102888 0.60126095311716188 36.158226179657504 9.9066314022056741 19.003777757287025 0.53239213163033028 1.6866657938808192 14.923541810596367 4.2591615640558294 3.3207989856600761 4.9294347637332967 3.6762314364314106 14.917046837508677 9.5507892649620789 1.8845748044550408 2.6342118158936501
leaf_count=3728 18 16734 637 685 911 147 4380 312 8 21 1470 350 242 39 11 2182 173 123 475 70 551 279 44 15
internal_value=-7.18405e-05 0.00149549 0.00085265 0.0012987 0.000568584 -0.0115208 -0.00602232 0.0163453 0.0399034 -0.00731357 -0.00832555 0.000933021 0.0216526 -0.0141188 0.0295813 -0.0249883 -0.019845 -0.00426534 -0.0257934 0.0308499 0.0273892 0.0365759 -0.0331297 -0.0387137
internal_weight=1543.88 1357.98 1327.59 1310.39 1265.01 185.904 132.008 12.324 6.17517 6.14887 119.684 46.0649 45.3775 73.6187 30.3867 53.896 27.4329 7.57996 19.853 29.8307 18.5933 11.2375 17.2003 4.51879
internal_count=33605 20197 19268 18572 17645 13408 6727 488 155 333 6239 1820 927 4419 929 6681 2953 296 2657 911 621 290 696 59
is_linear=0
shrinkage=0.03


Tree=136
num_leaves=25
num_cat=0
split_feature=3 2 3 1 22 22 22 2 2 22 0 14 3 22 3 23 26 23 26 26 22 0 2 2
split_gain=29.6481 30.4904 54.3125 48.2156 43.5289 32.5032 52.7369 28.9039 28.4207 25.3444 20.7087 17.6163 12.0354 11.9657 10.4465 7.72398 5.16958 4.01197 2.20634 5.49616 8.1964 1.67538 1.10674 0.612193
threshold=17.645000000000003 32.555000000000007 23.535000000000004 29.105000000000004 208.50000000000003 260.50000000000006 274.50000000000006 26.735000000000003 36.035000000000004 145.50000000000003 5.0550000000000006 0.15500000000000003 22.135000000000002 74.500000000000014 22.465000000000003 3.5000000000000004 0.33800000000000013 5.5000000000000009 -0.20619468024900964 -0.22161290322580643 346.50000000000006 6.2150000000000007 24.835000000000004 26.845000000000002
decision_type=2 2 2 2 2 2 2 2 2 2 2 2 2 2 2 2 2 2 2 2 2 2 2 2
left_child=16 4 11 8 10 7 -7 -6 -4 -5 14 15 -13 -12 -2 -3 18 23 19 21 -21 -1 -20 -18
right_child=1 2 3 9 5 6 -8 -9 -10 -11 13 12 -14 -15 -16 -17 17 -19 22 20 -22 -23 -24 -25
leaf_value=-0.033598627124752554 0.0014461213585028525 -0.029821817802527396 0.013633627370921168 0.0011291964894370606 0.010788320570798381 0.02615736931591776 -0.0019413363165307902 -0.012376106149989944 0.067864976327411605 -0.021731220663748253 -0.013598317353205215 -0.021222454925022043 0.004136810196443119 0.024654986737509144 0.014171894844075791 -0.015613619789783024 0.036313695079448455 0.061035513968067313 0.012771760562325346 0.06950295031286928 -0.031136889247923804 0.00042576970292626483 -0.029597998223280381 -0.030534813294129857
leaf_weight=6.2201760245952755 133.88499855156988 73.677948145195842 107.9194855177775 135.90809126244858 60.224347845651209 84.072172620333731 210.96183430869132 248.5807248102501 9.4594558714888972 64.295887942891568 7.8670649500563732 26.29489124333486 46.859719890635461 114.04994508810341 102.50323813641444 64.652657312573865 0.14363624155521304 1.1350642153993249 0.5638261241838326 1.5338809266686424 1.3868260160088537 1.6474671019241212 34.852940130978823 0.87065321183763444
leaf_count=492 3328 3058 1026 3545 693 843 4035 2428 75 1254 155 1589 903 1826 762 2277 1 22 21 28 74 23 5038 109
internal_value=-7.05622e-05 0.000679106 -0.00510582 0.00273799 0.00386015 -0.00105522 0.0060656 -0.00785849 0.0180041 -0.00621247 0.0121438 -0.0168847 -0.00497839 0.0221866 0.0069643 -0.0231812 -0.0231897 0.0222904 -0.0253053 -0.0134275 0.0217166 -0.026474 -0.0289235 -0.0210682
internal_weight=1539.57 1491.21 529.068 317.583 962.144 603.839 295.034 308.805 117.379 200.204 358.305 211.485 73.1546 121.917 236.388 138.331 48.3545 2.14935 46.2051 10.7884 2.92071 7.86764 35.4168 1.01429
internal_count=33605 27797 13727 5900 14070 7999 4878 3121 1101 4799 6071 7827 2492 1981 4090 5335 5808 132 5676 617 102 515 5059 110
is_linear=0
shrinkage=0.03


Tree=137
num_leaves=25
num_cat=0
split_feature=0 2 22 0 24 24 7 2 3 3 24 25 24 5 3 24 25 23 3 25 25 25 3 0
split_gain=28.6493 25.9573 21.3003 20.4638 19.5092 14.9814 7.11285 7.01031 12.1542 9.89629 6.84381 6.28164 5.5193 4.8553 2.77933 1.67474 2.77814 4.94882 1.36878 0.643764 1.64449 0.272511 0.19215 0.105702
threshold=0.65500000000000014 24.835000000000004 344.50000000000006 15.075000000000001 3.5000000000000004 2.5000000000000004 73.832350000000005 29.745000000000001 21.985000000000003 24.255000000000006 4.5000000000000009 -1.8991129032258065 4.5000000000000009 0.37855000000000005 16.845000000000002 1.5000000000000002 -0.34803225806451604 3.5000000000000004 23.895000000000003 0.74876881720430111 1.0635000000000001 -1.5434122807017541 19.345000000000002 4.1350000000000007
decision_type=2 2 2 2 2 2 2 2 2 2 2 2 2 2 2 2 2 2 2 2 2 2 2 2
left_child=5 14 3 4 -3 15 7 8 -7 -9 13 -12 -5 -8 -2 -1 18 -18 -17 21 -21 -16 -4 -24
right_child=1 2 22 12 -6 6 10 9 -10 -11 11 -13 -14 -15 19 16 17 -19 -20 20 -22 -23 23 -25
leaf_value=-0.030311048846139523 -0.037974376599213273 0.0040392780253717267 -0.031094211456059187 0.030429879155302628 -0.0034434665868260496 0.016681041860131356 -0.014488454973270804 -0.020528712969145099 0.11942762403677656 0.10181827763209435 -0.016724528011239231 0.0079499485958208389 0.0089823104771401124 0.073589477910566012 0.047587912251073873 -0.030295212989277256 0.016891145941632744 -0.032218192359162165 -0.011867378798641826 0.009061949424397784 0.031719442998364204 0.034386496866143465 -0.03289399493991952 -0.04231767076559631
leaf_weight=25.453784759854898 0.54128189850598829 671.57209450541995 12.088505920022728 25.410608321428299 588.28820137935691 4.9715936558786762 71.819907188648358 5.4160783332772553 1.3090005367994306 0.66845254180952896 12.921094065066425 33.005120017332956 18.779253681190312 0.5677326200529923 1.6618660567328323 14.31541423220188 4.3135959147475651 3.2293839724734426 4.858994908630847 3.6119073498994139 14.286718143150209 9.187012920156123 1.8307169452309597 2.5821670144796371
leaf_count=3728 18 9578 637 685 8067 147 4380 312 8 21 1243 577 242 39 11 2182 173 123 475 70 551 279 44 15
internal_value=-6.95622e-05 0.00144002 0.000820464 0.00124906 0.000545232 -0.0112137 -0.00578787 0.0158622 0.0380955 -0.00708755 -0.00805054 0.00100792 0.0213154 -0.0137977 0.0293743 -0.0248042 -0.0195579 -0.00413409 -0.0256254 0.0306424 0.0271472 0.0364087 -0.0330502 -0.0384082
internal_weight=1532.69 1349.84 1320.55 1304.05 1259.86 182.85 130.679 12.3651 6.28059 6.08453 118.314 45.9262 44.1899 72.3876 29.2888 52.1712 26.7174 7.54298 19.1744 28.7475 17.8986 10.8489 16.5014 4.41288
internal_count=33605 20197 19268 18572 17645 13408 6727 488 155 333 6239 1820 927 4419 929 6681 2953 296 2657 911 621 290 696 59
is_linear=0
shrinkage=0.03


Tree=138
num_leaves=25
num_cat=0
split_feature=3 1 3 1 3 22 22 0 9 22 22 14 26 11 22 26 26 22 0 2 2 3 3 0
split_gain=28.1325 29.1534 55.2201 31.3949 42.4775 42.0434 16.9914 15.4173 11.6554 11.5935 29.9222 12.8319 4.97591 3.82844 3.39269 2.20848 5.34623 7.47946 1.65178 1.07234 0.57829 0.421741 0.103948 0.0817849
threshold=17.645000000000003 24.245000000000001 21.515000000000004 27.275000000000002 24.255000000000006 133.50000000000003 344.50000000000006 10.255000000000001 2.8500000000000005 328.50000000000006 330.50000000000006 0.14500000000000005 0.33800000000000013 -53.999999999999993 318.50000000000006 -0.20619468024900964 -0.22161290322580643 346.50000000000006 6.2150000000000007 24.835000000000004 26.845000000000002 17.525000000000002 19.345000000000002 4.1350000000000007
decision_type=2 2 2 2 2 2 2 2 2 2 2 2 2 2 2 2 2 2 2 2 2 2 2 2
left_child=12 6 9 5 -5 -4 7 8 -2 11 -11 -3 15 20 -9 16 18 -18 -1 -17 -14 -21 -8 -24
right_child=1 2 3 4 -6 -7 22 14 -10 10 -12 -13 13 -15 -16 19 17 -19 -20 21 -22 -23 23 -25
leaf_value=-0.033512424485405416 0.014910399932126681 -0.026126476102466663 0.034818004717498824 -0.013537625542164493 0.00448600464426186 0.0039138115276423401 -0.031270874375294661 0.03056177178884447 0.002913380873059257 0.06353146794056555 -0.022634569085769534 -0.0097576373110328223 0.035882732229850486 0.059418142062784014 -0.0049420983810548845 0.012230250666812891 0.0661033825938874 -0.031070659272222308 0.00037801502995570289 -0.030411504342441151 -0.030510961081786844 -0.01645630188435938 -0.03263624582983591 -0.042159807823056138
leaf_weight=6.015382592799142 109.06744692055508 95.579631062690169 43.919831139268354 225.86609964934178 245.7043934171088 404.60937113175169 5.2300405087880772 32.187890324741602 219.6821107310243 5.6368193682283154 10.173517797607927 78.503930749371648 0.1370658427476884 1.1361472266726187 2.6194759383797637 0.56231441488489409 1.5622570151463135 1.3111747722141442 1.6491670813411472 31.380730551667511 0.85187130561098456 2.0780866071581832 1.4240119880996647 1.8869180381298063
leaf_count=492 1735 4605 528 4797 4602 4070 292 1130 2603 60 295 2986 1 24 24 21 28 74 23 4812 107 226 59 11
internal_value=-6.81748e-05 0.000654097 -0.00178201 0.00125781 -0.0041467 0.00693994 0.00792118 0.00890378 0.00689357 -0.016511 0.00808599 -0.0187449 -0.0229983 0.0218507 0.0278899 -0.0251372 -0.0131368 0.0217619 -0.0262203 -0.0288543 -0.0213089 -0.0295448 -0.0339042 -0.0380638
internal_weight=1528.78 1482.09 1109.99 920.1 471.57 448.529 372.098 363.557 328.75 189.894 15.8103 174.084 46.6842 2.12508 34.8074 44.5591 10.538 2.87343 7.66455 34.0211 0.988937 33.4588 8.54097 3.31093
internal_count=33605 27797 21943 13997 9399 4598 5854 5492 4338 7946 355 7591 5808 132 1154 5676 617 102 515 5059 108 5038 362 70
is_linear=0
shrinkage=0.03


Tree=139
num_leaves=25
num_cat=0
split_feature=3 1 3 1 22 22 1 3 2 22 22 25 26 26 5 26 26 22 0 0 2 3 3 22
split_gain=27.1367 27.5614 43.2095 36.3463 36.7484 29.3672 21.4385 23.1179 14.48 12.5791 40.9899 10.7458 10.2657 4.80438 3.63581 2.20204 5.11931 6.90905 1.63376 1.51839 1.05407 0.701512 0.428527 5.12814e-05
threshold=17.645000000000003 23.865000000000006 22.045000000000005 28.545000000000005 143.50000000000003 145.50000000000003 26.085000000000004 19.945000000000004 24.835000000000004 218.50000000000003 234.50000000000003 -0.088978494623655827 0.26633870967741941 0.33800000000000013 0.89045000000000007 -0.20619468024900964 -0.22161290322580643 346.50000000000006 6.2150000000000007 0.32500000000000007 24.835000000000004 19.345000000000002 17.525000000000002 80.500000000000014
decision_type=2 2 2 2 2 2 2 2 2 2 2 2 2 2 2 2 2 2 2 2 2 2 2 2
left_child=13 8 6 4 -4 -5 7 -3 19 11 -11 -10 -8 15 23 16 18 -18 -1 -2 -17 -21 -22 -15
right_child=1 2 3 5 -6 -7 12 -9 9 10 -12 -13 -14 14 -16 20 17 -19 -20 21 22 -23 -24 -25
leaf_value=-0.033437054303522062 -0.0083902516130792641 -0.024434463715673992 0.022752578785878694 0.00026387852280457144 0.0030338610039746367 -0.020016800390721866 -0.027452507753025789 -0.0016857887044766464 0.023342346634466056 -0.032804240802658036 0.0080664767142724254 0.00423098662150952 0.0033045775476681382 -0.030230960417486533 0.051350144732110484 0.011780602306382747 0.062607573208521783 -0.031039306798649191 0.00036657862711071649 0.022575161564976094 -0.030399540166753895 0.033278669114660923 -0.016216527655404038 -0.030803539116810726
leaf_weight=5.8505616369657218 0.94139699451625602 49.787186929024756 105.65519348811358 201.87138750450686 436.35643183859065 94.267005375120789 74.137295570457354 208.89607400866225 58.087233228143305 26.431308479979634 134.30056937038898 48.660531739704311 11.248332603136076 0.5893367428798223 1.3346578702330587 0.56620325660332937 1.5994213279336675 1.2736895871348677 1.6495924498885868 7.5857808599248555 30.465094442246482 20.148382845334709 2.0460374907124779 0.1849588742479682
leaf_count=492 8 3033 1279 5163 4388 1653 4015 3179 1256 218 1740 513 448 107 13 21 28 74 23 178 4812 726 226 12
internal_value=-6.74337e-05 0.000635338 -0.00141483 0.00225988 0.00687766 -0.00619188 -0.0103664 -0.00606409 0.0088194 0.00664741 0.00134555 0.0146305 -0.0234007 -0.0228719 0.0213477 -0.0250182 -0.0129583 0.0210926 -0.0260022 0.0290792 -0.0288002 0.0303511 -0.029507 -0.0303677
internal_weight=1523.93 1478.37 1182.22 838.15 542.012 296.138 344.069 258.683 296.155 267.48 160.732 106.748 85.3856 45.5596 2.10895 43.4506 10.3733 2.87311 7.50015 28.6756 33.0773 27.7342 32.5111 0.774296
internal_count=33605 27797 23158 12483 5667 6816 10675 6212 4639 3727 1958 1769 4463 5808 132 5676 617 102 515 912 5059 904 5038 119
is_linear=0
shrinkage=0.03


Tree=140
num_leaves=25
num_cat=0
split_feature=0 22 22 1 14 1 3 3 2 4 0 6 24 0 3 2 3 5 0 1 3 5 2 2
split_gain=26.597 25.8509 29.233 45.0834 34.3204 40.4728 27.9945 22.2506 18.9434 17.2282 15.2732 12.1246 6.20691 5.25619 4.56753 3.12757 3.91227 1.2778 0.788345 2.09042 0.286847 0.0968345 0.0958806 0.0148748
threshold=15.075000000000001 93.500000000000014 145.50000000000003 27.275000000000002 0.11000000000000001 26.575000000000003 23.385000000000002 24.205000000000002 32.965000000000011 14.675000000000002 1.8650000000000004 17.792250000000006 4.5000000000000009 20.515000000000004 23.285000000000004 35.355000000000011 20.625000000000004 0.82955000000000012 12.585000000000003 27.825000000000003 18.465000000000003 0.74315000000000009 39.265000000000008 32.055000000000007
decision_type=2 2 2 2 2 2 2 2 2 2 2 2 2 2 2 2 2 2 2 2 2 2 2 2
left_child=1 8 4 6 9 -6 -4 -5 10 -3 14 -12 17 15 -1 16 -14 -2 21 -20 -19 -10 -22 -15
right_child=12 2 3 7 5 -7 -8 -9 18 -11 11 -13 13 23 -16 -17 -18 20 19 -21 22 -23 -24 -25
leaf_value=-0.025378023794147459 -0.010692984820692905 0.0087261272669174276 -0.0011295396474669461 -0.027958607265710016 0.049162188348153869 0.0096787364799662615 0.017287440894755337 -0.0068412919059091769 -0.03034577525774123 -0.015681681316981111 -0.013158153458791975 0.017238562193243961 -0.01652759811078397 0.031488997009300898 0.11781262192332294 -0.025755866288719401 0.02050480083777903 0.011338412493081431 0.018430602928242733 -0.036954087860341107 0.031426847615691311 -0.033389419984306841 0.041467007645678532 0.034948390659874859
leaf_weight=24.950722584035251 0.66760004311800258 42.224040605593473 724.13234087405726 77.211476463824511 26.057583512272686 226.16314873145893 82.771715804934502 107.3287772606127 23.921409449074417 67.850335610099137 20.247586772311479 28.341107541462407 4.0643041860312241 4.5658545950427643 0.20211476925760408 3.4787537334486833 6.9714403133839369 0.63406043034047144 1.0381670966744416 1.4988042693585155 27.140231639146808 15.505799094215034 0.88391612470149894 1.4816558957099912
leaf_count=5261 15 566 10232 1184 217 4335 692 1562 4450 1473 907 836 54 145 11 23 96 24 24 20 986 471 5 16
internal_value=-6.66931e-05 -0.000798054 0.000365246 -0.00229969 0.00765803 0.0137579 0.000759663 -0.0156768 -0.0144085 -0.00631895 -0.00525144 0.00457183 0.0214755 0.00883825 -0.0242274 -0.000952393 0.00686631 0.0303363 -0.0304997 -0.0142898 0.0312921 -0.0315428 0.0317435 0.0323366
internal_weight=1519.33 1469.45 1353.74 991.444 362.295 252.221 806.904 184.54 115.706 110.074 73.7415 48.5887 49.8878 20.562 25.1528 14.5145 11.0357 29.3258 41.9642 2.53697 28.6582 39.4272 28.0241 6.04751
internal_count=33605 32241 20261 13670 6591 4552 10924 2746 11980 2039 7015 1743 1364 334 5272 173 150 1030 4965 44 1015 4921 991 161
is_linear=0
shrinkage=0.03


Tree=141
num_leaves=25
num_cat=0
split_feature=0 2 22 1 3 24 7 24 2 3 3 3 22 5 3 24 25 23 3 25 25 0 3 0
split_gain=25.871 23.7589 19.6864 19.5935 32.8414 14.4933 6.73127 6.53102 6.32538 10.6845 8.73446 6.24089 5.89169 4.50102 2.6047 1.72583 2.71455 4.76879 1.37533 0.630508 1.70268 0.259218 0.158351 0.0853972
threshold=0.65500000000000014 24.835000000000004 344.50000000000006 31.975000000000005 24.595000000000002 2.5000000000000004 73.832350000000005 4.5000000000000009 29.745000000000001 21.115000000000006 24.255000000000006 23.935000000000006 130.50000000000003 0.37855000000000005 16.845000000000002 1.5000000000000002 -0.34803225806451604 3.5000000000000004 23.895000000000003 0.74876881720430111 1.0635000000000001 1.7750000000000001 19.345000000000002 4.1350000000000007
decision_type=2 2 2 2 2 2 2 2 2 2 2 2 2 2 2 2 2 2 2 2 2 2 2 2
left_child=5 14 3 4 -3 15 8 13 9 -7 -10 -9 -5 -8 -2 -1 18 -18 -17 21 -21 -16 -4 -24
right_child=1 2 22 12 -6 6 7 11 10 -11 -12 -13 -14 -15 19 16 17 -19 -20 20 -22 -23 23 -25
leaf_value=-0.030303486534205976 -0.03723761932510266 7.8587792263447445e-05 -0.031024362116307113 -0.031077312613993366 0.015182330267458171 0.005367532136888631 -0.014104956971799467 -0.0047649202663115507 -0.020142387627819506 0.085010839060562574 0.090902273011610732 0.021985857523661764 -0.0079019232569045739 0.068891287384457989 0.054149018393881795 -0.030286847298042437 0.016392217843735884 -0.032171276874395104 -0.011549104179473512 0.0080904966531671028 0.031640562895218285 0.034918962392000055 -0.032736063091188886 -0.041402653586596193
leaf_weight=24.093434579204768 0.52390200877562421 1107.904641630128 11.210647642146794 19.96180818323046 146.72653874382377 3.8955849972553533 70.230232835747302 35.509906971827149 5.2358757378533483 2.4817996881902218 0.72588563943281759 10.076262068934737 19.532966571860015 0.59304646402597327 0.67584351543337362 13.445707055740064 4.352944607846438 3.1272206450812519 4.7783324448391786 3.4924295078963068 13.230549183674155 9.4823734099045378 1.7380045372992743 2.4882526695728302
leaf_count=3728 18 16230 637 577 1425 139 4380 1470 312 16 21 350 340 39 5 2182 173 123 475 70 551 285 44 15
internal_value=-6.55904e-05 0.0013668 0.000788272 0.00119 0.00184494 -0.0107915 -0.00547574 -0.00770904 0.0155936 0.0363612 -0.00662193 0.00114801 -0.0196154 -0.01341 0.0290121 -0.0245349 -0.0191278 -0.00391064 -0.0253738 0.0303033 0.0267224 0.0361984 -0.0328899 -0.0378386
internal_weight=1515.51 1336.97 1309.56 1294.13 1254.63 178.546 128.749 116.409 12.3391 6.37738 5.96176 45.5862 39.4948 70.8233 27.4051 49.7976 25.7042 7.48017 18.224 26.8812 16.723 10.1582 15.4369 4.22626
internal_count=33605 20197 19268 18572 17655 13408 6727 6239 488 155 333 1820 917 4419 929 6681 2953 296 2657 911 621 290 696 59
is_linear=0
shrinkage=0.03


Tree=142
num_leaves=25
num_cat=0
split_feature=3 1 3 1 22 0 3 22 18 22 22 4 10 22 22 26 23 26 26 22 0 2 2 3
split_gain=25.3965 26.5384 47.2364 27.9806 37.3465 21.6675 20.0435 16.3721 14.5702 20.5877 17.9643 10.8562 6.4826 4.73388 5.22433 4.66017 3.49528 2.22053 4.96417 6.31855 1.6131 1.0319 0.524354 0.443144
threshold=17.645000000000003 25.045000000000005 22.075000000000003 31.665000000000003 145.50000000000003 10.785000000000002 22.365000000000006 258.50000000000006 24.500000000000004 230.50000000000003 328.50000000000006 27.765000000000004 100.00000000000001 74.500000000000014 314.50000000000006 0.33800000000000013 5.5000000000000009 -0.20619468024900964 -0.22161290322580643 346.50000000000006 6.2150000000000007 24.835000000000004 26.845000000000002 17.525000000000002
decision_type=2 2 2 2 2 2 2 2 2 2 2 2 2 2 2 2 2 2 2 2 2 2 2 2
left_child=15 5 8 4 -4 6 7 -2 9 -3 -10 -8 -5 -7 -15 17 22 18 20 -20 -1 -19 -17 -23
right_child=1 2 3 12 -6 13 11 -9 10 -11 -12 -13 -14 14 -16 16 -18 21 19 -21 -22 23 -24 -25
leaf_value=-0.033358056576424669 -0.0023745657005981233 0.013859722856141139 0.011304472851284244 -0.010326794718465041 -0.0030078585769454814 -0.032483706921436463 0.033039364703188211 0.0094415843877445043 -0.023970827997650379 -0.0278353655391681 0.021431722819052208 0.003818607284193842 -0.03089917167057156 0.031350548325894782 -0.0065970149754136344 0.035212184366066414 0.056393360951237828 0.0115641791562656 0.059683546745424684 -0.030977548091005992 0.00041441244123110131 -0.03038498264295399 -0.030533665401532906 -0.015718071245496221
leaf_weight=5.6073239587713033 276.47035769489594 28.791269912617281 266.86541222571395 30.583108742721379 426.04842507326975 1.1946109319105733 31.145481318235397 170.6907787588425 126.93329399079084 16.922605035826564 8.35973859624937 18.088715028017759 25.099064995301887 37.980277439579368 3.5722731240093699 0.12611159682273787 1.1440062802284956 0.5622076783329274 1.6277385251596554 1.2033236487768588 1.6466409089043734 28.982705177273605 0.81303038378246129 1.9807069969829161
leaf_count=492 4378 1080 4809 972 4752 30 258 2698 5741 386 157 141 1070 1291 34 1 22 21 28 74 23 4812 109 226
internal_value=-6.46209e-05 0.000605891 -0.00246517 0.000860162 0.00250432 0.00590109 0.00413621 0.00213591 -0.0162178 -0.00157519 -0.0211654 0.0223036 -0.0195999 0.0263955 0.0280882 -0.0226035 0.0211844 -0.0247957 -0.0125427 0.0211487 -0.0256917 -0.0287154 -0.0217051 -0.0294468
internal_weight=1512.44 1468.75 929.603 748.596 692.914 539.142 496.395 447.161 181.007 45.7139 135.293 49.2342 55.6822 42.7472 41.5526 43.6938 2.08315 41.6106 10.085 2.83106 7.25396 31.5256 0.939142 30.9634
internal_count=33605 27797 18967 11603 9561 8830 7475 7076 7364 1466 5898 399 2042 1355 1325 5808 132 5676 617 102 515 5059 110 5038
is_linear=0
shrinkage=0.03


Tree=143
num_leaves=25
num_cat=0
split_feature=0 22 22 1 22 22 15 22 2 2 22 22 18 0 2 25 20 6 1 1 1 5 25 25
split_gain=24.8379 23.8748 27.235 37.6354 28.046 74.7189 26.574 24.0841 23.8285 18.454 15.2481 27.0385 12.6491 1.61583 3.08175 1.50014 4.31299 0.280327 1.51929 0.181178 0.152561 0.0915615 0.0420491 0.0107598
threshold=17.620000000000001 93.500000000000014 214.50000000000003 29.375000000000004 262.50000000000006 274.50000000000006 0.03500000000000001 98.500000000000014 25.635000000000002 32.965000000000011 55.500000000000007 56.500000000000007 34.500000000000007 12.585000000000003 34.405000000000008 -1.8877730616864741 0.53500000000000014 15.881350000000001 26.055000000000003 23.865000000000006 31.175000000000004 0.74315000000000009 -2.7926570458404067 -1.2733387096774191
decision_type=2 2 2 2 2 2 2 2 2 2 2 2 2 2 2 2 2 2 2 2 2 2 2 2
left_child=1 9 3 7 8 -6 -5 -3 -4 10 12 -12 -1 21 -15 16 19 18 -17 -2 23 -11 -21 -19
right_child=15 2 4 6 5 -7 -8 -9 -10 13 11 -13 -14 14 -16 17 -18 20 -20 22 -22 -23 -24 -25
leaf_value=-0.018984477595709367 0.017778219297306774 0.040301316115869193 0.020051536671264827 -0.0012058209965333066 0.02912244245627028 -0.0058302194033574587 -0.028119876781722796 0.0070118367902516996 -0.013298501032786385 -0.030338930597256356 0.1288641137465259 0.0060519866512476848 0.033626558431737438 0.01792803748444758 -0.035738374444965547 0.03075512025377693 -0.020763853304401735 0.032445604449882821 -0.033476589969040703 0.029361694859281928 0.043359419688997793 -0.033353986893496924 0.035316370473249217 0.030855372821749619
leaf_weight=45.033489656401798 0.92209864407778042 20.291292068548501 20.757033661939204 147.61032150639221 70.795956577174366 247.39692355995066 42.530350921209902 542.37931014131755 271.28774414584041 22.875274878693745 1.7395674900617475 22.24513825844042 4.5262768503744146 1.7737893513403826 2.1068747909739614 2.3319311039522321 2.1403221674263477 5.2944623008370497 0.38633055239915837 2.0641486961394548 0.99235281348228355 15.015027162153272 2.2099964618682861 13.837964905425901
leaf_count=5391 20 330 339 3581 630 5888 1187 5936 2648 4450 42 1194 413 30 35 138 24 96 4 59 6 471 31 662
internal_value=-6.38457e-05 -0.000613849 0.00049504 0.00431303 -0.00421498 0.00194653 -0.00722591 0.00821234 -0.0109282 -0.0137211 -0.00467661 0.0149593 -0.0141795 -0.0296454 -0.0112083 0.0268784 0.0150762 0.0306689 0.0216262 0.0298387 0.0318903 -0.0315337 0.0324406 0.0312954
internal_weight=1508.54 1478.36 1363.05 752.811 610.238 318.193 190.141 562.671 292.045 115.315 73.5445 23.9847 49.5598 41.771 3.88066 30.1796 7.33657 22.843 2.71826 5.19624 20.1248 37.8903 4.27415 19.1324
internal_count=33605 32565 20539 11034 9505 6518 4768 6266 2987 12026 7040 1236 5804 4986 65 1040 134 906 142 110 764 4921 90 758
is_linear=0
shrinkage=0.03


Tree=144
num_leaves=25
num_cat=0
split_feature=3 2 3 1 22 22 22 22 2 1 3 3 0 26 22 26 26 0 26 26 1 2 1 0
split_gain=24.1701 25.1355 45.0151 31.9503 35.0108 29.0463 35.5538 33.5509 25.241 20.2493 21.1294 18.2096 16.4204 11.2405 10.0248 9.41205 2.80174 2.75092 1.60468 5.90588 6.27983 1.16104 0.0315549 0.00174085
threshold=17.395000000000003 31.765000000000004 23.045000000000005 30.735000000000003 145.50000000000003 208.50000000000003 260.50000000000006 274.50000000000006 26.735000000000003 26.815000000000001 20.465000000000003 25.605000000000004 5.1250000000000009 -0.26020215053763435 74.500000000000014 0.26633870967741941 0.33800000000000013 8.4250000000000025 -0.20619468024900964 -0.22161290322580643 22.065000000000001 24.835000000000004 20.975000000000005 3.3250000000000006
decision_type=2 2 2 2 2 2 2 2 2 2 2 2 2 2 2 2 2 2 2 2 2 2 2 2
left_child=16 5 9 4 -4 12 8 -8 -7 10 -3 -5 13 -2 -14 -11 18 -18 19 22 -21 -20 -1 -23
right_child=1 2 3 11 -6 6 7 -9 -10 15 -12 -13 14 -15 -16 -17 17 -19 21 20 -22 23 -24 -25
leaf_value=-0.037015594400924549 0.028816105537323132 -0.025909431824005673 0.01595567080498294 -0.030087553843506667 -0.0038685361224369517 0.010013879915447024 0.024440371307325976 0.00089701627511752776 -0.012099207161874204 -0.026813998628345791 0.005993950703271138 -0.0033028092509450107 -0.012322830143784862 0.0042695280901673674 0.024341910587000692 -0.0019317262674086995 -0.030434283902083678 0.050686541325407793 0.014830805433348837 -0.0040967238407383895 0.10274028521585579 -0.030202274933964719 -0.031502886022850764 -0.030722796200515285
leaf_weight=1.2253583383280782 18.507896021706983 27.693293076241389 162.40190049633384 36.853708632988855 158.35971069987863 58.495003494434059 76.785969640128314 187.50150486803614 225.74015246517956 103.74520387733355 57.426143391057849 60.091770582366735 7.2541854255832723 180.87082833168097 89.712812971323729 15.760380499530582 0.66513421945273765 0.8661892581731081 0.52153039071709173 2.0179772074334319 0.65616948716342438 17.798448962392289 3.9369775729719549 8.5655601567123067
leaf_count=52 387 2672 2342 1386 1793 694 789 3644 2194 4181 1072 1847 148 3075 1687 474 98 7 20 79 15 3997 384 568
internal_value=-6.28712e-05 0.000535051 -0.00404009 0.00160711 0.00616848 0.00390511 -0.000183485 0.00773729 -0.00754838 -0.0155679 -0.0043857 -0.013485 0.0114729 0.00654813 0.021599 -0.0235325 -0.0242612 0.0154515 -0.0260127 -0.014067 0.0221184 -0.0294946 -0.0328114 -0.0303714
internal_weight=1503.45 1467.2 622.332 417.707 320.762 844.868 548.523 264.287 284.235 204.625 85.1194 96.9455 296.346 199.379 96.967 119.506 36.2533 1.53132 34.722 7.83648 2.67415 26.8855 5.16234 26.364
internal_count=33605 28385 15767 7368 4135 12618 7321 4433 2888 8399 3744 3233 5297 3462 1835 4655 5220 105 5115 530 94 4585 436 4565
is_linear=0
shrinkage=0.03


Tree=145
num_leaves=24
num_cat=0
split_feature=2 3 1 3 26 22 22 1 1 3 22 1 26 22 0 26 22 3 2 4 0 4 0
split_gain=23.6722 28.2379 34.3344 41.9728 39.2956 24.9758 43.4054 22.7007 20.1616 15.7864 13.7587 10.8565 5.21837 16.4513 3.27986 2.98042 1.91751 1.31338 4.09203 4.54515 0.479995 0.152458 0.0520964
threshold=24.835000000000004 20.315000000000001 25.495000000000001 23.245000000000001 0.31670967741935491 262.50000000000006 218.50000000000003 27.475000000000005 24.455000000000002 17.395000000000003 121.50000000000001 25.085000000000004 0.39394731182795689 89.500000000000014 0.23500000000000001 0.33800000000000013 328.50000000000006 19.345000000000002 24.155000000000005 19.285000000000004 1.5550000000000004 6.6650000000000009 3.5650000000000004
decision_type=2 2 2 2 2 2 2 2 2 2 2 2 2 2 2 2 2 2 2 2 2 2 2
left_child=14 8 5 7 -5 6 -3 -4 9 15 -11 -7 16 -14 -1 -2 -10 18 21 -20 -19 -16 -22
right_child=1 2 3 4 -6 11 -8 -9 12 10 -12 -13 13 -15 17 -17 -18 20 19 -21 22 -23 -24
leaf_value=-0.036540848318304661 -0.026321777674871118 0.013439661417051088 -0.0057082972685572452 0.006277198839830727 -0.022184699070141811 0.026503670488634116 -0.0093159096420989407 -0.023444316586201702 -0.030460214615504591 0.014180368719415443 -0.0062656263215184454 0.0039662773812410351 -0.031383098333748499 0.11365721572728039 0.050108042937841997 0.018076517331271469 -0.0075883742032217209 0.048228271304307485 0.026312320135766887 -0.052266642344737775 0.035512034722026173 0.032396022272947911 0.031248998832178736
leaf_weight=0.70000025164336221 31.465612296480685 183.10495465574786 232.96749662910588 426.44903573300689 48.636699106078595 79.016793109476566 128.30505708232522 90.054837255738676 45.209330258890986 38.124519096687436 132.80628044437617 25.426497055683285 2.5180277500767256 0.97687572985887516 0.47882953286171126 1.4222894627600897 3.5586365340277544 1.8351782113313699 1.3809685255400839 1.2733498755842445 3.1896915249526527 5.0523424916900694 13.496446223929523
leaf_count=8 4657 1848 3981 6756 897 942 1238 3227 4397 1856 2090 343 204 13 2 90 119 11 29 16 32 164 685
internal_value=-6.22591e-05 -0.000577285 0.00133239 -0.00230947 0.00336342 0.00832186 0.00406406 -0.0106529 -0.00963014 -0.00536759 -0.00170534 0.021017 -0.0262535 0.00915775 0.0275626 -0.0244017 -0.0287912 0.0292428 0.0192355 -0.0113842 0.0336656 0.0339293 0.0320639
internal_weight=1497.45 1470.04 1213.96 798.108 475.086 415.853 311.41 323.022 256.082 203.819 170.931 104.443 52.2629 3.4949 27.4068 32.8879 48.768 26.7068 8.18549 2.65432 18.5213 5.53117 16.6861
internal_count=33605 32658 19232 14861 7653 4371 3086 7208 13426 8693 3946 1285 4733 217 947 4747 4516 939 211 45 728 166 717
is_linear=0
shrinkage=0.03


Tree=146
num_leaves=25
num_cat=0
split_feature=0 1 3 1 17 22 3 14 1 22 22 10 2 7 25 12 7 3 6 23 1 0 22 25
split_gain=23.3661 22.5381 34.9306 43.4474 37.1359 35.2403 32.0673 24.345 15.4109 7.03506 19.7712 13.6161 1.53517 2.66171 1.47582 4.16958 0.844184 0.368574 0.291222 1.5315 0.147181 0.0408352 0.0250955 0.0094382
threshold=17.620000000000001 31.665000000000003 24.595000000000002 27.355000000000004 43.000000000000007 145.50000000000003 22.075000000000003 0.17000000000000001 30.015000000000004 138.50000000000003 145.50000000000003 100.00000000000001 38.125000000000007 79.153350000000017 -1.8877730616864741 0.71000000000000008 75.322650000000024 23.455000000000002 15.881350000000001 5.5000000000000009 31.175000000000004 3.0850000000000004 117.50000000000001 -1.2733387096774191
decision_type=2 2 2 2 2 2 2 2 2 2 2 2 2 2 2 2 2 2 2 2 2 2 2 2
left_child=1 2 3 6 5 -4 -1 -5 -6 12 11 -11 13 -3 15 -2 -17 -14 19 -16 23 -12 -18 -20
right_child=14 9 4 7 8 -7 -8 -9 -10 10 21 -13 17 -15 18 16 22 -19 20 -21 -22 -23 -24 -25
leaf_value=-0.0028328301819605271 -0.03024751711152426 -0.032430241407846429 0.042144303022352163 -0.018224889529845481 0.0072920819019018064 0.0072506721828848979 0.0082617430474825927 0.0020895608005571204 -0.027222522523031829 0.049719401491075822 -0.030859516194525028 -0.023552743161570435 -0.0038909059698925123 0.038516506925802739 0.030811447872716571 0.0054782839568671337 0.037355458452748458 -0.03098407622496549 0.03234731238206838 -0.034162294537805164 0.043174780510250935 -0.034346226946287008 0.031753658495665076 0.030822804647193988
leaf_weight=622.84923703735694 1.4655969813466097 1.153738356661054 49.285256613045931 185.82074809144251 25.581798418425024 55.250890268012881 376.01710014883429 74.331951461499557 21.368340623565018 6.5756351258605736 5.9891409575939161 3.4961208426393569 0.45907766255550342 0.81009180610999454 2.1854055859148533 1.3137134406715629 0.91161770187318314 28.925136842066422 5.0747322123497822 0.38384859450161446 0.9818405956029882 6.1041610464453697 3.4197997990995646 13.062949201092119
leaf_count=18590 17 43 666 4652 236 594 3545 1716 528 110 347 108 13 17 130 15 15 1339 96 12 6 61 87 662
internal_value=-6.14643e-05 -0.000587882 0.000137137 -0.00150046 0.0137474 0.0237018 0.00134365 -0.0124206 -0.00841649 -0.019698 -0.00676215 0.0242851 -0.0288445 -0.00316428 0.0266989 0.0148383 0.0265436 -0.0305608 0.0305874 0.0211043 0.0318618 -0.0326195 0.0329326 0.0312493
internal_weight=1492.82 1464.02 1410.51 1259.02 151.486 104.536 998.866 260.153 46.9501 53.5131 22.1651 10.0718 31.348 1.96383 28.7995 7.11073 5.64513 29.3842 21.6888 2.56925 19.1195 12.0933 4.33142 18.1377
internal_count=33605 32565 30527 28503 2024 1260 22135 6368 764 2038 626 218 1412 60 1040 134 117 1352 906 142 764 408 102 758
is_linear=0
shrinkage=0.03


Tree=147
num_leaves=22
num_cat=0
split_feature=2 3 1 3 1 22 22 1 1 3 22 1 26 22 0 26 3 22 3 1 0
split_gain=22.7185 26.3466 32.1057 39.6156 38.5693 23.734 40.6754 21.1315 19.7622 15.358 12.8772 10.3298 5.08917 14.7917 3.14234 2.89707 2.44855 1.91882 0.704626 4.6551 0.432968
threshold=24.835000000000004 20.315000000000001 25.495000000000001 23.245000000000001 29.105000000000004 262.50000000000006 218.50000000000003 27.475000000000005 24.455000000000002 17.395000000000003 121.50000000000001 25.085000000000004 0.39394731182795689 89.500000000000014 0.23500000000000001 0.33800000000000013 16.845000000000002 328.50000000000006 19.345000000000002 20.765000000000004 1.5550000000000004
decision_type=2 2 2 2 2 2 2 2 2 2 2 2 2 2 2 2 2 2 2 2 2
left_child=14 8 5 7 -5 6 -3 -4 9 15 -11 -7 17 -14 -1 -2 -16 -10 19 -18 -20
right_child=1 2 3 4 -6 11 -8 -9 12 10 -12 -13 13 -15 16 -17 18 -19 20 -21 -22
leaf_value=-0.035452172903025839 -0.026161837459957028 0.012986001990857506 -0.0056580883374218885 0.010746359108653045 -0.0065249056175781936 0.02580753971407377 -0.0090689330858959444 -0.02292103530310767 -0.030338021004741502 0.013742140332530165 -0.0060084599824805299 0.003809007516781628 -0.031342630806379647 0.10397391544625489 -0.036063110450584954 0.01751461655267389 0.03522723815878414 -0.0073409306272009733 0.047492070492641078 -0.021427139000194894 0.032017057153816753
leaf_weight=0.69820323400199669 30.617221557535231 182.52995468908921 232.5281865214929 268.47240626811981 205.39752494567074 78.748334569856524 128.06104475073516 87.958466227399185 43.910157366190106 38.298142140032724 132.49026544578373 25.409572937060148 2.4397586556151505 1.0356674864888189 0.50974786933511751 1.4306735605932761 5.8840817753225592 3.5276933084242037 1.8096575047820831 1.6773811960592864 16.137073196470737
leaf_count=8 4657 1848 3981 2551 5102 942 1238 3227 4397 1856 2090 343 204 13 20 90 170 119 11 21 717
internal_value=-6.07892e-05 -0.000561476 0.00128292 -0.00224945 0.00326018 0.00804835 0.00389244 -0.010396 -0.00934992 -0.00515543 -0.00157952 0.0204409 -0.0260606 0.00898133 0.0273546 -0.024212 0.02904 -0.0286279 0.030341 0.0226594 0.0335775
internal_weight=1489.57 1462.86 1209.11 794.357 473.87 414.749 310.591 320.487 253.75 202.836 170.788 104.158 50.9133 3.47543 26.7161 32.0479 26.0179 47.4379 25.5082 7.56146 17.9467
internal_count=33605 32658 19232 14861 7653 4371 3086 7208 13426 8693 3946 1285 4733 217 947 4747 939 4516 919 191 728
is_linear=0
shrinkage=0.03


Tree=148
num_leaves=25
num_cat=0
split_feature=0 1 3 1 17 22 3 14 1 24 0 22 22 3 8 2 3 5 25 0 3 4 4 0
split_gain=22.3979 21.1983 28.423 38.4901 35.5848 31.3267 28.3824 22.8978 16.3228 7.07368 5.06848 4.91123 10.3028 13.1037 3.40296 4.739 1.57154 1.25235 0.465346 0.832012 0.344881 0.239025 2.05796 0.0320261
threshold=14.585000000000003 31.975000000000005 24.595000000000002 27.355000000000004 43.000000000000007 145.50000000000003 19.475000000000005 0.17000000000000001 30.015000000000004 4.5000000000000009 20.515000000000004 133.50000000000003 145.50000000000003 27.155000000000005 510.00000000000006 28.395000000000003 23.115000000000006 0.82955000000000012 -2.3154442558007919 19.395000000000003 18.305000000000003 26.365000000000006 26.885000000000002 2.9650000000000003
decision_type=2 2 2 2 2 2 2 2 2 2 2 2 2 2 2 2 2 2 2 2 2 2 2 2
left_child=1 2 3 6 5 -4 -1 -5 -6 17 14 21 13 -13 16 -16 -11 -2 19 -19 -20 23 -23 -3
right_child=9 11 4 7 8 -7 -8 -9 -10 10 -12 12 -14 -15 15 -17 -18 18 20 -21 -22 22 -24 -25
leaf_value=-0.010699091641577218 -0.012124887780782542 -0.030674789975193285 0.03790171681386411 -0.017843917716308222 0.0068048857160919905 0.0056162430221318189 0.0032702285421819959 0.0020510592328772895 -0.028375471189357921 0.003112268366314177 0.032175221758056455 -0.021820659631408449 -0.032405162171932379 0.046635481426070477 0.028628525874925526 -0.023262985069987981 0.032741907141443871 -0.0095270241539131394 0.0039218846208920934 0.031064193992423026 0.031838530659168952 0.037517478486360147 -0.032219376523118258 -0.033069747014216715
leaf_weight=155.54788200673647 0.63923578243702905 9.7249518043827319 53.164502582978457 179.42514622909948 25.408460128121078 55.062813335563987 826.10073351301253 73.350115581881255 22.275707620661706 4.0227211862802568 5.3252381552010766 5.2731766626238841 9.7427507038228196 4.8140452024526894 1.9864085745066384 7.817410540767014 2.6873267590999603 0.71567272767424839 0.40456623211503284 1.2452277997508643 25.620294330641627 0.43639804562553708 2.9920959409791976 10.398242386989294
leaf_count=10788 15 851 781 4660 234 604 11021 1722 616 36 161 144 335 105 61 80 28 11 18 46 991 22 128 147
internal_value=-5.99695e-05 -0.000751388 -0.000107021 -0.00163144 0.0119625 0.0214758 0.00105671 -0.0120708 -0.00962965 0.0195837 0.00672465 -0.0214027 -0.0104021 0.0108495 -0.00148241 -0.0127489 0.0149787 0.0293943 0.0303427 0.0162496 0.0314046 -0.0306649 -0.0233429 -0.0319123
internal_weight=1484.18 1433.72 1390.34 1234.42 155.911 108.227 981.649 252.775 47.6842 50.4641 21.8391 43.3817 19.83 10.0872 16.5139 9.80382 6.71005 28.625 27.9858 1.9609 26.0249 23.5517 3.42849 20.1232
internal_count=33605 32158 30426 28191 2235 1385 21809 6382 850 1447 366 1732 584 249 205 141 64 1081 1066 57 1009 1148 150 998
is_linear=0
shrinkage=0.03


Tree=149
num_leaves=25
num_cat=0
split_feature=0 2 22 24 0 24 22 7 24 2 3 3 3 1 3 24 25 23 3 25 25 25 3 0
split_gain=22.0106 20.3638 18.0257 17.4483 33.0173 13.8829 10.7881 6.21291 6.19119 5.79639 9.3201 7.81401 5.68066 4.30513 2.28056 1.79729 2.6194 4.65199 1.40592 0.616174 1.81163 0.194044 0.140529 0.0749332
threshold=0.65500000000000014 24.835000000000004 344.50000000000006 3.5000000000000004 10.255000000000001 2.5000000000000004 262.50000000000006 73.832350000000005 4.5000000000000009 29.745000000000001 21.715000000000003 23.535000000000004 23.935000000000006 26.815000000000001 16.845000000000002 1.5000000000000002 -0.34803225806451604 3.5000000000000004 23.895000000000003 0.74876881720430111 1.0635000000000001 -1.5434122807017541 19.345000000000002 4.1350000000000007
decision_type=2 2 2 2 2 2 2 2 2 2 2 2 2 2 2 2 2 2 2 2 2 2 2 2
left_child=5 14 3 4 -3 15 -5 9 13 10 -7 -11 -10 -9 -2 -1 18 -18 -17 21 -21 -16 -4 -24
right_child=1 2 22 6 -6 7 -8 8 12 11 -12 -13 -14 -15 19 16 17 -19 -20 20 -22 -23 23 -25
leaf_value=-0.03029516748947678 -0.035927003641083283 0.0028316610186071857 -0.030954811545824443 -0.0047430932024264934 0.031839704895030747 0.01328797694062425 0.0049649035156019939 -0.0074067554848741427 -0.0042913619199102526 -0.025060358149353451 0.095021596510686396 0.057649368381578157 0.021158991927434142 -0.023267037253626145 0.045467378198942116 -0.030278312901101525 0.016274942844934252 -0.032146577167764381 -0.01085682183201791 0.0062619080338253089 0.031522772987743607 0.033851790249407147 -0.032716646249490243 -0.040915832048297671
leaf_weight=22.246033712988719 0.4861521464772548 633.9407426090911 10.05775329354219 466.14720193506218 37.397303301841021 4.7546387722250056 132.24925500806421 44.971141372807324 34.713086245115846 4.5368850426748395 1.706215403974056 1.3292142678983507 10.216210450977085 23.427085585193709 1.5617689359933136 12.331549003953119 4.3545449846424154 3.0269605023786426 4.608158102259039 3.2815984096378079 11.542262794449924 7.5599831091240066 1.7109504239633668 2.4250194057822227
leaf_count=3728 18 9197 637 7021 883 146 1471 2635 1470 294 9 39 350 1784 11 2182 173 123 475 70 551 279 44 15
internal_value=-5.9269e-05 0.00126782 0.000751534 0.00112736 0.00444757 -0.0101411 -0.00259757 -0.0049559 -0.00715599 0.0152705 0.0348726 -0.00631895 0.00149565 -0.0128391 0.0283997 -0.0241327 -0.018496 -0.00358144 -0.024995 0.0297057 0.0259307 0.0358405 -0.032869 -0.037524
internal_weight=1480.58 1308.36 1283.93 1269.73 671.338 172.222 598.396 125.654 113.328 12.327 6.46085 5.8661 44.9293 68.3982 24.4318 46.5672 24.3212 7.38151 16.9397 23.9456 14.8239 9.12175 14.1937 4.13597
internal_count=33605 20197 19268 18572 10080 13408 8492 6727 6239 488 155 333 1820 4419 929 6681 2953 296 2657 911 621 290 696 59
is_linear=0
shrinkage=0.03


Tree=150
num_leaves=25
num_cat=0
split_feature=0 1 3 1 17 22 3 14 1 22 22 10 2 3 25 12 7 3 6 1 1 0 22 25
split_gain=21.1329 20.5363 31.0973 37.8513 32.1839 30.1657 28.9786 22.3625 14.0387 6.96291 18.3971 12.2673 1.51263 3.80059 1.43477 3.90588 0.823426 0.351372 0.303928 1.64902 0.137183 0.0340131 0.0235568 0.0113311
threshold=17.620000000000001 31.665000000000003 24.595000000000002 27.355000000000004 43.000000000000007 145.50000000000003 22.075000000000003 0.17000000000000001 30.015000000000004 138.50000000000003 145.50000000000003 100.00000000000001 38.125000000000007 26.865000000000006 -1.8877730616864741 0.71000000000000008 75.322650000000024 23.455000000000002 15.881350000000001 26.115000000000006 31.575000000000003 3.0850000000000004 112.50000000000001 -1.4051612903225801
decision_type=2 2 2 2 2 2 2 2 2 2 2 2 2 2 2 2 2 2 2 2 2 2 2 2
left_child=1 2 3 6 5 -4 -1 -5 -6 12 11 -11 13 -3 15 -2 -17 -14 19 -16 23 -12 -18 -20
right_child=14 9 4 7 8 -7 -8 -9 -10 10 21 -13 17 -15 18 16 22 -19 20 -21 -22 -23 -24 -25
leaf_value=-0.002768792588894212 -0.029639413980401295 -0.032316785149255622 0.03880850731129519 -0.017405311061224615 0.006805377036836948 0.0067363853403263566 0.007803667720871767 0.0021759647730377361 -0.026570235251736705 0.046209652875567206 -0.030805611119718815 -0.023344829192279076 -0.0040013124958102192 0.056984828872756764 0.030693244029696733 0.0052683399400546742 0.037591118726534166 -0.030818893260489186 0.032648670221286057 -0.040391712376266063 0.044936068628376104 -0.034085507590188899 0.031742109870756652 0.030829687453577032
leaf_weight=617.13647258281708 1.4267265163362051 1.307760003022852 50.571491499897093 181.09879689128138 25.571389223448932 55.206567141693085 375.175044889329 73.914059328613803 20.384426841977984 6.8189351921901125 5.5948232514783722 3.4301059916615486 0.44690250675194221 0.63825264107435931 2.0154376421123774 1.2823909688740966 0.76285967044532288 27.338898489018902 4.0576425716281035 0.34380794316530217 0.68771474063396354 5.7908135093748569 3.3027053857222199 12.821101950481529
leaf_count=18590 17 46 666 4652 236 594 3545 1716 528 110 347 108 13 14 139 15 14 1339 76 3 4 61 88 684
internal_value=-5.7996e-05 -0.000544855 0.000139146 -0.00142082 0.0129628 0.0220698 0.00122846 -0.0117298 -0.0079989 -0.0191748 -0.00622655 0.0229315 -0.0285968 -0.00302767 0.0263893 0.0144627 0.0262283 -0.0303876 0.0304443 0.0203342 0.0318021 -0.0324738 0.0328396 0.031267
internal_weight=1477.13 1450.42 1399.06 1247.32 151.734 105.778 992.312 255.013 45.9558 51.3665 21.6347 10.249 29.7318 1.94601 26.7004 6.77468 5.34796 27.7858 19.9257 2.35925 17.5665 11.3856 4.06557 16.8787
internal_count=33605 32565 30527 28503 2024 1260 22135 6368 764 2038 626 218 1412 60 1040 134 117 1352 906 142 764 408 102 760
is_linear=0
shrinkage=0.03


Tree=151
num_leaves=22
num_cat=0
split_feature=2 3 1 3 26 22 22 1 1 3 4 1 26 22 0 16 3 22 3 1 0
split_gain=20.9882 23.5917 28.9289 37.4567 35.8045 22.3127 38.2833 19.5413 18.9163 14.6893 12.8407 9.90047 4.99205 13.3938 2.94579 2.89306 2.25676 1.94782 0.732602 4.50793 0.376676
threshold=24.835000000000004 20.315000000000001 25.495000000000001 23.245000000000001 0.31670967741935491 262.50000000000006 214.50000000000003 24.455000000000002 27.475000000000005 17.395000000000003 18.455000000000002 24.975000000000005 0.39394731182795689 89.500000000000014 0.23500000000000001 27.000000000000004 16.845000000000002 306.50000000000006 19.345000000000002 20.765000000000004 1.5550000000000004
decision_type=2 2 2 2 2 2 2 2 2 2 2 2 2 2 2 2 2 2 2 2 2
left_child=14 7 5 8 -5 6 -3 9 -4 15 -11 -7 17 -14 -1 -2 -16 -9 19 -18 -20
right_child=1 2 3 4 -6 11 -8 12 -10 10 -12 -13 13 -15 16 -17 18 -19 20 -21 -22
leaf_value=-0.034089081479795461 -0.010885896747811923 0.013514807868910097 -0.0056927435581103749 0.0059881120983641383 -0.021559346122849071 0.02574133590408817 -0.0076389588614132475 -0.031652920306407491 -0.022239207380166156 0.0040775396397188576 -0.013953209545392337 0.0054586710630500617 -0.031306765268026691 0.096006574574626594 -0.035663504637101676 -0.030417803292611602 0.03502358162661913 -0.016485567726195832 0.046553031191048172 -0.020806124447717018 0.031931298265523239
leaf_weight=0.69038042332977312 10.262285357108341 164.46282886108384 231.80854845931754 422.3251744217705 47.210515852086246 72.714519021566957 144.77975522214547 36.190264803590253 84.977576601319015 119.03934805234894 50.681371341692284 30.848274073563516 2.3471474172547455 1.0886435993015764 0.48007428273558872 20.377636280376464 5.6233104402199414 9.6528369798324984 1.7724930923432136 1.6936719361692665 15.044221748597918
leaf_count=8 1141 1723 3981 6756 897 866 1363 4147 3227 2987 959 419 204 13 20 3606 170 369 11 21 717
internal_value=-5.73194e-05 -0.000530412 0.00121632 -0.00215988 0.00321829 0.00764737 0.00361114 -0.00892071 -0.0101313 -0.00475811 -0.00130674 0.0196997 -0.0258452 0.00903296 0.0270292 -0.0238759 0.0287435 -0.0284592 0.0300247 0.0221006 0.0334724
internal_weight=1474.07 1448.77 1199.13 786.322 469.536 412.805 309.243 249.64 316.786 200.361 169.721 103.563 49.2789 3.43579 25.3042 30.6399 24.6138 45.8431 24.1337 7.31698 16.8167
internal_count=33605 32658 19232 14861 7653 4371 3086 13426 7208 8693 3946 1285 4733 217 947 4747 939 4516 919 191 728
is_linear=0
shrinkage=0.03


Tree=152
num_leaves=25
num_cat=0
split_feature=22 0 22 22 2 1 2 1 24 1 7 3 2 26 25 1 3 0 5 0 3 0 0 25
split_gain=20.7915 21.1642 22.0319 23.9329 29.4505 19.8975 17.1741 12.8233 12.7718 7.24965 7.24236 5.83822 0.7537 0.634095 3.05398 0.160572 0.121861 0.0920787 0.00725241 0.00343507 0.00162873 0.00111899 0.00048926 0.000368184
threshold=344.50000000000006 12.055000000000001 93.500000000000014 98.500000000000014 36.905000000000008 25.495000000000001 32.405000000000008 25.805000000000003 3.5000000000000004 27.575000000000003 74.184400000000025 21.265000000000004 32.915000000000006 -1.0031666666666663 -0.23350000000000007 30.205000000000002 19.345000000000002 4.1350000000000007 0.5727000000000001 3.3750000000000004 17.965000000000003 1.7450000000000003 1.7450000000000003 -1.0808306451612901
decision_type=2 2 2 2 2 2 2 2 2 2 2 2 2 2 2 2 2 2 2 2 2 2 2 2
left_child=1 2 6 4 -4 -5 7 -1 13 11 -11 -10 -8 14 -3 -15 19 18 21 22 23 -18 -2 -21
right_child=16 8 3 5 -6 -7 12 -9 9 10 -12 -13 -14 15 -16 -17 17 -19 -20 20 -22 -23 -24 -25
leaf_value=-0.0086680557893656987 -0.03023286798471617 -0.085979449581171763 0.046284588299678429 0.0041283790388454943 -0.026158204563669657 -0.0035252219612846437 -0.018532433818659141 0.039037931602013402 -0.00038884617502028395 -0.052295723728381385 -0.00043003224296973239 0.023705756963226531 -0.03148351852769974 0.031956775518961852 0.030378012090922873 0.041642192877801715 -0.030419488262376788 -0.040527456298638381 -0.035197699402749333 -0.030878248228481519 -0.03229080887608738 -0.031939840732065655 -0.030733191728746903 -0.031614900126124001
leaf_weight=55.133783118100837 5.9953643116168696 0.23823262564837944 20.416060523828495 550.45084599638358 6.7107625713106236 687.5765615273267 4.5952240955084553 5.584688378032296 14.554401407018302 2.7882744167000082 18.498541189357638 23.934495882131159 33.723610050044954 24.533480630256239 1.3731448696926258 1.6437689699232567 0.91621121019124918 2.3695368692278862 0.51360489428043354 2.67696538195014 1.3016311451792715 0.8307376466691494 2.4894779045134783 0.79108945094048921
leaf_count=6084 952 3 305 6502 331 11254 636 157 373 20 148 443 4967 879 125 13 80 15 5 116 23 16 138 20
internal_value=-5.65464e-05 0.000339505 -0.000578196 0.000488492 0.0283633 -0.000122283 -0.0142046 -0.00428021 0.0146366 0.00682478 -0.00722371 0.0145945 -0.0299304 0.0314406 0.0131753 0.032565 -0.0322054 -0.0363953 -0.0320638 -0.0307418 -0.0313859 -0.0311425 -0.0303797 -0.0310463
internal_weight=1469.64 1451.76 1364.19 1265.15 27.1268 1238.03 99.0373 60.7185 87.5643 59.7757 21.2868 38.4889 38.3188 27.7886 1.61138 26.1772 17.8846 4.63009 2.26055 13.2545 4.76969 1.74695 8.48484 3.46805
internal_count=33605 32240 30236 18392 636 17756 11844 6241 2004 984 168 816 5603 1020 128 892 1365 116 101 1249 159 96 1090 136
is_linear=0
shrinkage=0.03


Tree=153
num_leaves=25
num_cat=0
split_feature=0 24 3 1 3 1 10 2 22 22 22 3 18 0 24 1 9 26 26 23 3 23 3 18
split_gain=20.2013 26.2698 16.752 13.74 21.5973 28.2096 21.2662 12.6019 13.3996 17.869 13.4819 6.73523 15.4795 6.60323 5.56397 6.34594 2.02954 1.54111 7.48874 7.43405 1.45059 1.34486 0.752874 5.00643
threshold=5.6150000000000011 2.5000000000000004 17.645000000000003 30.945000000000004 23.775000000000002 26.815000000000001 85.000000000000014 26.485000000000003 145.50000000000003 126.50000000000001 158.50000000000003 25.605000000000004 33.500000000000007 7.9050000000000011 1.5000000000000002 26.055000000000003 1.3 -0.20619468024900964 -0.22161290322580643 3.5000000000000004 17.705000000000002 5.5000000000000009 17.525000000000002 34.500000000000007
decision_type=2 2 2 2 2 2 2 2 2 2 2 2 2 2 2 2 2 2 2 2 2 2 2 2
left_child=2 13 17 4 5 -4 -6 20 9 -9 -10 16 -13 14 -2 -16 -5 18 -1 -20 -3 -22 -19 -24
right_child=1 7 3 11 6 -7 -8 8 10 -11 -12 12 -14 -15 15 -17 -18 22 19 -21 21 -23 23 -25
leaf_value=-0.033161879369135318 0.033567267660333265 -0.0082471484654693655 -3.0590158904784185e-05 0.0010829189879283953 0.042360602349482059 -0.014152055122347133 0.0055008100156879432 -0.0011012597521353215 -0.032492652639445625 0.022431450206735488 -0.0023475324300006981 -0.016761745777588759 0.032791272696797977 0.031156571827479544 0.021535212375352133 -0.0065892256652868722 -0.0318885076182506 -0.030249413149627962 -0.01297937054612716 0.099867939010924112 0.029115736691815462 0.004244876984773562 -0.026203750318507413 0.14447402330067097
leaf_weight=4.8416841349098831 9.1719732033088786 1.152896268293264 642.28693611407652 1.8393053123727465 15.386838776757939 158.79082268406637 166.7905374057591 74.290168489329517 14.552104264497755 47.677411981858313 161.96454598847777 32.346669013146311 6.8804164654575279 35.712425271980464 13.739701542072 15.218021658249198 19.425193442963064 20.178154662717137 1.2623713752254873 0.89995087031275023 17.693767658434812 2.2000700226053587 1.6294421353377391 0.1708958433009683
leaf_count=485 159 28 11872 123 236 5772 2303 1159 95 301 1456 1385 258 1056 178 109 993 4591 51 36 643 85 210 21
internal_value=-5.54417e-05 0.00575986 -0.00218793 -0.00156322 -0.000709465 -0.00282977 0.00861402 0.002033 0.000450969 0.00809773 -0.00483271 -0.0154405 -0.00807016 0.0218868 0.0132047 0.0067551 -0.0290366 -0.0246857 -0.0124312 0.0339873 0.0244693 0.0263653 -0.0285909 -0.0100023
internal_weight=1466.1 393.373 1072.73 1043.75 983.255 801.078 182.177 319.531 298.484 121.968 176.517 60.4916 39.2271 73.8421 38.1297 28.9577 21.2645 28.9825 7.00401 2.16232 21.0467 19.8938 21.9785 1.80034
internal_count=33605 5269 28336 22942 20183 17644 2539 3767 3011 1460 1551 2759 1643 1502 446 287 1116 5394 572 87 756 728 4822 231
is_linear=0
shrinkage=0.03


Tree=154
num_leaves=25
num_cat=0
split_feature=22 1 3 1 17 22 3 21 1 22 22 10 0 2 3 0 0 5 0 3 0 0 25 3
split_gain=20.0242 20.3739 26.8768 39.0354 29.7302 26.0811 22.9096 21.1892 13.5102 6.28103 17.3004 10.9487 2.3759 1.56498 0.112638 0.0850685 0.0295534 0.00659765 0.00310889 0.00148619 0.00101975 0.000448715 0.000333523 0.000228364
threshold=344.50000000000006 31.665000000000003 24.595000000000002 27.355000000000004 43.000000000000007 145.50000000000003 22.295000000000005 7.5000000000000009 30.015000000000004 138.50000000000003 145.50000000000003 100.00000000000001 16.865000000000006 38.125000000000007 19.345000000000002 4.1350000000000007 3.0850000000000004 0.5727000000000001 3.3750000000000004 17.965000000000003 1.7450000000000003 1.7450000000000003 -1.0808306451612901 17.815000000000001
decision_type=2 2 2 2 2 2 2 2 2 2 2 2 2 2 2 2 2 2 2 2 2 2 2 2
left_child=1 2 3 6 5 -4 -1 -5 -6 12 11 -11 13 -3 18 17 -12 20 21 22 -16 -2 -20 -23
right_child=14 9 4 7 8 -7 -8 -9 -10 10 16 -13 -14 -15 15 -17 -18 -19 19 -21 -22 23 -24 -25
leaf_value=-0.00097983290017696414 -0.030225802204770238 -0.002641132928183661 0.036716650085575682 -0.0078115622923618355 0.006746441367770124 0.0073899636775581826 0.0087411118180568577 -0.034772406015162426 -0.026221168522911609 0.042817064779559676 -0.03077014450323011 -0.023076516391281627 0.021549021335082519 -0.030755425601799224 -0.030406965927995317 -0.040231866035981251 -0.033891917731508341 -0.035026285392995238 -0.030850061262212933 -0.032219815052226666 -0.031879428659977546 -0.030471347781964992 -0.031563698907893199 -0.031067649099845256
leaf_weight=660.68508278171066 5.745138374622913 1.9102572889532954 51.771631352603436 223.06548340502195 25.724723132327199 57.721330432686955 325.78699392452836 29.73257292388007 19.796732201473787 7.0750719374045747 5.3552089673466963 3.3411714201793075 0.86690216884016891 26.532018852420151 0.88946688035502963 2.3256272971630096 5.5659721121191978 0.50081481412053097 2.5796543816104531 1.2665341868996618 0.80766708217561245 1.4160381713882091 0.76395146362483446 0.97669055312871922
leaf_count=18436 952 60 677 5841 240 651 3261 564 528 110 347 108 5 1351 80 15 61 5 116 23 16 106 20 32
internal_value=-5.44332e-05 0.000329396 0.00100834 -0.000464776 0.0127852 0.0212565 0.00223055 -0.0109825 -0.00759077 -0.0183617 -0.00597967 0.0216807 -0.027376 -0.0288672 -0.0321654 -0.0362324 -0.0323612 -0.0320006 -0.0307222 -0.0313446 -0.0311077 -0.0303696 -0.0310131 -0.0307148
internal_weight=1462.2 1444.93 1394.28 1239.27 155.014 109.493 986.472 252.798 45.5215 50.6466 21.3374 10.4162 29.3092 28.4423 17.2716 4.52358 10.9212 2.19795 12.748 4.61014 1.69713 8.13787 3.34361 2.39273
internal_count=33605 32240 30198 28102 2096 1328 21697 6405 768 2042 626 218 1416 1411 1365 116 408 101 1249 159 96 1090 136 138
is_linear=0
shrinkage=0.03


Tree=155
num_leaves=22
num_cat=0
split_feature=2 3 1 3 26 22 22 1 1 3 22 1 26 22 16 0 3 22 3 1 0
split_gain=19.7646 21.52 25.5549 35.4883 29.2734 21.2765 35.9664 20.9229 19.1249 13.4795 12.4242 9.43659 4.86241 12.0168 2.94769 2.82614 2.09851 1.96772 0.749239 4.37811 0.336807
threshold=24.835000000000004 20.315000000000001 25.495000000000001 22.695000000000004 0.31670967741935491 262.50000000000006 218.50000000000003 26.815000000000001 24.455000000000002 17.395000000000003 121.50000000000001 24.975000000000005 0.39394731182795689 89.500000000000014 27.000000000000004 0.23500000000000001 16.845000000000002 306.50000000000006 19.345000000000002 20.765000000000004 1.5550000000000004
decision_type=2 2 2 2 2 2 2 2 2 2 2 2 2 2 2 2 2 2 2 2 2
left_child=15 8 5 7 -5 6 -3 -4 9 14 -11 -7 17 -14 -2 -1 -17 -10 19 -18 -20
right_child=1 2 3 4 -6 11 -8 -9 12 10 -12 -13 13 -15 -16 16 18 -19 20 -21 -22
leaf_value=-0.033233658835897961 -0.010225052982371708 0.011883710400735763 -0.005156861194850355 0.0040813355561745649 -0.016966369179626392 0.024948233260306232 -0.00893669475675281 -0.025267228678368208 -0.031605698940237729 0.013894154366207665 -0.0056187624357780493 0.0051155810119335385 -0.031266490299370564 0.088159726573278377 -0.030396936032485011 -0.03538779016434198 0.03493579453761915 -0.016213871411073628 0.045862028863454495 -0.020168562746262837 0.031885966071099704
leaf_weight=0.68567409506067889 9.9555143853649515 180.39928025240079 117.46094008116052 517.4113647500053 67.194499461678788 72.200440912041813 127.41199114918709 77.138598705176264 34.783434867160395 37.849522715900093 131.04594980552793 30.804485381580889 2.2514620006550099 1.14336910424754 18.891751571092755 0.45308291795663791 5.4041429804638055 9.5215174080803973 1.7414331808686245 1.7077075960114596 14.255953193642197
leaf_count=8 1141 1848 2188 8276 1166 866 1238 3231 4147 1856 2090 419 204 13 3606 20 170 369 11 21 717
internal_value=-5.40797e-05 -0.000507784 0.0011604 -0.00203172 0.00166212 0.00721497 0.00326554 -0.0131285 -0.00859593 -0.00448298 -0.00124591 0.0190171 -0.0256465 0.00895591 -0.0234354 0.0268049 0.0285521 -0.0282979 0.0298057 0.0217041 0.0334074
internal_weight=1459.71 1435.46 1190.02 779.205 584.606 410.816 307.811 194.6 245.443 197.743 168.895 103.005 47.6998 3.39483 28.8473 24.248 23.5623 44.305 23.1092 7.11185 15.9974
internal_count=33605 32658 19232 14861 9442 4371 3086 5419 13426 8693 3946 1285 4733 217 4747 947 939 4516 919 191 728
is_linear=0
shrinkage=0.03


Tree=156
num_leaves=25
num_cat=0
split_feature=0 2 25 22 1 14 24 3 1 0 7 24 0 0 1 3 5 24 25 4 3 3 2 4
split_gain=19.3003 17.8671 15.9434 19.1041 35.4695 31.9636 13.3218 11.3009 11.1351 7.89295 5.7854 5.86663 5.61345 5.71072 5.52017 5.42652 4.42218 1.85481 2.53109 4.61079 1.41521 1.13288 3.60522 4.33011
threshold=0.65500000000000014 24.835000000000004 -2.241774193548387 145.50000000000003 28.605000000000004 0.11000000000000001 2.5000000000000004 26.865000000000006 33.155000000000008 6.8050000000000006 73.832350000000005 4.5000000000000009 1.0000000180025095e-35 0.42500000000000004 23.205000000000002 25.775000000000002 0.37855000000000005 1.5000000000000002 -0.34803225806451604 11.765000000000002 23.895000000000003 19.345000000000002 24.155000000000005 19.285000000000004
decision_type=2 2 2 2 2 2 2 2 2 2 2 2 2 2 2 2 2 2 2 2 2 2 2 2
left_child=6 21 7 5 -5 -4 17 9 -9 -3 12 16 14 -14 -8 -13 -12 -1 20 -20 -19 22 -2 -24
right_child=1 2 3 4 -6 -7 10 8 -10 -11 11 15 13 -15 -16 -17 -18 18 19 -21 -22 -23 23 -25
leaf_value=-0.030288564733763748 0.033677020164572587 -0.020246667182247914 -0.0065550546380019276 0.0010642628394697997 -0.021962550196828336 0.013223769200361189 0.08979975997872866 0.05708531769261891 -0.021237590376291561 -0.0033867431290853893 -0.013105785605587223 -0.0010776438541827121 -0.032808008247770935 0.030709908705149596 0.020199068412970755 0.041338587540447551 0.069671251308148746 -0.030270457650836451 0.081544470423222409 -0.01003608998678094 -0.010423760704587701 0.032674917831388775 0.027968378199360776 -0.04957495622430582
leaf_weight=20.824270061217248 4.8067075400613275 56.670011219102889 103.38454993837513 733.8479352821596 65.585248474963009 254.6955713161733 1.2500442448072115 4.2359928954392663 2.6591891781426966 44.703546365723014 65.991470839828253 41.669960653642192 3.2803447037003934 2.0827507567591965 5.7113500279374421 2.9037255691364399 0.58600106253288586 11.450002167141067 0.53368285624310274 6.7873209638055414 4.5061932848766437 14.789294001646338 1.3162680782843383 1.2767926864325998
leaf_count=3728 165 2064 2607 7384 823 5662 18 31 64 633 4380 1681 249 104 117 139 39 2182 35 261 475 723 25 16
internal_value=-5.3407e-05 0.00119267 0.000724842 0.00175456 -0.00082485 0.00751325 -0.00963055 -0.010284 0.0268794 -0.0128118 -0.00457544 -0.00673778 0.0149261 -0.00814091 0.0326971 0.00168554 -0.0123772 -0.0237839 -0.0179647 -0.0033601 -0.0246655 0.02788 0.0182969 -0.010213
internal_weight=1455.55 1287.97 1265.78 1157.51 799.433 358.08 167.577 108.269 6.89518 101.374 123.476 111.151 12.3245 5.3631 6.96139 44.5737 66.5775 44.1015 23.2772 7.321 15.9562 22.1891 7.39977 2.59306
internal_count=33605 20197 19268 16476 8207 8269 13408 2792 95 2697 6727 6239 488 353 135 1820 4419 6681 2953 296 2657 929 206 41
is_linear=0
shrinkage=0.03


Tree=157
num_leaves=25
num_cat=0
split_feature=22 1 3 1 16 3 26 1 22 22 3 9 0 2 3 0 0 5 0 3 0 0 25 3
split_gain=19.0522 19.6762 25.4372 35.6436 25.5542 24.033 23.6304 10.6804 6.20993 16.1454 10.0069 2.68771 2.26667 1.53695 0.102205 0.0760401 0.0259851 0.0061805 0.00272075 0.00130213 0.000920946 0.000397313 0.000298807 0.000206745
threshold=344.50000000000006 31.665000000000003 25.265000000000004 29.955000000000002 33.500000000000007 23.455000000000002 0.060790322580645199 30.015000000000004 138.50000000000003 145.50000000000003 26.455000000000002 1.3 16.865000000000006 38.125000000000007 19.345000000000002 4.1350000000000007 3.0850000000000004 0.5727000000000001 3.3750000000000004 17.965000000000003 1.7450000000000003 1.7750000000000001 -1.0808306451612901 17.815000000000001
decision_type=2 2 2 2 2 2 2 2 2 2 2 2 2 2 2 2 2 2 2 2 2 2 2 2
left_child=1 2 3 5 7 -1 -6 -4 12 10 -10 -5 13 -3 18 17 -11 20 21 22 -16 -2 -20 -23
right_child=14 8 4 11 6 -7 -8 -9 9 16 -12 -13 -14 -15 15 -17 -18 -19 19 -21 -22 23 -24 -25
leaf_value=-0.0011220844748809494 -0.030216765731140731 -0.0028533740277529125 0.015092201526426966 -0.004094437150866651 0.020089741332595886 0.0092705671842305323 0.073348904973992657 -0.023552752924007766 -0.024437334946714316 -0.030737481034569962 0.039181187994657175 -0.027034566217112317 0.020729610509169185 -0.030695917292870096 -0.030392618046785724 -0.039851485086176031 -0.033723598477392751 -0.034925037480053489 -0.030811360837450903 -0.032123799131424935 -0.031816973705467766 -0.030450211465146516 -0.031502274833192616 -0.031036152943195408
leaf_weight=1002.8615838461556 5.4565905705094355 1.9163107411004663 11.120945089962335 5.1127305056434116 47.614071600604802 250.23059512139298 8.8989414176903647 15.279978337697683 3.1716784760355967 5.1453702659346146 7.4570421408861876 45.529942219378427 0.85793915390968223 25.915802550734952 0.85468251537531548 2.272016778588295 5.3495041392743587 0.48634201660752285 2.4454559152945876 1.2192059755325315 0.78266546875238419 1.3162873378023507 0.73198601789772544 0.92129253968596447
leaf_count=24611 955 60 103 153 521 2663 97 391 78 347 140 1659 5 1351 80 15 61 5 116 23 16 104 20 31
internal_value=-5.27994e-05 0.000315233 0.000980713 -4.39751e-05 0.0170929 0.000953229 0.0284763 -0.00727422 -0.0182096 -0.00586509 0.020197 -0.0247186 -0.0272984 -0.0287789 -0.0321192 -0.0360367 -0.0322596 -0.0319555 -0.030695 -0.0312903 -0.0310735 -0.0303548 -0.0309705 -0.0306915
internal_weight=1452.95 1436.46 1386.65 1303.73 82.9139 1253.09 56.513 26.4009 49.8136 21.1236 10.6287 50.6427 28.6901 27.8321 16.4865 4.39571 10.4949 2.12369 12.0908 4.39665 1.63735 7.69417 3.17744 2.23758
internal_count=33605 32240 30198 29086 1112 27274 618 494 2042 626 218 1812 1416 1411 1365 116 408 101 1249 159 96 1090 136 135
is_linear=0
shrinkage=0.03


Tree=158
num_leaves=25
num_cat=0
split_feature=0 1 3 22 1 3 20 22 3 22 22 3 25 0 10 4 1 0 0 25 2 2 7 20
split_gain=18.8284 18.0619 25.0181 31.8953 28.0561 29.2787 12.0929 11.1411 8.79934 4.5379 8.58447 10.912 0.784086 3.77899 0.384436 1.42235 0.0918388 0.0238006 0.0164365 0.00514698 0.00316085 0.00124777 0.00115895 0.000517913
threshold=18.420000000000005 31.975000000000005 25.775000000000002 145.50000000000003 29.955000000000002 23.455000000000002 0.46500000000000002 170.50000000000003 25.335000000000004 133.50000000000003 145.50000000000003 27.155000000000005 -1.9140322580645157 20.515000000000004 85.000000000000014 26.365000000000006 31.175000000000004 2.9650000000000003 3.6950000000000007 -1.2733387096774191 32.055000000000007 30.145000000000003 75.322650000000024 0.49000000000000005
decision_type=2 2 2 2 2 2 2 2 2 2 2 2 2 2 2 2 2 2 2 2 2 2 2 2
left_child=1 2 4 6 5 -1 -4 -5 -6 14 11 -11 13 -2 15 -3 19 -16 -12 22 23 -21 -14 -15
right_child=12 9 3 7 8 -7 -8 -9 -10 10 18 -13 16 20 17 -17 -18 -19 -20 21 -22 -23 -24 -25
leaf_value=-0.0020017780030154048 -0.031491861188953044 -0.028582881439126257 0.0041531875439901377 -0.026550416947782592 -0.024738987248461904 0.0091655818529412583 0.056170526779009654 0.014222748711961752 0.0017711227395467231 -0.022034191680578297 -0.030809082625871315 0.03915547148041882 0.032735476369908575 0.030994454599467779 -0.030564560344736241 0.023615492462548474 0.042012515325689899 -0.032791769730524313 -0.03345367078422385 0.030473736035147622 0.033070229991768896 0.031188592754031307 0.031597701513705979 0.031988924230379599
leaf_weight=1004.0040718360106 1.0891766566783214 3.3857066612690718 5.0738380504772094 10.397372961509975 54.834418571786955 267.61829437850975 19.409045829903334 14.363773862831293 14.183276799973099 5.2528361119329947 4.4293500627391023 5.2389981728047132 1.1205436773598205 1.5949118407443172 8.2413077207747865 0.54552572453394521 0.71220636740326959 9.0715516312047821 4.0482680797576904 8.2815264109522051 1.4827335029840467 2.9913100358098736 2.8680428192019463 0.66902775503695
leaf_count=25189 14 159 71 280 1995 2710 233 153 282 144 287 105 18 62 827 25 5 139 48 648 27 97 74 13
internal_value=-5.24583e-05 -0.000464704 0.000108774 0.0211097 -0.000662626 0.00034844 0.0453904 -0.00289818 -0.0192911 -0.0202856 -0.00962074 0.00852029 0.0282784 0.0176947 -0.0298085 -0.0213395 0.0314825 -0.0317316 -0.0320719 0.0309911 0.0319935 0.0306634 0.0319173 0.0312883
internal_weight=1450.91 1430.1 1389.88 49.244 1340.64 1271.62 24.4829 24.7611 69.0177 40.2135 18.9695 10.4918 20.8095 4.83585 21.2441 3.93123 15.9736 17.3129 8.47762 15.2614 3.74667 11.2728 3.98859 2.26394
internal_count=33605 32647 30913 737 30176 27899 304 433 2277 1734 584 249 958 116 1150 184 842 966 335 837 102 745 92 75
is_linear=0
shrinkage=0.03


Tree=159
num_leaves=25
num_cat=0
split_feature=22 0 22 22 2 1 2 24 1 0 11 2 26 25 1 3 0 2 5 0 3 0 0 25
split_gain=18.4108 18.8052 19.6296 23.6046 25.8494 18.5245 16.7143 12.2469 11.6843 6.86754 6.08317 0.790741 0.673644 3.44072 0.149546 0.0928287 0.0685902 0.0121602 0.00559616 0.00246772 0.00118047 0.000834616 0.000360658 0.000271662
threshold=344.50000000000006 12.055000000000001 93.500000000000014 98.500000000000014 36.905000000000008 25.495000000000001 32.405000000000008 3.5000000000000004 25.805000000000003 20.515000000000004 12.500000000000002 32.915000000000006 -1.0031666666666663 -0.31401881720430108 30.205000000000002 19.345000000000002 4.1350000000000007 31.455000000000002 0.5727000000000001 3.3750000000000004 17.965000000000003 1.7450000000000003 1.7750000000000001 -1.0808306451612901
decision_type=2 2 2 2 2 2 2 2 2 2 2 2 2 2 2 2 2 2 2 2 2 2 2 2
left_child=1 2 6 4 -4 -5 8 12 -1 10 -9 -8 13 -3 -14 19 18 -11 21 22 23 -17 -2 -21
right_child=15 7 3 5 -6 -7 11 9 -10 17 -12 -13 14 -15 -16 16 -18 -19 -20 20 -22 -23 -24 -25
leaf_value=-0.0082150592840164304 -0.030209917784634048 -0.10137982484365533 0.044493473230618037 0.0039480012232073107 -0.025441413696851958 -0.0034685600132810562 -0.017881289560658469 -0.0082814293480824898 0.037129899587895025 0.031007758541344452 0.012687844988092646 -0.031474797337671681 0.031864027186340967 0.0303455593864446 0.041428335674789193 -0.030380159102052898 -0.03949133069691585 0.033475953904559923 -0.034755199301423359 -0.030784782032106925 -0.032053789413704528 -0.031757134474639438 -0.030669346345340385 -0.03145374286783998
leaf_weight=53.779729664325714 5.2859890693798679 0.2083500772714616 20.570371654815975 547.09449332975782 6.1874925242736927 679.61564601934515 4.3865302498452357 24.789369865786284 5.651792383985593 5.6098557645454985 25.015796831808984 31.567341146059334 22.75701915379614 1.2442088499665283 1.5730281136929978 0.82811959180980854 2.2213061973452568 2.6428197622299194 0.47342316433787335 2.369477117434144 1.1835011988878248 0.75950751826167107 2.1687424750998616 0.71007607690990004
leaf_count=6084 955 1 305 6502 331 11254 636 310 157 278 354 4967 879 127 13 80 15 42 5 116 23 16 135 20
internal_value=-5.17083e-05 0.000305691 -0.000551205 0.000447136 0.0283217 -0.000160884 -0.0136705 0.0140917 -0.00390286 0.0064509 0.00225087 -0.0298163 0.0312975 0.0114513 0.0324824 -0.0320542 -0.0358341 0.0317982 -0.0318925 -0.0306728 -0.0312485 -0.0310389 -0.0303436 -0.030939
internal_weight=1448.69 1432.69 1348.85 1253.47 26.7579 1226.71 95.3854 83.8404 59.4315 58.0578 49.8052 35.9539 25.7826 1.45256 24.33 16.0001 4.28236 8.25268 2.06105 11.7178 4.26305 1.58763 7.45473 3.07955
internal_count=33605 32240 30236 18392 636 17756 11844 2004 6241 984 664 5603 1020 128 892 1365 116 320 101 1249 159 96 1090 136
is_linear=0
shrinkage=0.03


Tree=160
num_leaves=24
num_cat=0
split_feature=2 3 1 1 3 22 8 22 22 22 3 22 26 0 18 22 25 3 2 4 0 4 0
split_gain=18.1642 19.4474 21.4561 19.6829 36.1121 27.4794 21.6353 18.8136 40.1014 15.0209 14.7342 16.4657 3.41865 2.68117 2.63571 4.48741 1.81967 1.31523 3.5336 3.94387 0.297011 0.09242 0.0309908
threshold=24.835000000000004 19.475000000000005 23.455000000000002 25.495000000000001 22.695000000000004 145.50000000000003 521.00000000000011 266.50000000000006 214.50000000000003 336.50000000000006 17.395000000000003 314.50000000000006 0.33800000000000013 0.23500000000000001 33.500000000000007 26.500000000000004 -0.074510752688171922 19.345000000000002 24.155000000000005 19.285000000000004 1.5550000000000004 6.6650000000000009 3.5650000000000004
decision_type=2 2 2 2 2 2 2 2 2 2 2 2 2 2 2 2 2 2 2 2 2 2 2
left_child=13 2 10 7 6 -6 -5 8 -3 -9 12 -12 -2 -1 16 -16 -4 18 21 -20 -19 -15 -22
right_child=1 3 14 4 5 -7 -8 9 -10 -11 11 -13 -14 17 15 -17 -18 20 19 -21 22 -23 -24
leaf_value=-0.032275300173296294 -0.024777417340577656 0.011405397850329754 -0.028587701820337076 -0.0012610815164830714 0.0087891514854066318 -0.0043386747383521301 -0.021178091700573842 0.018407459773999754 -0.0084908817692005024 -0.016530082438459683 0.01545197076376063 -0.015501448924816528 0.027331347948031416 0.046327435976740272 0.042042065096502913 -0.020580810855477749 -0.056582747920208586 0.045117746571494748 0.026470218626053452 -0.046955807920536934 0.034621731975030504 0.032080627476368452 0.031056007906905325
leaf_weight=0.67942011775449174 23.655361077515412 190.35513575444929 38.806673515238799 82.38084081443958 260.25165096507408 319.89765859488398 121.45277813705616 118.43605875782669 174.97749019740149 12.2177561908029 44.533927597338334 23.697118001291528 1.1901273247785855 0.45398922264576214 1.1995607055723647 7.2790879958774894 2.2085706074722102 1.700865689665078 1.325489590642974 1.3080732487142084 2.7738415896892539 4.2103017126210034 10.489006212446837
leaf_count=8 4034 2312 3992 2381 5484 3958 4215 1628 1651 244 1006 640 66 2 74 946 27 11 29 16 32 164 685
internal_value=-5.06627e-05 -0.00047773 -0.0109878 0.00069294 -0.00226608 0.00155039 -0.0131285 0.00537013 0.001876 0.0151404 -0.0025011 0.00470163 -0.0222813 0.0264312 -0.0269475 -0.0117209 -0.0300952 0.0282229 0.0177813 -0.01 0.0333153 0.0334673 0.0318018
internal_weight=1445.48 1422.54 142.57 1279.97 783.983 580.149 203.834 495.986 365.333 130.654 93.0765 68.231 24.8455 22.941 49.4939 8.47865 41.0152 22.2616 7.29785 2.63356 14.9637 4.66429 13.2628
internal_count=33605 32658 10785 21873 16038 9442 6596 5835 3963 1872 5746 1646 4100 947 5039 1020 4019 939 211 45 728 166 717
is_linear=0
shrinkage=0.03


Tree=161
num_leaves=25
num_cat=0
split_feature=0 24 3 1 3 1 22 2 22 22 22 3 6 4 0 24 1 26 26 23 2 0 3 18
split_gain=17.5333 24.7084 14.4689 12.4138 34.1222 19.611 13.7261 11.3668 12.6569 15.4773 12.1845 10.3423 18.4312 10.0916 6.31833 5.25377 6.10744 1.65992 7.61711 6.89066 1.41366 3.89993 0.772809 4.32089
threshold=5.6150000000000011 2.5000000000000004 17.645000000000003 24.205000000000002 22.045000000000005 28.545000000000005 328.50000000000006 26.485000000000003 145.50000000000003 126.50000000000001 158.50000000000003 20.235000000000003 18.100050000000003 18.585000000000004 7.9050000000000011 1.5000000000000002 26.055000000000003 -0.20619468024900964 -0.22161290322580643 3.5000000000000004 25.635000000000002 8.4250000000000025 17.525000000000002 34.500000000000007
decision_type=2 2 2 2 2 2 2 2 2 2 2 2 2 2 2 2 2 2 2 2 2 2 2 2
left_child=2 14 17 11 6 -6 -5 20 9 -9 -10 13 -13 -4 15 -2 -17 18 -1 -20 -3 -22 -19 -24
right_child=1 7 3 4 5 -7 -8 8 10 -11 -12 12 -14 -15 -16 16 -18 22 19 -21 21 -23 23 -25
leaf_value=-0.033035729126686945 0.033313674024145777 0.030327678810371916 0.0035696010498462495 -0.016321307526404927 0.0043187295814568023 -0.0073674992773810613 0.014465392444397141 -0.00084213815720978727 -0.031525616024108145 0.021225464448822881 -0.0024545599197942215 0.016530323020611287 -0.0071833698143242463 -0.015305277303767614 0.030939457082288339 0.021450255437330409 -0.0064549325800250367 -0.030224077117516866 -0.011206014162922776 0.098460342650237342 0.036683912622859131 -0.0064341457835179004 -0.026068165854755104 0.12499001334541458
leaf_weight=4.497607231256552 8.7226319117471558 12.040850422810765 80.659670082153752 183.80410336889327 376.84078976907767 196.69684966164641 14.028312422335146 72.55559320980683 14.123253159224985 47.219858740456402 159.68091582041234 101.07617978844792 41.655040634796023 37.275400934042409 33.455482742749155 13.342391919344665 14.98853872111067 17.969845526851717 1.1942574973218172 0.90747886477038253 3.555639603175222 4.0250597046688199 1.5196260798256833 0.19194924202747632
leaf_count=485 159 606 2031 8509 4116 6188 367 1159 95 301 1456 726 312 693 1056 178 109 4591 51 36 52 98 210 21
internal_value=-5.00905e-05 0.0054437 -0.00204195 -0.00148219 -0.00339485 0.000310894 -0.0141382 0.00183166 0.000354149 0.00785772 -0.00481686 0.0041778 0.00960966 -0.00239613 0.0214884 0.012955 0.00668696 -0.0240236 -0.0110032 0.0361453 0.0239384 0.0137899 -0.0283894 -0.00912734
internal_weight=1442.03 383.71 1058.32 1032.04 771.37 573.538 197.832 313.201 293.58 119.775 173.804 260.666 142.731 117.935 70.509 37.0536 28.3309 26.2808 6.59934 2.10174 19.6215 7.5807 19.6814 1.71158
internal_count=33605 5269 28336 22942 19180 10304 8876 3767 3011 1460 1551 3762 1038 2724 1502 446 287 5394 572 87 756 150 4822 231
is_linear=0
shrinkage=0.03


Tree=162
num_leaves=25
num_cat=0
split_feature=22 1 3 1 17 22 14 3 1 22 22 10 0 2 3 0 0 5 0 3 0 0 25 3
split_gain=17.4254 18.0544 23.4496 33.9479 27.7363 24.157 21.9103 20.0682 10.3983 6.11548 14.6479 9.45105 2.04992 1.48971 0.0830553 0.0611584 0.0206964 0.00504036 0.00213612 0.000987399 0.000740244 0.000298801 0.00022616 0.000161098
threshold=344.50000000000006 31.665000000000003 24.645000000000003 27.355000000000004 43.000000000000007 145.50000000000003 0.17000000000000001 22.075000000000003 30.015000000000004 138.50000000000003 145.50000000000003 100.00000000000001 16.865000000000006 38.125000000000007 19.345000000000002 4.1350000000000007 3.0850000000000004 0.5727000000000001 3.2350000000000008 17.965000000000003 1.7450000000000003 1.7750000000000001 -1.0808306451612901 17.815000000000001
decision_type=2 2 2 2 2 2 2 2 2 2 2 2 2 2 2 2 2 2 2 2 2 2 2 2
left_child=1 2 3 7 5 -4 -5 -1 -6 12 11 -11 13 -3 18 17 -12 20 21 22 -16 -2 -20 -23
right_child=14 9 4 6 8 -7 -8 -9 -10 10 16 -13 -14 -15 15 -17 -18 -19 19 -21 -22 23 -24 -25
leaf_value=-0.0013333812106083591 -0.030199954977354691 -0.0031186185953395343 0.035762273755073494 -0.015816095735046339 0.0048193201150269656 0.0069422578624802646 0.0036088278075177664 0.0074950063393411656 -0.02529433283666287 0.037240250250714139 -0.030684663196624655 -0.023210740706700726 0.019382425913137283 -0.030547113194682025 -0.030365572753886436 -0.039119007308099869 -0.033443504331676845 -0.034583597548575873 -0.030754291309126342 -0.031927886434247744 -0.031687161998546647 -0.030405908949832562 -0.031380296957483178 -0.030956839865293219
leaf_weight=592.86838600295596 4.9590054629370552 1.9214405161328674 49.351853478699923 180.61383893259335 23.531509617343545 55.738885873928666 73.53846417251043 380.43158656707965 18.381329678697512 7.5017736312001961 4.7896794322878105 3.3747514067217708 0.8278006911277761 24.579893016954884 0.79591731494292506 2.1602708026766777 5.0041510537266731 0.45906055346131314 2.2953407159075141 1.1611144337803123 0.7324710339307785 1.1366536580026148 0.67130441870540414 0.82394401263445605
leaf_count=17795 955 60 635 4759 221 620 1736 3914 518 110 347 108 5 1351 80 15 61 5 119 24 16 101 20 30
internal_value=-4.90046e-05 0.00029236 0.000923966 -0.000432115 0.012247 0.0204765 -0.0101955 0.00211735 -0.00838735 -0.0177935 -0.00548073 0.0184836 -0.0271063 -0.0285585 -0.0320051 -0.0356249 -0.0320943 -0.0318269 -0.0306461 -0.0311862 -0.0309989 -0.0303239 -0.0308959 -0.0306374
internal_weight=1437.65 1422.46 1374.46 1227.45 147.004 105.091 254.152 973.3 41.9128 47.9995 20.6704 10.8765 27.3291 26.5013 15.1951 4.14772 9.79383 1.98745 11.0474 4.12776 1.52839 6.9196 2.96665 1.9606
internal_count=33605 32240 30198 28204 1994 1255 6495 21709 739 2042 626 218 1416 1411 1365 116 408 101 1249 163 96 1086 139 131
is_linear=0
shrinkage=0.03


Tree=163
num_leaves=23
num_cat=0
split_feature=2 3 1 3 22 22 8 1 14 23 3 4 26 22 16 0 22 3 1 3 0 0
split_gain=17.2812 17.9325 22.1881 45.0135 34.7722 26.8688 26.4399 18.4551 18.0845 12.5702 11.8683 11.9752 4.82871 10.9019 3.0847 2.53514 1.98972 1.32053 3.38459 0.827628 0.267271 0.0287051
threshold=24.835000000000004 20.315000000000001 26.615000000000006 23.005000000000006 123.50000000000001 145.50000000000003 496.50000000000006 24.455000000000002 0.14500000000000005 3.5000000000000004 17.395000000000003 18.455000000000002 0.39394731182795689 89.500000000000014 27.000000000000004 0.23500000000000001 306.50000000000006 19.345000000000002 20.765000000000004 17.095000000000002 1.5550000000000004 3.5650000000000004
decision_type=2 2 2 2 2 2 2 2 2 2 2 2 2 2 2 2 2 2 2 2 2 2
left_child=15 7 4 8 9 -5 -6 10 -4 -3 14 -12 16 -14 -2 -1 -9 18 19 -17 -19 -22
right_child=1 2 3 5 6 -7 -8 12 -10 -11 11 -13 13 -15 -16 17 -18 20 -20 -21 21 -23
leaf_value=-0.030895926361984162 -0.0088977876343771349 0.015183912986800044 -0.029530384718678547 0.0081977856962004332 0.019791832838906363 -0.0066078484887391103 0.00070933567285070219 -0.031535502699731557 -0.0060990124565762152 0.050250661086190966 0.0042488904722730704 -0.013333383747363182 -0.031238489724260667 0.08254218443755669 -0.03036825840467227 -0.0013260115955873863 -0.015779957952455619 0.044516416313812007 -0.018840612731025365 0.033701173677056384 0.034499238895803669 0.031020824033172596
leaf_weight=0.67833910835907119 9.3705796670401487 17.836098643019795 68.938051739474759 233.31242767418735 75.182154502253979 209.25740937283263 499.58485037600622 32.434391184709966 52.011634597089142 19.001305378740653 117.09239683370106 49.645845806924626 2.1052792421542104 1.1842016871087251 16.855169919435866 0.69677724014036613 9.277233202243222 1.6744176745414723 1.7459492553025482 4.7176567725837231 2.7162164971232405 9.9818769800476712
leaf_count=8 1141 450 2549 4936 963 2842 5428 4147 1709 355 2987 959 204 13 3606 23 369 11 21 167 32 685
internal_value=-4.86885e-05 -0.000461393 0.00105941 -0.00323517 0.00501634 0.00119733 0.00320541 -0.00797143 -0.0194543 0.0332719 -0.00393687 -0.000986183 -0.0252716 0.00972216 -0.0226968 0.0262078 -0.0280313 0.0280067 0.0174812 0.0291936 0.0332505 0.0317649
internal_weight=1435.3 1413.09 1175.12 563.52 611.604 442.57 574.767 237.965 120.95 36.8374 192.964 166.738 45.0011 3.28948 26.2257 22.2112 41.7116 21.5329 7.16038 5.41443 14.3725 12.6981
internal_count=33605 32658 19232 12036 7196 7778 6391 13426 4258 805 8693 3946 4733 217 4747 947 4516 939 211 190 728 717
is_linear=0
shrinkage=0.03


Tree=164
num_leaves=23
num_cat=0
split_feature=0 1 3 1 17 3 22 1 22 22 22 10 2 3 22 4 11 1 10 3 0 2
split_gain=17.0206 16.7665 23.2034 29.2705 25.3992 23.3377 22.4713 10.0218 7.50219 6.55105 13.833 8.67627 1.42206 3.29637 0.797084 0.774737 2.15492 0.342785 0.309249 0.0789308 0.0184923 0.000814141
threshold=18.420000000000005 31.665000000000003 24.645000000000003 28.875000000000004 43.000000000000007 23.175000000000004 145.50000000000003 29.435000000000006 144.50000000000003 138.50000000000003 145.50000000000003 100.00000000000001 38.125000000000007 26.865000000000006 75.500000000000014 30.165000000000003 -53.999999999999993 33.32500000000001 85.000000000000014 18.355000000000004 3.0850000000000004 28.735000000000003
decision_type=2 2 2 2 2 2 2 2 2 2 2 2 2 2 2 2 2 2 2 2 2 2
left_child=1 2 3 5 6 -1 -4 -6 -5 12 11 -11 13 -3 -2 17 -17 19 -14 -16 -12 -18
right_child=14 9 4 8 7 -7 -8 -9 -10 10 20 -13 18 -15 15 16 21 -19 -20 -21 -22 -23
leaf_value=-0.0019739175185146353 -0.018232081764341213 -0.032264082787073767 0.033949268586565912 -0.012864229816106207 0.01063280058226208 0.0088610032382868582 0.0059960589803696269 -0.019810520731435632 -0.033630383666693388 0.034873356259424601 -0.030660063298909107 -0.023063791585250435 -0.022988761889780582 0.049765559393309983 0.01710163440436174 -0.061171883551509314 0.030371309761254638 0.0048548386030362141 -0.031652897066698105 0.031333875704132784 -0.033312464560672467 0.032366710035152492
leaf_weight=904.06924654485192 0.32949390821159141 1.2468837264459605 49.903288255445659 74.413692599628121 15.619135817512868 223.05956205562688 53.77112412918359 25.820040674880147 19.829735246486962 7.7135653030127305 4.6218283977359516 3.3307815450243652 4.5677792532369521 0.68207753216847766 0.35813035350293887 0.31989418482407928 0.49930897541344055 0.46201623976230521 19.690154493320733 16.915458244271576 4.8462016433477402 0.29144234582781792
leaf_count=23578 8 46 629 2596 123 2123 571 614 375 110 347 108 211 14 22 18 47 2 1141 854 61 7
internal_value=-4.8253e-05 -0.000429195 0.000174886 -0.0011726 0.0115162 0.000170321 0.0194512 -0.00833591 -0.0172336 -0.0181054 -0.00540976 0.0174005 -0.02805 -0.00325854 0.0280258 0.0288346 0.00452815 0.0303567 -0.0300214 0.0310388 -0.0320177 0.0311067
internal_weight=1432.36 1413.19 1366.49 1221.37 145.114 1127.13 103.674 41.4392 94.2434 46.6993 20.5124 11.0443 26.1869 1.92896 19.1757 18.8463 1.11065 17.7356 24.2579 17.2736 9.46803 0.790751
internal_count=33605 32647 30609 28672 1937 25701 1200 737 2971 2038 626 218 1412 60 958 950 72 878 1352 876 408 54
is_linear=0
shrinkage=0.03


Tree=165
num_leaves=25
num_cat=0
split_feature=22 1 3 1 6 22 8 4 3 1 22 3 22 0 5 3 0 5 0 3 0 0 25 3
split_gain=16.6955 16.9388 25.4074 37.9613 21.269 21.0491 18.2551 13.1452 11.2414 12.9023 13.7688 9.39375 4.44067 2.51283 0.440418 0.0757397 0.0556063 0.00458906 0.00190223 0.000892676 0.000670751 0.000271046 0.000202394 0.000149469
threshold=344.50000000000006 31.015000000000004 24.255000000000006 27.355000000000004 16.639450000000004 144.50000000000003 496.50000000000006 15.955000000000002 25.775000000000002 31.975000000000005 145.50000000000003 25.605000000000004 133.50000000000003 16.865000000000006 0.69145000000000012 19.345000000000002 4.1350000000000007 0.5727000000000001 3.2350000000000008 17.965000000000003 1.7450000000000003 1.7750000000000001 -1.0808306451612901 17.815000000000001
decision_type=2 2 2 2 2 2 2 2 2 2 2 2 2 2 2 2 2 2 2 2 2 2 2 2
left_child=1 2 3 6 11 -5 -1 -6 13 10 -10 -4 -11 14 -3 18 17 20 21 22 -17 -2 -20 -23
right_child=15 8 4 5 7 -7 -8 -9 9 12 -12 -13 -14 -15 -16 16 -18 -19 19 -21 -22 23 -24 -25
leaf_value=0.011525382458713642 -0.03019219668350127 -0.027301373545661877 0.027861353054457923 -0.0053875133712485528 0.018612270842898574 -0.025820504969129372 0.00011960238895721641 0.00029727401022168335 0.033371275771214695 -0.029409569730222917 -0.02420112365339723 0.076779390712968243 -0.0061696132994764237 0.013829156908191911 -0.035105404989676153 -0.030355309166084313 -0.038818722547190758 -0.034436146155855711 -0.030723032031124132 -0.031860128201489715 -0.03163305701797018 -0.030387572905776396 -0.031328553672097123 -0.030928802112167295
leaf_weight=149.71775969769806 4.7346138777211291 14.949170198524376 25.972453328780833 131.31755407887977 55.206986650126055 69.330318725667894 807.1737405777676 97.660336251603439 12.168690050486477 13.553919467842208 5.3966322380583724 4.0892551057040682 16.297489223070443 1.1919595040380944 11.526604456827043 0.77121357060968765 2.1108123511075974 0.44694596529006947 2.1841081799939279 1.1243484150618313 0.71030783839523792 1.0780850974842904 0.64307510387152467 0.80001043900847424
leaf_count=3806 955 1080 316 4426 619 1156 17774 1230 190 776 184 38 498 7 140 80 15 5 119 24 16 101 20 30
internal_value=-4.76026e-05 0.000281624 0.00105831 -0.000583587 0.0114479 -0.0124478 0.00190418 0.00691161 -0.0135844 -0.00471741 0.0156832 0.0345156 -0.0167216 -0.0287806 -0.030699 -0.0319603 -0.0354543 -0.0317717 -0.0306244 -0.0311451 -0.0309679 -0.0303132 -0.0308608 -0.0306181
internal_weight=1430.16 1415.55 1340.47 1157.54 182.929 200.648 956.892 152.867 75.0845 47.4167 17.5653 30.0617 29.8514 27.6677 26.4758 14.6035 4.03928 1.92847 10.5642 3.95153 1.48152 6.61271 2.82718 1.8781
internal_count=33605 32240 29365 27162 2203 5582 21580 1849 2875 1648 374 354 1274 1227 1220 1365 116 101 1249 163 96 1086 139 131
is_linear=0
shrinkage=0.03


Tree=166
num_leaves=24
num_cat=0
split_feature=2 3 1 3 8 1 2 1 3 2 26 22 26 18 4 0 4 3 2 4 0 4 0
split_gain=16.6072 16.8726 17.6749 33.0973 24.5057 20.7873 17.8807 17.136 13.5812 10.4278 9.85897 7.72362 4.80518 3.37994 10.4995 2.42989 1.88584 1.3205 3.306 3.60004 0.242725 0.0631687 0.0262781
threshold=24.835000000000004 19.105000000000004 24.245000000000001 21.545000000000005 496.50000000000006 28.545000000000005 30.185000000000006 22.695000000000004 16.905000000000005 28.545000000000005 0.39394731182795689 330.50000000000006 0.33800000000000013 34.500000000000007 9.8650000000000002 0.23500000000000001 1.1800000000000002 19.345000000000002 24.155000000000005 19.285000000000004 1.5550000000000004 8.8750000000000018 3.5650000000000004
decision_type=2 2 2 2 2 2 2 2 2 2 2 2 2 2 2 2 2 2 2 2 2 2 2
left_child=15 7 4 10 11 -5 -6 8 12 -10 -4 -3 -2 16 -15 -1 -9 18 21 -20 -19 -17 -22
right_child=1 2 3 5 6 -7 -8 13 9 -11 -12 -13 -14 14 -16 17 -18 20 19 -21 22 -23 -24
leaf_value=-0.029961862290858041 -0.028524119912877226 0.026132329181572825 -0.015551750854507199 0.0041884763422708757 0.0035602709587971705 -0.0057532128913305846 0.046042587735668335 0.036986373812352459 0.001995904717386119 0.042696891498275678 0.016533849370477329 0.069406154035457274 0.041179399054617392 0.087446234116445781 -0.023303246854946513 0.042926105835888663 -0.02754451069515175 0.043989193001377144 0.026202275202572872 -0.043571486119969652 0.034369684881183554 0.03190455620152588 0.030996655981801215
leaf_weight=0.67607860593125479 14.219392919912931 8.8611738807521743 153.10867965267971 592.58623556722887 245.04424045840278 278.12843823805451 9.2535796696320158 0.41123677522409607 31.073539800825529 6.9285575749818227 9.1330602129455638 6.3880783007480195 0.9495488384272911 0.97383129200898011 3.6883632006356493 0.53267328441143291 45.822999061085284 1.6466067880392063 1.3142228298820557 1.3483192455023525 2.6500038132071486 3.8555861292406917 9.6425081766210479
leaf_count=8 2853 152 5895 6854 2568 7053 103 28 811 243 292 70 41 63 461 3 5171 11 29 16 32 163 685
internal_value=-4.72471e-05 -0.000448741 0.000480011 -0.00130519 0.00732124 0.00101285 0.00510615 -0.0120729 -0.00016261 0.00941652 -0.0137456 0.0442602 -0.0241608 -0.0245156 -0.000170083 0.026018 -0.0269705 0.0278211 0.0172411 -0.00913137 0.0331727 0.0332424 0.0317238
internal_weight=1428.24 1406.57 1302.5 1032.96 269.547 870.715 254.298 104.067 53.171 38.0021 162.242 15.2493 15.1689 50.8964 4.66219 21.666 46.2342 20.9899 7.0508 2.66254 13.9391 4.38826 12.2925
internal_count=33605 32658 22987 20094 2893 13907 2671 9671 3948 1054 6187 222 2894 5723 524 947 5199 939 211 45 728 166 717
is_linear=0
shrinkage=0.03


Tree=167
num_leaves=25
num_cat=0
split_feature=0 2 22 22 2 14 1 3 3 24 7 24 3 0 0 1 5 24 25 4 3 3 1 3
split_gain=16.2864 15.0783 14.9001 31.2158 37.3469 31.9915 25.0233 23.0409 22.2171 12.591 5.38659 5.47936 5.02715 4.9628 5.53039 5.22017 4.16871 1.93318 2.42642 5.14764 1.46321 1.16493 3.22525 0.772767
threshold=0.65500000000000014 24.835000000000004 145.50000000000003 127.50000000000001 33.375000000000007 0.11000000000000001 27.275000000000002 23.385000000000002 24.205000000000002 2.5000000000000004 73.832350000000005 4.5000000000000009 25.775000000000002 1.0000000180025095e-35 0.42500000000000004 23.205000000000002 0.37855000000000005 1.5000000000000002 -0.34803225806451604 11.525 23.895000000000003 19.345000000000002 20.765000000000004 17.095000000000002
decision_type=2 2 2 2 2 2 2 2 2 2 2 2 2 2 2 2 2 2 2 2 2 2 2 2
left_child=9 21 3 4 -3 -5 7 -4 -8 17 13 16 -13 15 -15 -11 -12 -1 20 -20 -19 22 23 -2
right_child=1 2 6 5 -6 -7 8 -9 -10 10 11 12 -14 14 -16 -17 -18 18 19 -21 -22 -23 -24 -25
leaf_value=-0.030284899244871592 -0.00065479778671217689 0.01110800338527684 -0.0010824001394730306 -0.0065873305975197105 -0.012621367319352646 0.02344892058327059 -0.026324368094177101 0.016391776505460934 -0.0031147728705513866 0.086787197867610064 -0.012555119923767653 -0.00081740175905400654 0.039598937108268478 -0.032848831873778878 0.030305207408048873 0.019168679122865361 0.066886200835454795 -0.030264049729076814 0.090461310659770519 -0.0098689710782616305 -0.0094870198147010438 0.03247087707953563 -0.017797205625501217 0.033695973348991694
leaf_weight=19.179523400962353 0.67869017599150794 112.54960675537586 608.61973576620221 43.387209357693791 127.10724207025487 120.6916039744392 62.384514552541077 76.442062672227621 91.651801296044141 1.249231057241557 63.901821719948202 41.170586023014039 2.9695941540412596 3.1080381986685097 2.0851991155650467 5.7899909024126828 0.60008158744312723 10.486929079284893 0.49399275565519829 6.7363830846734345 4.3019928471185258 12.81767841009423 1.7656704019755123 4.4806183134205639
leaf_count=3728 20 4472 6678 459 4275 1050 688 686 960 18 4380 1681 139 249 104 117 39 2182 32 264 475 723 20 166
internal_value=-4.66639e-05 0.00110256 0.00068936 0.00542488 -0.00147739 0.0155065 -0.00158915 0.000867442 -0.0125146 -0.00899933 -0.00411764 -0.00624268 0.00190167 0.0147559 -0.00749109 0.0311687 -0.0118161 -0.0233219 -0.0172569 -0.00301422 -0.0242202 0.0271145 0.0172001 0.0291772
internal_weight=1424.65 1262.58 1242.83 403.736 239.657 164.079 839.098 685.062 154.036 162.073 120.875 108.642 44.1402 12.2325 5.19324 7.03922 64.5019 41.1988 22.0193 7.23038 14.7889 19.7427 6.92498 5.15931
internal_count=33605 20197 19268 10256 8747 1509 9012 7364 1648 13408 6727 6239 1820 488 353 135 4419 6681 2953 296 2657 929 206 186
is_linear=0
shrinkage=0.03


Tree=168
num_leaves=24
num_cat=0
split_feature=0 22 1 3 1 6 3 1 0 25 0 1 3 0 5 25 5 0 7 2 2 3 0
split_gain=16.126 15.59 15.7921 23.5801 33.4319 20.2927 11.5457 12.1775 1.11991 0.794427 3.56536 0.0709983 0.0707909 0.0515585 0.0042099 0.00391419 0.00303177 0.00168933 0.00103561 0.000987671 0.000790803 0.000788885 0.000237749
threshold=18.420000000000005 344.50000000000006 31.015000000000004 24.255000000000006 27.355000000000004 16.639450000000004 25.775000000000002 33.155000000000008 16.865000000000006 -1.9140322580645157 20.515000000000004 31.175000000000004 19.345000000000002 4.1350000000000007 0.5727000000000001 -1.2733387096774191 0.92055000000000009 3.2350000000000008 75.322650000000024 30.145000000000003 32.695000000000007 17.965000000000003 1.7750000000000001
decision_type=2 2 2 2 2 2 2 2 2 2 2 2 2 2 2 2 2 2 2 2 2 2 2
left_child=1 2 3 4 -1 -5 8 -8 -4 10 -2 15 17 14 -14 18 -12 22 -11 -17 -18 -19 -3
right_child=9 12 6 5 -6 -7 7 -9 -10 11 16 -13 13 -15 -16 19 20 21 -20 -21 -22 -23 -24
leaf_value=0.0014163192016677444 -0.031255392334464671 -0.030183663537516624 -0.030550300210568683 0.033140755108928048 -0.012174287119729118 0.0062154491940511316 0.0062130778770197572 -0.026176742627888501 0.013266325752742997 0.032564345944322379 0.033603111992871616 0.04094094459968519 -0.030953376132063757 -0.038597153454772569 -0.03431172342555399 0.030416328355075781 0.031126957895240649 -0.030828764224366277 0.031439788102811561 0.031094398490870832 0.032351690918022501 -0.031788911511034412 -0.030592781843234496
leaf_weight=939.49458035093267 1.057236853986981 4.4713734469842148 25.615893966984007 30.289448252413422 197.07274069718551 149.68830978614278 30.861316277179867 15.792869607452301 0.53596822917461295 1.0332196038216364 0.72499103564769063 0.66814140975475389 1.4383238647133105 2.0785321220755577 0.43831586092710484 6.9937707274220831 2.0279280547983949 2.6721607632935052 2.5708114122971892 2.6719494378194213 0.6194227673113345 1.0820120386779306 1.7902205563150344
leaf_count=20742 14 955 1220 354 5562 1756 867 779 3 18 16 5 96 15 5 648 75 138 74 97 11 24 131
internal_value=-4.62149e-05 -0.000411749 -9.4667e-05 0.000657478 -0.000940196 0.0107469 -0.0136956 -0.00475117 -0.0296523 0.0278816 0.0168143 0.0313988 -0.0319443 -0.0353425 -0.0317378 0.0309184 0.0318842 -0.0306023 0.0317622 0.0306038 0.0314135 -0.0311055 -0.0303006
internal_weight=1421.69 1403.32 1389.35 1316.55 1136.57 179.978 72.806 46.6542 26.1519 18.3675 4.42958 13.9379 13.9709 3.95517 1.87664 13.2698 3.37234 10.0158 3.60403 9.66572 2.64735 3.75417 6.26159
internal_count=33605 32647 31283 28414 26304 2110 2869 1646 1223 958 116 842 1364 116 101 837 102 1248 92 745 86 162 1086
is_linear=0
shrinkage=0.03


Tree=169
num_leaves=25
num_cat=0
split_feature=0 25 1 3 1 22 3 1 6 22 18 22 4 5 3 26 25 0 1 25 5 7 2 2
split_gain=15.5951 15.1451 15.4146 17.4529 28.631 22.1613 9.07673 7.83417 6.52614 5.40975 2.73022 17.1802 2.17415 1.99686 1.92354 1.07413 0.787787 3.42928 0.0647819 0.00357337 0.00278631 0.000945526 0.000902286 0.000720168
threshold=18.420000000000005 -2.241774193548387 31.975000000000005 25.335000000000004 29.955000000000002 145.50000000000003 26.725000000000005 33.155000000000008 18.100050000000003 208.50000000000003 33.500000000000007 142.50000000000003 11.845000000000001 0.9678500000000001 27.155000000000005 0.03174946236559132 -1.9140322580645157 20.515000000000004 31.175000000000004 -1.2733387096774191 0.92055000000000009 75.322650000000024 30.145000000000003 32.695000000000007
decision_type=2 2 2 2 2 2 2 2 2 2 2 2 2 2 2 2 2 2 2 2 2 2 2 2
left_child=1 6 3 4 -3 -5 8 14 9 -1 12 -12 -4 -10 -8 -9 17 -2 19 21 -19 -18 -21 -22
right_child=16 2 10 5 -6 -7 7 15 13 -11 11 -13 -14 -15 -16 -17 18 20 -20 22 23 -23 -24 -25
leaf_value=-0.0032291818189720679 -0.030267687136457937 0.0011073734243554933 -0.00079797859897049568 0.031566007878012614 -0.023001410520129172 -0.0028340655523229796 0.015678462210465455 -0.031866188325519372 -0.032842962602491373 -0.019258553944280245 -0.0320230742264015 0.083943170305909684 -0.02892357719526337 -0.012844364316984444 0.053556320073501786 0.011724634296377677 0.032485623826979504 0.033498549560441911 0.040567563247055474 0.03040393901339794 0.031093043129661102 0.031395990128706495 0.03106154746359047 0.032278298651204136
leaf_weight=49.330090372241102 1.0589590165764118 1146.6400772877969 2.810459695523611 36.803395959781483 46.116125377709977 31.094971409300342 1.8315381645224968 2.1147504518739884 16.873518660897393 30.767739141359925 4.6064951608423135 1.532184208743274 20.637091520242393 6.124607525067403 3.536446516867727 0.66992137790657569 1.0050764605402958 0.70572729036212001 0.6542721241712578 6.7897975416853971 1.9701079381629827 2.4982602773234248 2.595682387240231 0.60246220789849747
leaf_count=2142 14 24354 139 499 1811 540 22 74 903 654 262 33 1068 88 34 24 18 16 5 648 75 74 97 11
internal_value=-4.54592e-05 -0.000400649 0.000515094 0.00101743 0.000175244 0.015812 -0.0110213 0.0194514 -0.013431 -0.0093865 -0.0208894 -0.00307847 -0.0255524 -0.0275172 0.0406325 -0.0213793 0.0277949 0.0166676 0.0313585 0.030891 0.0318287 0.0317086 0.0305858 0.0313706
internal_weight=1419.37 1401.49 1290.24 1260.65 1192.76 67.8984 111.249 8.15266 103.096 80.0978 29.5862 6.13868 23.4476 22.9981 5.36798 2.78467 17.8803 4.33726 13.5431 12.8888 3.2783 3.50334 9.38548 2.57257
internal_count=33605 32647 28706 27204 26165 1039 3941 154 3787 2796 1502 295 1207 991 56 98 958 116 842 837 102 92 745 86
is_linear=0
shrinkage=0.03


Tree=170
num_leaves=25
num_cat=0
split_feature=0 24 22 22 11 1 1 3 3 2 3 18 2 0 1 22 0 1 24 15 23 2 0 22
split_gain=15.4446 20.3918 14.7553 22.3072 27.3446 36.3735 26.5688 22.271 16.2724 13.2 11.9468 15.1692 11.4148 7.814 6.77427 9.39645 5.97597 5.42673 4.98895 3.36681 11.8204 2.9741 1.67075 1.24858
threshold=8.9350000000000005 3.5000000000000004 89.500000000000014 144.50000000000003 -8.4999999999999982 29.435000000000006 25.665000000000003 23.205000000000002 22.975000000000005 30.655000000000005 20.585000000000004 34.500000000000007 37.635000000000012 20.515000000000004 30.205000000000002 208.50000000000003 10.255000000000001 24.455000000000002 2.5000000000000004 0.045000000000000005 5.5000000000000009 35.525000000000013 14.045000000000002 83.500000000000014
decision_type=2 2 2 2 2 2 2 2 2 2 2 2 2 2 2 2 2 2 2 2 2 2 2 2
left_child=2 16 9 4 5 -4 8 -8 -5 10 11 -1 -6 14 15 -3 18 -12 -2 23 -21 -20 -16 -11
right_child=1 13 3 6 12 -7 7 -9 -10 19 17 -13 -14 -15 22 -17 -18 -19 21 20 -22 -23 -24 -25
leaf_value=-0.014851495479914132 0.029949409022014206 0.0099875189092874343 0.036607108429322716 0.00032814930162109888 0.0039281908013161252 -0.0010381732146443568 -0.01843803346252957 -0.0031032506351487189 0.023805222773156384 -0.031725615922937905 0.086184311552733206 0.051255206732036804 -0.01441591914652759 0.031648805643957549 -0.031777209115437043 -0.0092998960436529721 0.031327128583937179 0.01990886704048753 0.0053883457367858937 -0.025015173902462585 0.07126413779108709 -0.033917195461553779 -0.0031961144598471702 -0.01524269820439839
leaf_weight=27.672811780590568 7.2856864146888265 52.442611468723044 52.824077254859731 488.73241930920631 168.86825380846858 41.051275330362841 138.66784321865998 221.21212720521726 28.098495142534375 29.167948050191626 1.7071290584281076 3.521570212673395 37.266891731414944 7.1060327445156863 7.3385538067668659 40.127946618944407 34.304856866132468 3.189151210244745 9.7607390719931555 6.2679786232765755 1.404879144625738 2.1064757010899493 2.4570646807551384 4.8195337761426336
leaf_count=3610 139 763 726 7099 2878 1331 2533 2847 229 5582 18 260 1719 320 79 428 1226 45 121 863 138 20 17 614
internal_value=-4.49147e-05 0.00864454 -0.00117349 -0.000337159 0.00672386 0.020145 -0.00275344 -0.009012 0.00160453 -0.013831 -0.000550383 -0.00738863 0.000611784 0.001228 -0.000883749 0.00162671 0.0238323 0.0430164 0.0104084 -0.0253361 -0.0073867 -0.00158854 -0.0246081 -0.0293883
internal_weight=1417.4 162.93 1254.47 1176.72 300.01 93.8754 876.711 359.88 516.831 77.751 36.0907 31.1944 206.135 109.472 102.366 92.5706 53.4578 4.89628 19.1529 41.6603 7.67286 11.8672 9.79562 33.9875
internal_count=33605 3113 30492 19362 6654 2057 12708 5380 7328 11130 3933 3870 4597 1607 1287 1191 1506 63 280 7197 1001 141 96 6196
is_linear=0
shrinkage=0.03


Tree=171
num_leaves=24
num_cat=0
split_feature=22 2 22 22 2 1 22 22 23 0 3 1 0 3 0 5 0 3 0 0 25 3 3
split_gain=15.3873 15.1287 15.1996 20.1531 27.1853 25.8105 8.56416 18.7138 6.24955 2.21035 1.24738 3.20001 0.24568 0.0641712 0.0464242 0.00379702 0.00150112 0.000678021 0.000569999 0.000216315 0.000167833 0.000121961 1.09695e-05
threshold=344.50000000000006 24.835000000000004 74.500000000000014 144.50000000000003 33.125000000000007 25.245000000000001 10.500000000000002 8.5000000000000018 5.5000000000000009 0.23500000000000001 19.345000000000002 20.765000000000004 1.5550000000000004 19.345000000000002 4.1350000000000007 0.5727000000000001 3.2350000000000008 17.965000000000003 1.7450000000000003 1.7750000000000001 -1.0808306451612901 17.815000000000001 17.585000000000004
decision_type=2 2 2 2 2 2 2 2 2 2 2 2 2 2 2 2 2 2 2 2 2 2 2
left_child=1 9 6 4 -4 -5 7 -3 -8 -1 11 -11 -12 16 15 18 19 20 -15 22 -18 -21 -2
right_child=13 2 3 5 -6 -7 8 -9 -10 10 12 -13 -14 14 -16 -17 17 -19 -20 21 -22 -23 -24
leaf_value=-0.029066299020376399 -0.030138418087763727 -0.016141141074416335 0.01909351620277483 0.0032621625485576727 0.0013084073663088922 -0.0066817662966853104 -0.026813812141777197 0.05202388640103342 0.0025386918717893721 0.029690528698739903 0.0442629873053631 -0.01720634557062533 0.031651075764828014 -0.030333595512491728 -0.038290572480041897 -0.034164499338018253 -0.030671589016825145 -0.031709095442073613 -0.031549704062434 -0.030356061478983631 -0.031244362900430742 -0.03086487915983158 -0.030236064209549558
leaf_weight=0.63619950320571916 2.6034100584220123 12.962371786707083 108.62109909986611 463.35543140303344 268.68369025259744 476.51637265481986 36.71165310125798 5.0318761176895341 7.940306272939778 4.9433220131322768 1.5839090347290028 1.7814013129100201 11.361692479345946 0.71857704245485299 2.0216354690492153 0.42384650744497765 2.0083906771615152 1.0395260341465471 0.67057822458446026 0.98938104975968577 0.59736175462603602 0.74189735762774944 1.7191749061457811
leaf_count=5 694 1018 1684 5769 7414 6840 7146 259 1170 188 10 20 717 80 15 5 119 24 16 101 20 30 261
internal_value=-4.43507e-05 0.000263368 -0.000114939 0.000571735 0.00642851 -0.00177942 -0.0145527 0.00292039 -0.0215942 0.0259692 0.0277493 0.0172674 0.0331942 -0.0318793 -0.0351646 -0.031679 -0.0305804 -0.0310613 -0.0309206 -0.0302907 -0.0308029 -0.0305741 -0.0301773
internal_weight=1413.66 1400.13 1379.82 1317.18 377.305 939.872 62.6462 17.9942 44.652 20.3065 19.6703 6.72472 12.9456 13.5338 3.83464 1.813 9.69914 3.64528 1.38916 6.05386 2.60575 1.73128 4.32258
internal_count=33605 32240 31300 21707 9098 12609 9593 1277 8316 940 935 208 727 1365 116 101 1249 163 96 1086 139 131 955
is_linear=0
shrinkage=0.03


Tree=172
num_leaves=25
num_cat=0
split_feature=22 0 24 25 22 16 22 2 7 3 0 0 1 2 23 3 3 0 5 0 3 0 0 25
split_gain=14.9032 14.9479 23.8406 11.1459 10.8765 27.5084 22.8749 10.6197 11.7595 8.36585 8.34008 5.00474 5.86073 4.99209 4.28693 0.418086 0.0585792 0.0421552 0.00345895 0.00137101 0.000617998 0.000519818 0.000197562 0.000153158
threshold=344.50000000000006 5.6150000000000011 2.5000000000000004 -2.241774193548387 326.50000000000006 41.000000000000007 314.50000000000006 27.315000000000001 73.832350000000005 26.865000000000006 2.4550000000000005 7.9050000000000011 26.055000000000003 26.485000000000003 5.5000000000000009 26.455000000000002 19.345000000000002 4.1350000000000007 0.5727000000000001 3.2350000000000008 17.965000000000003 1.7450000000000003 1.7750000000000001 -1.0808306451612901
decision_type=2 2 2 2 2 2 2 2 2 2 2 2 2 2 2 2 2 2 2 2 2 2 2 2
left_child=1 3 11 9 6 -6 -5 14 -9 13 -11 12 -3 -1 -4 -13 19 18 21 22 23 -18 -2 -21
right_child=16 2 7 4 5 -7 -8 8 -10 10 -12 15 -14 -15 -16 -17 17 -19 -20 20 -22 -23 -24 -25
leaf_value=0.052385273510121198 -0.030171998086350175 0.02729800535729842 0.023340398521212023 -0.00084633374174704432 -0.0038827238599425016 0.045423306734936018 -0.034353220311052535 -0.025462094902854455 0.0015615589125789343 -0.031467947777654909 0.053089810904111238 0.031189826884888642 0.0026177442495108529 -0.018739461120705302 -0.010782016534035509 0.0059608229146391467 -0.030323670128751312 -0.038009976106101448 -0.034030736070098259 -0.030651633146495379 -0.031656575382863747 -0.03150201977004613 -0.030556901687567622 -0.031206767833075855
leaf_weight=0.90313964709639449 4.195552960271014 16.161493306513876 25.801141569856558 908.39425966190174 28.598979264032096 15.815394158009438 18.715051623992622 15.357679341919718 257.25068988581188 1.592580486787482 3.0802179537713528 30.069863685406748 18.655299983453006 53.494900222867727 3.8019615695811799 0.60301874950528045 0.69756469014100664 1.9761506356298921 0.41291226632893074 1.9502835581079128 1.0104518067091701 0.65172981843352318 1.6810428560711441 0.58039489295333657
leaf_count=38 955 276 834 22430 625 289 715 157 2574 90 29 1049 158 2856 113 7 80 15 5 119 24 16 131 20
internal_value=-4.35276e-05 0.000255487 0.00544836 -0.00159726 -0.000827959 0.0136745 -0.00152272 0.00189235 3.91529e-05 -0.0142497 0.0242709 0.0218581 0.014074 -0.0175586 0.018958 0.0306938 -0.0318243 -0.0350016 -0.0316281 -0.0305631 -0.0310294 -0.0308928 -0.0302821 -0.0307789
internal_weight=1411.45 1398.3 367.701 1030.59 971.524 44.4144 927.109 302.211 272.608 59.0708 4.6728 65.4897 34.8168 54.398 29.6031 30.6729 13.1561 3.73836 1.76221 9.41773 3.54113 1.34929 5.8766 2.53068
internal_count=33605 32240 5168 27072 24059 914 23145 3678 2731 3013 119 1490 434 2894 947 1056 1365 116 101 1249 163 96 1086 139
is_linear=0
shrinkage=0.03


Tree=173
num_leaves=25
num_cat=0
split_feature=0 24 0 0 24 24 12 0 4 2 12 0 25 7 24 3 2 3 3 1 24 4 3 14
split_gain=14.5547 13.6789 28.1616 19.1283 35.7359 12.2544 10.8569 10.6053 11.18 11.1321 9.84277 9.01884 9.38218 4.98546 5.28345 4.73266 4.6904 8.11746 6.6292 4.09358 1.97216 2.4282 12.9218 1.74918
threshold=0.65500000000000014 3.5000000000000004 10.255000000000001 2.6550000000000007 1.5000000000000002 2.5000000000000004 0.53500000000000014 0.75500000000000012 11.685 31.185000000000006 0.79000000000000015 20.515000000000004 -2.241774193548387 73.832350000000005 4.5000000000000009 23.935000000000006 29.745000000000001 21.085000000000004 23.535000000000004 26.815000000000001 1.5000000000000002 10.575000000000001 23.895000000000003 0.17000000000000001
decision_type=2 2 2 2 2 2 2 2 2 2 2 2 2 2 2 2 2 2 2 2 2 2 2 2
left_child=5 2 3 6 -5 20 -2 8 9 -3 -10 12 -9 16 19 -16 17 -7 -18 -15 -1 22 -22 -23
right_child=1 7 -4 4 -6 13 -8 11 10 -11 -12 -13 -14 14 15 -17 18 -19 -20 -21 21 23 -24 -25
leaf_value=-0.030278345895758917 0.0067596961351842353 0.15784195997443382 0.03107948526493582 0.024275174848486326 0.0020092908725592809 0.0023447034738527054 -0.0082562271237977027 -0.011894215381706177 -0.00869582835307154 -0.030385546166111721 0.10407620038440481 0.031613091475777497 -0.001423628983916947 -0.0060635236869038597 -0.0033751614299047158 0.019765354605649439 -0.024637818879464295 0.06971429200362024 0.049669393129378417 -0.022307684074689291 -0.013353879920396003 -0.024934642930561728 0.22257969052788681 -0.0032840643098149265
leaf_weight=18.276907437248155 58.40807395009324 1.0961315035819996 32.866878469008952 81.382538967765868 319.79739316483028 3.6993578181136382 167.93315187445842 91.5566458448302 3.4925857954658568 0.38110251806210715 0.87008638738188882 6.821227340027689 485.10199034912512 42.420375506510027 33.323372792219743 10.4483094450552 4.2194247448351234 2.849560521543026 1.452513489872217 20.812152985366993 1.7616642701905245 15.051581578096377 0.23703464819118369 4.3230278703849754
leaf_count=3728 1357 53 1226 844 2832 138 4712 2516 219 46 53 320 6019 2635 1470 350 294 17 39 1784 381 1946 24 602
internal_value=-4.25801e-05 0.00104474 0.00400969 0.00259189 0.0065261 -0.00859537 -0.00438132 -0.00227778 0.0379492 0.109282 0.0137953 -0.0026804 -0.00308605 -0.00379055 -0.00586374 0.00214848 0.0143621 0.0316585 -0.00560866 -0.0114101 -0.0230431 -0.016856 0.0146265 -0.0201038
internal_weight=1408.58 1249.71 660.388 627.521 401.18 158.875 226.341 589.32 5.83991 1.47723 4.36267 583.48 576.659 119.225 107.004 43.7717 12.2209 6.54892 5.67194 63.2325 39.6502 21.3733 1.9987 19.3746
internal_count=33605 20197 10971 9745 3676 13408 6069 9226 371 99 272 8855 8535 6727 6239 1820 488 155 333 4419 6681 2953 405 2548
is_linear=0
shrinkage=0.03


Tree=174
num_leaves=25
num_cat=0
split_feature=22 1 3 1 3 16 26 1 10 3 1 4 9 14 2 3 0 0 5 0 3 0 0 25
split_gain=14.3711 14.311 19.0807 29.134 19.3212 18.7109 16.5752 9.07366 6.0138 9.29813 15.8771 3.0474 2.84063 0.472124 1.93302 0.0535288 0.0382067 0.0156055 0.0031463 0.00123705 0.000552178 0.00046574 0.000178744 0.000142618
threshold=344.50000000000006 31.665000000000003 25.265000000000004 29.955000000000002 23.455000000000002 33.500000000000007 0.060790322580645199 30.015000000000004 100.00000000000001 27.155000000000005 33.155000000000008 27.765000000000004 1.3 0.29000000000000009 40.385000000000012 19.345000000000002 4.1350000000000007 3.0050000000000003 0.5727000000000001 3.2350000000000008 17.965000000000003 1.7450000000000003 1.7750000000000001 -1.0808306451612901
decision_type=2 2 2 2 2 2 2 2 2 2 2 2 2 2 2 2 2 2 2 2 2 2 2 2
left_child=1 2 3 4 -1 7 -7 -4 9 11 -11 -3 -5 17 -15 19 18 -10 21 22 23 -17 -2 -21
right_child=15 8 5 12 -6 6 -8 -9 13 10 -12 -13 -14 14 -16 16 -18 -19 -20 20 -22 -23 -24 -25
leaf_value=-0.0011356105067647419 -0.030166439807108265 -0.028895657297537944 0.013752108474401174 -0.001645138083847509 0.0082702570627490486 0.016905356318000764 0.059850592478405663 -0.022543759855691934 -0.030583036809900814 0.056817564984006891 -0.017409790623390799 0.0056115592265595232 -0.026111073358696155 0.04207125787177806 -0.031823664406505782 -0.030312321194567966 -0.037746009185955894 -0.03244429409578671 -0.033901861932868212 -0.030629456545599714 -0.031597984248820168 -0.031448205432827059 -0.030538851022215058 -0.031172673418424026
leaf_weight=972.65829297434539 4.0433827919187006 12.275681067025291 10.930268438067289 4.7654277391266069 246.33085039490834 48.176662554033101 9.7206219835206849 14.320212388178332 7.9765994430054041 4.5196823740843666 6.0855045695789158 2.8353028206620356 41.168940966716036 0.4085486636031409 1.4471343311015514 0.6712534339167171 1.9279455281794069 8.2446835245937091 0.40088579989969719 1.8863434614613657 0.97751024272292841 0.62958552502095699 1.6265180190093813 0.56534663122147333
leaf_count=24611 955 549 103 153 2663 521 97 391 828 69 270 84 1659 27 73 80 15 142 5 119 24 16 131 20
internal_value=-4.21044e-05 0.000248088 0.000796371 -0.0001187 0.000765108 0.0147173 0.0241156 -0.00683223 -0.0166295 -0.00730876 0.0142242 -0.022421 -0.0235729 -0.0298892 -0.0155549 -0.031774 -0.0348543 -0.031529 -0.0315782 -0.0305453 -0.0309951 -0.0308621 -0.0302733 -0.0307547
internal_weight=1404.59 1391.86 1348.07 1264.92 1218.99 83.1478 57.8973 25.2505 43.7931 25.7162 10.6052 15.111 45.9344 18.077 1.85568 12.7288 3.62967 16.2213 1.70172 9.0991 3.4292 1.30084 5.6699 2.45169
internal_count=33605 32240 30198 29086 27274 1112 618 494 2042 972 339 633 1812 1070 100 1365 116 970 101 1249 163 96 1086 139
is_linear=0
shrinkage=0.03


Tree=175
num_leaves=24
num_cat=0
split_feature=2 3 1 22 22 22 22 26 1 3 4 3 26 22 26 0 22 3 2 4 0 4 0
split_gain=14.2566 15.6741 19.4876 31.1661 34.8628 24.5828 23.6763 23.3361 17.3486 10.4276 11.5468 7.36551 4.63195 9.39498 3.88449 2.17867 2.06367 1.37706 3.10584 3.40197 0.195514 0.0473994 0.0198866
threshold=24.835000000000004 20.315000000000001 25.245000000000001 145.50000000000003 127.50000000000001 260.50000000000006 218.50000000000003 0.17703225806451614 24.455000000000002 16.905000000000005 18.455000000000002 22.015000000000004 0.39394731182795689 89.500000000000014 0.33800000000000013 0.23500000000000001 306.50000000000006 19.345000000000002 24.155000000000005 19.285000000000004 1.5550000000000004 8.8750000000000018 3.5650000000000004
decision_type=2 2 2 2 2 2 2 2 2 2 2 2 2 2 2 2 2 2 2 2 2 2 2
left_child=15 8 5 4 -4 6 -3 -5 9 14 -11 -7 16 -14 -2 -1 -10 18 21 -20 -19 -17 -22
right_child=1 2 3 7 -6 11 -8 -9 12 10 -12 -13 13 -15 -16 17 -18 20 19 -21 22 -23 -24
leaf_value=-0.028081356973099426 -0.028835090375382601 0.009682116629827384 -0.0038983118355202136 -0.0033725679308838504 0.015335897235688754 0.016419312664972721 -0.008664632130595833 -0.02053263350090483 -0.031500795070980941 0.003743386939376018 -0.013385865805253023 0.039330786584651257 -0.031244760568569261 0.07406076325167546 0.029730512365205301 0.041501828057177011 -0.015032148208384614 0.042935855311632222 0.025911501103409531 -0.041791907841449358 0.034000263081626139 0.031676268395345986 0.030928010530228832
leaf_weight=0.66523133032024162 16.973412739229392 154.66375202266499 177.17506365757436 370.19610495422967 162.68952943198383 77.740986173041165 107.17103036260232 88.344383818097413 30.19566648430191 119.37311756901909 50.360283028683625 15.077272187918423 1.9593246146105223 1.2482734997756777 1.0843942909268651 0.50611213594675364 8.8566190800629538 1.5755676291882981 1.3003462969791146 1.3735057367011902 2.4520380944013587 3.4815459004603326 8.3653301009908301
leaf_count=8 3792 1614 6819 5230 2158 949 1070 1224 4147 3678 1154 168 204 13 69 3 369 11 29 16 32 163 685
internal_value=-4.18562e-05 -0.000402974 0.00102352 -0.00157583 0.0053089 0.00687525 0.00217265 -0.0066787 -0.00755284 -0.00364472 -0.0013389 0.020141 -0.0249194 0.00973609 -0.0253182 0.0252864 -0.0277659 0.0271496 0.0161494 -0.00886642 0.0330625 0.0329233 0.0316244
internal_weight=1402.83 1383.11 1153.06 798.405 339.865 354.653 261.835 458.54 230.051 187.791 169.733 92.8183 42.2599 3.2076 18.0578 19.7197 39.0523 19.0544 6.66151 2.67385 12.3929 3.98766 10.8174
internal_count=33605 32658 19232 15431 8977 3801 2684 6454 13426 8693 4832 1117 4733 217 3861 947 4516 939 211 45 728 166 717
is_linear=0
shrinkage=0.03


Tree=176
num_leaves=25
num_cat=0
split_feature=22 1 3 1 22 8 6 4 3 1 10 3 18 0 5 3 0 5 5 0 3 2 4 0
split_gain=13.8243 13.9257 21.4341 32.4365 18.4149 17.6331 17.6025 11.9309 10.5448 11.0505 13.102 7.69587 2.39613 2.21897 0.412991 0.0493733 0.0351061 0.00297432 0.00111418 0.000540833 0.000464261 0.000163979 0.000119976 5.2976e-05
threshold=344.50000000000006 31.015000000000004 24.255000000000006 27.355000000000004 144.50000000000003 496.50000000000006 16.639450000000004 15.955000000000002 25.775000000000002 33.155000000000008 100.00000000000001 24.645000000000003 34.500000000000007 16.865000000000006 0.69145000000000012 19.345000000000002 4.1350000000000007 0.5807500000000001 0.47535000000000005 1.7450000000000003 17.965000000000003 28.595000000000002 13.565000000000003 1.6850000000000003
decision_type=2 2 2 2 2 2 2 2 2 2 2 2 2 2 2 2 2 2 2 2 2 2 2 2
left_child=1 2 3 5 -5 -1 11 -8 13 10 -10 -4 -11 14 -3 18 17 19 23 -17 22 -22 -20 -2
right_child=15 8 6 4 -6 -7 7 -9 9 12 -12 -13 -14 -15 -16 16 -18 -19 20 -21 21 -23 -24 -25
leaf_value=0.011264627890014409 -0.030156268581323996 -0.026805853963028758 0.0094705143143039312 -0.0051063447368361282 -0.024574284241287506 -5.5168767592266073e-05 0.017481310178920267 -4.8756644083771681e-05 0.023748895851466261 -0.031608704775517305 -0.015459438234570421 0.041690482968063866 -0.00099412360719642288 0.012612294463935235 -0.034741663844818103 -0.030305336180921977 -0.037527735355136496 -0.034128072958216446 -0.030461329111473683 -0.031512088164568144 -0.031645899789139773 -0.030984799132039092 -0.030852476051342559 -0.030427367064936033
leaf_weight=146.73809128301218 3.76011377526447 13.437151573831221 9.8539984798990208 128.23579745157622 66.357338407775387 793.98918235418387 54.816236352548003 96.375714418245479 16.959762235637758 11.768822101410477 14.004277644446118 20.660923896357417 2.8600541369523844 1.1363830119371403 10.52486192435026 0.65421027154661648 1.8853656277060507 0.32335820049047459 1.3718695016577842 0.68342182785272598 0.72431973367929436 0.63257337640970945 1.4535244165454058 0.78399892523884762
leaf_count=3806 941 1080 138 4426 1156 17774 619 1230 313 670 556 216 109 7 140 80 15 4 110 17 17 23 80 78
internal_value=-4.12402e-05 0.00023911 0.000935359 -0.000595738 -0.011745 0.00171053 0.0105018 0.00630695 -0.0127325 -0.0041358 0.00601593 0.0312859 -0.0256233 -0.0283489 -0.0302915 -0.0317413 -0.0347261 -0.0315461 -0.0305283 -0.0309219 -0.0308816 -0.0313377 -0.0306626 -0.030203
internal_weight=1399.99 1387.72 1317.03 1135.32 194.593 940.727 181.707 151.192 70.6913 45.5929 30.964 30.5149 14.6289 25.0984 23.962 12.2728 3.54636 1.66099 8.7264 1.33763 4.18229 1.35689 2.82539 4.54411
internal_count=33605 32240 29365 27162 5582 21580 2203 1849 2875 1648 869 354 779 1227 1220 1365 116 101 1249 97 230 40 190 1019
is_linear=0
shrinkage=0.03


Tree=177
num_leaves=22
num_cat=0
split_feature=2 3 1 3 22 22 22 1 8 3 26 1 26 22 26 0 22 3 3 1 0
split_gain=13.7163 14.8116 18.3856 28.0048 24.4225 19.1229 29.1212 16.9505 15.8226 10.0593 11.4412 8.4437 4.49601 8.7018 3.74801 2.0916 2.07399 1.76802 0.852412 3.67094 0.177068
threshold=24.835000000000004 20.315000000000001 25.495000000000001 22.295000000000005 145.50000000000003 262.50000000000006 218.50000000000003 24.455000000000002 539.00000000000011 16.905000000000005 -0.29351612903225816 24.975000000000005 0.39394731182795689 89.500000000000014 0.33800000000000013 0.23500000000000001 306.50000000000006 16.845000000000002 19.345000000000002 20.765000000000004 1.5550000000000004
decision_type=2 2 2 2 2 2 2 2 2 2 2 2 2 2 2 2 2 2 2 2 2
left_child=15 7 5 8 -5 6 -3 9 -4 14 -11 -7 16 -14 -2 -1 -9 -17 19 -19 -20
right_child=1 2 3 4 -6 11 -8 12 -10 10 -12 -13 13 -15 -16 17 -18 18 20 -21 -22
leaf_value=-0.027266271491789649 -0.028759955582742587 0.010244772454016055 -0.0038702441645333458 0.0074642518992248195 -0.0044923515077610124 0.023200708870110099 -0.008655893104116328 -0.031419844268677978 -0.02524445143605954 -0.022373576026475526 0.0015871248703586123 0.0042725775272361363 -0.031211207182593913 0.0698857999382584 0.028663056515918738 -0.034243885536816773 -0.014790973619201701 0.034172812358272853 0.042449390833699752 -0.01668375980902554 0.031577780957147528
leaf_weight=0.66351313004270451 16.411830779863525 176.4806427040603 61.148715390823781 276.16948287864216 346.85145545215346 70.260904880706221 125.56702740490437 29.421508072409779 63.579470835393295 20.385751612018794 149.22402564832009 30.383281980175525 1.903258471284061 1.2826618952676652 1.0909957205876697 0.41561343590729194 8.760203402489422 4.3554399306885925 1.5467251036316145 1.8075176258571444 10.511407709214835
leaf_count=8 3792 1848 2027 6095 4462 866 1238 4147 2277 601 4231 419 204 13 69 20 369 170 11 21 717
internal_value=-4.09461e-05 -0.000392476 0.000993148 -0.00179 0.000807709 0.00616111 0.0023874 -0.00736935 -0.0147656 -0.00352727 -0.00129276 0.0174865 -0.0247477 0.00949078 -0.0251806 0.0250744 -0.0276046 0.0269379 0.0283334 0.0192572 0.0329723
internal_weight=1398.22 1378.92 1150.44 747.749 623.021 402.692 302.048 228.48 124.728 187.113 169.61 100.644 41.3676 3.18592 17.5028 19.3002 38.1817 18.6367 18.2211 6.16296 12.0581
internal_count=33605 32658 19232 14861 10557 4371 3086 13426 4304 8693 4832 1285 4733 217 3861 947 4516 939 919 191 728
is_linear=0
shrinkage=0.03


Tree=178
num_leaves=25
num_cat=0
split_feature=0 1 3 1 3 22 22 17 3 3 1 10 18 25 22 4 3 25 0 1 0 25 1 22
split_gain=13.4986 13.1485 18.2788 23.6661 22.8681 19.3442 9.60788 9.30346 7.33211 4.42656 7.96309 9.47236 3.3341 0.8651 3.00796 0.818075 2.16078 0.687623 1.62138 0.0500568 0.0289496 0.00762065 0.00103821 0.000413004
threshold=18.420000000000005 31.975000000000005 25.775000000000002 29.955000000000002 23.455000000000002 145.50000000000003 170.50000000000003 21.000000000000004 25.605000000000004 27.155000000000005 33.155000000000008 100.00000000000001 34.500000000000007 -1.0258091397849463 142.50000000000003 30.165000000000003 23.205000000000002 -2.6736700622524041 21.710000000000004 32.085000000000008 4.6750000000000007 -1.3859999999999999 24.875000000000004 198.50000000000003
decision_type=2 2 2 2 2 2 2 2 2 2 2 2 2 2 2 2 2 2 2 2 2 2 2 2
left_child=1 2 3 4 -1 7 -7 -4 -5 13 11 -11 -12 20 -15 17 22 18 -2 21 -3 -19 -17 -20
right_child=15 9 5 8 -6 6 -8 -9 -10 10 12 -13 -14 14 -16 16 -18 19 23 -21 -22 -23 -24 -25
leaf_value=-0.0017841448979298159 -0.029993292426265424 -0.030977937445864093 -0.00035972811778719452 -0.02100430564406203 0.0081765101320464394 -0.025415553990181548 0.013784910700263933 0.044711288783929479 0.020698093903584392 0.049636069707473855 -0.031557606323180928 -0.031821985899367966 0.011298509759663724 -0.029079483674832277 0.030195429503267771 0.030258405283406467 -0.065747604820452915 0.032137083484401439 0.031697291385181313 0.041968857149070088 -0.033748059199805135 0.030606204129849601 0.032734384166891506 0.030597115438680083
leaf_weight=966.73605120694265 0.57237907778471608 8.420142993796615 5.1351395486854043 59.911891294876114 264.11662617675029 9.3066588211804646 14.23278757277876 20.888657678384334 4.0510200592689207 3.7272082241252056 8.0300421067513508 1.9606340532191096 2.0511022533755741 3.9260498832445618 0.95863420027308155 0.41195303527638394 0.3029223307967186 4.5244699288159582 0.59051634743809678 0.39658149704337198 5.6897179055958977 8.2862742650322581 0.24192626774311066 0.63984045805409551
leaf_count=25189 10 602 72 2198 2710 280 153 232 79 58 459 88 71 317 56 55 13 117 14 3 83 704 4 38
internal_value=-4.04794e-05 -0.000357996 0.000113042 -0.000571359 0.000353215 0.0179927 -0.00171356 0.0358177 -0.0183631 -0.018574 -0.0068249 0.021557 -0.0228381 -0.028328 -0.0174466 0.0273851 0.000489058 0.0290996 0.0117197 0.0314718 -0.032095 0.0311469 0.0311745 0.0311252
internal_weight=1395.11 1379.14 1344.38 1294.82 1230.85 49.5632 23.5394 26.0238 63.9629 34.7635 15.769 5.68784 10.0811 18.9945 4.88468 15.9669 0.956802 15.0101 1.80274 13.2073 14.1099 12.8107 0.653879 1.23036
internal_count=33605 32647 30913 30176 27899 737 433 304 2277 1734 676 146 530 1058 373 958 72 886 62 824 685 821 59 52
is_linear=0
shrinkage=0.03


Tree=179
num_leaves=25
num_cat=0
split_feature=22 1 3 1 2 14 26 3 22 1 0 25 22 22 17 25 3 0 5 5 0 3 2 1
split_gain=13.2445 13.8176 28.8798 31.6259 24.7576 20.9577 17.3776 17.2884 19.5891 20.8146 16.5434 9.22017 5.75038 16.8373 7.85193 5.61443 0.0449389 0.0316841 0.00283492 0.000987505 0.000489261 0.000421561 0.000266836 5.37293e-05
threshold=344.50000000000006 28.545000000000005 23.175000000000004 26.575000000000003 35.295000000000009 0.14500000000000005 0.36829032258064531 24.595000000000002 145.50000000000003 31.975000000000005 5.1250000000000009 -2.5481827956989247 130.50000000000003 144.50000000000003 21.000000000000004 -0.83278494623655897 19.345000000000002 4.1350000000000007 0.5807500000000001 0.47535000000000005 1.7450000000000003 17.335000000000004 27.705000000000002 20.145000000000003
decision_type=2 2 2 2 2 2 2 2 2 2 2 2 2 2 2 2 2 2 2 2 2 2 2 2
left_child=1 2 3 10 6 -5 -4 12 9 -9 -1 -10 14 -14 -3 -6 19 18 20 -2 -18 23 -23 -21
right_child=16 7 4 5 15 -7 -8 8 11 -11 -12 -13 13 -15 -16 -17 17 -19 -20 21 -22 22 -24 -25
leaf_value=-0.0013147150493021053 -0.030194550693446422 0.0032023105952669008 0.011321908380967263 -0.026949408426202158 0.071270030584353591 -0.00083998621999683469 -0.018568163319363302 0.016772231937151307 0.025688739496128023 -0.014259212756814417 0.0086623487310959705 -0.017422668593412079 0.0058392750256847301 -0.026397877703778574 -0.02650213960461097 0.027513257606398757 -0.030298326922684565 -0.037271913523174736 -0.03406375417045171 -0.030939064719955844 -0.031462916560875631 -0.031619501668772157 -0.030903459195930513 -0.030456876400335172
leaf_weight=552.84559427795466 4.3349349044729006 9.6551774876425025 208.68260374502279 63.920414262916893 6.9050683351233602 48.786985966842622 19.108603561995551 73.932366927620023 4.8974311752244821 26.400700535043143 205.05549514456652 50.535478716017678 33.775069891940802 25.659136334666982 46.972847905941308 4.2717770184390229 0.63614982902072303 1.8379482291638849 0.31530898064374913 0.23845129879191507 0.66307362914085388 0.69306331127882037 1.4448849204927681 1.6274970343802122
leaf_count=14777 1019 462 2107 2587 47 1524 169 1157 41 1307 3654 1118 549 507 2198 36 80 15 4 13 17 18 61 138
internal_value=-3.99149e-05 0.000230327 0.00171539 -0.000820311 0.0109535 -0.0156476 0.00881454 -0.00583156 0.000699148 0.00860691 0.00138465 -0.0136138 -0.0145964 -0.00807826 -0.0214375 0.0545462 -0.0317 -0.0345783 -0.031512 -0.0305083 -0.0308927 -0.030848 -0.0311356 -0.0305185
internal_weight=1393.2 1381.4 1109.58 870.608 238.968 112.707 227.791 271.828 155.766 100.333 757.901 55.4329 116.062 59.4342 56.628 11.1768 11.7913 3.45248 1.61453 8.33883 1.29922 4.0039 2.13795 1.86595
internal_count=33605 32240 24901 22542 2359 4111 2276 7339 3623 2464 18431 1159 3716 1056 2660 83 1365 116 101 1249 97 230 79 151
is_linear=0
shrinkage=0.03


Tree=180
num_leaves=22
num_cat=0
split_feature=2 3 1 22 22 22 22 22 6 6 3 4 26 18 22 0 25 3 3 1 0
split_gain=13.1264 13.9438 20.9701 15.7227 38.7442 40.106 26.0607 33.5156 19.0586 17.2379 11.6554 11.8002 3.75613 2.82517 3.92294 2.00298 1.72223 1.6944 0.864402 3.5407 0.160913
threshold=24.835000000000004 19.475000000000005 23.455000000000002 308.50000000000006 278.50000000000006 262.50000000000006 314.50000000000006 326.50000000000006 15.881350000000001 18.365250000000003 16.905000000000005 24.515000000000004 0.33800000000000013 33.500000000000007 26.500000000000004 0.23500000000000001 -0.074510752688171922 16.845000000000002 19.345000000000002 20.765000000000004 1.5550000000000004
decision_type=2 2 2 2 2 2 2 2 2 2 2 2 2 2 2 2 2 2 2 2 2
left_child=15 2 10 4 5 -3 9 -8 -6 -5 12 -12 -2 16 -15 -1 -4 -17 19 -19 -20
right_child=1 3 13 6 8 -7 7 -9 -10 -11 11 -13 -14 14 -16 17 -18 18 20 -21 -22
leaf_value=-0.026385628703553755 -0.028537913482903299 -0.00072627736036445171 -0.028310130551672825 0.030464923379264059 0.010761701252324528 0.020878487687581868 -0.036668822505018232 0.014929873455691136 -0.033174582668380193 0.11939722687108049 0.0069171991188646956 -0.047509553157949337 0.030325467618681934 0.038825729961096685 -0.019326821598887978 -0.03411287265789531 -0.056263501610021839 0.034028714233310636 0.04201459088770456 -0.015930822471999624 0.031547032889652556
leaf_weight=0.66180950868875044 14.559388024965299 1012.6030472419225 34.602416259003803 24.599925279850144 11.049873749259858 83.724752745125443 15.1326094889082 45.080616984749213 45.366768773645163 2.1315634127240619 67.559020048938692 3.7860734720015889 1.0457210647873569 1.2450578314019356 6.4664596328511834 0.40252070478163915 2.1042807823978356 4.2274146117270019 1.5200503934174765 1.8291312013752756 10.130736507941036
leaf_count=8 3407 17971 3992 296 184 964 410 694 1323 31 2196 87 56 74 946 20 27 170 11 21 717
internal_value=-3.98535e-05 -0.000380997 -0.00967483 0.000603859 -0.000324003 0.000923643 0.0129058 0.00196224 -0.0245691 0.0375564 -0.00110797 0.00402893 -0.0245934 -0.0264448 -0.00993784 0.0248768 -0.0299126 0.0267502 0.0281337 0.0189405 0.0329127
internal_weight=1389.83 1371.06 131.368 1239.69 1152.74 1096.33 86.9447 60.2132 56.4166 26.7315 86.9502 71.3451 15.6051 44.4182 7.71152 18.7717 36.7067 18.1099 17.7073 6.05655 11.6508
internal_count=33605 32658 10785 21873 20442 18935 1431 1104 1507 327 5746 2283 3463 5039 1020 947 4019 939 919 191 728
is_linear=0
shrinkage=0.03


Tree=181
num_leaves=25
num_cat=0
split_feature=0 25 1 3 1 16 22 22 23 2 2 22 18 22 4 4 11 25 0 10 1 25 2 22
split_gain=12.893 12.5411 12.6883 14.2108 24.7093 17.965 8.10935 7.69908 5.87295 5.47103 3.36961 2.739 7.71574 2.72185 2.64562 0.815998 2.0938 0.662178 1.54082 0.498753 0.0470575 0.00540879 0.000786355 0.000367722
threshold=18.420000000000005 -2.241774193548387 31.975000000000005 25.335000000000004 29.955000000000002 33.500000000000007 208.50000000000003 170.50000000000003 1.0000000180025095e-35 29.235000000000003 26.845000000000002 138.50000000000003 33.500000000000007 344.50000000000006 26.515000000000004 30.165000000000003 -53.999999999999993 -2.6736700622524041 21.710000000000004 85.000000000000014 31.175000000000004 -1.3859999999999999 28.925000000000004 198.50000000000003
decision_type=2 2 2 2 2 2 2 2 2 2 2 2 2 2 2 2 2 2 2 2 2 2 2 2
left_child=1 6 3 4 -3 -5 7 9 -9 -1 13 19 -13 -8 -12 17 -17 18 -2 -4 21 -19 -18 -20
right_child=15 2 11 5 -6 -7 10 8 -10 -11 14 12 -14 -15 -16 16 22 20 23 -21 -22 -23 -24 -25
leaf_value=0.01854188143025538 -0.029438171019164551 0.0010075107769637324 -0.017481741704508818 -0.0072180132846596601 -0.02211960619505755 0.025317871069895546 0.056804979192032118 0.059261200996514794 0.0069823208680009057 -0.011663129319886239 -0.025186507976630228 -0.021458212582891781 0.037051233387718936 -0.030925245023747303 0.010065923708495463 -0.064209762322646247 0.030305507923009962 0.031913040688799084 0.03163103294757013 -0.031450658513660815 0.039630750368603022 0.030580509295318262 0.032461532027438705 0.030572576143192576
leaf_weight=6.0270583926467216 0.55675061140209336 1126.9454652348068 2.8651100281858843 23.142379665980116 43.170463829301298 44.921016266336665 0.86961976811289676 2.5039052143692961 8.4962507560849172 51.628584692487493 34.142946536419913 9.968033916782586 2.5467199725098899 0.502016079146415 2.0298912581056348 0.3062048782594502 0.39291024673730213 4.2121554026380155 0.56890830956399419 11.671249820035881 0.6033736392855652 7.8519880725070808 0.24856559187173843 0.61445916350930929
leaf_count=423 10 24354 164 523 1811 516 14 16 74 2525 816 409 61 43 30 18 48 116 14 868 5 703 6 38
internal_value=-3.97326e-05 -0.000345813 0.000485339 0.000929396 0.000154255 0.0142553 -0.0102479 -0.00411749 0.0188823 -0.00850564 -0.0214582 -0.0198399 -0.00955169 0.0246959 -0.0232083 0.0272973 0.000332203 0.029071 0.0117182 -0.0286974 0.0314547 0.0310458 0.0311409 0.0310814
internal_weight=1386.79 1371.43 1265.23 1238.18 1170.12 68.0634 106.2 68.6558 11.0002 57.6556 37.5445 27.0511 12.5148 1.37164 36.1728 15.3553 0.947681 14.4076 1.74012 14.5364 12.6675 12.0641 0.641476 1.18337
internal_count=33605 32647 28706 27204 26165 1039 3941 3038 90 2948 903 1502 470 57 846 958 72 886 62 1032 824 819 54 52
is_linear=0
shrinkage=0.03


Tree=182
num_leaves=25
num_cat=0
split_feature=22 0 22 22 2 2 1 24 0 1 7 3 26 1 1 5 3 0 5 5 0 3 2 0
split_gain=12.6953 13.0088 14.1496 24.525 20.237 15.7928 13.3844 10.6296 9.95077 5.54204 6.36015 5.40729 0.897427 3.05772 0.130717 0.0643303 0.0422252 0.0297523 0.00269832 0.00086339 0.000453258 0.000386266 0.000245196 4.14306e-05
threshold=344.50000000000006 12.055000000000001 93.500000000000014 98.500000000000014 36.905000000000008 32.915000000000006 23.865000000000006 3.5000000000000004 1.8650000000000004 27.575000000000003 78.197250000000011 21.265000000000004 -1.0031666666666663 28.015000000000004 30.205000000000002 0.74315000000000009 19.345000000000002 4.1350000000000007 0.5807500000000001 0.47535000000000005 1.7450000000000003 17.335000000000004 27.705000000000002 1.6850000000000003
decision_type=2 2 2 2 2 2 2 2 2 2 2 2 2 2 2 2 2 2 2 2 2 2 2 2
left_child=1 2 5 4 -4 8 -5 12 -1 11 -11 -9 13 -3 -14 -7 19 18 20 23 -18 -21 -23 -2
right_child=16 7 3 6 -6 15 -8 9 -10 10 -12 -13 14 -15 -16 -17 17 -19 -20 21 -22 22 -24 -25
leaf_value=-0.021989251198924337 -0.030142909902043189 0.03024853234078613 0.042810062676383008 0.0060218848860974913 -0.023726659625453866 -0.030282123295634403 -0.0018789381276212611 -0.0027066518627623126 0.0046700905314169391 -0.020472858728255237 0.015183370666685944 0.022117990071202423 0.031625343347004224 -0.097741583589076114 0.04107498368220467 -0.033277644826741878 -0.030291131684083299 -0.037122760799022318 -0.033993313517076032 -0.030486262320373762 -0.031425468310493518 -0.031563013483550763 -0.030863902799342074 -0.030394864317336397
leaf_weight=18.29665502300486 3.4132053989451361 0.79887354560196644 20.436826243996624 242.36789048323408 5.1509024929255238 15.242841540020892 946.85424977075309 12.661039983620865 40.477896510856226 12.24901332287118 7.119099259376525 20.986499385908246 18.008794695138935 0.21272467076778412 1.4214718807488669 11.188249758095479 0.62160894903354369 1.8035713844001291 0.30963974446058262 1.7585143251344564 0.64703125692903996 0.67019228357821736 1.3837009649723766 0.7094747636001556
leaf_count=5224 941 127 305 2869 331 4502 14887 373 1653 98 70 443 879 1 13 465 80 15 4 151 17 18 61 78
internal_value=-3.90788e-05 0.00022166 -0.000472363 0.000356532 0.029416 -0.0122902 -0.000268721 0.0125041 -0.00362902 0.00541783 -0.00736677 0.0127769 0.0308824 0.00333404 0.0323167 -0.0315501 -0.0316835 -0.0344905 -0.0314825 -0.0304872 -0.0308697 -0.0308126 -0.031092 -0.0301863
internal_weight=1384.79 1373.47 1300.02 1214.81 25.5877 85.2056 1189.22 73.4575 58.7746 53.0157 19.3681 33.6475 20.4419 1.0116 19.4303 26.4311 11.3169 3.38185 1.57828 7.93509 1.26864 3.81241 2.05389 4.12268
internal_count=33605 32240 30236 18392 636 11844 17756 2004 6877 984 168 816 1020 128 892 4967 1365 116 101 1249 97 230 79 1019
is_linear=0
shrinkage=0.03


Tree=183
num_leaves=25
num_cat=0
split_feature=22 22 22 22 22 1 3 2 22 26 23 2 0 6 22 0 6 13 22 22 26 2 2 22
split_gain=12.459 27.4257 50.6525 33.7519 33.4745 19.678 22.7928 30.4298 25.2372 27.585 19.3981 20.6639 21.9345 19.1636 20.9739 18.8366 18.443 18.4085 21.212 29.0785 18.3826 17.249 11.2993 10.3526
threshold=214.50000000000003 262.50000000000006 274.50000000000006 300.50000000000006 314.50000000000006 28.545000000000005 22.465000000000003 33.425000000000004 133.50000000000003 0.36829032258064531 2.5000000000000004 26.045000000000005 6.2150000000000007 17.728850000000005 236.50000000000003 5.1250000000000009 17.220550000000003 0.070000000000000021 126.50000000000001 145.50000000000003 -0.12749838709677433 28.285000000000004 28.495000000000001 111.50000000000001
decision_type=2 2 2 2 2 2 2 2 2 2 2 2 2 2 2 2 2 2 2 2 2 2 2 2
left_child=5 10 16 21 -5 6 7 15 20 -10 11 -2 -13 -12 -15 -1 22 18 23 -20 -8 -4 -3 -7
right_child=1 2 3 4 -6 17 8 -9 9 -11 13 12 -14 14 -16 -17 -18 -19 19 -21 -22 -23 -24 -25
leaf_value=-0.0017458303155236904 0.022164965096845613 -0.016145079592086036 0.015333037606037664 0.023750339213000678 -0.0059254846760523755 -0.0053623171652973697 0.010170147990944336 -0.025072361748236006 0.010659448344347877 -0.024014794773238875 -0.014670406223987385 -0.018800482582356667 -0.062949478099984038 -0.010831188174457702 0.017853023454128945 0.017070712212186576 0.040389302423240639 -0.015385757494294137 0.020926651389771688 -0.0096357666081251635 0.043987483047661535 -0.027060195446734901 0.02161368513703189 -0.034725363497225208
leaf_weight=171.27051028329879 9.6709242542274279 10.63596895104274 10.074819129426031 51.528272819938138 101.78608948166948 32.272331081563607 25.813334942562506 39.011810402851552 192.3783244965598 23.13197685405612 78.195910951122642 91.075492284726351 11.395317465998231 40.406069410033524 53.081542066764086 66.461330146761611 36.069705927744508 90.523161491262726 68.525102430023253 47.397958754329011 32.911584677174687 60.568015156313777 21.655713263899088 16.247121470980346
leaf_count=8212 167 124 96 910 3315 1809 369 3807 1908 211 840 1028 105 455 525 1799 480 2627 1054 1020 338 1594 176 636
internal_value=-3.83349e-05 -0.00340719 0.0030424 -0.00385709 0.00404843 0.00236995 0.00555879 -0.000515225 0.0116884 0.00693766 -0.0100498 -0.0197539 -0.0237101 -0.00371116 0.00545549 0.0035146 0.0256456 -0.00452109 0.00145974 0.00843046 0.0291226 -0.0210142 0.00917701 -0.0151948
internal_weight=1382.09 576.144 292.319 223.957 153.314 805.945 550.979 276.744 274.235 215.51 283.825 112.142 102.471 171.684 93.4876 237.732 68.3614 254.966 164.443 115.923 58.7249 70.6428 32.2917 48.5195
internal_count=33605 9815 6695 5915 4225 23790 16644 13818 2826 2119 3120 1300 1133 1820 980 10011 780 7146 4519 2074 707 1690 300 2445
is_linear=0
shrinkage=0.03


Tree=184
num_leaves=22
num_cat=0
split_feature=2 9 3 1 22 8 1 3 3 1 22 18 22 1 4 3 0 3 3 1 0
split_gain=12.3126 13.5058 19.6941 21.5019 24.2216 14.5879 13.2656 26.758 26.3387 15.3308 10.2854 9.99752 10.8807 9.81351 3.36066 3.25774 1.93559 1.63575 0.878002 3.42048 0.140694
threshold=24.835000000000004 3.5000000000000004 19.105000000000004 24.245000000000001 145.50000000000003 496.50000000000006 26.195000000000004 23.655000000000005 22.395000000000003 24.205000000000002 216.50000000000003 34.500000000000007 26.500000000000004 29.105000000000004 5.8950000000000005 22.695000000000004 0.23500000000000001 16.845000000000002 19.345000000000002 20.765000000000004 1.5550000000000004
decision_type=2 2 2 2 2 2 2 2 2 2 2 2 2 2 2 2 2 2 2 2 2
left_child=16 2 11 5 -5 -4 8 15 9 -3 -10 14 -13 -9 -2 -8 -1 -18 19 -19 -20
right_child=1 6 3 4 -6 -7 7 13 10 -11 -12 12 -14 -15 -16 -17 17 18 20 -21 -22
leaf_value=-0.026035285280880307 0.0069459693359502856 -0.0009397644745281177 0.042901851527911761 0.0080745937734330933 -0.0029156257631077829 0.010724409389319343 -0.032865024635677996 0.017104180367288051 0.031358106034210936 -0.017756340856261096 -0.0035811458517141302 0.05884068985105604 -0.017489217227423283 -0.012545049861650871 -0.027031920611365952 -0.019406484154292507 -0.034098396398789581 0.033869182471920098 0.041429262196043072 -0.015397188008279716 0.031505982388285989
leaf_weight=0.65580407949164765 2.8405466427793717 197.17191291123163 14.677828860934822 274.05495579226408 528.58962194132619 93.177388757700101 32.226686317357235 24.177120169159025 27.354586249683052 64.832850611303002 10.491130223032085 2.9294257380533955 3.9432669319212437 17.190999782877043 33.717846710351296 32.522059445036575 0.39231540379114704 4.071689864620569 1.4841384552419175 1.8421432608738539 9.6272018761374039
leaf_count=8 305 4448 222 8412 7498 1034 1478 231 239 2039 96 239 507 451 4885 574 20 170 11 21 717
internal_value=-3.80372e-05 -0.000364957 0.00158541 0.00252684 0.000836875 0.0151034 -0.00494787 -0.0140638 -0.00172176 -0.00510101 0.0216727 -0.0181511 0.0150457 0.0047831 -0.0243919 -0.0261051 0.0245606 0.0264656 0.0278612 0.0185228 0.0328314
internal_weight=1377.97 1359.9 953.931 910.5 802.645 107.855 405.967 106.117 299.85 262.005 37.8457 43.4311 6.87269 41.3681 36.5584 64.7487 18.0733 17.4175 17.0252 5.91383 11.1113
internal_count=33605 32658 23102 17166 15910 1256 9556 2734 6822 6487 335 5936 746 682 5190 2052 947 939 919 191 728
is_linear=0
shrinkage=0.03


Tree=185
num_leaves=25
num_cat=0
split_feature=22 1 3 1 14 6 8 26 3 22 1 22 18 0 4 3 0 5 5 0 3 2 0 6
split_gain=12.1418 12.5847 18.562 21.7399 24.2407 20.6818 16.8989 12.5083 9.96466 9.66232 9.61381 10.9986 2.36835 2.03975 0.40287 0.0386801 0.0271612 0.00242491 0.000745426 0.000414023 0.000336477 0.000211436 3.63568e-05 3.2697e-05
threshold=344.50000000000006 31.015000000000004 24.645000000000003 27.275000000000002 0.17000000000000001 16.639450000000004 496.50000000000006 -1.0141268817204301 25.775000000000002 145.50000000000003 33.155000000000008 145.50000000000003 34.500000000000007 16.865000000000006 23.485000000000003 19.345000000000002 4.1350000000000007 0.5807500000000001 0.47535000000000005 1.7450000000000003 17.335000000000004 27.705000000000002 1.6850000000000003 14.099000000000002
decision_type=2 2 2 2 2 2 2 2 2 2 2 2 2 2 2 2 2 2 2 2 2 2 2 2
left_child=1 2 3 6 -5 9 -1 -7 13 -4 11 -10 -12 14 -3 18 17 19 22 -17 23 -22 -2 -20
right_child=15 8 5 4 -6 7 -8 -9 10 -11 12 -13 -14 -15 -16 16 -18 -19 20 -21 21 -23 -24 -25
leaf_value=0.011076775434525718 -0.030136364888404363 -0.032699804150539573 0.050864549353245012 -0.014353420699639996 0.0064115805205629019 0.069441579137327958 3.1691854354900647e-05 0.0046751073815163953 0.015346095067371687 0.0037623780359920503 -0.031488270537014681 -0.026466722999989648 -0.00060206474340911598 0.011819038926753104 -0.023990531262657305 -0.030284056445307881 -0.036894929288415222 -0.033850095673522526 -0.030796197452431576 -0.03138484281089185 -0.031488058017005334 -0.030824037598463146 -0.030378220974480757 -0.030408911863040771
leaf_weight=148.41009915224276 3.2446841491619112 15.658895880216738 15.685308638494464 172.51735826034565 71.594580064411275 2.7568929004482916 779.37222581671085 101.13310461654328 23.443929893197495 5.225368490908294 10.730338126886634 7.464638326317071 2.8220281815156332 1.0987246260046948 6.8806032646680242 0.60323170642368518 1.7659521736204622 0.3007846027612685 0.22707576863467727 0.62728394381701946 0.64100722689181555 1.3209293792024253 0.67591855069622386 1.4426887012086806
leaf_count=3828 941 899 155 4734 1667 37 17655 1228 555 61 670 314 109 7 321 80 15 4 11 17 18 61 78 140
internal_value=-3.75872e-05 0.000213707 0.000873885 -0.000297446 -0.00826334 0.0118728 0.00179849 0.00639379 -0.0123569 0.0390942 -0.00398936 0.005248 -0.0250568 -0.0280954 -0.0300411 -0.0316485 -0.0343594 -0.0314354 -0.0304649 -0.0308452 -0.0307746 -0.031041 -0.0301781 -0.0304616
internal_weight=1375.64 1364.79 1296.69 1171.89 244.112 124.801 927.782 103.89 68.0992 20.9107 44.4609 30.9086 13.5524 23.6382 22.5395 10.8496 3.29725 1.5313 7.5523 1.23052 3.6317 1.96194 3.9206 1.66976
internal_count=33605 32240 29365 27884 6401 1481 21483 1265 2875 216 1648 869 779 1227 1220 1365 116 101 1249 97 230 79 1019 151
is_linear=0
shrinkage=0.03


Tree=186
num_leaves=25
num_cat=0
split_feature=0 22 22 1 3 11 1 2 3 2 3 1 18 7 23 4 22 25 0 1 0 25 2 22
split_gain=11.8665 11.8797 21.3821 21.8665 23.047 21.2816 30.6576 17.2703 17.0305 14.8118 11.1422 13.1255 12.3142 3.75857 6.55733 0.842084 2.0073 0.645213 1.46333 0.041972 0.0274095 0.00459039 0.000773869 0.000323985
threshold=18.420000000000005 89.500000000000014 144.50000000000003 25.665000000000003 23.205000000000002 -8.4999999999999982 29.435000000000006 30.655000000000005 22.975000000000005 37.635000000000012 18.615000000000006 23.035000000000004 34.500000000000007 78.197250000000011 4.5000000000000009 30.165000000000003 206.50000000000003 -2.6736700622524041 21.710000000000004 31.175000000000004 4.1350000000000007 -1.3859999999999999 30.385000000000002 198.50000000000003
decision_type=2 2 2 2 2 2 2 2 2 2 2 2 2 2 2 2 2 2 2 2 2 2 2 2
left_child=1 7 5 8 -5 6 -3 10 -4 -7 12 -12 -1 20 -15 17 22 18 -2 21 -9 -19 -17 -20
right_child=15 2 3 4 -6 9 -8 13 -10 -11 11 -13 -14 14 -16 16 -18 19 23 -21 -22 -23 -24 -25
leaf_value=-0.021099386629699929 -0.029139707614274039 0.031437553103786188 0.00062566420960205626 -0.016811565103302371 -0.0016980162644520014 0.0052066513384773057 -0.0010351214212569295 -0.030257385419157932 0.023527432356139594 -0.014921408426737072 0.062559978555415105 0.0054593368922658467 0.049461983612011505 -0.027431978358168373 0.010551554887309893 0.030295461357943296 -0.062908236812473733 0.031817450637762187 0.031555286625323913 0.039228338906926272 -0.032208881989015815 0.030549018635018174 0.03251768906296959 0.030532356924528759
leaf_weight=18.36942227405962 0.53981148824095626 62.711839002906345 518.48167454311624 145.75853144587018 240.87299596867524 190.21501649264246 44.901458988431841 16.579181700013581 30.969076612964272 39.786071231239475 4.7057155529037145 15.747495183488352 2.5328791178762904 10.903812145232225 6.5463717116508624 0.37376777781173665 0.30964350514113903 3.9714852534234497 0.54461989738047101 0.58667803183198053 10.631076512974685 7.2649960971903029 0.22650659456849098 0.57063131732866168
leaf_count=3240 10 799 8038 2640 3086 3105 1377 5282 318 1770 69 544 220 1167 412 49 19 116 14 5 580 703 4 38
internal_value=-3.73368e-05 -0.000324119 0.000404594 -0.00192976 -0.00739576 0.00687692 0.0178884 -0.0111147 0.00191649 0.00172486 0.00285471 0.0185966 -0.012549 -0.0240503 -0.0131826 0.0270642 -0.000868418 0.0289499 0.0114065 0.0314058 -0.0310198 0.0309973 0.031134 0.0310319
internal_weight=1374.1 1359.71 1273.7 936.082 386.632 337.614 107.613 86.016 549.451 230.001 41.3555 20.4532 20.9023 44.6604 17.4502 14.3881 0.909918 13.4782 1.65506 11.8232 27.2103 11.2365 0.600274 1.11525
internal_count=33605 32647 21133 14082 5726 7051 2176 11514 8356 4875 4073 613 3460 7441 1579 958 72 886 62 824 5862 819 53 52
is_linear=0
shrinkage=0.03


Tree=187
num_leaves=25
num_cat=0
split_feature=2 3 1 1 22 3 8 22 14 7 4 22 26 26 26 4 3 2 23 5 1 4 12 3
split_gain=11.8286 13.1823 19.4897 16.7521 34.925 34.7295 23.5707 19.135 16.0159 10.3006 11.3999 10.2346 6.32993 8.24964 5.56225 3.61257 1.89541 3.85232 3.66585 0.124026 0.0554261 0.0413684 0.0291336 0.0188229
threshold=24.835000000000004 20.465000000000003 24.245000000000001 26.615000000000006 123.50000000000001 23.005000000000006 473.50000000000006 145.50000000000003 0.14500000000000005 74.47975000000001 15.085000000000003 55.500000000000007 -0.0379129032258066 0.011666666666666834 -0.0066290322580647622 31.385000000000002 19.475000000000005 24.155000000000005 3.5000000000000004 0.15125000000000002 23.165000000000003 6.6650000000000009 0.71000000000000008 18.075000000000003
decision_type=2 2 2 2 2 2 2 2 2 2 2 2 2 2 2 2 2 2 2 2 2 2 2 2
left_child=16 2 9 4 11 8 -6 -7 -5 14 -11 -3 15 -14 -2 -4 17 21 -19 -18 22 -1 -21 -23
right_child=1 3 12 5 6 7 -8 -9 -10 10 -12 -13 13 -15 -16 -17 19 18 -20 20 -22 23 -24 -25
leaf_value=0.041221557471012735 -0.021688529063902517 -0.0052649975522100784 -0.032004253230897707 -0.028155187779939164 0.025414249304016673 0.007067695762309663 0.0010138735003223265 -0.0056810880177424654 -0.0050821248823785768 0.010941737169540043 -0.0060180983183813139 0.041176627933019183 0.022864434467129907 -0.019706367526105516 0.0029347630395607652 0.08288409363440824 0.045657339714735581 0.021418542651863288 -0.042685797239201233 0.031807056647565689 0.042216670497550748 0.025252797719505254 0.025152540799172673 0.03178871000451864
leaf_weight=0.39366491138935344 30.733343313564546 5.0202887476189053 31.219250191235918 60.677376370294951 38.335212689358741 225.64111721154768 505.00263606966473 199.76457887329161 48.893861079122871 66.28037732176017 77.235414550988935 28.603092775214463 5.1743371862685335 19.674781686044298 11.289569774293339 0.24828283290844311 0.62282818555831809 1.5460612375754865 1.6701854930724946 8.5969142997637338 0.44258506386540908 0.45147144491784308 0.63591040321625847 3.2608541145455092
leaf_count=2 1856 227 3064 2447 529 4936 5619 2842 1647 3150 2350 454 340 2251 935 11 3 24 28 587 25 29 84 165
internal_value=-3.69684e-05 -0.000354829 -0.00670234 0.0010258 0.00457157 -0.00279822 0.00273544 0.00108104 -0.0178593 -0.00201045 0.00181452 0.0342425 -0.0221601 -0.0108418 -0.0150734 -0.0310978 0.0243845 0.0127158 -0.0118706 0.0326812 0.0318459 0.0319744 0.0313487 0.0309939
internal_weight=1371.41 1353.79 241.855 1111.94 576.961 534.977 543.338 425.406 109.571 185.539 143.516 33.6234 56.3167 24.8491 42.0229 31.4675 17.6205 7.32224 3.21625 10.2982 9.67541 4.10599 9.23282 3.71233
internal_count=33605 32658 13957 18701 6829 11872 6148 7778 4094 8291 5500 681 5666 2591 2791 3075 947 248 52 699 696 196 671 194
is_linear=0
shrinkage=0.03


Tree=188
num_leaves=25
num_cat=0
split_feature=22 1 3 22 26 1 14 3 1 15 4 12 1 22 22 0 3 0 5 5 0 3 2 0
split_gain=11.7329 11.9986 25.7692 20.8105 30.3375 20.0978 21.0571 15.5644 16.9068 15.7138 14.7862 14.7216 11.8314 12.6967 4.70609 3.58549 0.0349535 0.0243308 0.00217329 0.000677276 0.000371042 0.000300068 0.000198284 3.26543e-05
threshold=344.50000000000006 28.545000000000005 23.455000000000002 176.50000000000003 0.28357719298245637 26.615000000000006 0.13000000000000003 25.335000000000004 31.975000000000005 0.03500000000000001 24.645000000000003 0.63500000000000012 29.955000000000002 144.50000000000003 133.50000000000003 12.055000000000001 19.345000000000002 4.1350000000000007 0.5807500000000001 0.47535000000000005 1.7450000000000003 17.335000000000004 27.705000000000002 1.6850000000000003
decision_type=2 2 2 2 2 2 2 2 2 2 2 2 2 2 2 2 2 2 2 2 2 2 2 2
left_child=1 2 5 11 -5 10 -7 12 9 -9 -1 -4 13 -3 -10 -14 19 18 20 23 -18 -21 -23 -2
right_child=16 7 3 4 -6 6 -8 8 14 -11 -12 -13 15 -15 -16 -17 17 -19 -20 21 -22 22 -24 -25
leaf_value=0.0036965300654198327 -0.030132168031701038 0.00076221383199975661 0.0021534227149916586 0.00983898104096919 -0.037667209227886064 -0.02306093293445239 0.00071028002077677948 0.017881079277053454 -0.029274892822442191 -0.01790450031005477 -0.0060560700435324669 0.032336102909543869 -0.025250402131541973 -0.021322462359930506 -0.0047100429646416862 0.0055104599907063456 -0.030276891273319048 -0.036631871900563419 -0.033712246964222231 -0.030450791249541229 -0.031337234409871552 -0.031445841117917844 -0.0307920056404134 -0.030364932834936582
leaf_weight=598.93029374000616 3.1464361032703878 79.436767084989697 19.891987512819469 88.494433267042041 14.014145762659608 66.936992920003831 67.216126202023588 60.009427648736164 12.994205771479757 13.534178521251304 182.55920023901854 54.096137671731412 48.150338736595586 33.229566587135196 15.264098569052292 3.6702572032809249 0.58285131189040862 1.7221542000770567 0.29040126502513874 1.6254892118740829 0.60563061758875847 0.62112944992259134 1.272937463596463 0.65543031366541971
leaf_count=16536 941 1975 186 948 131 2409 1929 756 900 357 2316 446 2272 518 532 29 80 15 4 151 17 18 61 78
internal_value=-3.66736e-05 0.000207765 0.00159998 0.0120961 0.00334432 -0.000423216 -0.0111506 -0.00550217 0.00371714 0.0112955 0.00141828 0.0242214 -0.0112081 -0.00575139 -0.0160059 -0.0230717 -0.0315932 -0.0342081 -0.0313857 -0.0304499 -0.0308172 -0.0307498 -0.0310064 -0.0301723
internal_weight=1368.95 1358.43 1092.14 176.497 102.509 915.643 134.153 266.289 101.802 73.5436 781.489 73.9881 164.487 112.666 28.2583 51.8206 10.5225 3.20104 1.47888 7.32142 1.18848 3.51956 1.89407 3.80187
internal_count=33605 32240 24901 1711 1079 23190 4338 7339 2545 1113 18852 632 4794 2493 1432 2301 1365 116 101 1249 97 230 79 1019
is_linear=0
shrinkage=0.03


Tree=189
num_leaves=25
num_cat=0
split_feature=22 22 22 1 26 11 1 2 2 25 22 18 12 7 23 3 0 0 5 5 0 3 2 0
split_gain=11.3668 11.592 17.4626 23.1499 20.7864 19.6778 27.3875 16.2565 14.3152 13.6133 11.2781 11.3175 7.99258 4.32304 5.95696 0.031918 0.025487 0.0221253 0.0019806 0.000618675 0.00033851 0.000273779 0.000180867 2.98476e-05
threshold=344.50000000000006 89.500000000000014 144.50000000000003 25.245000000000001 0.33555967741935494 -8.4999999999999982 29.435000000000006 30.655000000000005 37.635000000000012 1.7651881720430111 55.500000000000007 34.500000000000007 0.53500000000000014 78.197250000000011 4.5000000000000009 19.345000000000002 4.1350000000000007 4.1350000000000007 0.5807500000000001 0.47535000000000005 1.7450000000000003 17.335000000000004 27.705000000000002 1.6850000000000003
decision_type=2 2 2 2 2 2 2 2 2 2 2 2 2 2 2 2 2 2 2 2 2 2 2 2
left_child=1 7 5 9 -5 6 -3 10 -7 -4 11 -1 -12 16 -15 19 -9 18 20 23 -17 -21 -23 -2
right_child=15 2 3 4 -6 8 -8 13 -10 -11 12 -13 -14 14 -16 17 -18 -19 -20 21 -22 22 -24 -25
leaf_value=-0.012957336106636718 -0.030128255239639756 0.030014169748171868 0.0025574165606182743 -0.0040030618331726251 -0.026505630632059782 0.0051849911248798173 -0.00059461646708932855 -0.030255220390409027 -0.014703746997590252 0.03179609881826332 -0.033147555304367693 0.041369103341295545 0.04067441754999291 -0.025425526303153551 0.010455789109740021 -0.030268668223730172 -0.032173876742790673 -0.036413574365627109 -0.033593985385430125 -0.03043747011511843 -0.031296373207165114 -0.031401722754768498 -0.030768200328341974 -0.03035411980716533
leaf_weight=27.430253747501414 3.0538354356540354 63.332871343125589 456.48486694623716 420.12475233548321 40.507414022227749 191.17989227757789 45.003877184004523 15.863198821898552 39.258884110255167 14.796034052502362 1.5481498017907132 3.9479343139100811 8.9548836066387576 10.965571677428672 6.7137479357188559 0.56577679701149486 10.262157156597821 1.6811242736876009 0.28279571048915375 1.5781287157442423 0.58848730381578207 0.60360639728605736 1.2362578124739227 0.6362825883552431
leaf_count=3504 941 820 6128 6251 589 3179 1380 5282 1771 552 123 263 223 1174 419 80 582 15 4 151 17 18 61 78
internal_value=-3.65574e-05 0.000201011 0.000921197 -0.00119923 -0.00598191 0.00675414 0.0172991 -0.0104791 0.00179663 0.00347538 0.00288475 -0.0061221 0.029793 -0.0232561 -0.0117995 -0.0315466 -0.0310089 -0.0340771 -0.0313439 -0.0304366 -0.0307926 -0.0307274 -0.030976 -0.0301672
internal_weight=1366.6 1356.37 1270.69 931.913 460.632 338.776 108.337 85.6859 230.439 471.281 41.8812 31.3782 10.503 43.8047 17.6793 10.2263 26.1254 3.11818 1.43706 7.10811 1.15426 3.41799 1.83986 3.69012
internal_count=33605 32240 20670 13520 6840 7150 2200 11570 4950 6680 4113 3767 346 7457 1593 1365 5864 116 101 1249 97 230 79 1019
is_linear=0
shrinkage=0.03


Tree=190
num_leaves=25
num_cat=0
split_feature=0 22 22 21 1 6 23 0 6 1 22 15 22 3 2 0 4 11 25 0 1 25 2 22
split_gain=11.3069 11.1763 26.0935 45.3185 28.1812 20.5544 18.6179 20.043 18.1446 17.2624 19.5339 19.2827 16.2339 15.4376 14.4623 4.79748 0.836105 1.87487 0.617668 1.38257 0.0370383 0.00439126 0.000593645 0.000300245
threshold=18.420000000000005 214.50000000000003 262.50000000000006 9.5000000000000018 25.085000000000004 16.455100000000005 2.5000000000000004 6.2150000000000007 17.728850000000005 29.375000000000004 89.500000000000014 0.03500000000000001 98.500000000000014 24.705000000000002 29.235000000000003 12.055000000000001 30.165000000000003 -53.999999999999993 -2.6736700622524041 21.710000000000004 31.175000000000004 -1.3859999999999999 28.925000000000004 198.50000000000003
decision_type=2 2 2 2 2 2 2 2 2 2 2 2 2 2 2 2 2 2 2 2 2 2 2 2
left_child=1 9 6 5 -5 -4 7 -3 -8 10 14 13 -12 -11 -1 -13 18 -18 19 -2 21 -20 -19 -21
right_child=16 2 3 4 -6 -7 8 -9 -10 11 12 15 -14 -15 -16 -17 17 22 20 23 -22 -23 -24 -25
leaf_value=0.010955330327249739 -0.028462691613726273 -0.0150517660471392 -0.0021069425197561878 0.0046821161303341099 -0.01745027326817742 0.036584096540380417 -0.014552954694812216 -0.05528881088351454 0.0051678781087885085 -0.016155083045542772 0.030544204870665212 -0.029149167331257868 0.0052692088305448968 0.0055036415206842527 -0.017637321064003311 0.018098863195287446 -0.059388653791301933 0.030284151569678869 0.031802576838562469 0.031511765736830732 0.038831460162088535 0.030535871561745209 0.032245970348358619 0.030506291381536481
leaf_weight=22.146123378304765 0.52447682339697976 97.561009381897748 17.177233495749533 141.62478324084077 81.617278488352895 44.03970271255821 77.017395893577486 12.5782138928771 92.323192558716983 43.312848100555129 23.940259034978226 32.727487254538573 512.02002626121975 93.673422834835947 56.639434433775023 2.0556243937462559 0.31927539221942425 0.35505447862669903 3.8232162198983106 0.52810709364712216 0.57039129734039384 6.9235716911498431 0.22794022038578987 0.5411956284660846
leaf_count=2125 10 1105 160 3777 2152 442 823 138 935 1757 634 1321 5976 2496 8787 19 18 48 116 14 5 703 6 38
internal_value=-3.62103e-05 -0.000312428 -0.00353548 0.00286094 -0.00340948 0.0257275 -0.0100459 -0.019647 -0.00380131 0.00199853 0.00434786 -0.00640948 0.00639819 -0.0013445 -0.00960011 -0.0263569 0.0269683 -0.000951665 0.0289195 0.0114341 0.0313819 0.0309865 0.0310512 0.0310029
internal_weight=1364.27 1350.45 563.939 284.459 223.242 61.2169 279.48 110.139 169.341 786.515 614.746 171.769 535.96 136.986 78.7856 34.7831 13.8132 0.90227 12.911 1.59378 11.3172 10.7468 0.582995 1.0693
internal_count=33605 32647 9532 6531 5929 602 3001 1243 1758 23115 17522 5593 6610 4253 10912 1340 958 72 886 62 824 819 54 52
is_linear=0
shrinkage=0.03


Tree=191
num_leaves=25
num_cat=0
split_feature=2 3 1 3 22 8 22 26 1 23 3 4 26 22 26 22 3 2 23 5 1 4 12 3
split_gain=11.2174 12.7482 15.0031 33.1879 27.6933 21.5685 18.853 15.4811 14.7163 11.024 8.70473 10.5163 4.34881 7.36132 3.39297 2.13148 1.88828 3.7188 3.43409 0.110791 0.0515621 0.0332341 0.0298762 0.0197079
threshold=24.835000000000004 20.315000000000001 26.615000000000006 22.815000000000001 123.50000000000001 473.50000000000006 145.50000000000003 0.28480215053763469 24.455000000000002 3.5000000000000004 16.905000000000005 18.455000000000002 0.39394731182795689 89.500000000000014 0.33800000000000013 328.50000000000006 19.475000000000005 24.155000000000005 3.5000000000000004 0.15125000000000002 23.165000000000003 7.455000000000001 0.71000000000000008 18.075000000000003
decision_type=2 2 2 2 2 2 2 2 2 2 2 2 2 2 2 2 2 2 2 2 2 2 2 2
left_child=16 8 4 7 9 -6 -5 -4 10 -3 14 -12 15 -14 -2 -10 17 21 -19 -18 22 -1 -21 -23
right_child=1 2 3 6 5 -7 -8 -9 12 -11 11 -13 13 -15 -16 -17 19 18 -20 20 -22 23 -24 -25
leaf_value=0.039459500969320188 -0.028529989816335484 0.012598377787130072 -0.024755300608512765 0.00647264390815761 0.024022626666211154 0.00097144776962442751 -0.0059535654495195094 0.0096414032713242701 -0.029417467651483467 0.046102513490792252 0.0034737797203523509 -0.013022336739113304 -0.03118307376759229 0.062997892188247639 0.026591785790404072 -0.0030948564405860004 0.044940521128450463 0.0209599213985463 -0.040915876745948807 0.031766874974925793 0.041930501731451998 0.024915891093805001 0.024904555548159957 0.031716031256972144
leaf_weight=0.45808608829975428 14.666481048101558 17.059205770958215 75.429483702057041 234.94285079953261 39.299704532139003 518.76846972829662 206.44521278305911 13.955091841286047 31.420080443029292 18.341672307928093 117.30374316312373 49.439973579021171 1.6919177529634901 1.3372682365588842 1.0789585983147834 3.0361791371833524 0.61413966119289298 1.5409186379984023 1.6954942883457986 8.2474872427992469 0.42990256403572935 0.43816184136085246 0.61345649184659201 3.0787296507041901
leaf_count=3 3792 450 3389 5241 548 5843 2992 414 4397 355 3678 1154 204 13 69 119 3 24 28 587 25 29 84 164
internal_value=-3.55449e-05 -0.000342841 0.000949473 -0.00271513 0.00422693 0.00259473 0.00066068 -0.0193851 -0.00694757 0.0299573 -0.00343078 -0.00141736 -0.0240683 0.0103942 -0.0247528 -0.027098 0.0240976 0.0124197 -0.0114556 0.0325998 0.0317841 0.0318588 0.0312918 0.0308688
internal_weight=1361.33 1344.22 1124.24 530.773 593.469 558.068 441.388 89.3846 219.975 35.4009 182.489 166.744 37.4854 3.02919 15.7454 34.4563 17.1164 7.21139 3.23641 9.90499 9.29085 3.97498 8.86094 3.51689
internal_count=33605 32658 19232 12036 7196 6391 8233 3803 13426 805 8693 4832 4733 217 3861 4516 947 248 52 699 696 196 671 193
is_linear=0
shrinkage=0.03


Tree=192
num_leaves=25
num_cat=0
split_feature=22 1 3 1 22 3 6 4 3 1 22 3 18 0 4 3 0 5 5 0 3 2 1 0
split_gain=10.9691 11.2977 17.3605 26.8799 15.3515 15.0175 14.4218 10.2993 9.57861 9.02807 10.0607 5.78376 2.42194 1.94091 0.419708 0.0292458 0.0202309 0.00184035 0.000567119 0.000310962 0.0002552 0.000167318 2.92103e-05 2.70047e-05
threshold=344.50000000000006 31.015000000000004 24.255000000000006 27.355000000000004 144.50000000000003 22.075000000000003 16.639450000000004 15.955000000000002 25.775000000000002 33.155000000000008 145.50000000000003 24.645000000000003 34.500000000000007 16.865000000000006 23.485000000000003 19.345000000000002 4.1350000000000007 0.5807500000000001 0.47535000000000005 1.7450000000000003 17.335000000000004 27.705000000000002 20.145000000000003 1.6850000000000003
decision_type=2 2 2 2 2 2 2 2 2 2 2 2 2 2 2 2 2 2 2 2 2 2 2 2
left_child=1 2 3 5 -5 -1 11 -8 13 10 -10 -4 -11 14 -3 18 17 19 23 -17 22 -22 -20 -2
right_child=15 8 6 4 -6 -7 7 -9 9 12 -12 -13 -14 -15 -16 16 -18 -19 20 -21 21 -23 -24 -25
leaf_value=-0.0015357587087033518 -0.030124368566920062 -0.032610544857312011 0.0089451830324065677 -0.0048692033032743188 -0.023124482676468539 0.0063440967646409335 0.016006422744682638 -0.00037576934078500257 0.014564967671019549 -0.031434192954516015 -0.026155125693063969 0.036933922958169108 0.00028793714209187911 0.011571047439373434 -0.02349705223906132 -0.030262857537314308 -0.036221888489995656 -0.033504733110651178 -0.030765633608467801 -0.031261368014740921 -0.031364564428121001 -0.030747563360867661 -0.030369827773121971 -0.030343509347235152
leaf_weight=561.52793590945657 2.9402826461009668 14.794461112935101 9.6908074724487978 123.70683838042896 62.356915889773518 355.46698066894896 54.356555659323931 94.734256150899455 23.609331168932844 10.215534303220918 7.103852321393787 21.140926663763821 2.7490140108857295 1.071322202682494 6.5666715502738944 0.55061078141443454 1.6399567127227781 0.27633778564631928 0.19237978942692313 0.57262613344937563 0.58870745776221145 1.2056599543429909 1.3138431485276667 0.61132452869787801
leaf_count=17795 941 899 138 4426 1156 3785 619 1230 555 670 314 216 109 7 321 80 15 4 13 17 18 61 138 78
internal_value=-3.52764e-05 0.000195513 0.000818702 -0.000590703 -0.0109872 0.00151881 0.0094594 0.00559696 -0.0118985 -0.0037149 0.00514655 0.0281367 -0.0247078 -0.0278327 -0.0298089 -0.0315116 -0.0339609 -0.0313115 -0.0304252 -0.0307719 -0.0307083 -0.03095 -0.0304204 -0.0301621
internal_weight=1358.98 1349.09 1282.98 1103.06 186.064 916.995 179.923 149.091 66.1102 43.6777 30.7132 30.8317 12.9645 22.4325 21.3611 9.89173 3.03953 1.39957 6.8522 1.12324 3.30059 1.79437 1.50622 3.55161
internal_count=33605 32240 29365 27162 5582 21580 2203 1849 2875 1648 869 354 779 1227 1220 1365 116 101 1249 97 230 79 151 1019
is_linear=0
shrinkage=0.03


Tree=193
num_leaves=25
num_cat=0
split_feature=0 24 0 0 24 0 24 22 22 14 12 19 26 2 7 16 26 5 2 3 3 24 4 3
split_gain=10.8462 11.7989 24.3539 16.4039 40.27 12.3765 11.4307 11.3831 24.7018 11.6983 9.4701 9.08049 8.79511 7.72233 4.73558 4.87154 9.72696 4.80356 4.10421 7.01156 5.73446 2.09462 2.53879 9.72605
threshold=0.65500000000000014 3.5000000000000004 10.255000000000001 2.8450000000000002 1.5000000000000002 2.4150000000000005 2.5000000000000004 145.50000000000003 262.50000000000006 0.11000000000000001 0.53500000000000014 7.3500000000000005 0.16159999999999983 35.785000000000004 73.832350000000005 41.000000000000007 -0.085986417657045885 0.37855000000000005 29.745000000000001 21.085000000000004 23.535000000000004 1.5000000000000002 10.575000000000001 23.895000000000003
decision_type=2 2 2 2 2 2 2 2 2 2 2 2 2 2 2 2 2 2 2 2 2 2 2 2
left_child=6 2 3 10 -5 11 21 9 -9 -7 -2 13 -13 -3 18 17 -17 -16 19 -8 -20 -1 23 -23
right_child=1 5 -4 4 -6 7 14 8 -10 -11 -12 12 -14 -15 15 16 -18 -19 20 -21 -22 22 -24 -25
leaf_value=-0.030281177106646243 0.006463199693221686 0.0031769951826489513 0.030695656734516484 0.027546852154153929 0.0017405878920812928 -0.011567423274438013 0.0030457706401185555 -0.013943073921087084 0.0041139652193021934 0.0072100626358263696 -0.0068712675668154925 0.022250830730788609 -0.019914222825212866 -0.031075274775313171 -0.01030193789489443 0.028130819204807398 -0.0065682429916814819 0.08093187487241707 -0.023975880259607122 0.065664630791052891 0.044504744994509571 -0.011583783766982814 -0.019248818781956858 0.17807560612806606
leaf_weight=16.339174426277168 64.531831521424465 60.884745912742801 28.751716495724395 66.92169511760585 291.36698687123135 40.599749015644193 3.6113009223481622 199.86990000656806 103.48646337585524 112.88044486346189 186.36947838566266 38.682248242083006 5.0313348923809817 6.5624767560511819 68.763647615443915 10.574799654423257 23.271331805619411 0.52334368648007412 3.8552472379524261 2.9030488319694996 1.5401895912364123 1.5922683912795061 17.905412898864597 0.28725040750578035
leaf_count=3728 1413 2017 1226 742 2646 703 138 1762 1003 1660 4944 1409 234 438 4007 484 1712 36 294 17 39 381 2548 24
internal_value=-3.50224e-05 0.000914531 0.00371456 0.00244114 0.00656072 -0.0022303 -0.00761011 -0.00441475 -0.00778313 0.0022429 -0.00344164 0.00674713 0.0173977 -0.000155681 -0.00298739 -0.00505577 0.00427304 -0.00961282 0.0149238 0.0309512 -0.0044273 -0.0223319 -0.0157671 0.0174022
internal_weight=1357.11 1205.94 637.942 609.19 358.289 567.997 151.167 456.837 303.356 153.48 250.901 111.161 43.7136 67.4472 115.043 103.133 33.8461 69.287 11.9098 6.51435 5.39544 36.1241 19.7849 1.87952
internal_count=33605 20197 10971 9745 3388 9226 13408 5128 2765 2363 6357 4098 1643 2455 6727 6239 2196 4043 488 155 333 6681 2953 405
is_linear=0
shrinkage=0.03


Tree=194
num_leaves=25
num_cat=0
split_feature=2 9 3 1 22 8 26 2 22 22 22 3 22 18 22 4 3 2 23 5 1 4 12 3
split_gain=10.7858 12.0474 17.9887 19.3115 18.6877 13.1623 12.5045 14.289 19.1827 12.9948 29.377 12.3612 11.4381 9.34726 8.4942 3.28556 1.86944 3.59173 3.15468 0.0962021 0.0478816 0.0316544 0.0303169 0.0201271
threshold=24.835000000000004 3.5000000000000004 19.105000000000004 24.245000000000001 145.50000000000003 496.50000000000006 -0.26020215053763435 32.555000000000007 314.50000000000006 218.50000000000003 198.50000000000003 25.005000000000006 260.50000000000006 34.500000000000007 26.500000000000004 5.8950000000000005 19.475000000000005 24.155000000000005 3.5000000000000004 0.15125000000000002 23.165000000000003 7.455000000000001 0.71000000000000008 18.075000000000003
decision_type=2 2 2 2 2 2 2 2 2 2 2 2 2 2 2 2 2 2 2 2 2 2 2 2
left_child=16 2 13 5 -5 -4 7 8 -3 10 -8 -9 -11 15 -15 -2 17 21 -19 -18 22 -1 -21 -23
right_child=1 6 3 4 -6 -7 9 11 -10 12 -12 -13 -14 14 -16 -17 19 18 -20 20 -22 23 -24 -25
leaf_value=0.039232240021199336 0.0069522311337236785 0.013489827891735685 0.041047116510580427 0.0071879987147108037 -0.0025325382235839196 0.010220979420195616 -0.0075777795834219702 -0.018892072494933129 -0.023214795872636949 -0.025633763570692237 0.034791196255046966 0.058356382139023569 -0.0051241904973620255 0.049435131356329584 -0.016855862745520624 -0.026939306856006835 0.044097562565172048 0.020458298302348944 -0.038725709335957509 0.031731178072411347 0.041620583904310629 0.024724053664633719 0.024730118534689649 0.031649835759321475
leaf_weight=0.45078090578317942 2.8016715629491946 88.373165279626846 14.400969948619602 270.57657269167248 520.23727609287016 92.792000177549198 144.91358478320763 31.658129946445115 14.988134662387891 58.248061445076019 16.394633644260466 1.9809891255572427 42.205191756715067 3.2394551783800116 3.757392150349915 31.730047717108391 0.60361862182617088 1.525315505685285 1.729795344173908 8.0098990635015017 0.41979074268601912 0.43224326684139702 0.59824893949553448 2.9898435724899173
leaf_count=3 305 1522 222 8412 7498 1034 4792 1013 355 506 135 35 1198 239 507 4885 3 24 28 587 25 29 84 164
internal_value=-3.44759e-05 -0.000333994 0.00152036 0.00241304 0.000793339 0.0143624 -0.00470308 0.0026402 0.00816739 -0.0085464 -0.00327159 -0.014343 -0.0170167 -0.0177829 0.0138361 -0.0241896 0.0238829 0.012236 -0.0109926 0.0325024 0.0317271 0.0317594 0.0312446 0.030775
internal_weight=1355.06 1338.3 939.535 898.007 790.814 107.193 398.762 137 103.361 261.761 161.308 33.6391 100.453 41.5286 6.99685 34.5317 16.7595 7.12798 3.25511 9.63156 9.02794 3.87287 8.60815 3.42209
internal_count=33605 32658 23102 17166 15910 1256 9556 2925 1877 6631 4927 1048 1704 5936 746 5190 947 248 52 699 696 196 671 193
is_linear=0
shrinkage=0.03


Tree=195
num_leaves=24
num_cat=0
split_feature=0 25 4 1 3 22 26 23 10 3 1 6 2 5 26 4 4 22 22 1 3 2 2
split_gain=10.6101 10.7846 11.0902 15.6292 19.3569 15.4548 14.6502 9.46186 9.36549 7.87326 6.06853 6.00056 4.93093 2.16942 1.14436 0.84901 2.62861 0.653865 0.496386 0.35426 0.0403612 0.000615479 6.01199e-06
threshold=18.420000000000005 -2.241774193548387 24.745000000000001 30.735000000000003 23.815000000000001 216.50000000000003 0.17703225806451614 1.0000000180025095e-35 100.00000000000001 26.865000000000006 33.155000000000008 18.100050000000003 29.235000000000003 0.9678500000000001 0.03174946236559132 30.165000000000003 30.925000000000004 75.500000000000014 145.50000000000003 33.32500000000001 18.575000000000003 29.105000000000004 25.405000000000005
decision_type=2 2 2 2 2 2 2 2 2 2 2 2 2 2 2 2 2 2 2 2 2 2 2
left_child=1 9 3 4 -3 6 -4 -7 -5 11 18 12 -1 -13 -12 17 -17 -2 -11 20 -19 22 -18
right_child=15 2 5 8 -6 7 -8 -9 -10 10 14 13 -14 -15 -16 16 21 19 -20 -21 -22 -23 -24
leaf_value=0.0093873545350265444 -0.019101252832246608 0.00079989778385429673 0.0031526636565275008 -0.00056794764959096572 0.012019246999613662 -0.042158154968071307 -0.019332469370902647 -0.012064303569049908 -0.026033748709104545 0.050266955577339664 -0.031590248539863579 -0.032560674943175501 -0.011453918134831214 -0.010583304137627361 0.016695756305449054 -0.084146760557490166 0.030184025397755013 0.019449095563700922 0.030809253862885005 0.0027699593548607643 0.031093366957541859 0.032260682406212243 0.030414778202861658
leaf_weight=12.22475060680881 0.25085072033107003 747.89303581224522 162.8190497023752 24.628269402193837 169.82996768900193 11.0278200909961 31.053160387557 63.81603034643922 27.522154680569656 2.33362784795463 1.6989108682610097 14.593637152807789 62.208839621162042 5.5910626954864702 0.59694676450453688 0.24924779823049981 0.21041074558161199 0.27440303121693155 2.3869398469105363 0.41998070478439409 11.314894366078077 0.22149545233696699 0.19653083011507988
leaf_count=587 8 20573 2566 839 2013 136 425 651 1503 26 73 906 2220 88 22 12 38 30 19 2 846 5 17
internal_value=-3.38516e-05 -0.000296847 0.000474043 0.00196827 0.0028761 -0.00491906 -0.000448855 -0.0164985 -0.0140074 -0.00969143 0.020971 -0.0119652 -0.00803101 -0.0264731 -0.0190354 0.026795 -0.00170826 0.0288355 0.0404282 0.0298368 0.0308177 0.0309881 0.0302955
internal_weight=1353.36 1340.22 1238.59 969.873 917.723 268.716 193.872 74.8439 52.1504 101.635 7.01643 94.6183 74.4336 20.1847 2.29586 13.1378 0.877685 12.2601 4.72057 12.0093 11.5893 0.628437 0.406942
internal_count=33605 32647 28706 24928 22586 3778 2991 787 2342 3941 140 3801 2807 994 95 958 72 886 45 878 876 60 55
is_linear=0
shrinkage=0.03


Tree=196
num_leaves=25
num_cat=0
split_feature=22 1 3 1 2 14 26 3 1 25 15 1 3 22 25 0 3 0 5 5 0 3 2 1
split_gain=10.5298 11.322 23.8921 24.1428 20.5183 16.696 15.1098 14.6698 15.2173 13.7002 13.5857 10.8712 11.0244 4.72737 4.57828 3.30888 0.0272451 0.0187436 0.00166672 0.0004999 0.000293317 0.000219519 0.000147789 3.02948e-05
threshold=344.50000000000006 28.545000000000005 23.175000000000004 26.575000000000003 35.295000000000009 0.14500000000000005 0.36829032258064531 25.335000000000004 31.975000000000005 1.7651881720430111 0.03500000000000001 29.955000000000002 23.615000000000006 133.50000000000003 -0.83278494623655897 12.055000000000001 19.345000000000002 4.1350000000000007 0.5807500000000001 0.47535000000000005 1.7450000000000003 17.335000000000004 27.705000000000002 20.145000000000003
decision_type=2 2 2 2 2 2 2 2 2 2 2 2 2 2 2 2 2 2 2 2 2 2 2 2
left_child=1 2 3 9 6 -5 -4 11 10 -1 -9 12 -3 -10 -6 -13 19 18 20 -2 -18 23 -23 -21
right_child=16 7 4 5 14 -7 -8 8 13 -11 -12 15 -14 -15 -16 -17 17 -19 -20 21 -22 22 -24 -25
leaf_value=0.00049175420130825355 -0.030155865018107325 -0.019336223168637767 0.010356387170195724 -0.025146433286006437 0.064039292753501065 -0.0011447771136960598 -0.017651607159503167 0.016694365411936682 -0.029153251714551361 0.028437410231382822 -0.017214207023975109 -0.024848270590902118 0.00075916190526295016 -0.0040953585636395303 0.024747730429865712 0.0049528203988702026 -0.030256331723725167 -0.036061677044628135 -0.033398021059182215 -0.030765352030765341 -0.031239913345623867 -0.031307703623667138 -0.030715422029899048 -0.030355251180558145
leaf_weight=723.1836777725257 3.3720757595729065 36.51585198380053 205.59708799724467 57.486762863292824 7.1071580247953534 47.749944174545817 18.93178717372939 60.315882184309885 12.455760621349329 16.140915448544547 12.910460432525722 46.099721069913357 75.105826674960554 14.859793668147175 4.2740353010594827 3.6162305846810332 0.53274018899537645 1.6128261126577852 0.26858546212315548 0.18612054130062494 0.55939900130033493 0.56462996685877431 1.1543301409110425 1.2570432703942058
leaf_count=17867 1019 1537 2107 2587 47 1524 169 756 900 564 357 2272 956 532 36 29 80 15 4 13 17 18 61 138
internal_value=-3.32939e-05 0.000189535 0.00154596 -0.000811801 0.00998676 -0.014256 0.00799481 -0.00540683 0.00358766 0.00110186 0.010716 -0.011012 -0.00581483 -0.0155216 0.0492839 -0.0226806 -0.0314933 -0.0338739 -0.0312808 -0.03041 -0.0307601 -0.0306809 -0.03091 -0.0304081
internal_weight=1351.86 1342.35 1080.47 844.561 235.91 105.237 224.529 261.88 100.542 739.325 73.2263 161.338 111.622 27.3156 11.3812 49.716 9.50775 2.97355 1.36072 6.5342 1.09214 3.16212 1.71896 1.44316
internal_count=33605 32240 24901 22542 2359 4111 2276 7339 2545 18431 1113 4794 2493 1432 83 2301 1365 116 101 1249 97 230 79 151
is_linear=0
shrinkage=0.03


Tree=197
num_leaves=25
num_cat=0
split_feature=3 1 3 1 22 22 2 22 6 3 22 4 3 23 2 26 0 0 22 4 22 25 1 22
split_gain=10.4124 12.7252 27.0037 17.0013 26.3481 14.3626 12.0862 13.3087 9.54703 13.0423 11.666 9.63285 8.37627 8.98906 4.5125 3.31125 1.58494 0.707687 0.244133 1.88007 5.06543 0.0155987 0.0134221 0.00146666
threshold=16.845000000000002 23.865000000000006 21.815000000000001 28.545000000000005 133.50000000000003 145.50000000000003 33.275000000000013 123.50000000000001 18.365250000000003 20.315000000000001 148.50000000000003 18.455000000000002 21.405000000000005 2.5000000000000004 25.635000000000002 0.33800000000000013 8.4250000000000025 6.6850000000000014 340.50000000000006 18.515000000000004 342.50000000000006 -0.41918279569892464 20.975000000000005 98.500000000000014
decision_type=2 2 2 2 2 2 2 2 2 2 2 2 2 2 2 2 2 2 2 2 2 2 2 2
left_child=15 8 6 4 -4 -5 7 -3 9 11 -11 -2 13 -10 -14 18 -17 -8 21 -20 -21 23 -23 -1
right_child=1 2 3 5 -6 -7 17 -9 12 10 -12 -13 14 -15 -16 16 -18 -19 19 20 -22 22 -24 -25
leaf_value=-0.030181033365052432 0.0082737725448650563 0.0075127068743118409 0.020272806028225211 -0.00038261316925490742 0.001679631264540717 -0.015947187629026575 -0.031675893801338117 -0.011154951813081283 -0.03528780630269486 -0.0191434954189794 0.020251633242637599 -0.0086015762429242186 0.04139771689521498 -0.00071100464864703625 0.0022539809586882187 -0.030236615348564835 0.049524018309963329 -0.019776610838275262 -0.030380467456242032 0.18970401717714128 -0.030222027275748055 -0.038942954400009326 -0.031761339204273882 -0.031220557480631128
leaf_weight=8.3988678194582409 90.190384847344831 42.445949034183286 80.263441752875224 181.57871442369651 471.78802357660607 75.562543497420847 20.618338855274491 180.6881002477603 12.901176908635536 7.3442043997347346 85.806911071762443 45.955283292918466 3.1940307500772205 14.231473125750197 15.577134751714764 0.31801597191952058 0.76024395227432251 5.7534407374914727 2.8485496880020942 0.13456173893064249 0.31466816819738597 0.3533203303813941 0.69480738008860499 1.4294227424543358
leaf_count=3017 2534 3024 1228 5294 5130 1655 3639 3609 256 72 1341 1101 75 322 150 66 5 204 664 3 73 2 53 88
internal_value=-3.32533e-05 0.000248569 -0.00124536 0.00141513 0.00438292 -0.00495636 -0.0098738 -0.00760387 0.00599572 0.00849582 0.0171456 0.00257758 -0.00649264 -0.0171518 0.00891453 -0.02468 0.0259999 -0.0290799 -0.0285353 -0.0213851 0.0356543 -0.0307032 -0.0341822 -0.0303322
internal_weight=1349.15 1333.9 1058.7 809.193 552.051 257.141 249.506 223.134 275.201 229.297 93.1511 136.146 45.9038 27.1327 18.7712 15.2525 1.07826 26.3718 14.1742 3.29778 0.44923 10.8764 1.04813 9.82829
internal_count=33605 29634 23783 13307 6358 6949 10476 6633 5851 5048 1413 3635 803 578 225 3971 71 3843 3900 740 76 3160 55 3105
is_linear=0
shrinkage=0.03


Tree=198
num_leaves=25
num_cat=0
split_feature=2 9 3 4 1 1 3 3 26 26 18 22 23 22 23 4 3 2 23 5 1 12 4 3
split_gain=10.205 11.4972 16.9445 17.8027 27.8183 11.4701 22.8912 20.0027 14.1235 10.0496 9.11974 8.87914 7.86144 6.2818 6.22587 3.20788 1.82833 3.42747 2.96686 0.084234 0.0417888 0.0326966 0.0313912 0.0205981
threshold=24.835000000000004 3.5000000000000004 19.105000000000004 25.585000000000004 25.015000000000004 25.695000000000004 22.395000000000003 23.655000000000005 -0.26020215053763435 0.17703225806451614 34.500000000000007 107.50000000000001 3.5000000000000004 216.50000000000003 3.5000000000000004 5.8950000000000005 19.475000000000005 24.155000000000005 3.5000000000000004 0.15125000000000002 23.165000000000003 0.71000000000000008 6.6650000000000009 18.075000000000003
decision_type=2 2 2 2 2 2 2 2 2 2 2 2 2 2 2 2 2 2 2 2 2 2 2 2
left_child=16 2 10 4 -4 6 8 14 -3 -5 15 -9 -12 -8 -7 -2 17 22 -19 -18 21 -21 -1 -24
right_child=1 5 3 9 -6 7 13 11 -10 -11 12 -13 -14 -15 -16 -17 19 18 -20 20 -22 -23 23 -25
leaf_value=0.039925540584333112 0.0068086164233710379 0.0057252267456930437 0.016320600568439664 -0.0020569483943157951 0.0015332872906996132 -0.030008641331723904 0.033191172147941372 -0.034024608408941753 -0.0093364871818115858 -0.018526784494473789 0.036124330250057297 0.0093799203728271129 -0.031330433061475906 0.0021096399155864668 -0.012924268537308532 -0.026767884234448959 0.043348882899666194 0.020467375831431652 -0.036863261477692803 0.031705826254622482 0.041088604440465748 0.024269312343907928 0.024505839026090666 0.031615378057927281
leaf_weight=0.37120912969112696 2.7934605029877266 85.142117169394623 144.04639105533715 148.96298342710361 558.14477863436332 38.534643438702915 20.245432547759268 4.7965542551828539 163.88329147174954 42.959757079253905 4.6709793101763344 36.670744884060696 2.3309194152243435 8.2317442176863533 38.256348497467116 30.757975464162882 0.59201584756374259 1.5098811697680505 1.7586187270935623 7.6436384655535186 0.40249661658890623 0.57193101523444045 0.41859911615029011 2.9618594013154507
leaf_count=2 305 1827 2090 2048 12478 1433 192 183 4247 550 424 504 322 76 1094 4885 3 24 28 587 25 84 29 165
internal_value=-3.29047e-05 -0.000321351 0.00149337 0.00235362 0.00456673 -0.00460718 -0.00127314 -0.0124308 -0.00418687 -0.00574354 -0.0174733 0.00435929 0.0136688 0.0242066 -0.0214974 -0.0239723 0.0236117 0.0120786 -0.0103794 0.0324025 0.0316505 0.0311881 0.0316444 0.030735
internal_weight=1346.66 1330.43 934.667 894.114 702.191 395.761 277.503 118.258 249.025 191.923 40.5533 41.4673 7.0019 28.4772 76.791 33.5514 16.2302 7.02017 3.2685 9.21008 8.61807 8.21557 3.75167 3.38046
internal_count=33605 32658 23102 17166 14568 9556 6342 3214 6074 2598 5936 687 746 268 2527 5190 947 248 52 699 696 671 196 194
is_linear=0
shrinkage=0.03


Tree=199
num_leaves=24
num_cat=0
split_feature=0 22 22 1 3 11 1 3 2 2 22 7 12 7 23 4 4 22 1 3 0 2 2
split_gain=10.1211 10.0467 16.8539 17.586 20.3853 17.2249 23.7353 15.4347 15.4013 12.1478 9.73709 9.69281 7.38969 3.60869 5.89971 0.838591 2.35128 0.626158 0.343717 0.0376115 0.023505 0.000567897 5.47477e-06
threshold=18.420000000000005 89.500000000000014 144.50000000000003 25.665000000000003 23.205000000000002 -8.4999999999999982 29.435000000000006 22.975000000000005 30.655000000000005 37.635000000000012 55.500000000000007 74.830400000000012 0.53500000000000014 78.197250000000011 4.5000000000000009 30.165000000000003 30.925000000000004 75.500000000000014 33.32500000000001 18.575000000000003 4.1350000000000007 29.105000000000004 25.405000000000005
decision_type=2 2 2 2 2 2 2 2 2 2 2 2 2 2 2 2 2 2 2 2 2 2 2
left_child=1 8 5 7 -5 6 -3 -4 10 -7 11 -1 -12 20 -15 17 -17 -2 19 -19 -10 22 -18
right_child=15 2 3 4 -6 9 -8 -9 13 -11 12 -13 -14 14 -16 16 21 18 -20 -21 -22 -23 -24
leaf_value=0.015320565479286371 -0.018661354247566427 0.027903263757677956 0.00050882106401955399 -0.015741040700382226 -0.0013190044197944519 0.0045833091130258402 -0.00083068206336575612 0.022472794876263552 -0.030256236836695191 -0.014074375442162468 -0.033089718181121233 -0.01935723411774681 0.039725344545775726 -0.027140679663015012 0.0095437908236363153 -0.076287915238270568 0.03017405502864634 0.019692774162112518 0.0030698583988961973 0.03107716324920488 -0.032175281145055225 0.032206003125887422 0.030399892041961519
leaf_weight=11.943413230357693 0.24507769569754323 62.911616764613427 511.02793064585421 140.54073175264057 236.88243273831904 187.88726965128444 43.946445035282522 30.514585116878152 14.462293213990053 37.710565400193445 1.4782841339474533 18.476377745857462 8.2814520640531537 10.105140186438804 6.4729084656573823 0.26479276898317117 0.19692557235248387 0.26763162482529601 0.41732291877269823 10.837914160685612 9.5290460675023478 0.21577607374638319 0.18964784406125546
leaf_count=1458 8 799 8038 2640 3086 3105 1377 318 5282 1770 123 2307 185 1167 412 12 38 30 2 846 580 5 17
internal_value=-3.2441e-05 -0.000285904 0.000375885 -0.00171817 -0.00668933 0.00616421 0.0160861 0.00174644 -0.0105421 0.00146452 0.00262312 -0.00574204 0.0286962 -0.0235808 -0.0128172 0.0266912 -0.00178043 0.0287892 0.0297984 0.0308028 -0.0310185 0.0309731 0.0302848
internal_weight=1344.81 1332.17 1251.42 918.966 377.423 332.456 106.858 541.543 80.7489 225.598 40.1795 30.4198 9.75974 40.5694 16.578 12.6351 0.867142 11.7679 11.5229 11.1055 23.9913 0.602349 0.386573
internal_count=33605 32647 21133 14082 5726 7051 2176 8356 11514 4875 4073 3765 308 7441 1579 958 72 886 878 876 5862 60 55
is_linear=0
shrinkage=0.03


Tree=200
num_leaves=25
num_cat=0
split_feature=22 1 3 22 26 1 14 3 1 22 4 15 1 22 22 0 3 5 5 0 3 2 3 0
split_gain=10.0487 10.0633 21.5565 17.1325 27.2082 16.8057 17.4083 14.1892 14.3291 13.5514 13.261 12.7111 10.4799 10.5466 4.7213 3.22401 0.0244253 0.0167095 0.000440894 0.000265283 0.000200556 0.000135185 2.25133e-05 2.11143e-05
threshold=344.50000000000006 28.545000000000005 23.455000000000002 176.50000000000003 0.28357719298245637 26.615000000000006 0.13000000000000003 25.335000000000004 31.975000000000005 172.50000000000003 24.645000000000003 0.03500000000000001 29.955000000000002 144.50000000000003 133.50000000000003 12.055000000000001 19.345000000000002 0.5807500000000001 0.47535000000000005 1.7450000000000003 17.335000000000004 27.705000000000002 14.675000000000002 1.6850000000000003
decision_type=2 2 2 2 2 2 2 2 2 2 2 2 2 2 2 2 2 2 2 2 2 2 2 2
left_child=1 2 5 9 -5 10 -7 12 11 -4 -1 -9 13 -3 -10 -14 18 19 23 -18 22 -22 -20 -2
right_child=16 7 3 4 -6 6 -8 8 14 -11 -12 -13 15 -15 -16 -17 17 -19 20 -21 21 -23 -24 -25
leaf_value=0.0034454249770883624 -0.030114244136540784 0.00032303753404953802 0.01636946814243637 0.0092535765213909993 -0.036080116239994922 -0.021721790389943978 0.00030144539130279459 0.016338948025584249 -0.02901733789689899 0.05098464807112172 -0.0058509764107687644 -0.016690117846267595 -0.024513562521951988 -0.020076799422128352 -0.0036511954196498716 0.0050131094542431821 -0.030250199974985729 -0.035464396233582968 -0.030605765429600813 -0.031198952917243998 -0.031263920762865181 -0.030687191174531423 -0.030317031792576554 -0.030317828364739095
leaf_weight=589.39279804035323 2.6357941561145695 78.630677193636075 61.505407715216279 87.699869122589007 13.788532572798429 62.95489160832949 66.343712006986607 60.44084136118181 12.016913821338678 12.197342271916567 180.35804868547712 12.687887347303329 44.854309916263446 32.128368792589754 14.660307774785904 3.5949503649026147 0.51797006535343848 1.8358977306634185 0.31769494619220529 0.54362418968230486 0.54577316483482707 1.1091565340757368 1.0343615775927899 0.55503755877725769
leaf_count=16536 941 1975 543 948 131 2409 1929 756 900 89 2316 357 2272 518 532 29 80 19 30 17 18 61 121 78
internal_value=-3.20671e-05 0.000182319 0.00146213 0.0110892 0.0030944 -0.000413833 -0.0104216 -0.00512559 0.00374277 0.0220981 0.00126721 0.0106084 -0.0106851 -0.00559443 -0.0150775 -0.0223227 -0.0314583 -0.033732 -0.0303953 -0.030736 -0.0306559 -0.0308774 -0.0303849 -0.0301497
internal_weight=1342.35 1333.25 1074.24 175.191 101.488 899.049 129.299 259.014 99.806 73.7027 769.751 73.1287 159.208 110.759 26.6772 48.4493 9.09531 2.89749 6.19782 1.06159 3.00699 1.65493 1.35206 3.19083
internal_count=33605 32240 24901 1711 1079 23190 4338 7339 2545 632 18852 1113 4794 2493 1432 2301 1365 116 1249 97 230 79 151 1019
is_linear=0
shrinkage=0.03


Tree=201
num_leaves=25
num_cat=0
split_feature=3 1 3 1 22 22 2 22 6 3 22 4 3 23 2 26 0 0 22 4 4 25 1 22
split_gain=9.86592 11.7377 25.8723 15.5529 23.9104 13.5214 12.0416 12.5807 8.77539 12.3295 10.9757 9.07271 7.94035 8.54367 4.31016 3.16226 1.45624 0.715824 0.256746 1.8491 5.89715 0.0147415 0.0126092 0.00136849
threshold=16.845000000000002 23.865000000000006 21.855000000000004 28.545000000000005 133.50000000000003 145.50000000000003 33.275000000000013 123.50000000000001 18.365250000000003 20.315000000000001 148.50000000000003 18.455000000000002 21.405000000000005 2.5000000000000004 25.635000000000002 0.33800000000000013 8.4250000000000025 6.6850000000000014 340.50000000000006 18.515000000000004 18.585000000000004 -0.41918279569892464 20.975000000000005 98.500000000000014
decision_type=2 2 2 2 2 2 2 2 2 2 2 2 2 2 2 2 2 2 2 2 2 2 2 2
left_child=15 8 6 4 -4 -5 7 -3 9 11 -11 -2 13 -10 -14 18 -17 -8 21 -20 -21 23 -23 -1
right_child=1 2 3 5 -6 -7 17 -9 12 10 -12 -13 14 -15 -16 16 -18 -19 19 20 -22 22 -24 -25
leaf_value=-0.030176659799487578 0.0079449885996291502 0.0073237581717587145 0.019520590161282679 -0.00022641675443813375 0.0017101264237169617 -0.01542383470601451 -0.031618496535173936 -0.010747640659475581 -0.034445774331914793 -0.018567512487235909 0.019654626013991858 -0.00846727921937202 0.041200721632880244 -0.00062927403220748655 0.0023891193254746324 -0.030224682861664801 0.047950566735967579 -0.019541515562213306 -0.030364331048045281 0.21574982938012452 -0.030250481323036246 -0.03874340535847802 -0.031728800839469412 -0.031197078633366064
leaf_weight=8.0229084400343655 89.973155009676702 42.686252523562871 79.438517104834318 180.05323857767507 464.58574581332505 74.487060951301828 20.165584585105538 184.63665830926038 12.776166069321336 7.3448042781092218 85.14549117628485 45.716969658038579 3.0851437123492387 14.194533838308415 15.580336817540227 0.30035858566407003 0.74982994422316551 5.6559098521247497 2.6629623334156345 0.11971504986286152 0.32797781971748918 0.34913714230060644 0.67950646264944226 1.3873961251229054
leaf_count=3017 2534 3032 1190 5279 5061 1655 3691 3670 256 72 1341 1101 75 322 150 66 5 205 664 1 75 2 53 88
internal_value=-3.18919e-05 0.000238253 -0.00120221 0.00144703 0.00431081 -0.00467369 -0.00955943 -0.00735423 0.00577095 0.00817277 0.0166193 0.00241534 -0.00623812 -0.0166483 0.00880414 -0.0245585 0.0255921 -0.0289732 -0.0284456 -0.0208805 0.0355311 -0.0306998 -0.0341097 -0.0303271
internal_weight=1340.13 1325.53 1051.71 798.565 544.024 254.54 253.144 227.323 273.817 228.18 92.4903 135.69 45.6362 26.9707 18.6655 14.5998 1.05019 25.8215 13.5496 3.11066 0.447693 10.4389 1.02864 9.4103
internal_count=33605 29634 23783 13185 6251 6934 10598 6702 5851 5048 1413 3635 803 578 225 3971 71 3896 3900 740 76 3160 55 3105
is_linear=0
shrinkage=0.03


Tree=202
num_leaves=25
num_cat=0
split_feature=0 24 25 21 22 22 22 1 22 3 19 22 22 26 2 3 3 12 0 0 24 1 11 2
split_gain=9.7562 19.7297 9.30465 9.00112 23.0995 18.2053 16.3439 15.7868 13.9289 10.1435 8.11714 23.7772 43.5931 18.4783 10.3782 10.5197 7.84923 5.91499 4.94596 4.88368 4.06544 5.16086 3.99478 4.65795
threshold=5.6150000000000011 2.5000000000000004 -2.241774193548387 7.5000000000000009 262.50000000000006 274.50000000000006 252.50000000000003 27.475000000000005 74.500000000000014 24.065000000000001 7.3500000000000005 328.50000000000006 336.50000000000006 0.17703225806451614 35.665000000000006 21.045000000000005 27.275000000000002 0.71000000000000008 2.4550000000000005 7.9050000000000011 1.5000000000000002 26.055000000000003 12.500000000000002 26.485000000000003
decision_type=2 2 2 2 2 2 2 2 2 2 2 2 2 2 2 2 2 2 2 2 2 2 2 2
left_child=2 19 16 7 6 -6 -5 8 -3 -9 14 13 -13 -12 15 -4 22 -16 -18 20 -2 -22 -1 -24
right_child=1 3 10 4 5 -7 -8 9 -10 -11 11 12 -14 -15 17 -17 18 -19 -20 -21 21 -23 23 -25
leaf_value=-0.025825961628978811 0.032679795482214238 -0.0226190526193344 -0.0076751601995978143 -0.012900496049997654 0.0286947790387692 -0.0044566095187626772 -0.057419152609689265 -0.016866346125739586 0.018584031072288267 0.0046418229679610866 0.0027426599870724209 0.068910964845034478 -0.032607034038665876 -0.024652150130045555 -0.02521859663870419 0.0013627332132753538 -0.031143430195846738 -0.0054300015937317325 0.050498358666196869 0.030216582991429049 0.021586455062862123 -0.0055642194778026633 0.064340154461390062 -0.011015473451038352
leaf_weight=22.832639455096796 7.1073293844237915 8.169325895374639 177.45528796740109 32.594922992866486 20.644595054443926 53.658190145157278 9.6100990287959558 32.434125285828486 76.824675356503576 50.399784591980278 333.01521165913437 11.98760678060353 5.5784901892766348 23.739674615499098 27.833829689130653 334.18499806843465 0.89467271394096259 26.57375791145023 2.6339850816875696 25.276464116293937 11.732493782415988 13.610278921201823 0.75812211504671978 28.169658116297796
leaf_count=1856 159 529 7895 371 312 463 97 320 1271 404 8752 171 526 692 1486 4246 65 1292 26 1056 178 109 34 1295
internal_value=-3.15564e-05 0.00433945 -0.00153323 0.00109306 -0.00531326 0.00475431 -0.0230374 0.00554039 0.0146237 -0.00377983 -0.000830021 0.00259748 0.0366718 0.000919717 -0.00309659 -0.00177193 -0.0134936 -0.0155534 0.0297985 0.0203298 0.0126286 0.00700525 -0.016445 -0.0090406
internal_weight=1337.72 342.062 995.658 284.336 116.508 74.3028 42.205 167.828 84.994 82.8339 940.369 374.321 17.5661 356.755 566.048 511.64 55.2891 54.4076 3.52866 57.7266 32.4501 25.3428 51.7604 28.9278
internal_count=33605 5269 28336 3767 1243 775 468 2524 1800 724 25060 10141 697 9444 14919 12141 3276 2778 91 1502 446 287 3185 1329
is_linear=0
shrinkage=0.03


Tree=203
num_leaves=25
num_cat=0
split_feature=2 9 3 1 22 2 3 1 3 1 23 18 3 22 4 3 2 4 5 12 0 1 4 3
split_gain=9.73361 10.7164 15.7424 16.3303 16.1893 12.761 10.767 21.0074 21.7668 12.8203 8.83665 8.74144 8.17967 7.18848 3.11117 1.76915 3.24463 2.8427 0.0738021 0.0385124 0.0959394 0.0368451 0.0272598 0.0214594
threshold=24.835000000000004 3.5000000000000004 19.105000000000004 24.245000000000001 145.50000000000003 30.185000000000006 24.645000000000003 26.195000000000004 22.395000000000003 29.105000000000004 4.5000000000000009 34.500000000000007 22.975000000000005 26.500000000000004 5.8950000000000005 19.475000000000005 24.155000000000005 19.285000000000004 0.15125000000000002 0.71000000000000008 10.525 23.165000000000003 6.6650000000000009 18.075000000000003
decision_type=2 2 2 2 2 2 2 2 2 2 2 2 2 2 2 2 2 2 2 2 2 2 2 2
left_child=15 2 11 5 -5 -4 7 8 -3 -8 -11 14 -9 -13 -2 16 22 -18 -17 21 -21 -20 -1 -24
right_child=1 6 3 4 -6 -7 9 12 -10 10 -12 13 -14 -15 -16 18 17 -19 19 20 -22 -23 23 -25
leaf_value=0.039346296556827885 0.0066629650223148434 -0.0047140575194158747 0.011408125822570517 0.0067596927832240875 -0.0023442858152696649 0.070436461718112756 0.066508637940075513 -0.029758682878660476 0.019937120558641407 -0.015252296655178826 0.046787272040903972 0.044173466792122466 -0.010846390672686132 -0.016473998467827881 -0.026641315588797728 0.042626369559043982 0.022432795719180939 -0.03386880085554983 0.031676679723668166 0.00083103246427163925 0.030494037943431869 0.041721676489932587 0.024216081023141066 0.031576436932483853
leaf_weight=0.36138898134231512 2.7615085323341182 255.6317963815527 102.93977909558453 267.09723336802563 514.27887826692313 3.4051694441586724 4.032858930528163 34.637259412324056 36.88972454611212 6.9934671610826609 2.932833262020722 3.4357201817911109 50.722147419350222 3.6041184783680364 29.407103398465551 0.58082510530948539 1.4205624482128771 1.8690035762265322 7.3343816287815553 0.12498670956119884 0.4567173623945564 0.34405865659937251 0.4068208958487961 2.8822744691278785
leaf_count=2 305 6487 1211 8412 7498 45 37 1641 335 179 43 239 834 507 4885 3 31 21 587 7 87 15 29 165
internal_value=-3.08558e-05 -0.000311124 0.00144717 0.00226882 0.000767721 0.0132982 -0.00447051 -0.00542631 -0.00160531 0.0214034 0.00307797 -0.0171558 -0.0185206 0.0131244 -0.0237823 0.0233903 0.0120531 -0.00955558 0.0322898 0.031563 0.0241206 0.0321268 0.0315254 0.0306661
internal_weight=1334.55 1318.77 926.93 887.721 781.376 106.345 391.84 377.881 292.522 13.9592 9.9263 39.2085 85.3594 7.03984 32.1686 15.781 6.94005 3.28957 8.84097 8.26014 0.581704 7.67844 3.65048 3.2891
internal_count=33605 32658 23102 17166 15910 1256 9556 9297 6822 259 222 5936 2475 746 5190 947 248 52 699 696 94 602 196 194
is_linear=0
shrinkage=0.03


Tree=204
num_leaves=25
num_cat=0
split_feature=0 22 22 19 1 2 3 22 22 14 23 6 2 18 7 6 2 6 23 25 2 24 2 2
split_gain=9.54252 9.68081 18.9933 15.6905 20.2915 14.1271 13.7451 13.2585 19.9546 10.4157 8.53549 13.4865 6.14234 5.72746 3.7276 0.741517 0.00558574 0.00274362 0.0025893 0.000328272 0.000249232 0.000181536 8.39357e-05 3.59486e-05
threshold=20.515000000000004 93.500000000000014 98.500000000000014 6.9500000000000011 30.395000000000003 29.235000000000003 19.295000000000005 102.50000000000001 104.50000000000001 0.29000000000000009 2.5000000000000004 17.792250000000006 33.375000000000007 34.500000000000007 74.47975000000001 16.455100000000005 31.455000000000002 16.639450000000004 1.0000000180025095e-35 -0.74782258064516116 33.125000000000007 4.5000000000000009 30.305000000000003 25.135000000000002
decision_type=2 2 2 2 2 2 2 2 2 2 2 2 2 2 2 2 2 2 2 2 2 2 2 2
left_child=1 5 3 12 -5 6 13 9 -9 -4 15 -12 -3 -1 -8 -7 19 -18 -19 21 -20 -2 -23 -21
right_child=16 2 7 4 -6 10 14 8 -10 -11 11 -13 -14 -15 -16 -17 17 18 20 23 -22 22 -24 -25
leaf_value=-0.0091713561026730249 0.030499454165435796 0.017896575811276277 -0.038501007730195443 0.055353450928099034 -0.03275339601757149 -0.02017126156103681 0.087157708278702645 0.038089928090279605 -0.00016816205443530904 0.044733119395186295 -0.028824765625515242 0.0068699354743443517 -0.034480992807816996 0.048025446430929729 0.034504108786769072 -0.033526639402030295 0.033736611952239974 0.033359563355532515 0.030677674547808901 0.030110324226893987 0.031396280723203836 0.030781956473153294 0.031291482339588797 0.030329514717602056
leaf_weight=14.303081437596123 1.7020424823276699 3.9440209132153559 12.289272595546205 15.036022232146935 2.788888147333636 4.6070314871612963 1.8421913324855257 12.397999101085587 1187.1465800619335 1.5205142286140478 16.664306449238211 22.241308651166037 4.1200233781710267 1.7707208432257182 3.5266403020359576 19.91654065559851 0.68465712573379311 0.55475509539246592 0.94677754025906302 1.0480719951447084 0.80260259099304676 0.75678952317684889 0.47273719310760498 1.8838029904291032
leaf_count=1978 136 50 480 199 199 1001 21 256 19344 40 3111 2475 200 80 51 3323 12 9 50 311 24 42 13 200
internal_value=-3.04739e-05 -0.000238016 0.000433285 0.0258594 0.0415682 -0.0100399 0.011011 -0.000109223 0.000227258 -0.0293366 -0.0171563 -0.00841905 -0.00886379 -0.00287045 0.052571 -0.0310177 0.0310136 0.0320692 0.0315737 0.0304756 0.0310074 0.0307001 0.0309779 0.0302512
internal_weight=1332.97 1324.12 1239.24 25.889 17.8249 84.8718 21.4426 1213.35 1199.54 13.8098 63.4292 38.9056 8.06404 16.0738 5.36883 24.5236 8.85224 2.98879 2.30414 5.86344 1.74938 2.93157 1.22953 2.93187
internal_count=33605 32808 20768 648 398 12040 2130 20120 19600 520 9910 5586 250 2058 72 4324 797 95 83 702 74 191 55 511
is_linear=0
shrinkage=0.03


Tree=205
num_leaves=25
num_cat=0
split_feature=22 1 3 1 22 22 19 17 22 3 6 3 3 26 22 5 3 5 5 0 3 2 3 0
split_gain=9.4786 9.50672 23.4071 14.4789 21.9102 13.8449 27.7049 15.8095 12.632 9.89623 8.95069 9.64249 7.25556 3.0214 1.22336 1.14846 0.0220081 0.0150371 0.000386554 0.000223892 0.000180537 0.00012273 2.08707e-05 1.77321e-05
threshold=344.50000000000006 23.865000000000006 21.855000000000004 28.545000000000005 133.50000000000003 328.50000000000006 7.3500000000000005 43.000000000000007 145.50000000000003 16.845000000000002 18.365250000000003 20.315000000000001 21.405000000000005 0.33800000000000013 340.50000000000006 0.9799500000000001 19.345000000000002 0.5807500000000001 0.47535000000000005 1.7450000000000003 17.335000000000004 27.705000000000002 14.675000000000002 1.6850000000000003
decision_type=2 2 2 2 2 2 2 2 2 2 2 2 2 2 2 2 2 2 2 2 2 2 2 2
left_child=1 9 5 4 -4 7 -7 -3 -5 13 11 -11 -12 14 -1 -15 18 19 23 -18 22 -22 -20 -2
right_child=16 2 3 8 -6 6 -8 -9 -10 10 12 -13 -14 15 -16 -17 17 -19 20 -21 21 -23 -24 -25
leaf_value=-0.030712358565803441 -0.030108243969414018 -0.016919338546720571 0.0187298868171248 -0.00025671020279852353 0.0016457155709522736 -0.026082271814923858 0.043483414504968856 -0.00015667532455699909 -0.015007463239537892 0.0034908586255809216 -0.016024634093673277 0.016179687691071556 0.0084596222564134998 -0.020903979616045353 0.0098876831497152744 0.048220594049273459 -0.03024087135400387 -0.03527933196795139 -0.030582977297168107 -0.031134550331699387 -0.031220085172615826 -0.030658656566162977 -0.030294560706518061 -0.030301674325822439
leaf_weight=9.2707346222596207 2.4528061610762948 151.72290441289078 79.098008445347659 179.44519486546051 463.24089553719386 8.9267360747326183 12.185984424781052 76.004285698872991 73.713426417438313 131.022247397108 26.498377068899572 91.570182361407205 18.496051408583298 0.31416636006906518 0.71980857453309077 0.69455098360776901 0.4940367639064791 1.7827235255390403 0.29559964989312015 0.51562744844704866 0.52440499793738116 1.0563041660934684 0.95639609196223319 0.51631812332198013
leaf_count=2788 941 7688 1190 5279 5058 200 214 2753 1655 3147 525 1405 225 60 49 4 80 19 30 17 18 61 121 78
internal_value=-3.0338e-05 0.000173674 -0.00113982 0.00137215 0.00413738 -0.00917015 0.0140701 -0.0113248 -0.00455176 0.00509758 0.00624395 0.0087108 -0.00595979 -0.022791 -0.0277872 0.0266917 -0.0314343 -0.0336226 -0.0303811 -0.0306973 -0.0306318 -0.0308449 -0.0303627 -0.0301419
internal_weight=1331.52 1322.92 1044.34 795.498 542.339 248.84 21.1127 227.727 253.159 278.586 267.587 222.592 44.9944 10.9993 9.99054 1.00872 8.59422 2.79239 5.80183 1.00966 2.8327 1.58071 1.252 2.96912
internal_count=33605 32240 24037 13182 6248 10855 414 10441 6934 8203 5302 4552 750 2901 2837 64 1365 116 1249 97 230 79 151 1019
is_linear=0
shrinkage=0.03


Tree=206
num_leaves=25
num_cat=0
split_feature=0 22 22 19 1 2 22 22 14 22 22 7 2 24 8 1 3 5 3 0 3 4 25 25
split_gain=9.27773 9.08089 17.6394 14.6368 18.9442 14.1414 11.9341 18.9837 9.95492 9.18121 18.4353 8.82531 5.93609 4.82777 3.00754 4.1846 2.62578 1.41321 1.20149 1.02467 0.996989 0.855544 0.603627 1.23951
threshold=14.585000000000003 93.500000000000014 98.500000000000014 6.9500000000000011 30.395000000000003 32.965000000000011 102.50000000000001 104.50000000000001 0.29000000000000009 55.500000000000007 56.500000000000007 74.830400000000012 33.375000000000007 4.5000000000000009 510.00000000000006 25.495000000000001 20.585000000000004 0.82955000000000012 20.845000000000002 14.045000000000002 23.385000000000002 24.515000000000004 -2.3154442558007919 -2.7178225806451608
decision_type=2 2 2 2 2 2 2 2 2 2 2 2 2 2 2 2 2 2 2 2 2 2 2 2
left_child=1 5 3 12 -5 9 8 -8 -4 11 -11 -1 -3 17 18 16 -16 -2 -15 -7 -17 -20 23 -19
right_child=13 2 6 4 -6 19 7 -9 -10 10 -12 -13 -14 14 15 20 -18 22 21 -21 -22 -23 -24 -25
leaf_value=0.0080777639073299819 -0.023270968267840048 0.017316830233506778 -0.038375634056633669 0.053561218141720018 -0.032682516176400125 -0.030552983296390342 0.037000623430350925 -0.00038459336893727686 0.042801368375591689 0.10228295243581316 0.0048676632052172489 -0.021927644342190914 -0.034418545121055716 -0.0042077368229902013 -0.01595520975444133 -0.040693413143774712 0.03077405405631041 0.030868573384967183 0.032178457499593013 0.032403135490264946 -0.012028325571146135 0.0048634291889064216 0.030961546165378682 -0.030421075106235616
leaf_weight=14.06661299994448 0.47692822408862134 3.9581752724479911 11.536901898682114 14.825909936451355 2.7114779788535079 23.018539992917798 12.353844035184009 1165.8856859953958 1.5412433692254133 1.945859814411963 17.229072629590519 23.662489608861506 4.0265410544816405 1.5796296438202286 1.7525791206862757 2.4660270945169032 2.8294831563252956 0.8600001921877265 4.18557408452034 0.23505098349414666 1.9598906161263583 1.3697267591487614 14.179792316164823 0.45361516810953328
leaf_count=2144 15 50 477 191 199 4953 252 18783 40 42 1180 3641 200 22 72 30 124 51 72 6 15 31 1009 6
internal_value=-3.01526e-05 -0.00042455 0.000219725 0.0248973 0.040227 -0.010205 -0.000308952 7.39071e-06 -0.028809 -0.00214998 0.0147533 -0.0107407 -0.00877234 0.0158989 0.00432926 -0.0071951 0.0129007 0.0275935 0.018879 -0.0299166 -0.0279999 0.0254436 0.0291592 0.00970415
internal_weight=1329.11 1297 1216.84 25.5221 17.5374 80.1576 1191.32 1178.24 13.0781 56.904 19.1749 37.7291 7.98472 32.1132 16.1429 9.00798 4.58206 15.9703 7.13493 23.2536 4.42592 5.5553 15.4934 1.31362
internal_count=33605 32158 20192 640 390 11966 19552 19035 517 7007 1222 5785 250 1447 366 241 196 1081 125 4959 45 103 1066 57
is_linear=0
shrinkage=0.03


Tree=207
num_leaves=25
num_cat=0
split_feature=2 9 3 4 1 26 2 22 3 22 22 22 22 18 23 4 3 2 23 5 12 0 1 4
split_gain=9.25875 10.072 14.3721 16.1819 25.1501 10.7124 11.932 17.2112 11.6939 11.2711 20.8947 13.3992 9.13344 8.27794 7.06325 3.08159 1.73325 3.13677 2.76702 0.0650919 0.0404502 0.0974018 0.0332756 0.0267075
threshold=24.835000000000004 3.5000000000000004 19.105000000000004 25.585000000000004 25.045000000000005 -0.26020215053763435 32.555000000000007 314.50000000000006 25.005000000000006 220.50000000000003 198.50000000000003 234.50000000000003 214.50000000000003 34.500000000000007 3.5000000000000004 5.8950000000000005 19.475000000000005 24.155000000000005 3.5000000000000004 0.15125000000000002 0.71000000000000008 10.525 23.165000000000003 6.6650000000000009
decision_type=2 2 2 2 2 2 2 2 2 2 2 2 2 2 2 2 2 2 2 2 2 2 2 2
left_child=16 2 13 4 -4 6 7 -3 -8 10 -7 -11 -5 15 -15 -2 17 23 -19 -18 22 -22 -21 -1
right_child=1 5 3 12 -6 9 8 -9 -10 11 -12 -13 -14 14 -16 -17 19 18 -20 20 21 -23 -24 -25
leaf_value=0.039237384854348835 0.0070686888940354646 0.012582859067119416 0.015382384006387719 -0.0014605548579194739 0.0013628208517472392 -0.0071173641026052552 -0.018033412057263276 -0.022548014044992144 0.057518078560936235 -0.03591436069973096 0.026135390258171933 -0.0097248014608029825 -0.016083957517307318 0.032965110641789058 -0.031339469795037107 -0.026363686944552 0.041998574650368062 0.021019898424485713 -0.034177209347033541 0.03163748602350798 0.00033818524104980258 0.030487648005963812 0.041337194093909235 0.030608450477304965
leaf_weight=0.35915872454643194 2.7217586454935399 87.368936997256242 145.72944174753502 136.67826854379382 549.05189247609815 140.62395545805339 30.196663672744762 14.656365267117506 1.9637197225820262 23.283452549483627 19.34656351339072 71.798711823415942 53.480765592306852 4.8393600087729274 2.2530360026285052 28.088695844693575 0.56867700815200617 1.4952476250473412 1.8029753344599155 7.0426366468891501 0.12479803105816234 0.42438364634290338 0.33337843464687456 3.1907010953873396
leaf_count=2 305 1522 2155 2050 12413 4792 1013 355 35 188 157 1494 548 424 322 4885 3 24 28 587 7 87 15 194
internal_value=-2.98505e-05 -0.000300778 0.00140626 0.00218107 0.00430341 -0.00434798 0.00251353 0.00753616 -0.0134202 -0.00795789 -0.00309583 -0.016138 -0.00557327 -0.0166837 0.0125375 -0.0234103 0.0231405 0.0119105 -0.00915363 0.0321946 0.0314911 0.0236364 0.0320759 0.0314815
internal_weight=1327.42 1312.08 922.843 884.94 694.781 389.238 134.186 102.025 32.1604 255.053 159.971 95.0822 190.159 37.9029 7.0924 30.8105 15.342 6.84808 3.29822 8.49387 7.9252 0.549182 7.37602 3.54986
internal_count=33605 32658 23102 17166 14568 9556 2925 1877 1048 6631 4949 1682 2598 5936 746 5190 947 248 52 699 696 94 602 196
is_linear=0
shrinkage=0.03


Tree=208
num_leaves=25
num_cat=0
split_feature=1 3 1 22 22 22 2 2 5 22 22 3 20 9 22 0 0 3 1 25 0 0 5 0
split_gain=9.11113 13.9588 19.6446 13.5644 25.6527 14.132 12.5643 10.599 7.49835 5.8576 10.5682 7.3342 8.58736 3.39534 18.7723 3.45768 1.33932 1.40783 3.65357 0.958951 0.0124421 0.00730213 0.00135007 0.000205852
threshold=31.665000000000003 25.195000000000004 29.955000000000002 214.50000000000003 236.50000000000003 94.500000000000014 39.375000000000007 29.945000000000004 0.70095000000000007 138.50000000000003 145.50000000000003 26.455000000000002 0.46500000000000002 1.3 105.50000000000001 12.055000000000001 16.865000000000006 27.665000000000003 33.155000000000008 -1.0189516129032257 3.0050000000000003 3.0850000000000004 0.9426500000000001 1.8050000000000004
decision_type=2 2 2 2 2 2 2 2 2 2 2 2 2 2 2 2 2 2 2 2 2 2 2 2
left_child=1 2 3 5 -5 -1 7 -3 -9 16 11 19 -13 14 -4 -15 17 20 -19 -11 -2 23 -23 -12
right_child=9 6 13 4 -6 -7 -8 8 -10 10 21 12 -14 15 -16 -17 -18 18 -20 -21 -22 22 -24 -25
leaf_value=-0.0084831896882673168 -0.030510539910891657 0.085768630949796337 0.10143699947574987 -0.015624058288554248 0.00020658352918768571 0.0050101071768051666 0.085489221515026026 -0.00062036529881582311 0.017315312278419502 -0.033949610176975099 -0.030300338268244836 -0.031664182902070237 0.047150806456826636 -0.027742603382917248 -0.038527703782690978 0.0090090988713977943 0.015894558460675969 0.028801364989942044 -0.031227350898784912 0.0061339740409630406 -0.032232398257628907 -0.031956187214965272 -0.033144774611354788 -0.030826817460869411
leaf_weight=80.222485839272849 7.2130996820051276 1.6381938997656096 1.2388810088159505 117.64523907960393 424.68852526246337 540.63822112581693 2.0420435694977632 40.280963359866291 43.778146706521511 2.2015934549272065 2.1842631441541012 1.5505534512922166 6.296876413282007 30.866962510393932 2.8382022348232567 2.4897856116294852 0.67273902520537276 1.35233475989662 2.8057784348493442 0.71052171406336295 7.9285190044902265 2.0858411956578498 1.4635628648102281 0.9631177820265292
leaf_count=11597 993 15 75 1370 8322 7315 24 866 286 54 308 64 76 1601 72 20 5 30 223 24 165 40 21 39
internal_value=-2.93648e-05 0.000394524 -0.000449623 0.000238782 -0.00322746 0.00326661 0.0119459 0.0101934 0.00872057 -0.0146204 -0.00192583 0.0164896 0.031578 -0.0218407 0.00400261 -0.0249994 -0.0257157 -0.0271661 -0.0117043 -0.0241697 -0.0314121 -0.0315134 -0.0324463 -0.0304614
internal_weight=1325.8 1288.37 1200.63 1163.19 542.334 620.861 87.7393 85.6973 84.0591 37.4288 17.4563 10.7595 7.84743 37.4338 4.07708 33.3567 19.9725 19.2997 4.15811 2.91212 15.1416 6.69678 3.5494 3.14738
internal_count=33605 31563 30372 28604 9692 18912 1191 1167 1152 2042 626 218 140 1768 147 1621 1416 1411 253 78 1158 408 61 347
is_linear=0
shrinkage=0.03


Tree=209
num_leaves=25
num_cat=0
split_feature=22 1 3 4 1 22 12 3 3 1 6 3 3 3 0 2 22 5 5 0 3 2 4 0
split_gain=9.09574 9.23726 22.4597 14.6067 20.6655 10.7656 17.5139 10.3291 9.32028 8.89309 8.65448 9.15479 6.96874 0.0199782 0.0136262 0.0070611 0.00175699 0.00120605 0.000338306 0.000176999 0.000156581 6.4216e-05 4.01663e-05 1.56075e-05
threshold=344.50000000000006 23.865000000000006 20.965000000000003 25.585000000000004 26.615000000000006 328.50000000000006 0.81000000000000016 21.985000000000003 16.125000000000004 24.455000000000002 18.365250000000003 20.315000000000001 21.405000000000005 19.345000000000002 4.1350000000000007 24.835000000000004 298.50000000000006 0.5727000000000001 0.47535000000000005 1.7450000000000003 17.965000000000003 28.595000000000002 13.565000000000003 1.6850000000000003
decision_type=2 2 2 2 2 2 2 2 2 2 2 2 2 2 2 2 2 2 2 2 2 2 2 2
left_child=1 8 5 4 -4 9 -7 -5 15 -3 11 -10 -12 18 17 -1 -17 19 23 -15 22 -22 -20 -2
right_child=13 2 3 7 -6 6 -8 -9 10 -11 12 -13 -14 14 -16 16 -18 -19 20 -21 21 -23 -24 -25
leaf_value=-0.036017826173292952 -0.030103793697450372 -0.0047268380393214841 0.0084038162817131907 -0.026026606703673565 -0.0018400786400742063 -0.0031489489354872952 0.088016408498235874 -0.004404908964704312 0.0033156571415109133 -0.023522855553844532 -0.015707795773085356 0.01565748136481589 0.0082339627887684369 -0.030235787469466254 -0.035427039345209167 -0.03018962258719303 -0.03167601468006552 -0.03284700229481391 -0.030289043073468587 -0.031060958724764394 -0.031143211839778018 -0.030643449756107045 -0.030574990648189776 -0.030289247919488206
leaf_weight=0.20695935259573062 2.3415915839723298 34.309317881532479 300.60227932455018 22.574279534514062 431.87919532891829 13.952666372526439 2.1948982682079068 166.92238912021276 133.65607939840993 66.694199502526317 27.107409139745869 90.86640197224915 18.347539505688474 0.48090161429718159 1.4944881945848463 5.4299154629115947 0.82438663044013072 0.29146549664437771 0.84165809513069711 0.45558867044746876 0.51570789515972126 0.41973001230508089 0.93132093758322299 0.49469850887544442
leaf_count=13 941 1445 3639 325 9758 304 28 2273 3740 6265 709 1405 225 80 15 2064 47 5 110 16 17 23 80 78
internal_value=-2.94265e-05 0.0001677 -0.00112888 0.000443291 0.0023639 -0.0135019 0.00924293 -0.00698065 0.00504154 -0.0171381 0.00589372 0.00831051 -0.00604389 -0.0313985 -0.0335032 -0.030566 -0.0303855 -0.0311617 -0.0303651 -0.0306372 -0.0306049 -0.030919 -0.0304392 -0.0301361
internal_weight=1323.84 1315.57 1039.13 921.978 732.481 117.151 16.1476 189.497 276.439 101.004 269.977 224.522 45.4549 8.26715 2.72244 6.46126 6.2543 1.22796 5.54471 0.93649 2.70842 0.935438 1.77298 2.83629
internal_count=33605 32240 24037 15995 13397 8042 332 2598 8203 7710 6079 5145 934 1365 116 2124 2111 101 1249 96 230 40 190 1019
is_linear=0
shrinkage=0.03


Tree=210
num_leaves=25
num_cat=0
split_feature=0 24 4 1 3 7 1 3 1 22 26 22 23 15 1 3 1 4 22 3 2 14 5 0
split_gain=8.90822 17.2955 9.29536 10.8227 15.4112 20.5618 14.8434 11.3964 12.4011 10.5301 15.1564 13.3068 9.03692 9.68326 7.1007 9.72415 9.56818 6.95029 6.35437 6.12241 4.87165 4.6854 4.64976 2.58087
threshold=9.4850000000000012 3.5000000000000004 24.745000000000001 30.735000000000003 24.645000000000003 76.966650000000016 27.355000000000004 27.005000000000006 33.32500000000001 216.50000000000003 0.17703225806451614 172.50000000000003 3.5000000000000004 0.03500000000000001 27.575000000000003 21.295000000000005 24.905000000000005 28.255000000000006 208.50000000000003 22.975000000000005 35.665000000000006 0.11000000000000001 0.18255000000000002 10.255000000000001
decision_type=2 2 2 2 2 2 2 2 2 2 2 2 2 2 2 2 2 2 2 2 2 2 2 2
left_child=2 23 3 4 6 -6 -1 20 -9 10 11 -4 22 -14 15 16 -3 -12 -17 -16 -5 -21 -11 -2
right_child=1 14 9 7 5 -7 -8 8 -10 12 17 -13 13 -15 19 18 -18 -19 -20 21 -22 -23 -24 -25
leaf_value=0.0021188084123988328 0.011377311036124155 0.0046085358645149418 -0.0080871185523020261 0.073616754122743516 0.035800486895797401 0.0035364194536204592 -0.0080261658455060003 0.02302804045903795 -0.031156511969227679 0.0072255082530922757 -0.0048224683182051991 0.0094844111178528645 -0.014191511958021347 0.021436903843463341 -0.03635403205106004 0.032653463798844248 -0.037740689795097052 -0.034766498385112761 0.005892364083184708 -0.034550441268313067 -0.024105301251652375 0.0016433673130383099 -0.032459846080391035 0.030455331666601131
leaf_weight=646.96358295565005 8.4724951821845007 16.385960364015776 70.760867698932998 0.46541240066289802 25.957913723308593 56.408804657869041 162.37703429715475 12.578449675347658 5.4479601348284623 2.9545506968861472 12.027241677744316 85.844163097906858 32.62924194149673 8.6949795968830568 6.6555492929182973 14.239381128223611 6.7917034733109167 16.611841075879056 18.182580195367336 3.8054289370775249 33.998339991318062 20.888550716452301 26.395331305102445 25.861824470339343
leaf_count=18581 147 487 1930 4 287 615 4901 284 425 83 241 669 343 73 85 327 137 191 242 34 1854 171 268 1226
internal_value=-2.91677e-05 0.00771921 -0.000812217 0.000562337 0.0013416 0.0137045 8.34344e-05 -0.0126759 0.00665233 -0.00588357 -0.0021248 0.00154484 -0.0157357 -0.00669498 0.000600207 0.00703773 -0.00780097 -0.0221912 0.0176456 -0.010817 -0.0227856 -0.00393423 -0.0284649 0.0257476
internal_weight=1321.4 121.283 1200.12 944.197 891.707 82.3667 809.341 52.4902 18.0264 255.918 185.244 156.605 70.6741 41.3242 86.9492 55.5996 23.1777 28.6391 32.422 31.3495 34.4638 24.694 29.3499 34.3343
internal_count=33605 2856 30749 26951 24384 902 23482 2567 709 3798 3031 2599 767 416 1483 1193 624 432 569 290 1858 205 351 1373
is_linear=0
shrinkage=0.03


Tree=211
num_leaves=25
num_cat=0
split_feature=22 2 9 26 26 22 1 3 3 22 5 3 2 5 3 5 5 0 3 2 4 0 3 3
split_gain=8.82871 8.84424 9.63927 13.4891 20.132 13.0769 10.5686 18.8804 18.1494 1.68381 1.76325 1.22782 3.05955 0.0522146 0.0183264 0.0124663 0.000311604 0.000189084 0.000144206 5.91314e-05 3.69625e-05 1.43821e-05 8.10243e-06 2.88602e-06
threshold=344.50000000000006 24.835000000000004 3.5000000000000004 0.17703225806451614 0.26633870967741941 328.50000000000006 25.695000000000004 22.395000000000003 24.645000000000003 168.50000000000003 0.64175000000000015 19.055000000000003 24.515000000000004 0.15125000000000002 19.345000000000002 0.5807500000000001 0.47535000000000005 1.7450000000000003 17.965000000000003 28.595000000000002 13.565000000000003 1.6850000000000003 18.355000000000004 17.585000000000004
decision_type=2 2 2 2 2 2 2 2 2 2 2 2 2 2 2 2 2 2 2 2 2 2 2 2
left_child=1 9 3 5 -5 -3 7 -4 -8 10 -1 12 -11 -13 16 17 21 -16 20 -20 -18 23 -23 -2
right_child=14 2 6 4 -6 -7 8 -9 -10 11 -12 13 -14 -15 15 -17 18 -19 19 -21 -22 22 -24 -25
leaf_value=-0.030535637644023436 -0.030071523846372978 0.002833111173820234 -0.0035466768796752813 -0.025567821956190312 -0.00093925414939851227 0.022701075086697362 -0.01622629488160714 0.022549600370608942 0.020321772057723016 0.032835031848754713 0.028660314147799432 0.040270687226628785 -0.028155832714763421 0.031695331475389374 -0.030228001239390616 -0.034944115282917257 -0.030281178963948423 -0.031072372810055208 -0.031111816425945526 -0.030625808618757543 -0.030559263374055609 -0.030205512871516405 -0.030481284403370928 -0.030139795625630947
leaf_weight=1.0006960548926134 1.3011052989168082 641.00168865890009 241.85510828910628 34.967944191419519 204.93402087350842 31.269751992076635 99.935368740407284 27.821821204386652 13.933538390207103 2.0608855118043712 0.82723532104864705 0.68740478157997031 1.1551461629569533 9.0831667368765903 0.46692118141800198 1.6970801353454588 0.81910511432215594 0.48830719478428364 0.50231998041272152 0.40855848789215088 0.90599042526446283 0.34899963671341527 0.13221166748553514 0.9747410399140789
leaf_count=29 685 15793 5661 1370 4438 557 2954 268 259 122 16 4 8 761 80 19 110 17 17 23 80 68 10 256
internal_value=-2.87538e-05 0.000163584 -9.99374e-05 0.00157793 -0.0045291 0.00375724 -0.00409035 -0.000854396 -0.0117541 0.0232119 -0.00374635 0.0270064 0.0109281 0.0322986 -0.0313594 -0.0334011 -0.0303552 -0.0306596 -0.0305885 -0.0308938 -0.0304272 -0.0301323 -0.0302813 -0.0301008
internal_weight=1318.58 1310.53 1295.72 912.173 239.902 672.271 383.546 269.677 113.869 14.8145 1.82793 12.9866 3.21603 9.77057 8.04534 2.65231 5.39303 0.955228 2.63597 0.910878 1.7251 2.75706 0.481211 2.27585
internal_count=33605 32240 31300 22158 5808 16350 9142 5929 3213 940 45 895 130 765 1365 116 1249 97 230 40 190 1019 78 941
is_linear=0
shrinkage=0.03


Tree=212
num_leaves=21
num_cat=0
split_feature=0 25 22 21 22 22 6 23 1 3 6 0 2 5 1 10 1 1 2 25
split_gain=8.71214 8.71238 9.24249 30.7963 29.1846 23.5205 20.3014 14.5475 12.0851 7.08152 5.78655 4.99874 4.73164 2.26394 2.25378 0.00570696 0.00322411 0.00308793 0.00108957 0.000269123
threshold=20.515000000000004 -2.241774193548387 262.50000000000006 9.5000000000000018 216.50000000000003 300.50000000000006 16.455100000000005 2.5000000000000004 29.375000000000004 26.865000000000006 18.100050000000003 2.4550000000000005 29.235000000000003 0.9678500000000001 32.445000000000007 85.000000000000014 30.675000000000004 31.095000000000002 33.125000000000007 -0.62209677419354825
decision_type=2 2 2 2 2 2 2 2 2 2 2 2 2 2 2 2 2 2 2 2
left_child=1 9 4 6 8 -5 -4 -6 -3 10 12 17 -1 -12 -13 -2 18 -11 19 -17
right_child=15 2 3 5 7 -7 -8 -9 -10 11 13 14 -14 -15 -16 16 -18 -19 -20 -21
leaf_value=0.010365913468819469 0.03346518541523047 0.0042506699110729353 -0.0034261198288542656 -0.016794473715026296 -0.018018238452207461 0.0065538224649895754 0.035366190365249933 -0.003520237208452604 -0.0055159481404404515 -0.034082744161112302 -0.032544474313404743 0.05019739326669985 -0.010626497267359029 -0.0094131361019795835 0.011757546515424058 0.030645553020760958 0.033938292729653811 -0.030747918096072375 0.031534694329324223 0.030240469127634884
leaf_weight=11.531812120229004 0.7697958815842848 566.78321508207591 16.934922132175416 55.13341186766047 106.21950176008977 131.32379902584944 42.89717856538482 150.61060340097174 142.7430929482216 0.33228670246899028 13.399110087018927 3.0648770928382874 59.641930897603743 5.3200466936686999 2.4863938707858324 3.4515446831937875 0.27468949742615212 1.0078838916961101 1.0150907654315231 2.5789534247014676
leaf_count=588 28 15281 160 1440 1247 3643 463 1634 4989 5 907 15 2226 90 35 236 4 85 31 498
internal_value=-2.82129e-05 -0.000219965 0.000471363 0.0056593 -0.000850854 -0.00035002 0.0243864 -0.0095163 0.00228581 -0.00888186 -0.0111287 0.0204264 -0.00722524 -0.0259705 0.0329803 0.0310081 0.0307497 -0.0315748 0.0306254 0.0304723
internal_weight=1317.52 1309.43 1212.65 246.289 966.356 186.457 59.8321 256.83 709.526 96.7843 89.8929 6.89144 71.1737 18.7192 5.55127 8.09007 7.32028 1.34017 7.04559 6.0305
internal_count=33605 32808 28857 5706 23151 5083 623 2881 20270 3951 3811 140 2814 997 50 797 769 90 765 734
is_linear=0
shrinkage=0.03


Tree=213
num_leaves=25
num_cat=0
split_feature=22 0 24 1 3 25 19 22 2 3 22 2 0 0 1 11 3 5 5 0 3 2 4 0
split_gain=8.59484 8.56443 19.0045 8.28983 11.8721 7.47288 7.14836 25.4701 9.40954 6.91892 5.87538 4.37911 4.16247 4.10451 4.78559 0.37765 0.0170128 0.0115484 0.000289428 0.000174413 0.000133041 5.50262e-05 3.45604e-05 1.34088e-05
threshold=344.50000000000006 5.6150000000000011 2.5000000000000004 23.205000000000002 21.155000000000005 -2.241774193548387 7.3500000000000005 328.50000000000006 35.665000000000006 27.275000000000002 316.50000000000006 26.485000000000003 2.4550000000000005 7.9050000000000011 26.055000000000003 -53.999999999999993 19.345000000000002 0.5807500000000001 0.47535000000000005 1.7450000000000003 17.965000000000003 28.595000000000002 13.565000000000003 1.6850000000000003
decision_type=2 2 2 2 2 2 2 2 2 2 2 2 2 2 2 2 2 2 2 2 2 2 2 2
left_child=1 5 13 10 -5 9 8 -8 -7 11 -4 -1 -11 14 -3 -15 18 19 23 -18 22 -22 -20 -2
right_child=16 2 3 4 -6 6 7 -9 -10 12 -12 -13 -14 15 -16 -17 17 -19 20 -21 21 -23 -24 -25
leaf_value=0.052292573506578441 -0.030098213307570728 0.026214446162392598 0.021483906998850257 -0.015407257630372611 0.0022299510755741147 -0.0015234205389115369 0.0009017650036147178 0.039092256374998177 -0.014887326741089323 -0.031102792012461279 -0.010279158319961058 -0.016540202421189726 0.045864201910099635 0.018663388285617855 0.0025026535542352619 0.031275365409384685 -0.030222630139720406 -0.034815539388372403 -0.030274214935879996 -0.031043926544361791 -0.031083941148751973 -0.030609229459789281 -0.030546646728373466 -0.030274775209901274
leaf_weight=0.84672110225073893 2.217487042129505 14.127950994763525 26.59034892776981 41.40784053306561 201.48854624386877 503.22921941411914 353.51730517193209 16.448020292678848 52.351031421450898 0.8229244621470565 6.5279656881466499 47.316175748768728 2.7313115354627371 2.3773886598646667 16.733479318208992 21.11559157143347 0.45550326653756235 1.6613186094909904 0.79724985663779102 0.47579113021492958 0.4905429771170019 0.39811738766729832 0.8835319287609309 0.4689870411530136
leaf_count=38 941 276 948 754 1922 11520 9444 317 2778 65 54 2884 26 87 158 969 80 19 110 17 17 23 80 78
internal_value=-2.757e-05 0.000160296 0.00433604 0.00114302 -0.000776758 -0.00125134 -0.000631214 0.00259965 -0.00278267 -0.0123492 0.0152231 -0.0153301 0.0280438 0.0205504 0.0133576 0.0299991 -0.0313277 -0.0333164 -0.0303468 -0.0306422 -0.0305744 -0.0308713 -0.0304174 -0.030129
internal_weight=1315.48 1307.63 330.369 276.015 242.896 977.263 925.546 369.965 555.58 51.7171 33.1183 48.1629 3.55424 54.3544 30.8614 23.493 7.84853 2.59261 5.25592 0.931294 2.56944 0.88866 1.68078 2.68647
internal_count=33605 32240 5168 3678 2676 27072 24059 9761 14298 3013 1002 2922 91 1490 434 1056 1365 116 1249 97 230 40 190 1019
is_linear=0
shrinkage=0.03


Tree=214
num_leaves=24
num_cat=0
split_feature=2 22 22 22 22 2 2 22 22 6 22 22 25 0 18 22 18 0 0 22 7 0 0
split_gain=8.40167 9.92345 18.9014 37.8303 28.797 18.305 15.814 15.2959 14.8926 13.4053 14.5126 13.7608 6.2382 6.17631 2.55239 1.02847 4.19366 0.552566 0.0118589 0.0102113 0.00144459 0.000589237 0.000416448
threshold=40.545000000000009 208.50000000000003 262.50000000000006 274.50000000000006 300.50000000000006 28.495000000000001 26.735000000000003 252.50000000000003 198.50000000000003 18.920200000000005 194.50000000000003 89.500000000000014 0.906241935483871 1.0950000000000004 34.500000000000007 142.50000000000003 34.500000000000007 18.420000000000005 3.1750000000000003 137.50000000000003 75.322650000000024 2.4850000000000008 2.1650000000000005
decision_type=2 2 2 2 2 2 2 2 2 2 2 2 2 2 2 2 2 2 2 2 2 2 2
left_child=1 8 6 5 -5 -4 12 -8 9 11 -11 -1 -3 -10 -15 17 20 18 21 -20 -17 -2 -22
right_child=15 2 3 4 -6 -7 7 -9 13 10 -12 -13 -14 14 -16 16 -18 -19 19 -21 22 -23 -24
leaf_value=-0.0093184738374595174 -0.030371608457464276 0.0017759428733213952 -0.004433536774013697 -0.019678036974075618 0.004327675717272563 0.032439637622507067 -0.0070716296232110976 -0.025270519397291458 0.10798555812682797 -0.010882289924972264 -0.091573970409994668 0.0045149030510499349 0.026350581432385715 0.033918447843431503 0.00072521278512633052 -0.033034618796755663 0.05618983297027412 0.0039416640322096673 -0.031992539095472845 -0.035306187576928424 -0.030369521468269278 -0.031248663753413293 -0.031532367249082156
leaf_weight=72.824666233733296 3.1944765980588237 40.426032427698374 16.167232131818309 64.889710726798512 146.53335965750739 48.364940416999161 215.29899016441777 51.509096439927816 0.91894602775573631 35.472756617760751 2.1262327237054697 581.45708772039507 12.073080191621555 10.983642162173053 2.5734144048765293 0.53115547774359528 0.66434766817837942 0.40899439156055528 3.5112655991688371 1.0989203639328478 0.39740331820212282 0.8791433130390941 0.91621064394712448
leaf_count=10664 493 359 255 1690 4225 525 2261 531 6 1730 20 9632 359 596 48 10 14 2 74 10 49 31 21
internal_value=-2.69623e-05 0.000199585 -0.00265385 0.00309655 -0.00304013 0.0232018 -0.00762353 -0.010585 0.00260424 0.00197415 -0.0154454 0.00297518 0.00742731 0.0327195 0.0276177 -0.0254433 -0.00843969 -0.0301353 -0.0317403 -0.0327824 -0.0317144 -0.0305609 -0.0311806
internal_weight=1313.22 1301.62 595.262 275.955 211.423 64.5322 319.307 266.808 706.357 691.881 37.599 654.282 52.4991 14.476 13.5571 11.6019 2.50912 9.0928 8.68381 4.61019 1.84477 4.07362 1.31361
internal_count=33605 32901 10205 6695 5915 780 3510 2792 22696 22046 1750 20296 718 650 644 704 94 610 608 84 80 524 70
is_linear=0
shrinkage=0.03


Tree=215
num_leaves=25
num_cat=0
split_feature=22 17 22 22 22 16 22 7 22 22 11 22 23 22 17 13 2 0 0 2 22 0 4 5
split_gain=8.44854 18.6827 13.5245 33.6867 54.5685 31.2903 19.9026 19.6471 16.7998 16.63 9.49623 9.96137 8.4888 7.9909 8.3203 5.08801 2.44108 0.461118 0.197228 0.195858 0.183777 0.0397479 0.0333947 0.00463911
threshold=336.50000000000006 44.500000000000007 326.50000000000006 314.50000000000006 310.50000000000006 41.000000000000007 328.50000000000006 73.984100000000012 274.50000000000006 330.50000000000006 -1.0000000180025095e-35 344.50000000000006 3.5000000000000004 328.50000000000006 43.000000000000007 0.055000000000000007 25.635000000000002 3.7550000000000003 2.6950000000000007 29.525000000000002 340.50000000000006 2.1050000000000004 31.385000000000002 0.77595000000000014
decision_type=2 2 2 2 2 2 2 2 2 2 2 2 2 2 2 2 2 2 2 2 2 2 2 2
left_child=2 16 3 4 8 13 -7 -6 -1 -8 22 12 -12 14 -4 -15 -2 21 -18 -19 -20 -5 23 -3
right_child=1 10 5 17 7 6 9 -9 -10 -11 11 -13 -14 15 -16 -17 18 19 20 -21 -22 -23 -24 -25
leaf_value=0.00053565093903819208 0.021825730287023278 -0.030876229815838967 -0.024167201816457966 -0.030722937409996834 0.106123471672865 -0.035723676325741423 0.10772338205191911 0.033027743842083186 -0.0129576087728695 0.039371376203212509 0.028446622876436581 -0.031193373535775684 0.10911715596565685 0.019239925166142126 0.040646242685443514 -0.020157452791329206 -0.030935877786955338 -0.046760517662064502 -0.041497855489804517 -0.037877137848197934 -0.033629695223479479 -0.034118992157955601 -0.040595359546064282 -0.034314198428267197
leaf_weight=1099.9453376928577 0.71914177190047368 0.81879164016572781 2.5280081557575631 7.5699522334616649 3.9505685465410378 2.1797841778025058 4.7305253874510518 20.392984552076086 89.826814523315988 9.9245789027772826 3.123504947870968 1.4227422996191306 1.8809251578059045 3.5963921989314285 6.0454685417935252 16.420379711547866 8.0548732602619584 3.2119619045406562 4.8202082850038988 7.3340917360037565 5.9939681757241488 5.254949688911438 0.64002270624041546 0.6212723022326827
leaf_count=27690 38 130 50 621 40 40 40 220 2340 120 40 210 40 80 40 280 1174 18 38 64 200 77 4 11
internal_value=-2.63072e-05 -0.0163001 0.000330086 -0.000260062 0.000426671 0.0164071 0.0488547 0.04489 -0.000483079 0.0614347 0.0208214 0.0388529 0.0587668 -0.0026991 0.0215351 -0.013079 -0.0324222 -0.0359357 -0.0344897 -0.0405827 -0.0371368 -0.0321145 -0.0348936 -0.0323594
internal_weight=1311.01 28.0955 1282.91 1237.49 1214.12 45.4251 16.8349 24.3436 1189.77 14.6551 8.50726 6.42717 5.00443 28.5902 8.57348 20.0168 19.5882 23.371 18.869 10.5461 10.8142 12.8249 2.08009 1.44006
internal_count=33605 1885 31720 31070 30290 650 200 260 30030 160 435 290 80 450 90 360 1450 780 1412 82 238 698 145 141
is_linear=0
shrinkage=0.03


Tree=216
num_leaves=20
num_cat=0
split_feature=0 1 3 7 1 3 10 22 22 3 3 3 0 0 10 2 25 2 2
split_gain=8.28828 8.0982 13.1948 14.1933 14.0245 14.3346 12.7864 5.76303 10.0779 6.66219 5.68422 1.3218 1.00667 0.00672415 0.00556076 0.00289375 0.000331613 0.000134484 2.64535e-05
threshold=20.515000000000004 31.665000000000003 25.775000000000002 73.984100000000012 29.955000000000002 23.455000000000002 100.00000000000001 138.50000000000003 145.50000000000003 26.455000000000002 25.605000000000004 29.600000000000005 16.865000000000006 3.0850000000000004 85.000000000000014 34.465000000000011 -0.62209677419354825 30.495000000000001 25.845000000000002
decision_type=2 2 2 2 2 2 2 2 2 2 2 2 2 2 2 2 2 2 2
left_child=1 2 4 -4 5 -1 -5 11 9 -9 -6 12 -3 -10 -2 16 17 -16 -18
right_child=14 7 3 6 10 -7 -8 8 13 -11 -12 -13 -14 -15 15 -17 18 -19 -20
leaf_value=-0.001487849489469665 0.033453265022869806 -0.028255783764418715 0.10468856810953495 0.024761273620035801 -0.018347925905669991 0.0065149813716110097 -0.009509806507286233 -0.02366953473423801 -0.030437867904212754 0.03020236417209423 0.018633880606767572 0.023615284799134249 0.012401449622212684 -0.032389692005604216 0.030498962782250661 0.032367756270093494 0.030106301535808282 0.030862428625395542 0.030308407714695382
leaf_weight=909.56164610362612 0.74598482018336554 17.765918200835593 1.5726034427061666 28.410880018491298 48.809072746546008 258.73916449886747 14.955652004340662 2.796161525417121 2.9688538799528024 7.9120877548120916 4.0510230425279579 0.47638896852731605 0.56554107926785846 3.4167286157608032 1.8364037766586987 0.85018044430762518 0.95802224939689118 1.8283801646903155 1.4884242031257597
leaf_count=25318 28 1385 19 244 2022 2739 351 78 347 140 74 26 4 61 161 20 328 87 173
internal_value=-2.66357e-05 -0.000210253 0.00018816 0.0161529 -0.000399349 0.000284507 0.0129423 -0.0142606 -0.00165279 0.0161352 -0.0155138 -0.0257194 -0.0270015 -0.0314822 0.0309917 0.0307279 0.0304997 0.0306803 0.0302293
internal_weight=1309.71 1302 1266.1 44.9391 1221.16 1168.3 43.3665 35.9017 17.0938 10.7082 52.8601 18.8078 18.3315 6.38558 7.7074 6.96141 6.11123 3.66478 2.44645
internal_count=33605 32808 30767 614 30153 28057 595 2041 626 218 2096 1415 1389 408 797 769 749 248 501
is_linear=0
shrinkage=0.03


Tree=217
num_leaves=25
num_cat=0
split_feature=2 3 1 1 22 3 8 26 26 26 26 23 23 26 26 4 3 1 22 5 5 12 0 3
split_gain=8.17667 8.78947 16.4649 11.6672 27.7988 26.5784 19.5117 16.0465 13.3907 9.0591 15.2701 10.001 7.78241 6.47305 8.05375 3.38914 1.71346 3.02252 1.17749 0.317322 0.0520006 0.0448259 0.110353 0.0267894
threshold=24.835000000000004 20.465000000000003 24.245000000000001 26.615000000000006 123.50000000000001 22.815000000000001 473.50000000000006 0.31670967741935491 0.37422580645161313 -0.29351612903225816 -0.26020215053763435 1.5000000000000002 3.5000000000000004 -0.0379129032258066 0.011666666666666834 31.385000000000002 19.475000000000005 20.975000000000005 266.50000000000006 0.25315000000000004 0.15125000000000002 0.71000000000000008 10.055000000000001 22.365000000000006
decision_type=2 2 2 2 2 2 2 2 2 2 2 2 2 2 2 2 2 2 2 2 2 2 2 2
left_child=16 2 9 4 12 8 -6 -7 -5 11 -11 -2 -3 15 -15 -4 17 18 19 -1 -18 23 -23 -22
right_child=1 3 13 5 6 7 -8 -9 -10 10 -12 -13 -14 14 -16 -17 20 -19 -20 -21 21 22 -24 -25
leaf_value=-0.0024127414127324128 0.014708097876293496 0.014916084854559988 -0.031717106525152861 -0.022143208201054431 0.023309383603789972 0.0024932626971246635 0.00062178085545515674 -0.017016338390180984 0.018742762465852436 0.020105662731904773 -0.0035265235601461796 -0.032589937664933046 0.044519444642215647 0.025150046825079059 -0.018490970619445577 0.078583079018908666 0.040943770563835143 -0.028130383478455451 -0.0087935234634446517 0.030681529678303468 0.031581944021486022 -0.0036100136515020268 0.030459333233406882 0.040569346638001942
leaf_weight=0.27918701269663682 5.4764269643928882 14.78370927472133 27.104934246803172 73.463518129021395 36.666096832603216 384.75775215483736 490.57576453126967 42.093526670243591 7.9938136187847695 30.608600629144348 125.52420979703311 15.164815925643778 17.398071487550624 4.8797503660898682 17.293409908539616 0.253054877393878 0.54949106276035298 1.3854020433500407 0.9295895097311585 3.9502131787594408 6.4310000499244779 0.11171025503426779 0.36560221947729588 0.31302379455883045
leaf_count=12 208 373 3064 3428 529 7267 5619 966 211 356 7207 520 308 340 2251 11 3 14 17 205 584 6 88 18
internal_value=-2.63488e-05 -0.000275792 -0.00564627 0.000862477 0.00385175 -0.0024274 0.00219955 0.000569342 -0.0181309 -0.00136293 0.00110638 -0.0200411 0.0309202 -0.0209333 -0.00888669 -0.0306969 0.0225223 0.0112125 0.0217776 0.0284969 0.0320472 0.0313703 0.0224857 0.0319991
internal_weight=1308.35 1294.04 226.305 1067.73 559.424 508.309 527.242 426.851 81.4573 176.774 156.133 20.6412 32.1818 49.5311 22.1732 27.358 14.3152 6.54439 5.15899 4.2294 7.77083 7.22134 0.477312 6.74402
internal_count=33605 32658 13957 18701 6829 11872 6148 8233 3639 8291 7563 728 681 5666 2591 3075 947 248 234 217 699 696 94 602
is_linear=0
shrinkage=0.03


Tree=218
num_leaves=25
num_cat=0
split_feature=3 1 3 22 22 22 22 22 3 22 4 18 23 5 26 26 6 5 22 4 4 5 25 1
split_gain=8.15268 10.3101 21.651 11.74 22.0614 15.058 10.5705 8.47215 12.9096 8.16579 7.74054 6.64844 7.32859 4.53396 3.02365 2.40321 2.30868 1.04945 0.29167 1.88261 4.07091 0.0805158 0.00984493 0.00804744
threshold=16.845000000000002 23.205000000000002 19.605000000000004 144.50000000000003 127.50000000000001 262.50000000000006 121.50000000000001 74.500000000000014 19.295000000000005 146.50000000000003 18.585000000000004 33.500000000000007 2.5000000000000004 0.79420000000000013 0.33800000000000013 0.39394731182795689 17.728850000000005 0.9799500000000001 340.50000000000006 18.515000000000004 18.585000000000004 0.86035000000000006 -0.41918279569892464 20.975000000000005
decision_type=2 2 2 2 2 2 2 2 2 2 2 2 2 2 2 2 2 2 2 2 2 2 2 2
left_child=14 6 11 4 -4 -5 7 8 -2 13 -11 15 -13 -8 18 -3 -9 21 22 -20 -21 -16 -1 -24
right_child=1 2 3 5 -6 -7 9 16 -10 10 -12 12 -14 -15 17 -17 -18 -19 19 20 -22 -23 23 -25
leaf_value=-0.030305685743081939 -0.0017331428201359754 -0.027150548015910568 -0.0023063942617895109 -0.0045121840188014446 0.012930279750898376 0.0052690367545933431 -0.042473708811088882 0.071626574540736176 0.090739884353632866 0.013830305090539596 -0.00076714405716341071 -0.033050998168503078 0.025172828722049227 0.014828868845124221 -0.030168447792296701 0.0049642713471996745 0.036083102912419021 0.047088409919960883 -0.030340971165080669 0.16508102501922625 -0.030218670614961259 0.0042163189737257703 -0.037442857036752202 -0.031556400199157363
leaf_weight=8.2136564100510405 8.6832989703398216 38.151826816494577 186.56958124687662 555.53310769819655 157.91579550178722 190.13374213164207 4.8968634102493516 3.7670108173042527 1.6107481471262861 63.908101064735092 66.935488279908895 3.0615527493064274 5.3379108557710424 1.6653429130092261 0.21291223273146975 2.2190988708171053 2.9192760317819193 0.68537387065589428 2.2185013425187221 0.14870353043079365 0.27132251334842294 0.086065627168864012 0.31698790192603787 0.61369113752152771
leaf_count=3105 850 4132 8277 6736 2144 3611 34 39 14 1341 1239 348 522 39 62 219 89 4 664 1 75 5 2 53
internal_value=-2.62706e-05 0.000209226 -0.00077696 9.79189e-05 0.00467826 -0.00201812 0.00748442 0.0298147 0.0127365 0.00472488 0.00636271 -0.0203329 0.0039506 -0.0279316 -0.0238819 -0.0253853 0.0561081 0.0266295 -0.0281016 -0.0193147 0.0389241 -0.0202702 -0.030637 -0.0335613
internal_weight=1306.08 1293.31 1138.92 1090.15 344.485 745.667 154.386 16.9803 10.294 137.406 130.844 48.7704 8.39946 6.56221 12.7672 40.3709 6.68629 0.984352 11.7829 2.63853 0.420026 0.298978 9.14434 0.930679
internal_count=33605 29634 25989 20768 10421 10347 3645 992 864 2653 2580 5221 870 73 3971 4351 128 71 3900 740 76 67 3160 55
is_linear=0
shrinkage=0.03


Tree=219
num_leaves=23
num_cat=0
split_feature=2 22 22 22 22 6 2 22 22 6 22 22 3 0 18 22 18 0 22 0 7 0
split_gain=8.0205 9.29757 17.5989 35.2513 26.6133 17.3915 14.6874 14.528 14.2945 12.4584 13.0095 12.5136 6.3733 5.48292 2.52343 1.02432 3.83941 0.527231 0.012081 0.00428933 0.00143368 0.00035833
threshold=40.545000000000009 208.50000000000003 262.50000000000006 274.50000000000006 300.50000000000006 17.220550000000003 26.735000000000003 252.50000000000003 198.50000000000003 18.920200000000005 194.50000000000003 89.500000000000014 20.035000000000004 1.0950000000000004 34.500000000000007 142.50000000000003 34.500000000000007 18.420000000000005 138.50000000000003 3.0850000000000004 75.322650000000024 2.1650000000000005
decision_type=2 2 2 2 2 2 2 2 2 2 2 2 2 2 2 2 2 2 2 2 2 2
left_child=1 8 6 5 -5 -4 12 -8 9 11 -11 -1 -3 -10 -15 17 20 18 19 -2 -17 -22
right_child=15 2 3 4 -6 -7 7 -9 13 10 -12 -13 -14 14 -16 16 -18 -19 -20 -21 21 -23
leaf_value=-0.0089839758995759744 -0.030404366033576057 -0.0088990417874699624 0.0065431631311602617 -0.019132599535785066 0.0041285734512304098 0.037846943624077908 -0.0068115711929981884 -0.02460775617175261 0.10236084872536073 -0.010506883334305444 -0.085719380124474373 0.0043349994721606803 0.014033273779567824 0.03386809451903243 0.00075120383305964219 -0.033005593261564041 0.051297122300466416 0.0031986765068570669 -0.0341856238401975 -0.031907751309216879 -0.030361644550536988 -0.031462969631164649
leaf_weight=71.286008348106407 3.2297515837708453 15.549033238086848 31.329422255977988 63.654285353492014 145.33960488828598 32.587115279166028 214.61514767305925 51.118836752604693 0.94099706597626109 35.177497580880299 2.1991616254672399 580.28910574741894 36.535840443102643 10.611222411389461 2.5728859906084827 0.51727246399968807 0.69940585829317559 0.40795278549194414 1.4830839098431168 3.6251048250123858 0.38116103759966768 0.87915751524269581
leaf_count=10664 493 216 300 1690 4225 480 2261 531 6 1730 20 9632 502 596 48 10 14 2 36 79 49 21
internal_value=-2.60546e-05 0.000192988 -0.00258147 0.00300644 -0.0029562 0.022503 -0.0073798 -0.010235 0.00252411 0.00191161 -0.0149322 0.00287783 0.00718723 0.0323988 0.0274053 -0.025278 -0.00824747 -0.0301013 -0.0317306 -0.0311994 -0.0316757 -0.0311299
internal_weight=1305.03 1293.81 590.729 272.91 208.994 63.9165 317.819 265.734 703.077 688.952 37.3767 651.575 52.0849 14.1251 13.1841 11.2229 2.477 8.74589 8.33794 6.85486 1.77759 1.26032
internal_count=33605 32901 10205 6695 5915 780 3510 2792 22696 22046 1750 20296 718 650 644 704 94 610 608 572 80 70
is_linear=0
shrinkage=0.03


Tree=220
num_leaves=25
num_cat=0
split_feature=22 17 22 22 22 16 22 7 22 2 11 22 22 17 23 13 2 0 0 2 22 0 4 5
split_gain=8.10299 17.9073 12.3222 32.4524 50.1236 28.5493 18.1379 17.6558 15.5093 14.092 8.83498 8.99236 7.39324 7.80241 7.13718 4.85499 2.3131 0.422325 0.181714 0.175035 0.169933 0.0353017 0.0306991 0.00400829
threshold=336.50000000000006 44.500000000000007 326.50000000000006 314.50000000000006 310.50000000000006 41.000000000000007 328.50000000000006 73.984100000000012 276.50000000000006 31.325000000000003 21.000000000000004 344.50000000000006 328.50000000000006 43.000000000000007 3.5000000000000004 0.055000000000000007 25.635000000000002 3.7550000000000003 2.6950000000000007 29.525000000000002 340.50000000000006 2.1050000000000004 31.385000000000002 0.77595000000000014
decision_type=2 2 2 2 2 2 2 2 2 2 2 2 2 2 2 2 2 2 2 2 2 2 2 2
left_child=2 16 3 4 8 12 -7 -6 -1 -8 22 14 13 -4 -12 -14 -2 21 -18 -19 -20 -5 23 -3
right_child=1 10 5 17 7 6 9 -9 -10 -11 11 -13 15 -15 -16 -17 18 19 20 -21 -22 -23 -24 -25
leaf_value=0.0004530691456594222 0.021464300037345039 -0.030861859004011727 -0.02396773829166161 -0.030704449059346477 0.10030753011729483 -0.035579578243273832 0.046703546086591691 0.03162578381506681 -0.013452153582341459 0.13360584486700497 0.027232634134510277 -0.031182571429347269 0.018615871239089494 0.03893035668814325 0.099963737475387962 -0.019818227475625037 -0.030912388099447949 -0.046124673608947349 -0.041195564501534519 -0.037648948901492535 -0.033527074965514866 -0.033955978056298582 -0.040245387518801037 -0.034111655698172844
leaf_weight=1105.4422930671135 0.69255019945558771 0.79265622276579806 2.5104327029548603 7.3290631903801131 4.0366778532043126 2.1357097798027125 13.079917815513907 20.35322517156601 77.233941735932603 1.9267752645537246 3.1438598427921534 1.3708856221637686 3.6154105919413295 6.0589565187692642 1.9784982800483701 16.267353613162413 7.7722217100090374 3.1652053669095022 4.7103393115103227 7.1384658273309469 5.807064913911745 5.0936936708167195 0.62945305556058873 0.60023668641224504
leaf_count=27820 38 130 50 621 40 40 136 220 2210 24 40 210 80 40 40 280 1174 18 38 64 200 77 4 11
internal_value=-2.53947e-05 -0.0161379 0.000321996 -0.00024579 0.000422905 0.0156365 0.0462199 0.042993 -0.000455003 0.0578613 0.0200075 0.037061 -0.00278988 0.0205041 0.0553248 -0.0128295 -0.0323531 -0.0357622 -0.0343909 -0.0402526 -0.0369615 -0.0320377 -0.034747 -0.0322623
internal_weight=1302.88 27.4978 1275.39 1229.79 1207.07 45.5946 17.1424 24.3899 1182.68 15.0067 8.51559 6.49324 28.4522 8.56939 5.12236 19.8828 18.9822 22.7264 18.2896 10.3037 10.5174 12.4228 2.02235 1.39289
internal_count=33605 1885 31720 31070 30290 650 200 260 30030 160 435 290 450 90 80 360 1450 780 1412 82 238 698 145 141
is_linear=0
shrinkage=0.03


Tree=221
num_leaves=25
num_cat=0
split_feature=1 3 1 21 6 9 3 16 1 26 3 13 20 22 22 22 0 23 1 22 2 0 4 4
split_gain=7.92033 14.2686 16.1518 17.04 15.2945 14.3947 13.0445 22.5501 17.6817 9.89001 8.81794 8.51702 7.77276 10.051 16.7382 7.06707 5.30082 4.32249 3.62877 2.51105 2.52753 1.5791 0.453571 2.11572
threshold=31.015000000000004 24.645000000000003 27.355000000000004 7.5000000000000009 16.639450000000004 3.5000000000000004 22.075000000000003 27.000000000000004 24.245000000000001 -1.0141268817204301 25.775000000000002 0.070000000000000021 0.46500000000000002 145.50000000000003 138.50000000000003 135.50000000000003 1.3350000000000002 2.5000000000000004 27.915000000000003 170.50000000000003 36.095000000000006 16.865000000000006 23.485000000000003 23.815000000000001
decision_type=2 2 2 2 2 2 2 2 2 2 2 2 2 2 2 2 2 2 2 2 2 2 2 2
left_child=1 2 6 5 15 -4 8 -8 -1 -6 21 -11 19 14 -14 16 -3 -17 -5 20 -12 22 -2 -24
right_child=10 4 3 18 9 -7 7 -9 -10 11 12 -13 13 -15 -16 17 -18 -19 -20 -21 -22 -23 23 -25
leaf_value=0.0027211946123582732 -0.03243459500583188 0.095284186757050901 -0.00025682749917834146 -0.02030082405228073 0.06114883937027208 -0.019193513047647024 -0.016836333556406478 0.0081692055603892512 -0.0083260165863639976 0.0085279737467725443 0.050206274370529318 -0.012653287576047346 -0.011167984052688982 -0.030160504219206949 0.037947772701688386 -0.018073068049676073 0.040116202551043284 0.026833512008555434 -0.04346412251839616 0.052814614427701641 -0.031939630495438277 0.0094889522105185489 0.044913882139399348 -0.027174462774624576
leaf_weight=323.620681825676 12.637397376005543 1.8599056024104381 146.78692357894033 12.559871935634876 2.780046261381357 47.922297181095928 36.096308361273259 322.00250189390499 218.39044953836128 76.035504771163687 0.35004949942230901 22.037327820667997 12.674724716693168 6.0168693999294183 12.309315615799276 2.7016546358354372 9.9709201222285611 6.7462163488380611 11.810988261946475 0.35098055633716363 9.1173765913117659 0.99874666705727477 0.39284135331399639 5.4464981638593599
leaf_count=10522 899 56 4167 291 37 1434 406 3509 8637 879 5 349 586 336 143 36 59 65 283 15 563 7 18 303
internal_value=-2.57562e-05 0.000490006 -0.000572502 -0.0078776 0.0102266 -0.00491757 0.00120551 0.00564865 -0.00173002 0.00535018 -0.010644 0.00376847 -0.00271944 0.00464787 0.0130307 0.0333391 0.0487891 0.0139923 -0.0315266 -0.0259812 -0.0289024 -0.0272534 -0.0292395 -0.0223247
internal_weight=1301.62 1241.32 1119.19 219.08 122.132 194.709 900.11 358.099 542.011 100.853 60.2948 98.0728 40.8193 31.0009 24.984 21.2787 11.8308 9.44787 24.3709 9.81841 9.46743 19.4755 18.4767 5.83934
internal_count=33605 30730 29249 6175 1481 5601 23074 3915 19159 1265 2875 1228 1648 1065 729 216 115 101 574 583 568 1227 1220 321
is_linear=0
shrinkage=0.03


Tree=222
num_leaves=25
num_cat=0
split_feature=4 1 3 1 3 3 7 3 1 22 2 22 16 26 1 22 17 0 0 26 22 18 4 1
split_gain=7.97009 12.6151 16.8644 17.6401 20.8679 16.6121 16.0809 10.5847 10.8211 11.5596 10.1306 8.9145 14.107 8.17096 7.90738 7.42241 10.0869 9.14303 7.29718 5.44739 4.97647 4.86784 5.81946 5.28088
threshold=24.745000000000001 30.805000000000003 24.645000000000003 27.355000000000004 21.545000000000005 23.535000000000004 75.322650000000024 27.005000000000006 33.32500000000001 145.50000000000003 26.485000000000003 214.50000000000003 33.500000000000007 -0.25563548387096785 28.395000000000003 262.50000000000006 41.000000000000007 6.2150000000000007 9.8650000000000002 0.14501612903225816 262.50000000000006 33.500000000000007 25.025000000000002 23.645000000000003
decision_type=2 2 2 2 2 2 2 2 2 2 2 2 2 2 2 2 2 2 2 2 2 2 2 2
left_child=1 2 3 4 -1 -5 -4 -3 9 -9 13 12 18 20 -8 17 -17 -13 -12 -14 -2 22 -15 -23
right_child=10 7 6 5 -6 -7 14 8 -10 -11 11 15 19 21 -16 16 -18 -19 -20 -21 -22 23 -24 -25
leaf_value=-0.0019825457562347016 0.00076777765809720822 -0.022640629654358226 0.036166734414202185 -0.01761817631873978 0.0084310014095806667 0.00065988268967056164 0.023735148639726627 0.038645618429285093 -0.031138496930276673 -0.022498598753168172 -0.022274881589103436 -0.014898576259416563 -0.0011318295270514851 -0.042188458909731531 0.0011817042156268365 0.026257488955776349 -0.036737620500542509 -0.050133525110956312 0.02116065576990914 0.013763850235809458 -0.081548712114031571 -0.063276970305520083 0.026850141136212008 0.017727821367447827
leaf_weight=374.31268704746617 1.4355757305165782 35.131739442818798 22.460966269252822 82.400818863417953 322.32867706171237 97.944839308038354 18.972970025613904 9.1221294264541957 5.2009744776878497 4.0042632794938973 36.814208398689516 56.378570419736207 103.3940679486841 1.1612500572810009 53.282566096866503 7.7442683352855948 3.2467108542332426 7.5110725536942473 3.844555962830781 28.101222439203411 1.225021162535995 1.2963582598604255 20.452060940093361 1.64143421780318
leaf_count=16429 37 1828 238 3704 3973 1458 197 126 430 162 769 596 1805 26 643 104 59 54 81 393 21 27 428 17
internal_value=-2.60826e-05 0.00118913 0.00196971 0.000670867 0.00283569 -0.00769145 0.0139958 -0.012999 0.00548303 0.0199933 -0.0045687 -0.00648237 -0.00272385 0.0128041 0.00710382 -0.0151234 0.00764887 -0.0190409 -0.0181678 0.00205145 -0.0371333 0.0182158 0.0231408 -0.0180171
internal_weight=1299.41 1025.16 971.704 876.987 696.641 180.346 94.7165 53.4591 18.3274 13.1264 274.246 247.035 172.154 27.2117 72.2555 74.8806 10.991 63.8896 40.6588 131.495 2.6606 24.5511 21.6133 2.93779
internal_count=33605 29188 26642 25564 20402 5162 1078 2546 718 288 4417 3861 3048 556 840 813 163 650 850 2198 58 498 454 44
is_linear=0
shrinkage=0.03


Tree=223
num_leaves=20
num_cat=0
split_feature=0 22 4 1 3 3 2 22 26 3 5 10 1 2 5 25 0 3 0
split_gain=7.851 7.70657 7.9664 12.3282 15.1032 9.88746 9.17844 8.55821 7.75918 0.0133562 0.00899904 0.00553236 0.00341119 0.00107566 0.000222415 0.000206824 0.000134972 9.96361e-05 1.00047e-05
threshold=20.515000000000004 344.50000000000006 24.745000000000001 30.805000000000003 24.645000000000003 27.005000000000006 26.485000000000003 144.50000000000003 -0.25563548387096785 19.345000000000002 0.5807500000000001 85.000000000000014 31.175000000000004 33.125000000000007 0.47535000000000005 -0.62209677419354825 1.7450000000000003 17.965000000000003 1.6850000000000003
decision_type=2 2 2 2 2 2 2 2 2 2 2 2 2 2 2 2 2 2 2
left_child=1 2 3 4 -1 -5 8 -8 -4 14 16 -2 13 15 18 -13 -11 -16 -3
right_child=11 9 6 5 -6 -7 7 -9 -10 10 -12 12 -14 -15 17 -17 -18 -19 -20
leaf_value=0.00073307188555941092 0.033476171943125958 -0.030089535105201633 -0.036686500203489736 -0.022350624048022513 0.013397356803681563 0.0050481904336254404 0.0059104142240601672 -0.0089357309589988814 0.017610688963290908 -0.030206349196225751 -0.034425525084218658 0.030594781687016195 0.03482007088814168 0.03149327089812836 -0.03038469178427107 0.030217380749839352 -0.030960200517161276 -0.030796901767729867 -0.030250049629947515
leaf_weight=864.03758578654379 0.72845461568795045 2.0042369227739978 2.6302481947932419 34.529135785065591 93.969023034907877 18.050901216338389 42.183305915328674 203.68787625385448 23.817260450101458 0.41763885482214425 1.5493917232379315 3.1059004983399059 0.17774761840701092 1.0328279500827191 1.5181443350156771 2.2562576521886517 0.43785265367478132 0.80895395763218392 0.42328320292290289
leaf_count=23672 28 941 43 1828 1035 716 1554 2241 354 80 19 236 2 33 190 498 17 40 78
internal_value=-2.58049e-05 -0.000201372 -2.81553e-05 0.00119902 0.00197529 -0.0129445 -0.00458226 -0.00638863 0.0122107 -0.03124 -0.0330619 0.0309956 0.0307207 0.0306067 -0.0303184 0.030436 -0.0305922 -0.030528 -0.0301175
internal_weight=1297.37 1290.06 1282.91 1010.59 958.007 52.58 272.319 245.871 26.4475 7.1595 2.40488 7.30119 6.57273 6.39499 4.75462 5.36216 0.855492 2.3271 2.42752
internal_count=33605 32808 31443 27251 24707 2544 4192 3795 397 1365 116 797 769 767 1249 734 97 230 1019
is_linear=0
shrinkage=0.03


Tree=224
num_leaves=25
num_cat=0
split_feature=3 1 3 25 22 22 1 2 15 25 23 2 1 15 18 26 5 22 4 4 0 25 25 1
split_gain=7.70388 9.59779 20.2783 12.0886 9.63906 18.3884 16.6861 8.92658 12.121 7.5079 7.71636 7.4678 4.93784 8.43343 2.96438 2.94205 0.992949 0.295979 1.76184 3.05493 0.0877899 0.0833919 0.00816743 0.00656513
threshold=16.845000000000002 22.695000000000004 19.475000000000005 -0.4104677419354838 144.50000000000003 127.50000000000001 25.245000000000001 28.545000000000005 0.03500000000000001 1.7651881720430111 3.5000000000000004 27.705000000000002 23.455000000000002 0.03500000000000001 33.500000000000007 0.33800000000000013 0.9799500000000001 340.50000000000006 18.515000000000004 18.585000000000004 1.0350000000000004 -1.267059139784946 -0.41918279569892464 20.975000000000005
decision_type=2 2 2 2 2 2 2 2 2 2 2 2 2 2 2 2 2 2 2 2 2 2 2 2
left_child=15 3 12 7 5 -4 -6 11 -9 10 -5 -2 13 -3 -14 17 21 22 -19 -20 -11 -17 -1 -24
right_child=1 2 4 9 6 -7 -8 8 -10 20 -12 -13 14 -15 -16 16 -18 18 19 -21 -22 -23 23 -25
leaf_value=-0.030291917908240377 0.02348355368767167 0.0066643530015098856 -0.0018338880995056907 0.0061538687330104916 0.0034447552819591369 0.011991103732307055 -0.0053847264742805474 0.082482741469218343 -0.028671035243681944 0.042701424797668475 -0.01780652806314529 -0.011007330302007314 -0.029251479789929029 -0.031661433410910732 -0.0065535054107638902 -0.030200577791244704 0.046266510651819207 -0.030332834123229156 0.13305158613985862 -0.030207371342085169 0.032303948205130953 0.0052390944772236448 -0.036912082669866744 -0.031465849701791809
leaf_weight=7.9039252166985516 27.644357474870048 14.452856496034657 189.28353378345491 30.879860780551098 343.53585716278758 159.59359598625451 438.52567334414925 4.0939860577927893 1.1257262736326081 0.87159960716962714 19.887183134676889 7.1009500884683794 28.265014808624983 8.0428612976102141 6.3400461687706402 0.20687993138562888 0.67983102425932884 2.07043164339848 0.1746368259191512 0.25201578688574955 4.5260293188039213 0.084028041921556773 0.30302597582339874 0.58140017796540633
leaf_count=3105 587 729 8525 495 4126 2167 6779 145 104 5 315 327 3691 441 777 52 4 664 1 75 421 15 2 53
internal_value=-2.52287e-05 0.000200699 -0.000537051 0.00931834 0.000343639 0.00449034 -0.0015062 0.02193 0.0585104 0.000344275 -0.00323224 0.0164346 -0.01798 -0.00703821 -0.0250929 -0.0236973 0.0264188 -0.0280081 -0.0188937 0.0366175 0.0339829 -0.0199639 -0.0305978 -0.0333319
internal_weight=1296.43 1284.17 1188.04 96.1297 1130.94 348.877 782.062 39.965 5.21971 56.1647 50.767 34.7453 57.1008 22.4957 34.6051 12.2562 0.970739 11.2854 2.49708 0.426653 5.39763 0.290908 8.78835 0.884426
internal_count=33605 29634 27235 2399 21597 10692 10905 1163 249 1236 810 914 5638 1170 4468 3971 71 3900 740 76 426 67 3160 55
is_linear=0
shrinkage=0.03


Tree=225
num_leaves=25
num_cat=0
split_feature=22 17 22 22 22 12 7 22 0 11 22 4 22 2 23 10 3 2 0 0 22 2 0 4
split_gain=7.63945 17.1561 11.5921 30.9207 46.9196 26.7101 16.1895 14.1818 14.101 8.20314 7.94518 7.50547 7.05196 6.74159 6.27444 4.97897 3.65042 2.17466 0.37417 0.164215 0.154431 0.151128 0.0306407 0.0279866
threshold=336.50000000000006 44.500000000000007 326.50000000000006 314.50000000000006 310.50000000000006 0.79000000000000015 73.984100000000012 276.50000000000006 1.9850000000000001 -1.0000000180025095e-35 344.50000000000006 16.485000000000003 332.50000000000006 30.425000000000004 1.5000000000000002 92.500000000000014 20.585000000000004 25.635000000000002 3.7550000000000003 2.6950000000000007 340.50000000000006 29.525000000000002 2.1050000000000004 31.385000000000002
decision_type=2 2 2 2 2 2 2 2 2 2 2 2 2 2 2 2 2 2 2 2 2 2 2 2
left_child=2 17 3 4 7 12 -6 -1 11 23 14 -7 13 -4 -11 -14 -10 -2 22 -19 -21 -20 -5 -3
right_child=1 9 5 18 6 8 -8 -9 16 10 -12 -13 15 -15 -16 -17 -18 19 21 20 -22 -23 -24 -25
leaf_value=0.00041175013618328633 0.02121153299769938 -0.03218488433557231 0.0033915214762857506 -0.030682545771206517 0.096066562606419867 0.085380763550776992 0.030619002673305015 -0.012987425849224224 0.059632001920399066 0.0047860851955888644 -0.031145045105391268 0.20507638400365297 0.023075614942039368 0.041015010166106348 0.074761168889671978 -0.033289211776194289 0.017762576455766635 -0.030894319489989133 -0.045321496747524705 -0.040825034136280317 -0.033394976392873407 -0.037348200532054801 -0.033772847577433658 -0.039928476500570846
leaf_weight=1100.2731565146823 0.65936100576073542 1.3407781883724963 22.52098169922829 7.0314177342224884 4.0861497614532736 1.2579887709580346 20.30635029822588 76.002201168914326 4.1895064637064934 1.7130789179354886 1.2927199650439432 0.75411459431052197 1.8038209760561565 5.2939114540349683 3.5291333328932524 6.4682425940409303 3.3909887820482254 7.4353317712084417 3.0994994193315488 4.6034256257116777 5.5565044844988734 6.9076256174594164 4.8998624822124839 0.61169690638780583
leaf_count=27820 38 141 245 621 40 35 220 2210 25 20 210 17 20 85 60 200 23 1174 18 38 200 64 77 4
internal_value=-2.50971e-05 -0.0158932 0.000309484 -0.000244902 0.0004 0.0151475 0.0415826 -0.000454005 0.0596419 0.0193466 0.0354677 0.130241 0.00332009 0.0105523 0.0518943 -0.0209982 0.0409025 -0.0322777 -0.0355398 -0.0342822 -0.0367615 -0.0398178 -0.0319517 -0.0346109
internal_weight=1295.03 26.742 1268.29 1222.61 1200.67 45.6796 24.3925 1176.28 9.5926 8.48741 6.53493 2.0121 36.087 27.8149 5.24221 8.27206 7.5805 18.2546 21.9384 17.5953 10.1599 10.0071 11.9313 1.95248
internal_count=33605 1885 31720 31070 30290 650 260 30030 100 435 290 52 550 330 80 220 48 1450 780 1412 238 82 698 145
is_linear=0
shrinkage=0.03


Tree=226
num_leaves=25
num_cat=0
split_feature=1 3 1 2 26 22 14 3 25 7 10 14 2 1 1 1 22 1 22 22 22 16 22 1
split_gain=7.61082 18.5314 17.8579 17.4312 13.6599 14.0024 13.3909 12.254 11.3775 11.35 11.3167 12.949 11.8176 10.1048 9.89758 9.13689 10.4947 8.80827 8.70896 13.163 7.71646 6.67525 6.55929 4.90404
threshold=28.545000000000005 23.175000000000004 26.575000000000003 35.295000000000009 0.36829032258064531 141.50000000000003 0.14500000000000005 25.335000000000004 1.7651881720430111 74.830400000000012 100.00000000000001 0.29000000000000009 40.385000000000012 26.935000000000006 30.675000000000004 33.155000000000008 194.50000000000003 29.955000000000002 144.50000000000003 126.50000000000001 328.50000000000006 27.000000000000004 274.50000000000006 26.015000000000004
decision_type=2 2 2 2 2 2 2 2 2 2 2 2 2 2 2 2 2 2 2 2 2 2 2 2
left_child=1 2 8 4 13 -6 20 17 9 -1 15 14 -13 -3 -12 16 -9 18 19 -2 -4 -20 -8 -10
right_child=7 3 6 -5 5 -7 22 10 23 -11 11 12 -14 -15 -16 -17 -18 -19 21 -21 -22 -23 -24 -25
leaf_value=-0.0047595792596633107 -0.013232119701467098 0.017079327722564819 -0.02463726432034086 0.044603639635203765 0.025478502310468245 -0.033464145977136116 0.0026137186323476505 0.023134159500673962 0.031267488194722082 0.0030800518340092968 0.0032917196121965593 0.10217666324825782 -0.033629438566432988 0.0033998040459985975 -0.026830527943419651 -0.019480054140894931 -0.016950015966823554 -0.021358409240348528 0.027376147737542652 0.011619664040684305 0.10335559585176245 -0.023066858576670356 -0.034137332408382924 -0.045391162413748951
leaf_weight=270.08150444435887 36.126459285966121 82.103254283545539 51.121774337661918 11.494212059304116 4.932865638285878 13.70525017287582 41.037623941432685 40.653549129376188 13.578667070833031 432.14773799956311 18.874961398774758 1.7273863251321011 0.86568157165311266 119.09489021077752 20.458401414332911 6.9538378870347506 6.8722356352955094 44.040659989870619 2.5751492208801237 40.894439584575593 0.42747004935517807 28.400414537638426 4.8917969518806776 0.79503305256366807
leaf_count=7857 1493 865 2579 83 39 130 1342 603 559 11374 248 29 38 1242 1139 415 73 2301 27 482 9 491 182 5
internal_value=-2.55496e-05 0.00109612 -0.00103307 0.00858901 0.00670597 -0.0178641 -0.0130803 -0.00474536 0.0006057 6.48835e-05 0.00362164 -0.00809495 0.0568385 0.00898203 -0.0123757 0.0126385 0.017338 -0.0100508 -0.00543963 -3.70027e-05 -0.0235759 -0.0188733 -0.00130052 0.0270274
internal_weight=1293.86 1045.41 814.082 231.33 219.836 18.6381 97.4787 248.443 716.603 702.229 96.4061 41.9264 2.59307 201.198 39.3334 54.4796 47.5258 152.037 107.996 77.0209 51.5492 30.9756 45.9294 14.3737
internal_count=33605 26266 23907 2359 2276 169 4112 7339 19795 19231 2545 1454 67 2107 1387 1091 676 4794 2493 1975 2588 518 1524 564
is_linear=0
shrinkage=0.03


Tree=227
num_leaves=18
num_cat=0
split_feature=0 3 1 3 25 22 25 26 1 10 2 1 2 26 5 25 3
split_gain=7.57696 7.32643 8.40031 20.2374 10.705 9.34491 6.81709 6.46952 4.51385 0.00561528 0.00334141 0.00293661 0.00102997 0.000799076 0.000942767 0.000194903 0.000114911
threshold=20.515000000000004 16.125000000000004 22.695000000000004 19.475000000000005 -0.4104677419354838 144.50000000000003 1.7651881720430111 -0.11659892473118293 23.455000000000002 85.000000000000014 24.835000000000004 31.175000000000004 33.275000000000013 -0.26966666666666655 0.9799500000000001 -0.62209677419354825 15.945000000000002
decision_type=2 2 2 2 2 2 2 2 2 2 2 2 2 2 2 2 2
left_child=1 10 4 8 7 -5 -6 -3 -4 -2 -1 12 15 14 -12 -11 -15
right_child=9 2 3 5 6 -7 -8 -9 -10 11 13 -13 -14 16 -16 -17 -18
leaf_value=-0.034022014618044438 0.033504901063578313 0.030120858444864639 -0.0078472143697349839 0.0042548748565466882 -0.0034798194478525691 -0.0016703543667229393 0.034055029935404373 0.006543401514118921 -0.025001615342523376 0.030582732798479166 -0.03042213723198834 0.034580837062930699 0.031499408986722474 -0.030147296024402526 -0.032789857078194928 0.030210028668305997 -0.030519519047662164
leaf_weight=0.22423988417722185 0.71623431344050814 23.795386708108708 23.097456238174345 346.7501359260641 50.777496374619659 774.91403173003346 4.7633582535199812 18.709857105277479 34.314254714525305 3.0541023389669131 0.40578220260795195 0.17096399515867222 0.95707199769094575 5.4425975574413314 0.24138465896248817 2.153008224209771 0.86509129416663189
leaf_count=15 28 735 1420 10601 748 10503 249 991 4823 238 104 2 31 2364 4 498 251
internal_value=-2.5826e-05 -0.000196101 -2.62165e-05 -0.000727829 0.00841118 0.000161365 -0.000260713 0.0197426 -0.0181002 0.0309871 -0.0304176 0.0307024 0.0305949 -0.0303013 -0.0313053 0.0304286 -0.0301983
internal_weight=1291.35 1284.3 1277.12 1179.08 98.0461 1121.66 55.5409 42.5052 57.4117 7.05138 7.1791 6.33515 6.16418 6.95486 0.647167 5.20711 6.30769
internal_count=33605 32808 30070 27347 2723 21104 997 1726 6243 797 2738 769 767 2723 108 736 2615
is_linear=0
shrinkage=0.03


Tree=228
num_leaves=25
num_cat=0
split_feature=1 3 1 2 16 21 1 14 3 7 10 22 25 7 1 22 22 4 22 22 9 7 22 1
split_gain=7.43793 17.3741 17.1571 16.1757 12.9629 22.9888 13.1618 12.8493 11.6761 12.4493 14.7056 11.2698 10.6924 10.5783 10.3548 8.21834 11.4609 7.08647 6.86908 9.99823 12.4131 8.26102 6.30107 4.67869
threshold=28.545000000000005 23.175000000000004 26.575000000000003 35.295000000000009 27.000000000000004 6.5000000000000009 26.935000000000006 0.14500000000000005 24.205000000000002 73.984100000000012 100.00000000000001 192.50000000000003 1.7651881720430111 74.830400000000012 29.885000000000002 107.50000000000001 109.50000000000001 31.385000000000002 144.50000000000003 130.50000000000003 1.3 73.984100000000012 274.50000000000006 26.015000000000004
decision_type=2 2 2 2 2 2 2 2 2 2 2 2 2 2 2 2 2 2 2 2 2 2 2 2
left_child=1 2 12 4 5 -3 -6 17 18 15 11 -11 13 -1 -12 -10 -17 -4 19 20 -2 -21 -9 -14
right_child=8 3 7 -5 6 -7 -8 22 9 10 14 -13 23 -15 -16 16 -18 -19 -20 21 -22 -23 -24 -25
leaf_value=-0.0045614840116068268 0.032204610531636868 0.023408669919504452 -0.024913169811911363 0.042930434632568258 0.017827411805096515 -0.045418247266358638 0.0022612575437105592 0.0024540849580614956 -0.034108954877856243 0.010387773451912045 0.00011900864043578166 -0.023450719987050065 0.030790501523005824 0.0030134919648757037 -0.022105736020941864 0.12160684550092217 0.026063876906910952 0.051412885586346581 -0.033283956727234221 0.041321762540566291 -0.02503492448656933 -0.0034939944618493286 -0.034018038066892922 -0.044744232094060352
leaf_weight=269.4722464911174 3.7767339183483264 7.3034557723440257 49.706807638693135 11.558295640163122 83.438067777547985 10.865120481234042 118.05931565840729 41.097035793587565 1.7022421193541948 71.178374581621028 34.149056330323219 10.117030309513209 13.224446997744959 431.76857930136612 42.161464148084633 1.267909824149682 10.385338595486244 1.1194347833516065 14.193870686693115 4.6141746919602182 35.096521845145617 18.721611818997189 4.7566190352663389 0.78165177814662534
leaf_count=7857 203 62 2565 83 879 108 1227 1342 49 1591 351 107 559 11374 1923 22 190 23 386 93 2100 324 182 5
internal_value=-2.53061e-05 0.00108377 -0.000982361 0.00833883 0.0065187 -0.017751 0.00870705 -0.012844 -0.00470234 -0.000345142 -0.00270176 0.00617665 0.000620975 0.000102586 -0.0121601 0.0274649 0.0364593 -0.0232321 -0.0144521 -0.0101554 -0.0194738 0.00536741 -0.00132934 0.0265751
internal_weight=1290.52 1043.15 811.927 231.224 219.666 18.1686 201.497 96.6799 247.364 170.961 157.606 81.2954 715.247 701.241 76.3105 13.3555 11.6532 50.8262 76.4029 62.209 38.8733 23.3358 45.8537 14.0061
internal_count=33605 26266 23907 2359 2276 170 2106 4112 7339 4233 3972 1698 19795 19231 2274 261 212 2588 3106 2720 2303 417 1524 564
is_linear=0
shrinkage=0.03


Tree=229
num_leaves=25
num_cat=0
split_feature=0 24 4 13 22 22 26 1 2 26 0 10 21 1 3 1 22 22 3 18 8 0 1 3
split_gain=7.4566 15.5216 8.19805 9.24876 18.7614 14.6323 14.1442 10.3151 8.09329 9.14645 7.94709 7.75525 17.6827 6.37845 8.33992 8.70222 6.30769 6.15114 5.37142 5.24123 4.31059 2.4787 3.33597 4.0164
threshold=9.4850000000000012 3.5000000000000004 24.745000000000001 0.090000000000000011 336.50000000000006 328.50000000000006 -0.17810611205432925 29.375000000000004 26.615000000000006 -0.25563548387096785 6.2150000000000007 85.000000000000014 7.5000000000000009 27.575000000000003 21.295000000000005 24.905000000000005 144.50000000000003 208.50000000000003 22.975000000000005 33.500000000000007 645.00000000000011 10.255000000000001 29.315000000000001 21.585000000000004
decision_type=2 2 2 2 2 2 2 2 2 2 2 2 2 2 2 2 2 2 2 2 2 2 2 2
left_child=2 21 3 4 5 -1 7 -5 9 -4 -8 12 -10 14 15 -3 -13 -16 -15 -11 -20 22 23 -2
right_child=1 13 8 6 -6 -7 10 -9 11 19 -12 16 -14 18 17 -17 -18 -19 20 -21 -22 -23 -24 -25
leaf_value=0.0029629414142080717 -0.01170521912151282 0.0046815291159373841 -0.0427100061450017 0.0032082955167072689 -0.03326941109548727 0.02843315340512435 -0.012528789466409498 -0.02908967941868032 0.019830798477146167 0.02060805307032931 0.0062720520769173477 0.0025389650349297481 -0.030464695193244379 -0.035487344445963367 0.03221792534996 -0.037143681021725751 -0.012114894406253787 0.0050925162065405686 0.00097886169334598667 -0.02060360354650145 -0.036127720115985876 0.03015095060847969 -0.039293539948917065 0.035395223424597562
leaf_weight=501.89609403494978 2.5588765323627758 15.460971532622354 2.7017485881224301 216.60697639017599 12.450311360997146 21.15536012686789 137.22796682995977 9.2807761039584857 23.321270944783468 21.910557571565736 23.734386041993275 31.648894567100797 8.615254041971637 6.1844087780918953 13.287404999486172 6.3019896734040222 160.52924333908595 17.346135982777923 20.552695719525222 3.1805508192628613 3.2652207482606164 23.430538001935929 1.0391336008906362 4.4858429245650768
leaf_count=14892 58 487 24 4259 1095 307 5717 392 349 220 289 1312 108 85 327 137 1761 242 180 24 25 1226 7 82
internal_value=-2.56429e-05 0.00730259 -0.000736545 0.000573442 0.00312676 0.00399311 -0.00296102 0.00188131 -0.00553302 0.00973673 -0.00975655 -0.00742665 0.006263 0.000454072 0.00677011 -0.00742997 -0.00970162 0.0168583 -0.0105763 0.0153841 -0.00410811 0.025209 0.0108852 0.0182868
internal_weight=1288.17 113.913 1174.26 922.352 535.502 523.051 386.85 225.888 251.908 27.7929 160.962 224.115 31.9365 82.3988 52.3965 21.763 192.178 30.6335 30.0023 25.0911 23.8179 31.5144 8.08385 7.04472
internal_count=33605 2856 30749 26951 16294 15199 10657 4651 3798 268 6006 3530 457 1483 1193 624 3073 569 290 244 205 1373 147 140
is_linear=0
shrinkage=0.03


Tree=230
num_leaves=25
num_cat=0
split_feature=1 3 1 3 1 2 7 10 22 2 15 0 22 22 22 5 5 3 0 2 0 5 0 25
split_gain=7.35326 11.2545 13.778 15.8856 14.8485 13.4736 10.4488 10.1387 9.43996 6.85247 6.12129 6.87821 6.12673 5.12475 8.36742 5.88381 7.19268 1.24624 1.23653 0.897036 0.00497809 0.00121213 0.000114015 9.12729e-05
threshold=31.665000000000003 25.775000000000002 29.245000000000001 23.775000000000002 26.615000000000006 36.495000000000012 73.984100000000012 100.00000000000001 190.50000000000003 33.675000000000004 0.03500000000000001 12.055000000000001 150.50000000000003 138.50000000000003 145.50000000000003 0.37495000000000006 0.84570000000000012 29.600000000000005 16.865000000000006 37.555000000000007 3.0850000000000004 0.95905000000000007 1.8050000000000004 -1.6883064516129032
decision_type=2 2 2 2 2 2 2 2 2 2 2 2 2 2 2 2 2 2 2 2 2 2 2 2
left_child=1 2 3 4 -1 -5 -3 8 -8 -9 12 -12 -4 17 15 23 -17 18 19 -2 22 -22 -16 -15
right_child=13 6 10 5 -6 -7 7 9 -10 -11 11 -13 -14 14 20 16 -18 -19 -20 -21 21 -23 -24 -25
leaf_value=0.0011553340593319751 0.0062017755164083853 0.086936259665758783 -0.0024772065534157516 0.0081146772801883229 -0.0083632552524762153 0.059552528445800959 0.032189917052156104 0.042617366843596488 -0.0075502475627508897 -0.016943587416854453 -0.027972719463073729 0.038536145813276322 -0.023553298002653308 -0.031008422376263386 -0.030258720000100776 0.051863419706802062 -0.0023707214715105694 0.023373833718949747 0.01463562875696158 -0.029404739578227038 -0.031734794714047283 -0.03298944318790388 -0.030687244164083742 -0.030594577324818073
leaf_weight=766.66898099594982 0.66355669102632475 1.7505948245525349 62.882527732406743 150.22845043125562 182.63214907143265 4.727344828657805 21.799489488825206 2.0255857352167359 7.142174811102449 12.264703940832986 22.765122026379689 1.4911192366853345 15.466624736087395 0.71446489263325874 1.8263417242560529 4.3434972087852639 4.4614211842417717 0.46543929795734484 0.63686742261052032 15.783760399906894 2.0021032337099318 1.0599094759672878 0.80514056235551823 1.4592573214322362
leaf_count=20420 15 19 2052 1549 5645 31 182 12 70 339 914 14 316 27 308 54 28 26 5 1370 44 17 39 109
internal_value=-2.51464e-05 0.000349918 -0.000199247 0.000777845 -0.000675908 0.00968393 0.0150838 0.0121742 0.0223829 -0.00850108 -0.0107149 -0.0238842 -0.00663776 -0.0137451 -0.00183422 0.0134709 0.0243832 -0.0250605 -0.02638 -0.0279682 -0.0313467 -0.0321691 -0.0303898 -0.0307306
internal_weight=1286.07 1251.84 1206.86 1104.26 949.301 154.956 44.9825 43.232 28.9417 14.2903 102.605 24.2562 78.3492 34.2218 16.6721 10.9786 8.80492 17.5496 17.0842 16.4473 5.69349 3.06201 2.63148 2.17372
internal_count=33605 31563 30941 27645 26065 1580 622 603 252 351 3296 928 2368 2042 626 218 82 1416 1390 1385 408 61 347 136
is_linear=0
shrinkage=0.03


Tree=231
num_leaves=25
num_cat=0
split_feature=2 9 3 4 1 26 1 3 22 22 22 22 18 26 23 4 3 1 22 3 12 0 5 3
split_gain=7.24125 8.31086 11.1145 13.0254 21.1117 9.10044 11.1634 16.1301 9.7396 18.893 12.4648 9.6856 8.23545 6.81011 6.62146 3.10863 1.70474 2.91268 1.11111 0.333759 0.0532009 0.10581 0.056978 0.0216752
threshold=24.835000000000004 3.5000000000000004 19.105000000000004 25.585000000000004 25.045000000000005 -0.26020215053763435 26.325000000000003 20.965000000000003 220.50000000000003 158.50000000000003 234.50000000000003 144.50000000000003 34.500000000000007 0.17703225806451614 3.5000000000000004 5.8950000000000005 19.475000000000005 20.975000000000005 266.50000000000006 18.015000000000004 0.71000000000000008 10.055000000000001 0.24645000000000003 22.365000000000006
decision_type=2 2 2 2 2 2 2 2 2 2 2 2 2 2 2 2 2 2 2 2 2 2 2 2
left_child=16 2 12 4 -4 6 7 -3 9 -7 -10 -8 15 -5 -14 -2 17 18 19 -1 22 -22 -18 -24
right_child=1 5 3 13 -6 8 11 -9 10 -11 -12 -13 14 -15 -16 -17 20 -19 -20 -21 21 -23 23 -25
leaf_value=0.0011558971843725117 0.0088927840673230091 -0.00081735629147433098 0.014158651190930283 -0.002022355963015927 0.00117008562415749 -0.011496684954817666 -0.0048325663084463934 0.025411305718163916 -0.034289122795439227 0.0098604161848064448 -0.0087481207884100888 -0.046513700637669221 0.033699269675200205 -0.015941636349458804 -0.031250322549204804 -0.025901667059505019 0.040476870077370566 -0.027888828312521079 -0.0086670170615775963 0.03099500322803608 -0.0038477768456224967 0.030417213287263597 0.031208871536395465 0.039597755637136342
leaf_weight=0.37217548454645877 2.5459433435462442 66.717554151313379 142.84843109652866 145.29091804864584 532.35578775545582 91.431385669042356 25.85873580374755 30.86415021889843 22.92679905006662 62.94087410508655 68.809494192013517 6.2255012465175232 4.7284803247312075 40.439730907382909 2.014542244374752 25.037843511963729 0.73357154428958882 1.3860202981159089 0.90235809911973763 3.6072472805390134 0.10897590033709992 0.31717525166459382 5.686571775120683 0.29140772554092098
leaf_count=39 305 1708 2155 2048 12413 4335 703 439 188 614 1494 75 424 550 322 4885 4 14 17 178 6 88 583 18
internal_value=-2.51132e-05 -0.000256444 0.0013152 0.00198266 0.00391799 -0.0040008 0.0024311 0.00747852 -0.00738954 -0.00278894 -0.0151313 -0.0129202 -0.015425 -0.00505305 0.014295 -0.0226902 0.0219084 0.010492 0.0213889 0.0282043 0.0319335 0.0216549 0.0325861 0.0316178
internal_weight=1284.44 1271.04 895.262 860.935 675.204 375.774 129.666 97.5817 246.109 154.372 91.7363 32.0842 34.3268 185.731 6.74302 27.5838 13.4055 6.2678 4.88178 3.97942 7.1377 0.426151 6.71155 5.97798
internal_count=33605 32658 23102 17166 14568 9556 2925 2147 6631 4949 1682 778 5936 2598 746 5190 947 248 234 217 699 94 605 601
is_linear=0
shrinkage=0.03


Tree=232
num_leaves=23
num_cat=0
split_feature=2 22 22 22 1 2 22 10 22 0 6 6 23 0 18 22 18 0 22 0 7 0
split_gain=7.19346 8.08151 16.8296 31.5458 23.6075 17.2837 13.3538 12.9216 13.4673 11.2491 16.4202 12.0852 7.66679 4.68461 2.49547 1.05268 3.5248 0.504198 0.0152139 0.00317188 0.00191919 0.000238697
threshold=40.545000000000009 208.50000000000003 262.50000000000006 274.50000000000006 25.085000000000004 28.495000000000001 198.50000000000003 92.500000000000014 252.50000000000003 4.2150000000000007 18.920200000000005 17.792250000000006 2.5000000000000004 1.0950000000000004 34.500000000000007 142.50000000000003 34.500000000000007 18.420000000000005 138.50000000000003 3.0850000000000004 75.322650000000024 2.1650000000000005
decision_type=2 2 2 2 2 2 2 2 2 2 2 2 2 2 2 2 2 2 2 2 2 2
left_child=1 6 7 5 -5 -4 9 12 -9 10 -1 -11 -3 -8 -15 17 20 18 19 -2 -17 -22
right_child=15 2 3 4 -6 -7 13 8 -10 11 -12 -13 -14 14 -16 16 -18 -19 -20 -21 21 -23
leaf_value=7.6977254974233152e-05 -0.030366608958079001 -0.038994387927111178 -0.0053636842116999749 0.005001964942669199 -0.016332270208204477 0.030833826062890424 0.095409999334558057 -0.001553438247599909 -0.018799373788482263 0.00056154254771059178 -0.026530730282913442 0.013268809583504824 -0.012692486477467695 0.033914682556436294 0.0006921206648343569 -0.03322055478032987 0.047975330935162028 0.0027359800732117971 -0.034471568284999907 -0.031730166653613723 -0.030329999561470818 -0.031286471203068662
leaf_weight=385.63396965846187 2.8934432195965183 15.870994981843976 15.883661877131088 130.63190002564806 72.6375584959751 47.004352177027613 0.97319455444812675 222.17181102081668 49.906225166516379 143.46394120110199 22.068505897128489 126.97428747499362 26.84576527075842 9.8643535349983704 2.5636668442748478 0.50953544676303808 0.72174002695828665 0.40165588259696949 1.4862537304870782 3.2711799656972289 0.33605026965960838 0.7795878704637289
leaf_count=16863 493 230 255 3768 2147 525 6 2420 550 2028 1506 1649 310 596 48 10 14 2 36 79 49 21
internal_value=-2.47103e-05 0.000178372 -0.00243006 0.003123 -0.00262174 0.0216914 0.00236967 -0.00712513 -0.00471679 0.00178363 -0.00136327 0.00652777 -0.0224647 0.032025 0.0270615 -0.0248742 -0.00719425 -0.030027 -0.031747 -0.0310902 -0.0316951 -0.0309984
internal_weight=1282.89 1272.49 580.952 266.157 203.269 62.888 691.542 314.795 272.078 678.141 407.702 270.438 42.7168 13.4012 12.428 10.3994 2.34691 8.05253 7.65088 6.16462 1.62517 1.11564
internal_count=33605 32901 10205 6695 5915 780 22696 3510 2970 22046 18369 3677 540 650 644 704 94 610 608 572 80 70
is_linear=0
shrinkage=0.03


Tree=233
num_leaves=25
num_cat=0
split_feature=22 1 3 1 2 26 14 3 1 14 25 1 3 3 22 0 3 5 0 0 3 0 4 3
split_gain=7.14434 7.36214 15.2141 16.2098 15.0288 12.6645 12.1019 11.1504 10.5092 10.7348 9.63677 8.40486 8.11733 4.67704 3.64732 2.77984 0.0110683 0.00750708 0.0001885 0.000106961 9.33253e-05 2.41486e-05 2.25048e-05 1.68645e-05
threshold=344.50000000000006 28.545000000000005 23.175000000000004 26.575000000000003 35.295000000000009 0.36829032258064531 0.14500000000000005 25.335000000000004 32.085000000000008 0.29000000000000009 1.7651881720430111 29.955000000000002 23.615000000000006 27.155000000000005 137.50000000000003 12.055000000000001 19.345000000000002 0.5807500000000001 3.2350000000000008 1.7450000000000003 17.965000000000003 1.7750000000000001 13.565000000000003 18.135000000000002
decision_type=2 2 2 2 2 2 2 2 2 2 2 2 2 2 2 2 2 2 2 2 2 2 2 2
left_child=1 2 3 10 5 -4 -5 11 9 -9 -1 12 -3 -10 -6 -13 18 19 21 -18 22 -2 -20 -23
right_child=16 7 4 6 14 -7 -8 8 13 -11 -12 15 -14 -15 -16 -17 17 -19 20 -21 -22 23 -24 -25
leaf_value=0.0003683871546850744 -0.030086066189017369 -0.017492678320307015 0.0084828448886473898 -0.02263096371018565 0.054773017857295117 -0.017472635275194444 -0.0011820141360882374 0.0070728468688803 -0.029462056806512284 0.076064389713294989 0.025894918540348939 -0.023173480314205464 0.00040483699077330292 -0.0021025526483597263 0.020240996735892591 0.005096404788637347 -0.030198419092184299 -0.034162278338647427 -0.030247801067730295 -0.03089214285789034 -0.030881425778102271 -0.030170400161603553 -0.030515247540223556 -0.030457063738217618
leaf_weight=691.43026570032816 1.8605390717275434 33.092587715480477 199.69695222424343 49.389664760907181 7.081226008012889 18.48494885629043 45.470989532070234 70.348297387361526 10.151753841433676 2.0900613781996062 13.571639216155743 39.248790894751437 73.379740278352983 12.606517765205352 4.503501795232296 3.401837993413209 0.39200196356978301 1.4718221705406902 0.49750693677924551 0.40845266450196505 0.52821722766384471 0.45772673911415029 0.6572668959852308 0.30965315597131848
leaf_count=17867 955 1537 2107 2587 47 169 1524 1150 710 20 564 2272 956 665 36 29 80 19 75 17 24 107 64 24
internal_value=-2.42799e-05 0.000136803 0.00124773 -0.000706787 0.00805179 0.00628383 -0.0123495 -0.00454495 0.00347643 0.00906346 0.000859786 -0.00966562 -0.00515788 -0.0143068 0.0413489 -0.0209187 -0.0311963 -0.0328906 -0.0303032 -0.0305524 -0.0305511 -0.0301445 -0.0304 -0.0302861
internal_weight=1280.53 1273.95 1029.63 799.863 229.767 218.182 94.8607 244.32 95.1966 72.4384 705.002 149.123 106.472 22.7583 11.5847 42.6506 6.58319 2.27228 4.31091 0.800455 1.68299 2.62792 1.15477 0.76738
internal_count=33605 32240 24901 22542 2359 2276 4111 7339 2545 1170 18431 4794 2493 1375 83 2301 1365 116 1249 97 163 1086 139 131
is_linear=0
shrinkage=0.03


Tree=234
num_leaves=19
num_cat=0
split_feature=0 3 1 3 25 22 25 2 1 10 2 2 26 5 2 24 3 25
split_gain=7.08457 6.98244 7.65497 19.2606 10.2477 9.14138 6.15339 5.93423 4.38836 0.00659858 0.00307571 0.00223041 0.000776496 0.000905523 0.000248434 0.000117159 0.000102717 7.31746e-05
threshold=20.515000000000004 16.125000000000004 22.695000000000004 19.475000000000005 -0.4104677419354838 144.50000000000003 1.7651881720430111 28.545000000000005 23.455000000000002 85.000000000000014 24.835000000000004 34.465000000000011 -0.26966666666666655 0.9799500000000001 30.495000000000001 3.5000000000000004 15.945000000000002 -1.1245161290322576
decision_type=2 2 2 2 2 2 2 2 2 2 2 2 2 2 2 2 2 2
left_child=1 10 4 8 7 -5 -6 -3 -4 -2 -1 14 13 -12 17 -16 -14 -11
right_child=9 2 3 5 6 -7 -8 -9 -10 11 12 -13 16 -15 15 -17 -18 -19
leaf_value=-0.033932640970507015 0.033747603083361076 0.014273586230401997 -0.0077037084280541113 0.0042433752397987787 -0.0034227602815316426 -0.0016462682905600227 0.033801877791181482 0.044994080746257943 -0.024761507430418168 0.030478277288335392 -0.030415799498157772 0.032194004408985281 -0.030142490454198978 -0.032754612228621763 0.030457486118950168 0.030936801736426163 -0.030502953273247563 0.030184420341586683
leaf_weight=0.21637245139572669 0.70617691671941329 35.611636866582558 22.882873526483309 343.06918955000583 50.609746460162569 768.42514077550732 4.3393219094723454 6.7283594742766573 33.365658172930125 1.2217212028335778 0.39610810845624644 0.76090553961694229 5.1641070222249255 0.23881227616220713 0.81049606157466758 1.0581784490495918 0.8251649955054744 2.0297017574775968
leaf_count=15 28 1199 1420 10601 748 10503 249 527 4823 109 104 20 2364 4 68 44 251 528
internal_value=-2.42671e-05 -0.000184984 -2.15293e-05 -0.000695127 0.00806354 0.000171604 -0.000483135 0.0191555 -0.0178221 0.0310075 -0.0304129 0.0306785 -0.0302979 -0.0312955 0.0304533 0.0307289 -0.0301922 0.0302948
internal_weight=1278.46 1271.87 1265.03 1167.74 97.2891 1111.49 54.9491 42.34 56.2485 6.58718 6.84056 5.881 6.62419 0.63492 5.1201 1.86867 5.98927 3.25142
internal_count=33605 32808 30070 27347 2723 21104 997 1726 6243 797 2738 769 2723 108 749 112 2615 637
is_linear=0
shrinkage=0.03


Tree=235
num_leaves=25
num_cat=0
split_feature=3 1 3 4 1 1 14 3 4 4 22 22 22 1 3 2 26 5 22 4 4 25 25 1
split_gain=6.91765 8.21466 18.6845 11.344 16.0477 9.02089 10.0782 8.79476 6.81119 6.52852 10.6294 14.2915 9.81775 6.54887 7.39331 5.42192 2.73375 0.874831 0.314152 1.66503 2.27106 0.0810052 0.00647243 0.00510694
threshold=16.845000000000002 23.865000000000006 20.965000000000003 25.585000000000004 25.775000000000002 24.455000000000002 0.29000000000000009 21.985000000000003 16.885000000000002 15.295000000000002 218.50000000000003 234.50000000000003 158.50000000000003 21.635000000000002 19.205000000000002 26.615000000000006 0.33800000000000013 0.9799500000000001 340.50000000000006 18.515000000000004 18.585000000000004 -1.267059139784946 -0.41918279569892464 20.975000000000005
decision_type=2 2 2 2 2 2 2 2 2 2 2 2 2 2 2 2 2 2 2 2 2 2 2 2
left_child=16 9 5 4 -4 6 -3 -5 -7 13 12 -12 -11 15 -15 -2 18 21 22 -20 -21 -18 -1 -24
right_child=1 2 3 7 -6 8 -8 -9 -10 10 11 -13 -14 14 -16 -17 17 -19 19 20 -22 -23 23 -25
leaf_value=-0.030282774066120614 0.018860556773833227 -0.0051571669929550675 0.0096551189216357493 -0.024280264878813858 -0.00058455117742198086 -0.027137250007426089 0.058864107027530782 -0.0038582837693002625 -0.0081218780296318568 -0.0046456083798055445 -0.025032949669034819 0.0015625919392587679 0.01774769743943078 -0.0035009636321688409 0.016026653819897849 0.067229347713918336 -0.030188780306930296 0.044361190864395834 -0.030312624028137336 0.10951478804070493 -0.030181492259351766 0.0055984206421199299 -0.036327308783356403 -0.031372278947193792
leaf_weight=7.2959035151288827 5.9935103520983812 38.407513970974833 187.02971164835617 21.476886951830238 522.76553172443528 40.777379131468479 2.348274773801676 163.17340486694593 29.017497387831099 27.009251139650587 23.958682447904721 75.453459622920491 50.690082309301943 27.549306720728055 47.597168256761506 3.1990449536824599 0.19109166914131492 0.66221087239682674 1.8182501319679443 0.1988948881626128 0.22124247701140121 0.08107664040289897 0.28570236265658966 0.54298430669587106
leaf_count=3105 108 1403 2184 325 11230 3738 87 2273 2543 932 240 1181 1086 1554 678 72 52 4 664 1 75 15 2 53
internal_value=-2.38269e-05 0.000184658 -0.0010477 0.000390384 0.00211358 -0.0126829 -0.00146838 -0.00623359 -0.0192315 0.00492173 0.0016504 -0.00484703 0.00996351 0.0117915 0.00886767 0.0356931 -0.0233952 0.0257514 -0.0278265 -0.0178751 0.0359513 -0.0195281 -0.0305681 -0.0330806
internal_weight=1277.74 1266.45 1005 894.446 709.795 110.551 40.7558 184.65 69.7949 261.451 177.111 99.4121 77.6993 84.339 75.1465 9.19256 11.2974 0.934379 10.363 2.23839 0.420137 0.272168 8.12459 0.828687
internal_count=33605 29634 23783 16012 13414 7771 1490 2598 6281 5851 3439 1421 2018 2412 2232 180 3971 71 3900 740 76 67 3160 55
is_linear=0
shrinkage=0.03


Tree=236
num_leaves=25
num_cat=0
split_feature=22 17 22 22 22 16 22 7 22 22 11 22 22 23 23 2 0 0 22 2 0 4 0 3
split_gain=6.91408 16.0993 9.8828 29.1034 43.271 24.1017 15.4739 14.5964 12.6623 12.4304 7.30028 6.8523 6.63845 5.46517 4.37498 2.04835 0.320646 0.143315 0.139071 0.136355 0.0265467 0.0253697 0.0194633 0.00299263
threshold=336.50000000000006 44.500000000000007 326.50000000000006 314.50000000000006 310.50000000000006 41.000000000000007 328.50000000000006 73.984100000000012 330.50000000000006 274.50000000000006 21.000000000000004 344.50000000000006 332.50000000000006 1.5000000000000002 4.5000000000000009 25.635000000000002 3.7550000000000003 2.6950000000000007 340.50000000000006 29.525000000000002 2.1050000000000004 31.385000000000002 2.1350000000000002 21.645000000000003
decision_type=2 2 2 2 2 2 2 2 2 2 2 2 2 2 2 2 2 2 2 2 2 2 2 2
left_child=2 15 3 4 9 12 23 -6 -8 -1 21 13 14 -12 -4 -2 20 -17 -19 -18 -5 -3 -14 -7
right_child=1 10 5 16 7 6 8 -9 -10 -11 11 -13 22 -15 -16 17 19 18 -20 -21 -22 -23 -24 -25
leaf_value=0.0004336613817000675 0.021575928108384108 -0.032038302555406968 0.012677720943051194 -0.030665341890846572 0.091263399723973918 -0.034173455425395904 0.089465797071971526 0.029464149393045976 0.032369176127684307 -0.011500214291195496 0.0035634901161117269 -0.031150429063569993 -0.031126383593847288 0.068269189323732757 -0.015671609605051366 -0.030869244623514275 -0.044594857858929769 -0.040452811205077661 -0.033218130525924615 -0.03689989477568123 -0.033614026689964382 -0.039565910987365532 -0.034737390609837451 -0.036447476796423808
leaf_weight=1074.0599559138645 0.61527965962887421 1.2421572854509557 15.663061926141387 6.6738448968390021 4.1478107576258507 0.98863442474976482 5.2629702463746062 20.148256401764229 10.410289018414913 84.751985245966353 1.7266461076214907 1.2192032937891779 2.4451751841697833 3.6756980202626437 7.1292599574662736 6.893761137151162 3.0299844685941917 4.4159644879400712 5.2158091876190156 6.558704124763608 4.6711756871081889 0.59641459211707104 2.9813771694898605 1.1007524607703087
leaf_count=27690 38 141 180 621 40 19 40 220 120 2340 20 210 140 60 90 1174 18 38 200 64 77 4 40 21
internal_value=-2.3612e-05 -0.0154569 0.000292467 -0.000228815 0.000391602 0.0139424 0.0413184 0.0400145 0.0515418 -0.000439146 0.018406 0.0330906 -0.00328963 0.0475886 0.00381027 -0.0321704 -0.0352928 -0.0341715 -0.0365351 -0.0393315 -0.0318794 -0.0344802 -0.0331103 -0.0353715
internal_weight=1275.62 25.6009 1250.02 1204.04 1183.11 45.9815 17.7626 24.2961 15.6733 1158.81 8.46012 6.62155 28.2189 5.40234 22.7923 17.1408 20.9337 16.5255 9.63177 9.58869 11.345 1.83857 5.42655 2.08939
internal_count=33605 1885 31720 31070 30290 650 200 260 160 30030 435 290 450 80 270 1450 780 1412 238 82 698 145 180 40
is_linear=0
shrinkage=0.03


Tree=237
num_leaves=21
num_cat=0
split_feature=0 1 3 1 22 10 2 3 22 22 2 13 3 0 9 10 2 2 24 25
split_gain=6.85453 6.78994 11.292 11.2807 12.2092 8.87605 9.99325 7.96892 6.8853 15.0079 5.04443 4.87278 1.23577 1.23135 0.510177 0.00672688 0.00204146 0.000225805 0.000106447 6.64321e-05
threshold=20.515000000000004 31.015000000000004 25.195000000000004 29.315000000000001 186.50000000000003 85.000000000000014 29.945000000000004 25.775000000000002 145.50000000000003 133.50000000000003 37.315000000000005 0.070000000000000021 26.115000000000006 16.865000000000006 1.3 85.000000000000014 34.465000000000011 30.495000000000001 3.5000000000000004 -1.1245161290322576
decision_type=2 2 2 2 2 2 2 2 2 2 2 2 2 2 2 2 2 2 2 2
left_child=1 2 3 4 -1 10 -7 13 9 -9 -4 -5 -10 14 -3 -2 17 19 -19 -17
right_child=15 7 5 11 -6 6 -8 8 12 -11 -12 -13 -14 -15 -16 16 -18 18 -20 -21
leaf_value=0.0041653116506225893 0.033789681493872389 -0.011827350327686009 0.017844807061288843 -0.0058368703246823974 -0.0023341523006521281 0.084055277432643516 0.0071326651022277825 -0.018978036298818331 0.0087308257494097194 0.022665806446730507 0.077110770839681708 -0.022491971137921875 -0.031802936772256617 0.0072523311315505195 -0.030420389431070477 0.030462909616916577 0.032129171659241736 0.030443432899420621 0.030907305587985275 0.030177868661797419
leaf_weight=440.04352748999372 0.69340543379075725 1.4536947109736562 2.399108891375362 39.811464868544135 636.17993498023134 1.5581306889653195 62.097394208889455 14.411608310008889 0.74852561857551236 16.94805007474497 2.8023001849651337 26.223533653537743 7.0779604491544887 0.89729923754930396 15.385130198847035 1.1824794110143555 0.74016179423779238 0.78584955679252733 1.0271567525342105 1.9484095198567959
leaf_count=15986 28 135 20 1247 10838 13 736 892 40 266 25 1071 448 6 1085 109 20 68 44 528
internal_value=-2.38232e-05 -0.000179855 0.000296068 -0.000415156 0.000323332 0.0120945 0.00901554 -0.0103059 -0.00275423 0.00352801 0.0497748 -0.0124509 -0.0279263 -0.0269905 -0.0288153 0.0310001 0.0306598 0.0304398 0.0307062 0.0302855
internal_weight=1274.42 1268.04 1211.12 1142.26 1076.22 68.8569 63.6555 56.9223 39.1861 31.3597 5.20141 66.035 7.82649 17.7361 16.8388 6.37746 5.68406 4.9439 1.81301 3.13089
internal_count=33605 32808 29936 29142 26824 794 749 2872 1646 1158 45 2318 488 1226 1220 797 769 749 112 637
is_linear=0
shrinkage=0.03


Tree=238
num_leaves=25
num_cat=0
split_feature=0 24 24 0 0 0 24 25 22 22 24 3 1 1 24 22 23 3 2 2 0 24 4 4
split_gain=6.78308 10.1075 8.52487 18.2918 14.5781 13.3216 28.3775 11.0538 10.1944 9.11784 8.80869 7.85079 13.0109 8.98304 4.09925 6.81232 11.7147 6.64993 3.98344 9.50808 4.3382 2.28322 2.95004 8.93188
threshold=0.65500000000000014 2.5000000000000004 3.5000000000000004 10.255000000000001 2.4150000000000005 2.6550000000000007 1.5000000000000002 -0.67306451612903218 264.50000000000006 145.50000000000003 1.5000000000000002 22.205000000000002 29.625000000000004 25.085000000000004 4.5000000000000009 328.50000000000006 5.5000000000000009 25.775000000000002 32.555000000000007 32.255000000000003 1.0000000180025095e-35 1.5000000000000002 10.575000000000001 10.465000000000002
decision_type=2 2 2 2 2 2 2 2 2 2 2 2 2 2 2 2 2 2 2 2 2 2 2 2
left_child=1 21 3 5 11 10 -7 9 -9 -6 -2 13 -13 -4 18 17 -17 -16 19 -3 -20 -1 23 -23
right_child=2 14 4 -5 7 6 -8 8 -10 -11 -12 12 -14 -15 15 16 -18 -19 20 -21 -22 22 -24 -25
leaf_value=-0.030298916087116372 -0.012078295677552519 -0.0049893688650074807 0.0063378113978052979 0.029886660918278428 0.004283595708859912 0.022444766560528389 0.0014821110271548007 -0.016071921933317804 0.017418245619934169 -0.0059272892646924612 0.00070749138362820741 0.023744047122434882 -0.012840571055476485 -0.023626674430271881 -0.00078560416991446213 0.024463544272897559 0.21177854950334918 0.044619870150423624 -0.00026107980316612719 0.063848985155349827 -0.030943587941629703 0.0079798418921519804 -0.017964687823785321 0.32491759388031255
leaf_weight=13.89194740180392 74.894353403884452 44.511325185827445 40.97463125520153 22.259790936368518 132.44677593687084 72.542576103820466 292.32781668112148 92.641795775503851 8.9726112899370474 193.97458590520546 137.58104247855954 41.96976943872869 11.052955029997973 11.540397026983554 39.733409626292996 1.6062731147976581 0.36963855545036484 3.1317841310519716 6.7868299423134912 1.8821788791101415 10.6639558149036 1.55461885762634 15.999425918387713 0.084370266529731341
leaf_count=3728 1751 2388 1685 1226 2286 844 2832 1082 128 1632 4318 589 695 1129 1660 133 26 141 378 117 1884 387 2548 18
internal_value=-2.35637e-05 -0.00624806 0.000746634 0.00320123 -0.00201173 0.00217236 0.00564985 -0.00447402 -0.0131147 -0.00178418 -0.0037993 0.00797472 0.0161177 -0.00024701 -0.00190973 0.00504229 0.059505 0.00253178 -0.00679248 -0.00219661 -0.0190108 -0.0212023 -0.0140379 0.0242949
internal_weight=1273.39 140.216 1133.18 599.606 533.574 577.346 364.87 428.036 101.614 326.421 212.475 105.538 53.0227 52.515 108.685 44.8411 1.97591 42.8652 63.8443 46.3935 17.4508 31.5304 17.6384 1.63899
internal_count=33605 13408 20197 10971 9226 9745 3676 5128 1210 3918 6069 4098 1284 2814 6727 1960 159 1801 4767 2505 2262 6681 2953 405
is_linear=0
shrinkage=0.03


Tree=239
num_leaves=25
num_cat=0
split_feature=2 9 3 4 1 1 3 3 26 1 18 22 3 23 22 4 3 1 22 3 12 0 5 3
split_gain=6.77352 7.82596 10.1028 11.7238 19.0609 8.61106 17.1866 15.9703 11.0232 9.01964 8.04019 7.35796 6.79169 6.09265 5.63408 3.03137 1.69219 2.7395 1.07666 0.346686 0.0516886 0.12911 0.0508857 0.0209999
threshold=24.835000000000004 3.5000000000000004 19.105000000000004 24.645000000000003 25.015000000000004 25.695000000000004 22.395000000000003 24.065000000000001 -0.26020215053763435 29.105000000000004 34.500000000000007 144.50000000000003 22.555000000000003 3.5000000000000004 216.50000000000003 5.8950000000000005 19.475000000000005 20.975000000000005 266.50000000000006 17.965000000000003 0.71000000000000008 9.8650000000000002 0.24645000000000003 22.365000000000006
decision_type=2 2 2 2 2 2 2 2 2 2 2 2 2 2 2 2 2 2 2 2 2 2 2 2
left_child=16 2 10 4 -4 6 8 12 -3 -9 15 -5 -7 -12 -8 -2 17 18 19 -1 22 -22 -18 -24
right_child=1 5 3 11 -6 7 14 9 -10 -11 13 -13 -14 -15 -16 -17 20 -19 -20 -21 21 -23 23 -25
leaf_value=-0.00037550504541600715 0.0089292204037252978 0.0054171736735944892 0.014212699267674843 0.0084129711134155148 0.0013379938676640999 -0.028812487205383947 0.030504470580771527 0.028081975520565856 -0.0082371169429092395 -0.0075439133950268751 0.032455652565944258 -0.0065932352047948862 -0.010934774470216086 -0.031195577940347115 0.00057407735119440308 -0.025711338441012276 0.04006268944531665 -0.026525557797540067 -0.0086390159323061922 0.030868375420363827 -0.011381562468826887 0.030389711187786526 0.03118071199398741 0.039529582516989563
leaf_weight=0.35188682901207213 2.5126614923938204 80.858450547559187 129.89703181153163 35.150310070428532 509.14770567696542 30.060563309642021 19.101182085927579 12.378860677359627 155.63323529082118 13.233145696343852 4.7833989719511001 179.99585430102888 52.570644543040544 1.8874767277156932 8.0440390235744399 23.895076798507944 0.72085510194301594 1.4103611055761573 0.88872713805176307 3.4869139498332515 0.085025063715875038 0.30724175600335002 5.3884594650007784 0.2855134056881069
leaf_count=37 305 1827 1983 1036 12053 1817 192 115 4247 355 424 2094 927 322 76 4885 4 14 17 180 3 91 583 18
internal_value=-2.3621e-05 -0.000245414 0.00128576 0.00191572 0.003955 -0.00389865 -0.000973519 -0.0110231 -0.0035686 0.00967488 -0.0149816 -0.00414154 -0.0174385 0.014446 0.0216351 -0.0224153 0.0215835 0.0101688 0.0211158 0.0280044 0.0319063 0.0213357 0.0325547 0.0316008
internal_weight=1272.07 1259.15 887.27 854.191 639.045 371.88 263.637 108.243 236.492 25.612 33.0786 215.146 82.6312 6.67088 27.1452 26.4077 12.925 6.13789 4.72753 3.8388 6.78709 0.392267 6.39483 5.67397
internal_count=33605 32658 23102 17166 14036 9556 6342 3214 6074 470 5936 3130 2744 746 268 5190 947 248 234 217 699 94 605 601
is_linear=0
shrinkage=0.03


Tree=240
num_leaves=24
num_cat=0
split_feature=2 22 22 14 2 22 22 3 1 23 3 25 14 3 22 4 22 18 0 22 0 7 5
split_gain=6.76925 7.32854 17.0843 21.5974 16.8007 17.0402 15.7172 13.8711 12.5665 19.1603 15.6823 14.4942 12.0525 10.0049 12.014 11.6232 1.05741 3.28473 0.491169 0.0168221 0.00266683 0.00187864 0.000185496
threshold=40.545000000000009 144.50000000000003 127.50000000000001 0.29000000000000009 33.375000000000007 114.50000000000001 55.500000000000007 23.615000000000006 25.245000000000001 1.0000000180025095e-35 21.775000000000002 -2.5897150537634399 0.11000000000000001 22.295000000000005 258.50000000000006 27.765000000000004 142.50000000000003 34.500000000000007 18.420000000000005 138.50000000000003 3.0850000000000004 75.322650000000024 0.46925000000000006
decision_type=2 2 2 2 2 2 2 2 2 2 2 2 2 2 2 2 2 2 2 2 2 2 2
left_child=1 2 4 12 6 -6 -1 -5 13 11 -11 -10 -4 14 -3 -15 18 21 19 20 -2 -18 -23
right_child=16 8 3 7 5 -7 -8 -9 9 10 -12 -13 -14 15 -16 -17 17 -19 -20 -21 -22 22 -24
leaf_value=-0.0099866437106934259 -0.03034805597589733 -0.0047537098610828735 -0.0054508331471705695 0.012364432410817526 -0.0034326201775664871 -0.031097158829924771 0.01419160971902809 0.084274312613154392 0.04074475725872808 -0.021064970451925385 -0.0005232104458576535 -0.025240940340200416 0.013692128832145841 0.021634497004892329 0.005901398776654891 -0.0044063168116347719 -0.033193877408954423 0.044992274507401883 0.0024528796980852838 -0.034630582541816009 -0.031636343214538579 -0.030410541499480151 -0.031241938301341508
leaf_weight=35.375968467502389 2.7093634787015599 201.9336265885504 41.067888447083533 4.1600172077305597 86.021909142960794 26.124396949657239 76.575182116823271 5.7527612252160907 3.1780353938229373 37.141781761543825 336.379088807269 52.296435688389465 106.00857450789772 45.064874672098085 180.25292550621089 23.455110005103052 0.49124949495308134 0.74499066174030293 0.39831098914146412 1.4673390302341429 3.1017210325226188 0.37284838722553082 0.68571563065052032
leaf_count=6098 493 2670 635 83 6724 930 2259 61 51 1216 4585 930 1299 611 4485 264 10 14 2 36 79 51 19
internal_value=-2.32891e-05 0.000171435 0.00364651 0.0112356 -0.00166998 -0.00987705 0.00655141 0.0540965 -0.00133397 -0.00500917 -0.00256582 -0.0214607 0.00834688 0.00216419 0.000271623 0.0127205 -0.0246439 -0.00677585 -0.0299853 -0.0317604 -0.0310357 -0.0316606 -0.0309491
internal_weight=1270.76 1260.79 381.087 156.989 224.097 112.146 111.951 9.91278 879.702 428.995 373.521 55.4745 147.076 450.707 382.187 68.52 9.97154 2.2948 7.67673 7.27842 5.81108 1.54981 1.05856
internal_count=33605 32901 18089 2078 16011 7654 8357 144 14812 6782 5801 981 1934 8030 7155 875 704 94 610 608 572 80 70
is_linear=0
shrinkage=0.03


Tree=241
num_leaves=25
num_cat=0
split_feature=1 3 1 16 21 2 11 1 3 7 10 22 1 22 22 9 1 22 4 20 4 1 3 0
split_gain=6.73468 14.85 14.4049 13.7975 21.2626 12.0328 11.6216 11.4617 10.2434 10.983 12.5917 10.2878 9.40566 9.30914 33.1918 14.5062 8.27879 7.02087 10.745 6.69801 8.90769 13.1787 6.54339 4.37136
threshold=28.545000000000005 23.175000000000004 26.575000000000003 27.000000000000004 6.5000000000000009 35.725000000000001 -8.4999999999999982 26.935000000000006 24.205000000000002 73.984100000000012 100.00000000000001 192.50000000000003 29.955000000000002 121.50000000000001 95.500000000000014 1.3 27.625000000000004 107.50000000000001 14.805000000000001 0.49000000000000005 16.885000000000002 29.175000000000004 22.495000000000001 3.4450000000000007
decision_type=2 2 2 2 2 2 2 2 2 2 2 2 2 2 2 2 2 2 2 2 2 2 2 2
left_child=1 2 13 4 -3 7 16 -5 19 17 11 -11 -12 14 -1 -15 -4 -10 -19 20 -2 -22 -8 -6
right_child=8 3 6 5 23 -7 22 -9 9 10 12 -13 -14 15 -16 -17 -18 18 -20 -21 21 -23 -24 -25
leaf_value=-0.0030442020904267904 -0.017895496542881521 0.022156434223214495 0.012920387381072145 0.017325442507889647 -0.024334577948976213 0.05129722537871137 -0.028468501014175425 0.0028638210379620705 -0.033806413981308826 0.0095633952899465292 -0.00031053264274190226 -0.022881379927419145 -0.021743520367899713 0.024180685248106005 0.037795240954177974 -0.0015269616538119155 -0.021375305234242539 0.096883260644090877 0.020633538736788266 -0.018215423626069406 -0.019734191291030257 0.065810034361812403 -0.008966008384363771 -0.062715205755691519
leaf_weight=55.828843582479749 7.3755777139449474 7.2589756269007948 22.022573816822845 82.429396858555265 5.1193346353247744 6.1386411543935528 33.464454589091474 122.81194370100275 1.580076168058439 70.466892728814855 34.883012334350497 10.050313042476771 39.063331591431051 20.424728197860532 26.370917160413228 602.29707971902099 8.8927518844138813 2.0014936414081594 9.8440112529788149 59.819928292941768 2.7895705637056381 3.8685401732800528 28.815907691256143 5.5838642697781324
leaf_count=8725 354 62 706 879 76 35 2368 1275 49 1591 373 107 1901 417 433 10220 454 28 184 2490 97 165 584 32
internal_value=-2.33294e-05 0.00103668 -0.000896674 0.0077648 -0.0174777 0.0099098 -0.0119812 0.00867192 -0.00452859 -0.000432772 -0.00269493 0.00551358 -0.0116328 0.000568773 0.0100577 -0.000683773 0.00305528 0.0255938 0.0335172 -0.0138395 0.00481336 0.0299693 -0.0194451 -0.0443578
internal_weight=1269.2 1027.46 798.117 229.342 17.9622 211.38 93.1957 205.241 241.743 167.889 154.464 80.5172 73.9463 704.922 82.1998 622.722 30.9153 13.4256 11.8455 73.8536 14.0337 6.65811 62.2804 10.7032
internal_count=33605 26266 23907 2359 170 2189 4112 2154 7339 4233 3972 1698 2274 19795 9158 10637 1160 261 212 3106 616 262 2952 108
is_linear=0
shrinkage=0.03


Tree=242
num_leaves=25
num_cat=0
split_feature=22 17 22 22 22 22 12 1 14 3 0 24 3 11 22 23 2 25 1 0 0 22 4 0
split_gain=6.65577 15.5692 9.18378 26.1261 17.2115 36.6256 22.5541 19.5777 14.9084 12.8879 9.02153 9.72724 7.79001 6.83842 6.29652 4.94212 1.95148 1.46582 0.610862 0.288296 0.132519 0.128538 0.0228699 0.00282418
threshold=336.50000000000006 44.500000000000007 300.50000000000006 290.50000000000006 314.50000000000006 326.50000000000006 0.79000000000000015 24.555000000000003 0.29000000000000009 21.585000000000004 8.9350000000000005 3.5000000000000004 20.395000000000003 21.000000000000004 344.50000000000006 1.5000000000000002 25.635000000000002 0.22290322580645142 22.945000000000004 3.7550000000000003 2.6950000000000007 340.50000000000006 31.385000000000002 1.4650000000000001
decision_type=2 2 2 2 2 2 2 2 2 2 2 2 2 2 2 2 2 2 2 2 2 2 2 2
left_child=2 16 3 10 7 19 -7 8 -4 -9 12 -12 -1 22 15 -15 -2 18 -5 -6 23 -22 -3 -18
right_child=1 13 4 17 5 6 -8 9 -10 -11 11 -13 -14 14 -16 -17 20 -19 -20 -21 21 -23 -24 -25
leaf_value=-0.0081293840639559412 0.021151443264227049 -0.031949211694884197 0.034469128295922462 -0.053996287912149263 -0.0318279409229279 0.0022088459504819085 0.053181030896099768 -0.022687269321258401 0.13063587334632548 0.022243164606643374 0.021742351491686344 0.0023324518499717346 7.4518857126332739e-05 0.0032270182714519632 -0.031117340002845387 0.06467235949308052 -0.030357859031079275 -0.077403444229082699 -0.034603023509822951 -0.039003981404101828 -0.040192069381913886 -0.033147194095117731 -0.039195565254948467 -0.031614811097449576
leaf_weight=118.1075901882723 0.59701774537098273 1.1962163441930878 23.492120933136906 1.6430478448746697 10.946891953237357 36.039091305108741 9.9751458612736297 10.382588916341776 1.5463600382208813 12.865332809044046 33.106928713154048 77.947807299089618 882.68999133340549 1.7157915355637667 1.1751256250427102 3.7592262888792902 4.0141108886455212 0.84310646890662688 13.250330500188282 9.3355829343199712 4.3138084039092046 5.0709530776366591 0.58303716406226147 2.6847999902674928
leaf_count=10121 38 141 296 44 698 550 100 367 22 225 1442 1457 15710 20 210 60 999 20 586 82 38 200 4 175
internal_value=-2.35523e-05 -0.0153151 0.000285561 -0.000536731 0.00837757 -0.0015453 0.0132588 0.0220016 0.0404083 0.0021771 6.53601e-06 0.00811881 -0.000893652 0.0179156 0.0318923 0.0454163 -0.0321078 -0.038921 -0.0367425 -0.0351309 -0.0340848 -0.0363854 -0.0343237 -0.0308616
internal_weight=1267.28 25.1101 1242.17 1127.59 114.583 66.2967 46.0142 48.2864 25.0385 23.2479 1111.85 111.055 1000.8 8.4294 6.65014 5.47502 16.6807 15.7365 14.8934 20.2825 16.0837 9.38476 1.77925 6.69891
internal_count=33605 1885 31720 29380 2340 1430 650 910 318 592 28730 2899 25831 435 290 80 1450 650 630 780 1412 238 145 1174
is_linear=0
shrinkage=0.03


Tree=243
num_leaves=25
num_cat=0
split_feature=2 3 1 1 22 22 3 22 7 11 25 24 3 4 22 22 3 2 23 12 0 5 3 0
split_gain=6.59495 7.19585 21.9236 10.837 19.9752 14.4409 14.0928 13.0512 12.984 10.3051 8.6337 14.1295 12.2092 6.4293 10.9906 2.18708 1.65639 2.6567 2.77301 0.0509699 0.12459 0.046823 0.0194994 0.0175631
threshold=24.835000000000004 21.045000000000005 24.455000000000002 27.275000000000002 133.50000000000003 262.50000000000006 24.255000000000006 162.50000000000003 75.322650000000024 26.000000000000004 -0.38672580645161275 3.5000000000000004 19.105000000000004 16.885000000000002 328.50000000000006 121.50000000000001 19.475000000000005 24.155000000000005 3.5000000000000004 0.71000000000000008 9.8650000000000002 0.24645000000000003 22.365000000000006 2.7750000000000004
decision_type=2 2 2 2 2 2 2 2 2 2 2 2 2 2 2 2 2 2 2 2 2 2 2 2
left_child=16 2 10 4 9 -6 7 -5 -8 -3 12 -12 -2 15 -15 -4 17 23 -19 21 -21 -18 -23 -1
right_child=1 3 13 6 5 -7 8 -9 -10 -11 11 -13 -14 14 -16 -17 19 18 -20 20 -22 22 -24 -25
leaf_value=0.026386928235462615 -0.0061522862970973353 0.030848647951006728 -0.016356907484019353 -0.0048373034368264607 -0.00066608520560549342 0.011903163716818302 0.012110706798541242 -0.024857270310120392 -0.0032696522107787274 0.0023361953809814986 0.0018093826370149347 -0.023035348848666787 0.011667936865289977 -0.015891134417314077 0.033466605703779344 -0.031251971655729391 0.039747155918945683 0.02259618341454547 -0.033624131462970462 -0.010922412786088289 0.030368093413543198 0.03115310999872652 0.039289324242179451 0.032152963498409994
leaf_weight=0.59906946728005861 56.613016742805485 34.783819465897977 13.032602692459475 142.05670226406073 399.13544093072414 103.62335638317745 78.856824395363219 36.924356820993125 132.23818567779381 16.976354918559082 57.46893688919954 32.113692072685808 88.998231562552974 27.2766883863369 4.7703326273476696 27.790489373204764 0.70984405279159535 1.4195659870747479 1.7792911475989965 0.084598467685282119 0.29550307686440647 5.2586582032963634 0.27917963184881944 2.3036868454655632
leaf_count=17 7076 521 2823 4437 4252 1663 1639 778 2963 330 850 269 1202 2619 82 1154 4 24 28 3 91 583 18 179
internal_value=-2.37377e-05 -0.000242062 -0.00422358 0.00105644 0.00375151 0.00192456 -0.00277477 -0.00896749 0.00247585 0.0214971 0.000231126 -0.00709699 0.00473951 -0.0186015 -0.00854403 -0.0264968 0.0214609 0.0101822 -0.00867508 0.0318442 0.0211781 0.0324931 0.0315633 0.030963
internal_weight=1265.39 1252.66 308.064 944.595 554.519 502.759 390.076 178.981 211.095 51.7602 235.194 89.5826 145.611 72.8701 32.047 40.8231 12.7294 6.10161 3.19886 6.62778 0.380102 6.24768 5.53784 2.90276
internal_count=33605 32658 16075 16583 6766 5915 9817 5215 4602 851 9397 1119 8278 6678 2701 3977 947 248 52 699 94 605 601 196
is_linear=0
shrinkage=0.03


Tree=244
num_leaves=25
num_cat=0
split_feature=1 3 1 22 26 1 2 10 3 22 22 20 5 13 4 2 0 2 0 3 10 9 3 3
split_gain=6.64792 10.5241 10.8151 11.1667 16.2972 14.8148 8.52165 8.40933 7.63077 6.29579 12.6225 6.42174 5.41303 4.55765 8.37843 4.35422 3.92808 3.68862 1.38516 1.14864 1.00593 0.53195 4.28947 0.602378
threshold=31.015000000000004 25.195000000000004 29.315000000000001 186.50000000000003 0.024039784946236389 26.935000000000006 29.945000000000004 85.000000000000014 25.775000000000002 132.50000000000003 145.50000000000003 0.46500000000000002 0.70095000000000007 0.070000000000000021 25.445000000000004 37.315000000000005 12.055000000000001 37.555000000000007 16.865000000000006 26.115000000000006 85.000000000000014 1.3 24.495000000000001 25.605000000000004
decision_type=2 2 2 2 2 2 2 2 2 2 2 2 2 2 2 2 2 2 2 2 2 2 2 2
left_child=1 2 3 4 -1 -5 -3 15 18 17 11 -11 -9 14 -4 -8 -15 -10 21 -12 -19 22 -2 -23
right_child=8 6 13 5 -6 -7 7 12 9 10 19 -13 -14 16 -16 -17 -18 20 -20 -21 -22 23 -24 -25
leaf_value=0.00015524801068246167 0.11560641428658429 0.081018670845516214 0.001198885701277654 -0.00059818629036135313 0.01252016631240443 -0.016377399288953223 0.01660134554968087 -0.0019808108666499557 0.012395972245765222 -0.022111533471336989 0.0089052522937130164 0.027104501935678156 0.01572060489511198 -0.025590278524928383 -0.03308406770856679 0.071347727223694993 0.017148148068958376 -0.0092419801828489759 0.008287663026963904 -0.030300857968406293 -0.032208073947383828 -0.032347343124231195 -0.03279064051055381 -0.011990492217441641
leaf_weight=296.08475949688 0.20539397292305395 1.565166778396814 31.590049152844585 576.21587451931555 141.9156041390379 59.037902277195826 2.3884767191484562 30.212831836892292 2.5971108591184011 2.8247575147543165 0.74517125100828607 15.363872427260501 32.031143888365477 23.298234372457959 8.0508534956024942 2.8889993838965893 2.1108175180852404 2.1574664385989299 0.96379799768328567 6.8999293618835509 8.3972602428402734 13.514462588122113 1.1966969481436533 1.4484653112012882
leaf_count=10423 29 15 1008 10354 5747 1067 20 536 39 100 40 184 222 1053 242 25 18 124 7 450 711 995 106 90
internal_value=-2.35111e-05 0.000446412 -0.000243601 0.00047631 0.00416158 -0.00206464 0.0118154 0.0102113 -0.0100988 -0.00273621 0.00586569 0.0194611 0.00712845 -0.0121214 -0.0057638 0.0465706 -0.0220399 -0.0196326 -0.0266627 -0.0264794 -0.0275136 -0.028721 -0.0110518 -0.0303767
internal_weight=1263.71 1207.39 1138.3 1073.25 438 635.254 69.0866 67.5215 56.3144 38.9856 25.8337 18.1886 62.244 65.05 39.6409 5.27748 25.4091 13.1518 17.3288 7.6451 10.5547 16.365 1.40209 14.9629
internal_count=33605 30730 29912 27591 16170 11421 818 803 2875 1648 774 284 758 2321 1250 45 1071 874 1227 490 835 1220 135 1085
is_linear=0
shrinkage=0.03


end of trees

feature_importances:
day_of_year=998
forecast_temperature_min=861
forecast_rainfall=859
forecast_temperature_max=777
forecast_temperature=534
hist_rain_bias=363
lead_days=312
hist_temp_bias=182
forecast_rain_probability=141
forecast_wind=138
longitude=122
latitude=71
day_of_week=69
soil_silt_pct=55
builtup_frac=47
aspect_deg=41
elevation_m=39
soil_clay_pct=31
elev_diff=28
soil_sand_pct=26
cropland_frac=24
slope_deg=23
month=23
water_frac=21
soil_organic_carbon_pct=12
forest_frac=10
soil_ph=6

parameters:
[boosting: gbdt]
[objective: binary]
[metric: binary_logloss]
[tree_learner: serial]
[device_type: cpu]
[data_sample_strategy: bagging]
[data: ]
[valid: ]
[num_iterations: 300]
[learning_rate: 0.03]
[num_leaves: 25]
[num_threads: 0]
[seed: 42]
[deterministic: 0]
[force_col_wise: 0]
[force_row_wise: 0]
[histogram_pool_size: -1]
[max_depth: 5]
[min_data_in_leaf: 20]
[min_sum_hessian_in_leaf: 0.001]
[bagging_fraction: 1]
[pos_bagging_fraction: 1]
[neg_bagging_fraction: 1]
[bagging_freq: 0]
[bagging_seed: 400]
[bagging_by_query: 0]
[feature_fraction: 1]
[feature_fraction_bynode: 1]
[feature_fraction_seed: 30056]
[extra_trees: 0]
[extra_seed: 12879]
[early_stopping_round: 0]
[early_stopping_min_delta: 0]
[first_metric_only: 0]
[max_delta_step: 0]
[lambda_l1: 0]
[lambda_l2: 0]
[linear_lambda: 0]
[min_gain_to_split: 0]
[drop_rate: 0.1]
[max_drop: 50]
[skip_drop: 0.5]
[xgboost_dart_mode: 0]
[uniform_drop: 0]
[drop_seed: 17869]
[top_rate: 0.2]
[other_rate: 0.1]
[min_data_per_group: 100]
[max_cat_threshold: 32]
[cat_l2: 10]
[cat_smooth: 10]
[max_cat_to_onehot: 4]
[top_k: 20]
[monotone_constraints: ]
[monotone_constraints_method: basic]
[monotone_penalty: 0]
[feature_contri: ]
[forcedsplits_filename: ]
[refit_decay_rate: 0.9]
[cegb_tradeoff: 1]
[cegb_penalty_split: 0]
[cegb_penalty_feature_lazy: ]
[cegb_penalty_feature_coupled: ]
[path_smooth: 0]
[interaction_constraints: ]
[verbosity: -1]
[saved_feature_importance_type: 0]
[use_quantized_grad: 0]
[num_grad_quant_bins: 4]
[quant_train_renew_leaf: 0]
[stochastic_rounding: 1]
[linear_tree: 0]
[max_bin: 255]
[max_bin_by_feature: ]
[min_data_in_bin: 3]
[bin_construct_sample_cnt: 200000]
[data_random_seed: 175]
[is_enable_sparse: 1]
[enable_bundle: 1]
[use_missing: 1]
[zero_as_missing: 0]
[feature_pre_filter: 1]
[pre_partition: 0]
[two_round: 0]
[header: 0]
[label_column: ]
[weight_column: ]
[group_column: ]
[ignore_column: ]
[categorical_feature: ]
[forcedbins_filename: ]
[precise_float_parser: 0]
[parser_config_file: ]
[objective_seed: 16083]
[num_class: 1]
[is_unbalance: 0]
[scale_pos_weight: 1]
[sigmoid: 1]
[boost_from_average: 1]
[reg_sqrt: 0]
[alpha: 0.9]
[fair_c: 1]
[poisson_max_delta_step: 0.7]
[tweedie_variance_power: 1.5]
[lambdarank_truncation_level: 30]
[lambdarank_norm: 1]
[label_gain: ]
[lambdarank_position_bias_regularization: 0]
[eval_at: ]
[multi_error_top_k: 1]
[auc_mu_weights: ]
[num_machines: 1]
[local_listen_port: 12400]
[time_out: 120]
[machine_list_filename: ]
[machines: ]
[gpu_platform_id: -1]
[gpu_device_id: -1]
[gpu_device_id_list: ]
[gpu_use_dp: 0]
[num_gpu: 1]

end of parameters

pandas_categorical:null
