tree
version=v4
num_class=1
num_tree_per_iteration=1
label_index=0
max_feature_idx=26
objective=regression
feature_names=forecast_rainfall forecast_temperature forecast_temperature_max forecast_temperature_min forecast_wind forecast_rain_probability latitude longitude elevation_m slope_deg aspect_deg elev_diff cropland_frac forest_frac builtup_frac water_frac soil_clay_pct soil_sand_pct soil_silt_pct soil_ph soil_organic_carbon_pct month day_of_year day_of_week lead_days hist_rain_bias hist_temp_bias
feature_infos=[0:167.75999999999999] [16.91:37.340000000000003] [18.850000000000001:44.590000000000003] [8.6799999999999997:33.020000000000003] [1:55.509999999999998] [0.02:0.97999999999999998] [12.833299999999999:19.261099999999999] [73.683300000000003:79.623400000000004] [275:950] [1.2:14.199999999999999] [80:270] [-59:158] [0.29999999999999999:0.81999999999999995] [0.01:0.55000000000000004] [0.040000000000000001:0.40000000000000002] [0.02:0.080000000000000002] [25:52] [18:52] [22:35] [5.9000000000000004:8.0999999999999996] [0.41999999999999998:1.3999999999999999] [1:12] [1:365] [0:6] [1:5] [-4.5377419354838713:8.8641935483870977] [-1.1389032258064518:0.4315483870967744]
tree_sizes=2237 2364 2378 2364 2373 2361 2379 2372 2378 2377 2373 2374 2371 2369 2384 2377 2381 2381 2377 2376 2392 2384 2387 2386 2396 2400 2389 2402 2390 2401 2394 2394 2389 2419 2402 2398 2406 2402 2401 2406 2391 2391 2410 2411 2403 2418 2414 2388 2404 2414 2397 2405 2407 2411 2414 2406 2395 2400 2407 2406 2403 2415 2408 2413 2400 2412 2401 2403 2408 2416 2409 2398 2416 2407 2414 2425 2403 2419 2414 2419 2411 2412 2424 2416 2424 2416 2424 2427 2415 2433 2425 2418 2428 2421 2429 2428 2422 2397 2424 2420 2426 2438 2436 2422 2431 2429 2441 2425 2433 2437 2416 2439 2405 2437 2446 2417 2437 2443 2430 2440 2448 2433 2430 2423 2439 2424 2433 2436 2436 2402 2435 2415 2451 2424 2395 2428 2439 2433 2441 2434 2429 2424 2422 2402 2421 2440 2426 2420 2435 2388 2422 2393 2429 2418 2421 2427 2376 2417 2418 2418 2423 2415 2427 2420 2432 2423 2408 2431 2420 2384 2422 2415 2423 2423 2417 2424 2431 2419 2409 2353 2419 2440 2352 2418 2376 2406 2441 2364 2430 2420 2417 2414 2391 2421 2395 2430 2395 2421 2394 2394 2410 2418 2400 2406 2417 2418 2366 2424 2394 2388 2406 2377 2375 2400 2416 2394 2405 2421 2413 2387 2382 2387 2414 2430 2378 2410 2360 2351 2386 2366 2424 2392 2395 2426 2358 2348 2433 2372 2369 2376 2404 2391 2389 2388 2413 2398 2398 2384 2353 2335 2373 2355 2348 2407 2381 2386 2423 2398 2349 2355 2343 2401 2396 2386 2408 2364 2382 2395

Tree=0
num_leaves=25
num_cat=0
split_feature=1 1 1 1 1 1 1 1 26 1 1 1 1 1 1 1 8 7 26 8 8 8 1 1
split_gain=232822 48001 35349.5 6960.26 6809.36 5965.59 4355.19 1327.96 1058.38 929.128 885.998 879.102 840.212 722.522 661.811 511.45 314.371 282.178 253.96 244.199 211.183 194.213 188.17 167.557
threshold=26.935000000000006 23.795000000000005 29.955000000000002 22.115000000000006 25.315000000000001 32.205000000000005 28.445000000000004 20.635000000000002 -0.26966666666666655 24.555000000000003 33.735000000000007 26.155000000000005 31.175000000000004 23.085000000000004 27.675000000000004 29.175000000000004 785.00000000000011 73.832350000000005 -0.26966666666666655 785.00000000000011 785.00000000000011 785.00000000000011 19.605000000000004 30.535000000000004
decision_type=2 2 2 2 2 2 2 2 2 2 2 2 2 2 2 2 2 2 2 2 2 2 2 2
left_child=1 3 6 7 9 12 14 22 -5 16 -7 17 23 -10 20 -8 -3 -6 -11 -9 -2 -13 -1 -4
right_child=2 4 5 8 11 10 15 19 13 18 -12 21 -14 -15 -16 -17 -18 -19 -20 -21 -22 -23 -24 -25
leaf_value=25.739626366728505 25.972239536824897 25.88417906390783 26.061607342550765 25.814419409391316 25.895974683880162 26.137231741050154 26.015906377510515 25.809718197154691 25.838595819347951 25.873820668591346 26.18477496247883 25.9505919776607 26.102620818120066 25.862277938272491 25.99317400357954 26.040851680516319 25.857777072078186 25.928095673789461 25.90554146958155 25.791335648704301 25.94089555913671 25.923819220015663 25.769292436880995 26.079124507027089
leaf_weight=267 2109 2629 1017 868 267 987 1593 1585 2304 246 549 2609 1120 2334 1919 1381 480 3151 2965 1103 213 269 689 951
leaf_count=267 2109 2629 1017 868 267 987 1593 1585 2304 246 549 2609 1120 2334 1919 1381 480 3151 2965 1103 213 269 689 951
internal_value=25.9341 25.8759 26.0412 25.8235 25.9138 26.1059 25.9997 25.7914 25.8448 25.8918 26.1542 25.9359 26.0819 25.8505 25.9801 26.0275 25.8801 25.9256 25.9031 25.8022 25.9694 25.9481 25.761 26.0701
internal_weight=33605 21766 11839 9150 12616 4624 7215 3644 5506 6320 1536 6296 3088 4638 4241 2974 3109 3418 3211 2688 2322 2878 956 1968
internal_count=33605 21766 11839 9150 12616 4624 7215 3644 5506 6320 1536 6296 3088 4638 4241 2974 3109 3418 3211 2688 2322 2878 956 1968
is_linear=0
shrinkage=1


Tree=1
num_leaves=25
num_cat=0
split_feature=1 1 1 1 1 1 1 1 1 8 1 1 1 1 1 1 26 7 8 2 26 26 1 1
split_gain=219076 41750.6 36965.7 6608.24 6245.51 5619.12 4043.84 1116.96 1025.29 997.175 975.385 888.199 594.219 573.968 534.913 484.746 316.624 266.706 239.495 237.299 205.891 203.72 177.866 177.049
threshold=26.735000000000003 23.645000000000003 29.695000000000004 31.975000000000005 24.975000000000005 21.885000000000002 28.115000000000006 25.805000000000003 33.735000000000007 785.00000000000011 20.635000000000002 30.735000000000003 22.745000000000001 24.425000000000004 28.985000000000003 27.395000000000003 0.082374193548386973 73.832350000000005 785.00000000000011 26.045000000000005 -0.26966666666666655 -0.26966666666666655 32.705000000000005 19.605000000000004
decision_type=2 2 2 2 2 2 2 2 2 2 2 2 2 2 2 2 2 2 2 2 2 2 2 2
left_child=1 5 6 11 13 10 15 17 22 12 23 -4 -7 16 -8 -2 20 -6 -9 -11 -3 -15 -5 -1
right_child=2 4 3 8 7 9 14 18 -10 19 -12 -13 -14 21 -16 -17 -18 -19 -20 -21 -22 -23 -24 -25
leaf_value=-0.18862699546171038 0.027542692073352939 -0.086816050035303294 0.12256926992016194 0.18227671228606124 -0.046859646193287065 -0.098442375648518071 0.071949559980203526 0.0088592542204657711 0.24316712887560735 -0.13498459461693452 -0.13136788981648007 0.15363264225533535 -0.074343587477892145 -0.066849195351676341 0.096673455837819541 0.048001244319083106 -0.041197672152056775 -0.015317284023714746 -0.016447040338027092 -0.10614165909948661 -0.05912991289394149 -0.034367527413992009 0.20548993886750319 -0.15985090345014508
leaf_weight=267 2190 275 1773 609 261 1513 1991 3210 549 321 2113 1555 2353 189 1303 1989 870 3190 376 1282 1999 2158 580 689
leaf_count=267 2190 275 1773 609 261 1513 1991 3210 549 321 2113 1555 2353 189 1303 1989 870 3190 376 1282 1999 2158 580 689
internal_value=2.24546e-10 -0.0590959 0.0992833 0.161844 -0.0242301 -0.110255 0.0568727 -0.00551917 0.209257 -0.0920237 -0.142744 0.137084 -0.0837749 -0.0482092 0.0817295 0.03728 -0.0565894 -0.0177028 0.00620583 -0.111917 -0.0624781 -0.0369832 0.1936 -0.167888
internal_weight=33605 21066 12539 5066 12528 8538 7473 7037 1738 5469 3069 3328 3866 5491 3294 4179 3144 3451 3586 1603 2274 2347 1189 956
internal_count=33605 21066 12539 5066 12528 8538 7473 7037 1738 5469 3069 3328 3866 5491 3294 4179 3144 3451 3586 1603 2274 2347 1189 956
is_linear=0
shrinkage=0.03


Tree=2
num_leaves=25
num_cat=0
split_feature=1 1 1 1 1 1 1 1 1 1 1 1 1 1 1 26 26 11 26 8 7 8 1 26
split_gain=206156 42542.6 31328.1 6995.17 5219.89 5061.27 4094.07 1172.09 1120.39 792.059 736.845 690.837 635.093 586.615 507.401 438.668 437.737 270.045 229.934 229.332 228.478 198.565 166.585 164.412
threshold=26.935000000000006 23.935000000000006 30.015000000000004 22.115000000000006 25.425000000000004 32.205000000000005 28.445000000000004 20.635000000000002 23.085000000000004 33.925000000000004 24.705000000000002 31.175000000000004 26.195000000000004 27.675000000000004 29.245000000000001 -0.26966666666666655 -0.26966666666666655 5.0000000000000009 -0.0379129032258066 672.50000000000011 73.832350000000005 785.00000000000011 19.605000000000004 0.083793548387096697
decision_type=2 2 2 2 2 2 2 2 2 2 2 2 2 2 2 2 2 2 2 2 2 2 2 2
left_child=1 3 6 7 10 11 13 22 16 -7 17 -4 20 21 -8 -10 -5 -3 -12 -9 -6 -2 -1 -17
right_child=2 4 5 8 12 9 14 19 15 -11 18 -13 -14 -15 -16 23 -18 -19 -20 -21 -22 -23 -24 -25
leaf_value=-0.18296817817045061 0.035960615319937599 -0.036865254103224408 0.12888461327719614 -0.12004075497668412 -0.033999583207317122 0.19312912292232992 0.077848955227114325 -0.11485290925810962 -0.099453811991305735 0.24025144910916721 -0.034022869008899656 0.15871366601330894 0.013822229525040917 0.055588890987255717 0.10233537739289397 -0.069838878420586323 -0.089872327034051208 -0.054560929758327922 -0.017591762713452887 -0.13241186009141725 -0.0036452667251762952 0.0055674907515271448 -0.15505538517574094 -0.053284902125828863
leaf_weight=267 2109 1424 1858 533 242 1079 1712 1261 393 457 1535 1120 2729 1919 1372 2133 2304 1706 1531 1427 2869 213 689 723
leaf_count=267 2109 1424 1858 533 242 1079 1712 1261 393 457 1535 1120 2729 1919 1372 2133 2304 1706 1531 1427 2869 213 689 723
internal_value=3.01597e-11 -0.0548007 0.100751 -0.101448 -0.0170904 0.162917 0.0624414 -0.134321 -0.0817654 0.207149 -0.036271 0.140103 0.00325937 0.0433157 0.0887424 -0.0697374 -0.0955402 -0.0465102 -0.025818 -0.124175 -0.00600648 0.0331726 -0.162851 -0.0656482
internal_weight=33605 21766 11839 9730 12036 4514 7325 3644 6086 1536 6196 2978 5840 4241 3084 3249 2837 3130 3066 2688 3111 2322 956 2856
internal_count=33605 21766 11839 9730 12036 4514 7325 3644 6086 1536 6196 2978 5840 4241 3084 3249 2837 3130 3066 2688 3111 2322 956 2856
is_linear=0
shrinkage=0.03


Tree=3
num_leaves=25
num_cat=0
split_feature=1 1 1 1 1 1 1 1 8 1 1 1 1 1 1 1 8 26 7 2 8 1 26 8
split_gain=193997 36995.3 32746 5534.8 5187.52 4986.13 4244.76 914.216 891.663 858.782 757.669 748.261 672.727 594.489 526.835 429.842 287.899 238.174 234.467 215.112 194.367 168.445 164.852 163.163
threshold=26.735000000000003 23.645000000000003 29.885000000000002 25.145000000000003 31.975000000000005 21.885000000000002 28.115000000000006 33.535000000000004 785.00000000000011 20.635000000000002 24.425000000000004 25.915000000000003 28.985000000000003 30.735000000000003 22.745000000000001 27.395000000000003 785.00000000000011 -0.26966666666666655 73.832350000000005 26.045000000000005 785.00000000000011 34.755000000000003 -0.29351612903225816 785.00000000000011
decision_type=2 2 2 2 2 2 2 2 2 2 2 2 2 2 2 2 2 2 2 2 2 2 2 2
left_child=1 5 6 10 13 9 15 -6 14 -1 16 18 -8 -4 -7 -2 -3 -12 -5 -10 -13 -9 -11 -17
right_child=2 3 4 11 7 8 12 21 19 22 17 20 -14 -15 -16 23 -18 -19 -20 -21 -22 -23 -24 -25
leaf_value=-0.15796557715248363 0.025908166233526722 -0.049249662053410935 0.11786786443583656 -0.041829944381257519 0.18026091452820658 -0.092605029749933329 0.067711185897410001 0.21586463492315727 -0.12736856879474961 -0.14290064317940254 -0.061178844435305538 0.0098730500106108537 0.093667407199030828 0.14462882968927118 -0.069913737963120379 0.047714689523938932 -0.073914495340042463 -0.029873209064740985 -0.010981637803174616 -0.099907097627936203 -0.014490909160208241 0.25024232427952653 -0.12004146136028666 0.016122304870805237
leaf_weight=956 2190 2636 1438 240 1095 1513 1991 466 321 338 237 2826 1638 1555 2353 1829 508 2836 2916 1282 329 177 1775 160
leaf_count=956 2190 2636 1438 240 1095 1513 1991 466 321 338 237 2826 1638 1555 2353 1829 508 2836 2916 1282 329 177 1775 160
internal_value=-1.30103e-10 -0.0556106 0.0934279 -0.0227904 0.15571 -0.103768 0.0556902 0.196934 -0.0865944 -0.134372 -0.0428809 -0.00299919 0.0794269 0.131771 -0.0787942 0.0350774 -0.0532349 -0.0322876 -0.0133275 -0.105406 0.0073324 0.225328 -0.123698 0.0451733
internal_weight=33605 21066 12539 12528 4731 8538 7808 1738 5469 3069 6217 6311 3629 2993 3866 4179 3144 3073 3156 1603 3155 643 2113 1989
internal_count=33605 21066 12539 12528 4731 8538 7808 1738 5469 3069 6217 6311 3629 2993 3866 4179 3144 3073 3156 1603 3155 643 2113 1989
is_linear=0
shrinkage=0.03


Tree=4
num_leaves=25
num_cat=0
split_feature=1 1 1 1 1 1 1 1 1 1 1 1 1 1 1 26 26 11 1 26 26 7 8 1
split_gain=182544 37691.7 27740 6199.96 4625.55 4498.89 3632.04 1039.67 1000.06 811.017 652.236 564.146 539.475 519.695 450.71 393.425 391.217 248.247 232.59 211.794 203.387 203.29 182.595 175.423
threshold=26.935000000000006 23.935000000000006 30.015000000000004 22.115000000000006 25.425000000000004 32.445000000000007 28.445000000000004 20.865000000000006 23.085000000000004 31.415000000000003 24.705000000000002 26.195000000000004 33.925000000000004 27.675000000000004 29.245000000000001 -0.26966666666666655 -0.26966666666666655 5.0000000000000009 19.905000000000005 -0.0379129032258066 -0.29351612903225816 73.832350000000005 785.00000000000011 30.675000000000004
decision_type=2 2 2 2 2 2 2 2 2 2 2 2 2 2 2 2 2 2 2 2 2 2 2 2
left_child=1 3 6 7 10 9 13 18 15 23 17 21 -7 22 -8 -5 -10 -3 -1 -12 -9 -6 -2 -4
right_child=2 4 5 8 11 12 14 20 16 -11 19 -13 -14 -15 -16 -17 -18 -19 -20 -21 -22 -23 -24 -25
leaf_value=-0.16760336458683014 0.033869116030372466 -0.034513262970271005 0.1152965133875315 -0.11318573813948353 -0.032053443575200957 0.18588910384161661 0.073262464451542664 -0.13436070128832714 -0.093643780027637041 0.15589852159168974 -0.032167347302093058 0.013039938720252353 0.22616853004472259 0.052294545607610279 0.096340466862864807 -0.084585013795100764 -0.061718867176423678 -0.051479723815984174 -0.13978749857850051 -0.016397696075465828 -0.11102767020196257 -0.0034211717763089188 0.0047238362011414441 0.13240966123605644
leaf_weight=400 2109 1424 1117 533 242 867 1712 404 393 1031 1535 2729 457 1919 1372 2304 2856 1706 836 1531 2004 2869 213 1042
leaf_count=400 2109 1424 1117 533 242 867 1712 404 393 1031 1535 2729 457 1919 1372 2304 2856 1706 836 1531 2004 2869 213 1042
internal_value=-8.84873e-11 -0.051567 0.0948059 -0.0954746 -0.0160717 0.153304 0.0587568 -0.126423 -0.0769443 0.134009 -0.0341273 0.00308454 0.199792 0.0407426 0.0835293 -0.0899584 -0.0655805 -0.0437608 -0.148789 -0.0242928 -0.114942 -0.00564843 0.0311956 0.123556
internal_weight=33605 21766 11839 9730 12036 4514 7325 3644 6086 3190 6196 5840 1324 4241 3084 2837 3249 3130 1236 3066 2408 3111 2322 2159
internal_count=33605 21766 11839 9730 12036 4514 7325 3644 6086 3190 6196 5840 1324 4241 3084 2837 3249 3130 1236 3066 2408 3111 2322 2159
is_linear=0
shrinkage=0.03


Tree=5
num_leaves=25
num_cat=0
split_feature=1 1 1 1 1 1 1 1 1 8 1 1 11 1 1 8 1 26 7 8 1 2 1 26
split_gain=171789 32781.8 29022 5414.43 4908.81 4422.61 2974.6 988.165 885.267 799.579 760.193 592.924 479.54 469.155 467.404 274.181 244.936 241.425 211.793 206.139 200.781 193.905 183.713 171.891
threshold=26.735000000000003 23.645000000000003 29.625000000000004 31.785000000000004 24.975000000000005 21.885000000000002 27.965000000000003 33.32500000000001 25.775000000000002 785.00000000000011 20.635000000000002 30.535000000000004 5.0000000000000009 28.715000000000003 22.745000000000001 785.00000000000011 27.275000000000002 -0.26966666666666655 73.832350000000005 785.00000000000011 24.425000000000004 26.045000000000005 34.755000000000003 -0.24118709677419362
decision_type=2 2 2 2 2 2 2 2 2 2 2 2 2 2 2 2 2 2 2 2 2 2 2 2
left_child=1 5 6 11 12 10 15 -5 18 14 -1 -4 -3 -8 -7 16 -2 -14 -6 -10 -19 -11 -9 -15
right_child=2 4 3 7 8 9 13 22 19 21 -12 -13 17 23 -16 -17 -18 20 -20 -21 -22 -23 -24 -25
leaf_value=-0.1486838295768993 0.025341167583281445 -0.032897321698086297 0.10543413734549567 0.16516289757563102 -0.042625148755264471 -0.08711106379025832 0.0583634805961925 0.20090982868235233 0.0075953772311222823 -0.12015465602696498 -0.11644324104705807 0.13107765550040856 -0.070624669636117993 0.047020303564899744 -0.065737946622686741 0.0049462511075491255 0.041328089912314556 -0.053873665736807928 -0.013960013383514486 -0.015481461281421326 -0.036657790034175367 -0.094081931240659042 0.23595000178126962 0.08271751454334951
leaf_weight=956 1676 2472 1575 1193 251 1513 1786 563 3336 321 2113 1674 464 131 2353 330 1777 1550 3061 389 1005 1282 177 1657
leaf_count=956 1676 2472 1575 1193 251 1513 1786 563 3336 321 2113 1674 464 131 2353 330 1777 1550 3061 389 1005 1282 177 1657
internal_value=-3.68063e-10 -0.0523308 0.0879178 0.1423 -0.0214361 -0.0976633 0.0496131 0.182056 -0.00484789 -0.081489 -0.126486 0.118647 -0.0426948 0.0692389 -0.0741025 0.0310717 0.0335684 -0.0507172 -0.0161324 0.00518547 -0.0471019 -0.099303 0.209291 0.0801021
internal_weight=33605 21066 12539 5182 12528 8538 7357 1933 7037 5469 3069 3249 5491 3574 3866 3783 3453 3019 3312 3725 2555 1603 740 1788
internal_count=33605 21066 12539 5182 12528 8538 7357 1933 7037 5469 3069 3249 5491 3574 3866 3783 3453 3019 3312 3725 2555 1603 740 1788
is_linear=0
shrinkage=0.03


Tree=6
num_leaves=25
num_cat=0
split_feature=1 1 1 1 1 1 1 1 26 1 1 1 1 1 1 1 26 26 1 7 26 8 26 8
split_gain=161648 34857.8 23104.3 5503.67 4501.09 3999.37 2847.36 1170.63 741.144 723.089 697.706 505.421 478.668 467.822 407.726 356.084 261.378 249.029 243.037 180.257 177.171 164.255 157.975 154.865
threshold=27.035000000000004 23.935000000000006 30.015000000000004 22.335000000000004 25.525000000000002 32.445000000000007 28.495000000000001 20.975000000000005 -0.26966666666666655 31.175000000000004 24.815000000000001 26.325000000000003 33.925000000000004 23.165000000000003 27.775000000000002 29.245000000000001 0.082374193548386973 -0.29351612903225816 19.905000000000005 73.832350000000005 -0.0379129032258066 785.00000000000011 -0.26966666666666655 785.00000000000011
decision_type=2 2 2 2 2 2 2 2 2 2 2 2 2 2 2 2 2 2 2 2 2 2 2 2
left_child=1 3 6 7 10 9 14 18 -5 -4 16 19 -7 -10 21 -8 22 -9 -1 -6 -12 -2 -3 -13
right_child=2 4 5 8 11 12 15 17 13 -11 20 23 -14 -15 -16 -17 -18 -19 -20 -21 -22 -23 -24 -25
leaf_value=-0.15811474354863167 0.034599345137537901 -0.066125714546991288 0.11398636360086331 -0.096897716757045643 -0.027506754490593064 0.17500749106225671 0.069760608650513353 -0.12459059716786368 -0.07615398811567016 0.14294897046980556 -0.027675418402736195 0.017609029573591253 0.21294903631022513 -0.057148236148166207 0.051266394320045254 0.090666578050822275 -0.028115663135540668 -0.10072908690512708 -0.13033223115735584 -0.00057985631478065197 -0.013215649182736438 0.0060921486077830196 -0.042632421852030707 -0.0076526501138706165
leaf_weight=400 2011 293 1858 797 242 867 1575 472 2103 1332 1506 2330 457 2615 1795 1372 1152 2371 972 2967 1545 200 2132 241
leaf_count=400 2011 293 1858 797 242 867 1575 472 2103 1332 1506 2330 457 2615 1795 1372 1152 2371 972 2967 1545 200 2132 241
internal_value=1.56246e-10 -0.0473544 0.0914217 -0.089865 -0.0140189 0.144272 0.0571104 -0.115674 -0.07014 0.12608 -0.0308922 0.00533005 0.188104 -0.0656199 0.0406443 0.0794936 -0.0398816 -0.104691 -0.138432 -0.00261049 -0.0203531 0.0320207 -0.045471 0.0152411
internal_weight=33605 22138 11467 9730 12408 4514 6953 4215 5515 3190 6628 5780 1324 4718 4006 2947 3577 2843 1372 3209 3051 2211 2425 2571
internal_count=33605 22138 11467 9730 12408 4514 6953 4215 5515 3190 6628 5780 1324 4718 4006 2947 3577 2843 1372 3209 3051 2211 2425 2571
is_linear=0
shrinkage=0.03


Tree=7
num_leaves=25
num_cat=0
split_feature=1 1 1 1 1 1 1 1 8 1 1 1 1 1 1 8 26 1 26 7 2 1 26 8
split_gain=152122 29048.5 25702.6 4809.11 4345.08 3933.32 2632.18 878.622 718.515 671.681 608.284 596.046 531.517 417.738 411.548 244.678 240.666 217.912 203.978 191.913 175.273 167.085 158.946 153.304
threshold=26.735000000000003 23.645000000000003 29.625000000000004 31.785000000000004 25.145000000000003 21.885000000000002 27.965000000000003 33.32500000000001 785.00000000000011 20.635000000000002 24.425000000000004 25.915000000000003 30.675000000000004 28.875000000000004 22.745000000000001 785.00000000000011 0.082374193548386973 27.275000000000002 -0.075898245614035229 73.832350000000005 26.045000000000005 34.755000000000003 -0.20619468024900964 785.00000000000011
decision_type=2 2 2 2 2 2 2 2 2 2 2 2 2 2 2 2 2 2 2 2 2 2 2 2
left_child=1 5 6 12 10 9 15 -5 14 -1 16 19 -4 23 -7 17 -3 -2 -12 -6 -10 -9 -13 -8
right_child=2 4 3 7 11 8 13 21 20 -11 18 22 -14 -15 -16 -17 -18 -19 -20 -21 -22 -23 -24 -25
leaf_value=-0.13996461575001351 0.02384160097874034 -0.052374051548049125 0.10062912585555003 0.15544874129731018 -0.037631079449318351 -0.081868605749424284 0.058963200143212026 0.18906621645017796 -0.11337548440861925 -0.10965904177335332 -0.037272473934687037 -0.01058841763476708 0.12501650994063401 0.07766115144669522 -0.061813162834060173 0.0045632865569046272 -0.033821004196359167 0.038920831584283049 -0.021683555520497604 -0.0097222131971747006 -0.088587062615325868 0.22248303235587427 0.0092333479144157578 0.02770310695736522
leaf_weight=956 1676 2274 1785 1193 240 1513 1986 563 321 2113 1338 420 1464 1436 2353 330 870 1777 1735 2916 1282 177 2735 152
leaf_count=956 1676 2274 1785 1193 240 1513 1986 563 321 2113 1338 420 1464 1436 2353 330 870 1777 1735 2916 1282 177 2735 152
internal_value=-2.57284e-11 -0.0492443 0.0827324 0.13391 -0.020162 -0.0919175 0.0466848 0.171378 -0.0766641 -0.119099 -0.0379627 -0.00262642 0.111618 0.0651464 -0.0696621 0.0292431 -0.0472401 0.0316017 -0.0284711 -0.0118446 -0.0935509 0.197059 0.00659463 0.0567408
internal_weight=33605 21066 12539 5182 12528 8538 7357 1933 5469 3069 6217 6311 3249 3574 3866 3783 3144 3453 3073 3156 1603 740 3155 2138
internal_count=33605 21066 12539 5182 12528 8538 7357 1933 5469 3069 6217 6311 3249 3574 3866 3783 3144 3453 3073 3156 1603 740 3155 2138
is_linear=0
shrinkage=0.03


Tree=8
num_leaves=25
num_cat=0
split_feature=1 1 1 1 1 1 1 1 26 1 1 1 1 1 1 1 1 26 26 26 7 8 26 8
split_gain=143135 30881.2 20476.1 4888.09 3990.12 3414.42 2684.26 871.929 748.153 619.442 597.297 540.016 450.251 424.628 359.446 351.478 222.118 198.93 198.491 185.677 160.754 144.926 141.27 138.668
threshold=27.035000000000004 23.935000000000006 30.075000000000003 22.165000000000003 25.525000000000002 32.445000000000007 28.495000000000001 20.975000000000005 -0.26966666666666655 24.705000000000002 31.415000000000003 23.085000000000004 26.325000000000003 33.925000000000004 27.775000000000002 29.245000000000001 19.905000000000005 -0.0379129032258066 -0.26966666666666655 -0.29351612903225816 73.832350000000005 785.00000000000011 0.083793548387096697 785.00000000000011
decision_type=2 2 2 2 2 2 2 2 2 2 2 2 2 2 2 2 2 2 2 2 2 2 2 2
left_child=1 3 6 7 9 10 14 16 -5 18 -4 -10 20 -7 21 -8 -1 -11 -3 -9 -6 -2 -13 -14
right_child=2 4 5 8 12 13 15 19 11 17 -12 22 23 -15 -16 -17 -18 -19 -20 -21 -22 -23 -24 -25
leaf_value=-0.1491723594725132 0.032549856078326105 -0.064296766959485552 0.11010668173789045 -0.09285611187523278 -0.025971669096168715 0.16476461412997392 0.065673916088612311 -0.11907241287088036 -0.07432903945362157 -0.027586195057097435 0.13810697955257331 -0.058435090853126641 0.016629008410407566 0.20050029671166084 0.048198025222536967 0.086021031601068304 -0.12261243074028579 -0.013277573842132533 -0.036530482445272683 -0.096663314805884012 -0.00054318727980037307 0.0057724855514243245 -0.043090292877397844 -0.007275167192985532
leaf_weight=400 2011 252 2047 899 242 867 1575 399 2199 1740 1031 2133 2330 457 1795 1484 972 1758 2878 2005 2967 200 723 241
leaf_count=400 2011 252 2047 899 242 867 1575 399 2199 1740 1031 2133 2330 457 1795 1484 972 1758 2878 2005 2967 200 723 241
internal_value=-3.95533e-11 -0.0445603 0.0860273 -0.0845726 -0.0131838 0.136814 0.0543835 -0.111273 -0.0676392 -0.0290705 0.119486 -0.0631545 0.00503382 0.177099 0.0382246 0.0755448 -0.130356 -0.0203951 -0.038766 -0.100383 -0.00246082 0.0301277 -0.0545505 0.0143883
internal_weight=33605 22138 11467 9730 12408 4402 7065 3776 5954 6628 3078 5055 5780 1324 4006 3059 1372 3498 3130 2404 3209 2211 2856 2571
internal_count=33605 22138 11467 9730 12408 4402 7065 3776 5954 6628 3078 5055 5780 1324 4006 3059 1372 3498 3130 2404 3209 2211 2856 2571
is_linear=0
shrinkage=0.03


Tree=9
num_leaves=25
num_cat=0
split_feature=1 1 1 1 1 1 1 1 1 1 1 1 11 26 1 1 26 26 1 7 12 1 26 26
split_gain=134713 24952.9 23679 4428.38 3616.99 3488.98 2369.46 785.425 646.251 615.419 599.411 521.588 394.085 331.643 324.667 245.279 220.08 197.309 180.673 178.221 168.867 161.537 149.489 144.778
threshold=26.655000000000005 23.645000000000003 29.555000000000003 31.785000000000004 24.975000000000005 21.885000000000002 27.965000000000003 33.155000000000008 22.695000000000004 25.775000000000002 20.345000000000002 30.465000000000003 5.0000000000000009 -0.26966666666666655 28.715000000000003 27.235000000000003 -0.29351612903225816 -0.26966666666666655 34.455000000000005 73.832350000000005 0.63500000000000012 24.425000000000004 -0.20619468024900964 -0.24118709677419362
decision_type=2 2 2 2 2 2 2 2 2 2 2 2 2 2 2 2 2 2 2 2 2 2 2 2
left_child=1 5 6 11 12 10 15 -5 16 19 -1 -4 -3 -10 -8 -2 -7 -14 -9 -6 -12 -19 -11 -16
right_child=2 4 3 7 9 8 14 18 13 22 20 -13 17 -15 23 -17 -18 21 -20 -21 -22 -23 -24 -25
leaf_value=-0.13698786434263474 0.019164439167876201 -0.028922807698045377 0.091717493563980387 0.14459855575613684 -0.038578721625559712 -0.1062678431998418 0.051625045157681147 0.17353934261862156 -0.08709045459062624 -0.012003467545123591 -0.11122790691482086 0.11538908704141876 -0.063074003790730027 -0.05981280562563393 0.039097317285569644 0.033930122936616652 -0.080553760401640653 -0.047882761552124738 0.20333563507263069 -0.012283465446248178 -0.094758937522320438 -0.032440733636937925 0.0062807935656402384 0.072540000425928772
leaf_weight=679 1981 2472 1574 1097 251 358 1786 565 468 465 1493 1791 464 2808 126 2071 1835 1550 271 3061 897 1005 2991 1546
leaf_count=679 1981 2472 1574 1097 251 358 1786 565 468 465 1493 1791 464 2808 126 2071 1835 1550 271 3061 897 1005 2991 1546
internal_value=4.79669e-12 -0.0471372 0.0765391 0.125104 -0.0197131 -0.0865132 0.0422782 0.161292 -0.0721471 -0.00503527 -0.112114 0.104317 -0.0378045 -0.0637096 0.0605192 0.0267113 -0.0847515 -0.045077 0.183198 -0.0142763 -0.105047 -0.0418087 0.00382067 0.0700198
internal_weight=33605 20797 12808 5298 12259 8538 7510 1933 5469 6768 3069 3365 5491 3276 3458 4052 2193 3019 836 3312 2390 2555 3456 1672
internal_count=33605 20797 12808 5298 12259 8538 7510 1933 5469 6768 3069 3365 5491 3276 3458 4052 2193 3019 836 3312 2390 2555 3456 1672
is_linear=0
shrinkage=0.03


Tree=10
num_leaves=25
num_cat=0
split_feature=1 1 1 1 1 1 1 8 1 1 1 1 1 1 1 1 8 26 7 2 7 8 8 26
split_gain=126754 24221.5 21436.4 3628.73 3289.34 3282.78 2927.88 616.734 566.119 515.164 500.26 491.454 479.845 445.792 342.168 325.922 207.919 179.085 164.155 152.518 144.234 142.508 137.102 136.423
threshold=26.735000000000003 23.645000000000003 29.955000000000002 25.145000000000003 32.205000000000005 21.885000000000002 28.175000000000004 785.00000000000011 20.635000000000002 24.425000000000004 25.915000000000003 33.735000000000007 31.015000000000004 29.045000000000005 22.795000000000005 27.525000000000002 785.00000000000011 -0.075898245614035229 73.832350000000005 26.045000000000005 73.832350000000005 785.00000000000011 672.50000000000011 -0.036016666666666891
decision_type=2 2 2 2 2 2 2 2 2 2 2 2 2 2 2 2 2 2 2 2 2 2 2 2
left_child=1 5 6 9 12 8 15 14 -1 16 18 -6 -4 20 -7 21 -3 -11 -5 -9 -8 -2 -10 -15
right_child=2 3 4 10 11 7 13 19 22 17 -12 -13 -14 23 -16 -17 -18 -19 -20 -21 -22 -23 -24 -25
leaf_value=-0.12790592308074361 0.024409576635164056 -0.039813148848442517 0.098646436299406642 -0.034663722620811313 0.15005957123718724 -0.073965521907157952 0.026924536830739122 -0.10412087792548064 -0.091843353810061451 -0.034174069225975531 0.0060779081558847061 0.18546855863977649 0.12250944441338811 0.068233970305617467 -0.055887500098629847 0.039072951889850972 -0.06077381693472074 -0.019567278935178952 -0.0088519584550570164 -0.080997447084618063 0.058200138829822237 0.00010449528390206552 -0.1071703075512614 0.085645199437457395
leaf_weight=956 2371 2636 1749 240 987 1627 143 321 977 1338 3155 549 1339 791 2239 1697 508 1735 2916 1282 1844 239 1136 830
leaf_count=956 2371 2636 1749 240 987 1627 143 321 977 1338 3155 549 1339 791 2239 1697 508 1735 2916 1282 1844 239 1136 830
internal_value=-5.78868e-11 -0.0449511 0.0755196 -0.0183948 0.126839 -0.0839178 0.0455384 -0.0699827 -0.10875 -0.0346622 -0.0023698 0.162716 0.108994 0.0654739 -0.0634956 0.0288384 -0.0431999 -0.0259272 -0.0108148 -0.0856279 0.0559493 0.0221839 -0.100083 0.077149
internal_weight=33605 21066 12539 12528 4624 8538 7915 5469 3069 6217 6311 1536 3088 3608 3866 4307 3144 3073 3156 1603 1987 2610 2113 1621
internal_count=33605 21066 12539 12528 4624 8538 7915 5469 3069 6217 6311 1536 3088 3608 3866 4307 3144 3073 3156 1603 1987 2610 2113 1621
is_linear=0
shrinkage=0.03


Tree=11
num_leaves=25
num_cat=0
split_feature=1 1 1 1 1 1 1 1 1 26 1 1 1 1 1 1 1 8 26 26 7 26 8 8
split_gain=119289 24704.6 18151.7 4094.23 3035.24 2976.87 2379.5 974.757 542.089 518.091 433.157 380.276 357.053 342.581 292.683 291.819 263.73 227.205 168.96 164.093 140.894 126.782 123.402 122.04
threshold=26.935000000000006 23.935000000000006 30.015000000000004 22.445000000000004 25.425000000000004 32.445000000000007 28.445000000000004 21.255000000000006 31.175000000000004 -0.26966666666666655 24.635000000000002 26.195000000000004 34.185000000000009 27.625000000000004 29.245000000000001 23.285000000000004 19.905000000000005 785.00000000000011 0.082374193548386973 -0.0379129032258066 73.832350000000005 -0.22437096774193543 785.00000000000011 785.00000000000011
decision_type=2 2 2 2 2 2 2 2 2 2 2 2 2 2 2 2 2 2 2 2 2 2 2 2
left_child=1 3 6 7 10 8 13 16 -4 -5 18 20 -7 23 21 -11 -1 -9 -3 -12 -6 -8 -15 -2
right_child=2 4 5 9 11 12 14 17 -10 15 19 -13 -14 22 -16 -17 -18 -19 -20 -21 -22 -23 -24 -25
leaf_value=-0.13675038011670113 0.026872155471308029 -0.041136333489376925 0.097792972174700663 -0.082343949325654184 -0.026583785858536369 0.15216371984004476 0.033196067718752456 -0.07991108547336348 0.12287005644123833 -0.062886968463553961 -0.026873128332062964 0.010742142612197135 0.18702760913274058 0.043750758906294047 0.077853320511628174 -0.047556359108228391 -0.10912472100216943 -0.097706441041753675 -0.025362924217476688 -0.013603571774496649 -0.0027471783757599317 0.061813626240143187 0.01574838364451174 0.00233806788087336
leaf_weight=400 1980 1951 1858 741 242 959 153 1667 1332 2246 1687 2729 365 1907 1372 2224 1398 1054 890 1668 2869 1559 153 201
leaf_count=400 1980 1951 1858 741 242 959 153 1667 1332 2246 1687 2729 365 1907 1372 2224 1398 1054 890 1668 2869 1559 153 201
internal_value=5.30744e-12 -0.0416858 0.0766393 -0.077233 -0.0129491 0.123959 0.0474785 -0.0981303 0.108264 -0.0591108 -0.0275752 0.00256856 0.161775 0.0328977 0.0675296 -0.0552594 -0.115271 -0.0868043 -0.036195 -0.0202759 -0.00460139 0.0592561 0.041671 0.0246111
internal_weight=33605 21766 11839 9730 12036 4514 7325 4519 3190 5211 6196 5840 1324 4241 3084 4470 1798 2721 2841 3355 3111 1712 2060 2181
internal_count=33605 21766 11839 9730 12036 4514 7325 4519 3190 5211 6196 5840 1324 4241 3084 4470 1798 2721 2841 3355 3111 1712 2060 2181
is_linear=0
shrinkage=0.03


Tree=12
num_leaves=25
num_cat=0
split_feature=1 1 1 1 1 1 1 1 1 8 1 1 26 1 1 1 8 1 1 8 7 2 26 12
split_gain=112273 20607.1 20076.3 3707.81 3519.64 2331.88 2149.26 664.363 531.217 491.704 439.313 410.927 394.945 321.254 252.463 243.171 212.549 182.374 161.02 158.607 143.023 131.604 131.116 125.199
threshold=26.575000000000003 29.555000000000003 23.405000000000005 31.785000000000004 24.875000000000004 21.705000000000002 27.875000000000004 33.155000000000008 25.695000000000004 785.00000000000011 30.535000000000004 20.145000000000003 0.082374193548386973 28.715000000000003 24.085000000000004 22.585000000000004 785.00000000000011 27.155000000000005 35.335000000000008 785.00000000000011 73.832350000000005 24.835000000000004 -0.036016666666666891 0.63500000000000012
decision_type=2 2 2 2 2 2 2 2 2 2 2 2 2 2 2 2 2 2 2 2 2 2 2 2
left_child=2 6 5 10 12 11 16 -5 19 15 -3 -1 14 -8 -4 -7 17 -2 -9 -6 -10 -11 -15 -13
right_child=1 3 4 7 8 9 13 18 20 21 -12 23 -14 22 -16 -17 -18 -19 -20 -21 -22 -23 -24 -25
leaf_value=-0.12849981016998363 0.018077298900224449 0.084414577841106633 -0.050472542986036095 0.13198088121283783 -0.012320043095093611 -0.073166719730437285 0.046148340341906458 0.16296536066634132 -0.019567958024051403 -0.10626190579897984 0.10609416848762915 -0.10459397744132456 -0.025821867688201702 0.055658865253365518 -0.035789026926537765 -0.057012218201533918 0.00081249044672267081 0.031308799805147759 0.20586679848757658 -0.03209101903384709 0.0036981325433933423 -0.080804987037595297 0.072463557852316424 -0.089238151569864629
leaf_weight=542 1847 1691 2022 1097 3042 1472 2028 748 257 211 1674 1359 1736 851 2201 1949 365 1904 88 415 3182 1366 821 737
leaf_count=542 1847 1691 2022 1097 3042 1472 2028 748 257 211 1674 1359 1736 851 2201 1949 365 1904 88 415 3182 1366 821 737
internal_value=1.52504e-10 0.0685442 -0.0438675 0.114221 -0.020981 -0.0823962 0.0375824 0.147334 -0.00638875 -0.070352 0.0951996 -0.105216 -0.0378677 0.0541749 -0.0428196 -0.0639632 0.022667 0.0247936 0.167481 -0.0146935 0.00195943 -0.0842111 0.0639105 -0.0991945
internal_weight=33605 13114 20491 5298 12855 7636 7816 1933 6896 4998 3365 2638 5959 3700 4223 3421 4116 3751 836 3457 3439 1577 1672 2096
internal_count=33605 13114 20491 5298 12855 7636 7816 1933 6896 4998 3365 2638 5959 3700 4223 3421 4116 3751 836 3457 3439 1577 1672 2096
is_linear=0
shrinkage=0.03


Tree=13
num_leaves=25
num_cat=0
split_feature=1 1 1 1 1 1 1 1 1 1 1 1 8 1 1 26 26 26 7 1 26 26 8 7
split_gain=105638 19585.5 18579.4 3363.27 3073.72 2561.66 1980.52 570.877 569.041 482.824 428.735 387.583 361.548 275.465 266.641 248.493 237.813 223.134 146.566 136.68 134.209 129.94 120.39 119.97
threshold=26.655000000000005 23.565000000000001 29.625000000000004 31.875000000000004 24.975000000000005 21.705000000000002 28.115000000000006 33.32500000000001 22.695000000000004 25.775000000000002 30.675000000000004 20.345000000000002 785.00000000000011 27.395000000000003 24.205000000000002 -0.26966666666666655 -0.036016666666666891 -0.29351612903225816 73.832350000000005 35.335000000000008 -0.036016666666666891 -0.20619468024900964 785.00000000000011 73.984100000000012
decision_type=2 2 2 2 2 2 2 2 2 2 2 2 2 2 2 2 2 2 2 2 2 2 2 2
left_child=1 5 6 10 12 11 13 -5 17 18 20 -1 14 22 -3 -10 23 -7 -6 -9 -4 -11 -2 -8
right_child=2 4 3 7 9 8 16 19 15 21 -12 -13 -14 -15 -16 -17 -18 -19 -20 -21 -22 -23 -24 -25
leaf_value=-0.12159117902325953 0.02046752976180732 -0.039022524583792392 0.074056890936235312 0.13049194649188187 -0.034656487613901554 -0.095959990372374071 0.026578634787909686 0.15985943559122961 -0.078642426586947742 -0.01134172431236854 0.10519076026188572 -0.095289158704269891 -0.051669811168954305 0.03337126298488341 -0.024878937388544912 -0.053718830328906189 0.064848108697291004 -0.07247876535155727 -0.010810561252469472 0.19969079407778653 0.090707855227502798 0.0057051821683095378 -0.0025096699517978501 0.051320064252608988
leaf_weight=679 2233 2112 755 1096 251 437 200 652 419 465 1561 1959 901 1989 2777 2558 1484 2187 3061 88 1030 2991 226 1494
leaf_count=679 2233 2112 755 1096 251 437 200 652 419 465 1561 1959 901 1989 2777 2558 1484 2187 3061 88 1030 2991 226 1494
internal_value=1.18995e-11 -0.0417416 0.0677779 0.11161 -0.0181604 -0.0776844 0.037993 0.144238 -0.0662042 -0.00443257 0.0937074 -0.102059 -0.0342071 0.0250702 -0.0309888 -0.0572267 0.0560801 -0.0763893 -0.0126177 0.164596 0.083665 0.00341154 0.0183558 0.048399
internal_weight=33605 20797 12808 5182 12558 8239 7626 1836 5601 6768 3346 2638 5790 4448 4889 2977 3178 2624 3312 740 1785 3456 2459 1694
internal_count=33605 20797 12808 5182 12558 8239 7626 1836 5601 6768 3346 2638 5790 4448 4889 2977 3178 2624 3312 740 1785 3456 2459 1694
is_linear=0
shrinkage=0.03


Tree=14
num_leaves=25
num_cat=0
split_feature=1 1 1 1 1 1 1 1 26 1 1 1 1 1 1 1 26 1 26 26 7 26 19 26
split_gain=99423.6 21498 14264.3 3425.56 2776.07 2199.62 2092.09 750.841 479.139 464.342 389.235 363.713 300.222 296.933 245.021 227.626 181.416 165.104 150.934 146.3 136.158 127.361 114.919 110.689
threshold=27.035000000000004 23.935000000000006 30.205000000000002 22.335000000000004 25.425000000000004 32.705000000000005 28.495000000000001 20.975000000000005 -0.26966666666666655 31.415000000000003 26.325000000000003 24.635000000000002 29.375000000000004 23.285000000000004 27.775000000000002 34.185000000000009 -0.29351612903225816 19.605000000000004 -0.26966666666666655 -0.0379129032258066 73.832350000000005 -0.24118709677419362 6.8500000000000005 -0.26020215053763435
decision_type=2 2 2 2 2 2 2 2 2 2 2 2 2 2 2 2 2 2 2 2 2 2 2 2
left_child=1 3 6 7 11 9 14 17 -5 -4 20 18 21 -10 22 -7 -9 -1 -3 -13 -6 -8 -2 -12
right_child=2 4 5 8 10 15 12 16 13 -11 23 19 -14 -15 -16 -17 -18 -19 -20 -21 -22 -23 -24 -25
leaf_value=-0.13028195204359763 0.010272111345602328 -0.056419286126653173 0.093045255924163947 -0.076475345201818368 -0.023596284779823489 0.14233408968174019 0.029551694218982131 -0.099072926112655862 -0.058433655401164887 0.11691439990507252 -0.0076623302886818911 -0.024708021455344332 0.074176457238575924 -0.043356696836051124 0.040039934274024511 0.17113364100782838 -0.078706674550038144 -0.10399498728039037 -0.031018595207952519 -0.012178503768981296 -0.0014555458728041973 0.058331620330569892 0.028270926271981901 0.014105279021872542
leaf_weight=267 387 229 1826 797 270 764 151 472 2494 1226 231 1687 1472 2224 1795 365 2371 1105 2612 1668 3371 1657 1824 2340
leaf_count=267 387 229 1826 797 270 764 151 472 2494 1226 231 1687 1472 2224 1795 365 2371 1105 2612 1668 3371 1657 1824 2340
internal_value=-2.0718e-11 -0.0371381 0.0716982 -0.0705226 -0.0109589 0.115868 0.0463517 -0.0908839 -0.054961 0.102634 0.00321293 -0.0251673 0.0641175 -0.0513266 0.0318056 0.151645 -0.0820879 -0.109111 -0.033066 -0.0184787 -0.0030974 0.055928 0.0251205 0.0121495
internal_weight=33605 22138 11467 9730 12408 4181 7286 4215 5515 3052 6212 6196 3280 4718 4006 1129 2843 1372 2841 3355 3641 1808 2211 2571
internal_count=33605 22138 11467 9730 12408 4181 7286 4215 5515 3052 6212 6196 3280 4718 4006 1129 2843 1372 2841 3355 3641 1808 2211 2571
is_linear=0
shrinkage=0.03


Tree=15
num_leaves=25
num_cat=0
split_feature=1 1 1 1 1 1 1 1 8 1 1 26 1 1 1 26 1 1 1 2 26 7 12 8
split_gain=93560.8 17172.5 16748.5 3096.55 2716.36 2126.34 1791.47 557.717 466.538 396.277 369.82 364.641 346.239 241.107 235.79 212.554 203.322 180.188 138.318 124.261 123.949 121.091 114.855 113.141
threshold=26.575000000000003 29.555000000000003 23.495000000000001 31.785000000000004 24.935000000000006 21.705000000000002 27.965000000000003 33.155000000000008 785.00000000000011 25.695000000000004 30.465000000000003 0.082374193548386973 20.145000000000003 22.585000000000004 28.765000000000004 -0.26966666666666655 27.235000000000003 24.165000000000003 35.335000000000008 25.635000000000002 -0.0379129032258066 73.832350000000005 0.63500000000000012 785.00000000000011
decision_type=2 2 2 2 2 2 2 2 2 2 2 2 2 2 2 2 2 2 2 2 2 2 2 2
left_child=2 6 5 10 11 12 16 -5 13 20 -3 15 -1 -7 23 -4 -2 -17 -9 -10 -6 -11 -14 -8
right_child=1 3 4 7 9 8 14 18 19 21 -12 -13 22 -15 -16 17 -18 -19 -20 -21 -22 -23 -24 -25
leaf_value=-0.11748875109471957 0.015347781571081931 0.076277178129443984 -0.055650798030930239 0.1204626981931702 -0.018852816503180301 -0.066641914991936488 0.045270415240937181 0.14880371459346403 -0.093191653179085759 -0.017994939495559331 0.096209543644009118 -0.021791835482706648 -0.095760419826633886 -0.050964456269832481 0.059052397311079169 -0.042489014152967075 0.028323582290580251 -0.02907028418465845 0.18856606396761807 -0.07239999114300795 -0.0070158187262140872 0.0034130699837072224 -0.081052572292906286 0.015846920793964749
leaf_weight=542 2287 1574 539 1097 1576 1472 1768 748 322 257 1791 1763 1359 2206 1564 1718 2071 1893 88 1316 1609 3182 737 126
leaf_count=542 2287 1574 539 1097 1576 1472 1768 748 322 257 1791 1763 1359 2206 1564 1718 2071 1893 88 1316 1609 3182 737 126
internal_value=6.79944e-11 0.062572 -0.0400454 0.104269 -0.0184419 -0.0740965 0.034308 0.13453 -0.0631698 -0.00524831 0.0868861 -0.0332219 -0.0961156 -0.0572388 0.0504317 -0.0380776 0.0215141 -0.0354545 0.152989 -0.0764872 -0.012873 0.00181323 -0.0905888 0.043313
internal_weight=33605 13114 20491 5298 12537 7954 7816 1933 5316 6624 3365 5913 2638 3678 3458 4150 4358 3611 836 1638 3185 3439 2096 1894
internal_count=33605 13114 20491 5298 12537 7954 7816 1933 5316 6624 3365 5913 2638 3678 3458 4150 4358 3611 836 1638 3185 3439 2096 1894
is_linear=0
shrinkage=0.03


Tree=16
num_leaves=25
num_cat=0
split_feature=1 1 1 1 1 1 1 1 11 1 1 1 1 1 1 1 26 1 26 11 26 26 26 8
split_gain=88034.1 19052.7 12636.4 3042.88 2460.78 1955.4 1853.2 563.794 488.039 385.257 320.984 286.737 273.8 265.496 256.693 218.055 154.367 148.266 144.19 140.231 134.242 116.912 109.519 109.261
threshold=27.035000000000004 23.935000000000006 30.205000000000002 22.165000000000003 25.525000000000002 32.445000000000007 28.495000000000001 20.975000000000005 26.000000000000004 24.635000000000002 31.415000000000003 26.325000000000003 33.925000000000004 29.315000000000001 23.165000000000003 27.675000000000004 -0.26966666666666655 19.605000000000004 -1.044467741935484 5.0000000000000009 -0.29351612903225816 0.14501612903225816 -0.13883333333333356 785.00000000000011
decision_type=2 2 2 2 2 2 2 2 2 2 2 2 2 2 2 2 2 2 2 2 2 2 2 2
left_child=1 3 6 7 9 10 15 17 14 19 -4 -6 -7 22 -5 -2 -11 -1 -10 -3 -9 -15 -8 -17
right_child=2 4 5 8 11 12 13 20 18 16 -12 -13 -14 21 -16 23 -18 -19 -20 -21 -22 -23 -24 -25
leaf_value=-0.12284883059812396 0.022732896939997308 -0.023793216292858705 0.087517268188493591 -0.055409059297442616 -0.0019752060622840262 0.12927260967274437 0.039256056835540058 -0.094575700033876234 -0.080511324267513701 -0.03778453560282876 0.10845543479190996 0.011470741569971972 0.15796814452114982 0.063947408254927771 -0.040348265256310585 0.038676317955102429 -0.014787762981232626 -0.097938328444418313 -0.061035797186855367 -0.037184533461384291 -0.075521602853277969 0.081897385090459379 0.056606936904604006 0.012083893014676869
leaf_weight=267 1950 1285 1826 1879 3209 867 445 399 453 284 1031 2571 457 1138 2224 1906 3503 1105 1398 1556 2005 458 1239 150
leaf_count=267 1950 1285 1826 1879 3209 867 445 399 453 284 1031 2571 457 1138 2224 1906 3503 1105 1398 1556 2005 458 1239 150
internal_value=5.19338e-11 -0.0349462 0.0674666 -0.0663748 -0.0103008 0.10904 0.0436103 -0.0874415 -0.0530144 -0.022777 0.0950732 0.00400568 0.139177 0.0603311 -0.0472455 0.0299198 -0.0165124 -0.102786 -0.0658021 -0.0311276 -0.0786841 0.0690985 0.0520219 0.0367362
internal_weight=33605 22138 11467 9730 12408 4181 7286 3776 5954 6628 2857 5780 1324 3280 4103 4006 3787 1372 1851 2841 2404 1596 1684 2056
internal_count=33605 22138 11467 9730 12408 4181 7286 3776 5954 6628 2857 5780 1324 3280 4103 4006 3787 1372 1851 2841 2404 1596 1684 2056
is_linear=0
shrinkage=0.03


Tree=17
num_leaves=25
num_cat=0
split_feature=1 1 1 1 1 1 1 1 8 1 1 26 1 1 1 19 26 1 26 8 2 1 1 26
split_gain=82850.7 15207.8 14859.2 2747.21 2597.87 1748.24 1588.74 454.258 450.423 412.859 373.425 310.712 245.659 233.864 225.559 185.759 184.341 148.905 136.227 136.079 123.875 123.282 115.233 114.633
threshold=26.575000000000003 29.555000000000003 23.405000000000005 31.875000000000004 24.845000000000002 21.425000000000004 27.875000000000004 33.32500000000001 785.00000000000011 25.695000000000004 30.735000000000003 0.082374193548386973 28.715000000000003 22.585000000000004 19.905000000000005 6.8500000000000005 -0.26966666666666655 24.165000000000003 -0.036016666666666891 785.00000000000011 25.405000000000005 27.235000000000003 35.335000000000008 -0.20619468024900964
decision_type=2 2 2 2 2 2 2 2 2 2 2 2 2 2 2 2 2 2 2 2 2 2 2 2
left_child=2 6 5 10 11 14 15 -5 13 19 18 16 -8 -7 -1 -2 -4 -18 -3 -6 -10 -17 -9 -11
right_child=1 3 4 7 9 8 12 22 20 23 -12 -13 -14 -15 -16 21 17 -19 -20 -21 -22 -23 -24 -25
leaf_value=-0.11453724549114704 0.0060889618857818701 0.064762156198161322 -0.053549724357594419 0.11552430417198334 -0.010665553034749177 -0.063927563584033051 0.039530474075430325 0.14159707066837265 -0.089582419423905227 -0.01187299742675125 0.093947377197633644 -0.021970175029180587 0.055062798877774724 -0.04889294359764431 -0.089470488567437445 0.017277268401976086 -0.040462496407660781 -0.028216078989718937 0.08061666535534405 -0.028563482770776569 -0.070275156334681024 0.028834540327623635 0.17817003640261564 0.003918387574062477
leaf_weight=400 762 838 542 1096 3157 1783 2028 652 377 481 1457 1689 1672 1949 1680 1839 1926 1667 1167 435 1447 1515 88 2958
leaf_count=400 762 838 542 1096 3157 1783 2028 652 377 481 1457 1689 1672 1949 1680 1839 1926 1667 1167 435 1447 1515 88 2958
internal_value=-1.85308e-11 0.0588818 -0.0376837 0.0981213 -0.0179942 -0.0708304 0.0322838 0.127786 -0.0620475 -0.0057199 0.0823893 -0.0328123 0.0465494 -0.0560759 -0.094291 0.0194599 -0.0372409 -0.0347807 0.0739902 -0.012833 -0.0742657 0.0224977 0.145946 0.00170971
internal_weight=33605 13114 20491 5298 12855 7636 7816 1836 5556 7031 3462 5824 3700 3732 2080 4116 4135 3593 2005 3592 1824 3354 740 3439
internal_count=33605 13114 20491 5298 12855 7636 7816 1836 5556 7031 3462 5824 3700 3732 2080 4116 4135 3593 2005 3592 1824 3354 740 3439
is_linear=0
shrinkage=0.03


Tree=18
num_leaves=25
num_cat=0
split_feature=1 1 1 1 1 1 1 1 8 1 1 26 1 26 19 1 26 1 1 8 26 1 8 1
split_gain=77971.1 15019 13393.4 2585.07 2230.55 1648.28 1643.84 470.285 391.745 315.826 313.251 292.349 249.436 237.642 193.123 190.471 173.447 140.105 135.385 128.037 123.392 121.842 120.812 107.996
threshold=26.475000000000005 29.555000000000003 23.405000000000005 31.785000000000004 24.845000000000002 21.565000000000001 27.875000000000004 33.155000000000008 785.00000000000011 25.695000000000004 30.675000000000004 0.082374193548386973 20.145000000000003 0.011666666666666834 6.8500000000000005 22.585000000000004 -0.26966666666666655 24.165000000000003 27.155000000000005 785.00000000000011 -0.036016666666666891 34.755000000000003 785.00000000000011 28.925000000000004
decision_type=2 2 2 2 2 2 2 2 2 2 2 2 2 2 2 2 2 2 2 2 2 2 2 2
left_child=2 6 5 10 11 12 14 -5 15 19 20 16 -1 22 -2 -7 -4 -18 -16 -6 -3 -9 -8 -15
right_child=1 3 4 7 9 8 13 21 -10 -11 -12 -13 -14 23 18 -17 17 -19 -20 -21 -22 -23 -24 -25
leaf_value=-0.1074186951031984 0.0051346568564225557 0.062344098827668601 -0.051943232289676955 0.1099088467275868 -0.010345586450585531 -0.061327652556762202 0.041281350828234316 0.13384164095648504 -0.071241374979685912 0.0006572936863908389 0.089725185358499895 -0.021311070090077062 -0.084227913862816362 0.048185463024153843 0.015641473168768877 -0.04742615481725812 -0.039248621580307001 -0.027369596169790532 0.027213352563234771 -0.02770657810825726 0.077812727904559051 0.16187621084310241 0.018794964567598431 0.064762873292612516
leaf_weight=542 836 805 542 1097 3157 1628 1930 659 1701 3069 1464 1689 1816 972 1922 1949 1926 1667 1728 435 1096 177 242 556
leaf_count=542 836 805 542 1097 3157 1628 1930 659 1701 3069 1464 1689 1816 972 1922 1949 1926 1667 1728 435 1096 177 242 556
internal_value=-5.66151e-11 0.0558215 -0.0374085 0.0951776 -0.0182669 -0.0687055 0.0303501 0.122827 -0.0593893 -0.00640987 0.0792949 -0.0318279 -0.0895584 0.0451529 0.0181409 -0.0537531 -0.0361236 -0.0337373 0.0211199 -0.012448 0.0712624 0.139777 0.038776 0.0542176
internal_weight=33605 13484 20121 5298 12485 7636 8186 1933 5278 6661 3365 5824 2358 3700 4486 3577 4135 3593 3650 3592 1901 836 2172 1528
internal_count=33605 13484 20121 5298 12485 7636 8186 1933 5278 6661 3365 5824 2358 3700 4486 3577 4135 3593 3650 3592 1901 836 2172 1528
is_linear=0
shrinkage=0.03


Tree=19
num_leaves=25
num_cat=0
split_feature=1 1 1 1 1 1 1 1 26 1 1 1 1 1 1 26 1 26 8 8 1 26 26 8
split_gain=73372.1 14550.8 11946.6 2250.2 1966.69 1932.68 1578.17 449.8 376.148 326.68 309.196 265.899 248.417 244.835 240.806 197.813 163.16 125.601 123.68 117 113.513 110.882 108.124 102.532
threshold=26.815000000000001 23.795000000000005 29.955000000000002 22.115000000000006 25.315000000000001 32.32500000000001 28.395000000000003 20.865000000000006 -0.26966666666666655 31.175000000000004 24.495000000000001 33.925000000000004 26.015000000000004 27.525000000000002 22.995000000000001 -0.24118709677419362 29.175000000000004 -0.075898245614035229 785.00000000000011 785.00000000000011 19.605000000000004 -0.036016666666666891 -0.20619468024900964 785.00000000000011
decision_type=2 2 2 2 2 2 2 2 2 2 2 2 2 2 2 2 2 2 2 2 2 2 2 2
left_child=1 3 6 7 10 9 13 20 -5 21 18 -7 -6 -2 -10 -8 -17 -12 -3 -9 -1 -4 -14 -15
right_child=2 4 5 8 12 11 15 19 14 -11 17 -13 22 23 -16 16 -18 -19 -20 -21 -22 -23 -24 -25
leaf_value=-0.11250468765751699 0.01739508112022994 -0.028447482936658466 0.066885790500664871 -0.068208442276970302 -0.0060041289274620603 0.11668264177478389 0.02448302667068512 -0.067396601535884296 -0.054378175419624308 0.095733023165636366 -0.024478777024007872 0.14442892289526874 -0.0085837712328568957 0.033183827444202597 -0.040612242691251209 0.047525176182531992 0.061873157291609138 -0.012944738903185366 -0.045819863243511269 -0.080836202789436692 -0.090412672694293844 0.08156738974964238 0.0084901769615523936 0.0087351877343824161
leaf_weight=267 2328 2394 745 868 2850 972 219 1418 2048 1227 1463 457 382 2043 2590 1566 1310 2027 436 990 969 1223 2646 167
leaf_count=267 2328 2394 745 868 2850 972 219 1418 2048 1227 1463 457 382 2043 2590 1566 1310 2027 436 990 969 1223 2646 167
internal_value=6.69481e-11 -0.0335891 0.0585021 -0.062186 -0.0121379 0.0965551 0.0354499 -0.0804733 -0.050083 0.0835841 -0.0237551 0.125556 0.000352882 0.0241845 -0.0466909 0.0519677 0.0540606 -0.0177798 -0.0311239 -0.072922 -0.095185 0.0760096 0.0063362 0.0313364
internal_weight=33605 21348 12257 9150 12198 4624 7633 3644 5506 3195 6320 1429 5878 4538 4638 3095 2876 3490 2830 2408 1236 1968 3028 2210
internal_count=33605 21348 12257 9150 12198 4624 7633 3644 5506 3195 6320 1429 5878 4538 4638 3095 2876 3490 2830 2408 1236 1968 3028 2210
is_linear=0
shrinkage=0.03


Tree=20
num_leaves=25
num_cat=0
split_feature=1 1 1 1 1 1 1 8 1 1 1 26 26 1 1 8 1 26 1 26 26 2 8 26
split_gain=69057.7 13296 11870.7 2296.26 1973.59 1468.32 1456.04 379.951 349.667 347.198 278.475 267.146 198.524 193.484 189.421 186.977 161.682 153.79 124.761 114.993 113.601 113.377 103.498 103.196
threshold=26.475000000000005 29.555000000000003 23.405000000000005 31.975000000000005 24.845000000000002 21.425000000000004 27.965000000000003 785.00000000000011 30.735000000000003 33.735000000000007 25.635000000000002 0.082374193548386973 0.011666666666666834 22.585000000000004 19.905000000000005 785.00000000000011 27.155000000000005 -0.26966666666666655 24.085000000000004 -0.036016666666666891 -0.0379129032258066 24.835000000000004 785.00000000000011 -0.20619468024900964
decision_type=2 2 2 2 2 2 2 2 2 2 2 2 2 2 2 2 2 2 2 2 2 2 2 2
left_child=2 6 5 8 11 14 15 13 19 -5 20 17 22 -7 -1 16 -2 -4 -19 -3 -6 -9 -8 -12
right_child=1 3 4 9 10 7 12 21 -10 -11 23 -13 -14 -15 -16 -17 -18 18 -20 -21 -22 -23 -24 -25
leaf_value=-0.10472379537820815 0.013871854308777803 0.059005669106569292 -0.048943319728948532 0.10871937742345567 -0.017753457204771769 -0.05827775776214935 0.039677146064086684 -0.085295816103898164 0.086440248056635305 0.13756353168539662 -0.012977377575812786 -0.019887367091439401 0.051841598981604967 -0.044602564055723007 -0.081752678825386935 -0.0011622175777104692 0.025506962258871481 -0.037552861841259395 -0.026367743144771114 0.073572218333081293 -0.006693392241277343 -0.064637166725920056 0.018045341439823719 0.0022640268769256277
leaf_weight=400 2172 838 542 1189 1647 1783 1788 283 1555 549 465 1689 1446 1949 1680 428 2128 1745 1848 1167 1697 1541 224 2852
leaf_count=400 2172 838 542 1189 1647 1783 1788 283 1555 549 465 1689 1446 1949 1680 428 2128 1745 1848 1167 1697 1541 224 2852
internal_value=1.11936e-10 0.052534 -0.0352054 0.089564 -0.0171847 -0.0646698 0.0285682 -0.0566206 0.0757641 0.117831 -0.00603154 -0.0299407 0.0433626 -0.051136 -0.0861702 0.0177477 0.0196299 -0.0340471 -0.0318 0.0674841 -0.0121407 -0.0678424 0.0372688 0.000127381
internal_weight=33605 13484 20121 5298 12485 7636 8186 5556 3560 1738 6661 5824 3458 3732 2080 4728 4300 4135 3593 2005 3344 1824 2012 3317
internal_count=33605 13484 20121 5298 12485 7636 8186 5556 3560 1738 6661 5824 3458 3732 2080 4728 4300 4135 3593 2005 3344 1824 2012 3317
is_linear=0
shrinkage=0.03


Tree=21
num_leaves=25
num_cat=0
split_feature=1 1 1 1 1 1 1 1 1 26 1 8 1 26 1 1 8 1 1 22 26 26 7 26
split_gain=64979 13519.1 9931.05 2206.61 1728.38 1530.34 1472.42 555.554 328.929 288.844 266.35 237.013 203.327 192.736 162.137 154.671 149.313 145.973 143.598 114.377 113.027 94.6408 91.6591 89.3639
threshold=26.935000000000006 23.895000000000003 30.145000000000003 22.445000000000004 25.315000000000001 32.705000000000005 28.495000000000001 21.255000000000006 31.415000000000003 -0.26966666666666655 26.015000000000004 597.50000000000011 27.575000000000003 -0.24118709677419362 34.455000000000005 29.175000000000004 785.00000000000011 19.905000000000005 23.285000000000004 33.500000000000007 -0.20619468024900964 0.064790322580645224 73.832350000000005 -0.26966666666666655
decision_type=2 2 2 2 2 2 2 2 2 2 2 2 2 2 2 2 2 2 2 2 2 2 2 2
left_child=1 3 6 7 11 8 12 17 -4 -5 22 19 -2 -8 -7 -15 -9 -1 -11 -3 -12 -14 -6 -13
right_child=2 4 5 9 10 14 13 16 -10 18 20 23 21 15 -16 -17 -18 -19 -20 -21 -22 -23 -24 -25
leaf_value=-0.10158208132982255 0.017653723826913902 -0.028430406908330038 0.074600072899479272 -0.061283084024509334 -0.024441690084834895 0.11659859145854737 0.02321213426926132 -0.05852321250821186 0.094458992880621706 -0.046150928480643526 -0.0076468832190256832 -0.040649420325846772 0.02645943891916196 0.045770509114409254 0.14321692822164275 0.059543653128211547 -0.072949233565769336 -0.081029385120763797 -0.035223560420412421 -0.014039884321844711 0.008793780635156118 0.039387051917875456 -0.0041135979989574845 -0.025933509361195952
leaf_weight=400 2041 600 1936 730 216 858 204 1667 1226 2246 430 460 1586 1332 271 1634 1054 1398 2089 2898 3016 751 2634 1928
leaf_count=400 2041 600 1936 730 216 858 204 1667 1226 2246 430 460 1586 1332 271 1634 1054 1398 2089 2898 3016 751 2634 1928
internal_value=5.7913e-11 -0.0307662 0.0565637 -0.057422 -0.0097952 0.0930053 0.0358468 -0.0726618 0.0823 -0.043825 0.00113076 -0.0214822 0.0245719 0.0514183 0.122988 0.0533583 -0.0641112 -0.0856017 -0.0408851 -0.0165082 0.00674228 0.0306138 -0.00565425 -0.0287682
internal_weight=33605 21766 11839 9584 12182 4291 7548 4519 3162 5065 6296 5886 4378 3170 1129 2966 2721 1798 4335 3498 3446 2337 2850 2388
internal_count=33605 21766 11839 9584 12182 4291 7548 4519 3162 5065 6296 5886 4378 3170 1129 2966 2721 1798 4335 3498 3446 2337 2850 2388
is_linear=0
shrinkage=0.03


Tree=22
num_leaves=25
num_cat=0
split_feature=1 1 1 1 1 1 1 1 26 1 26 1 1 26 1 19 26 1 11 1 1 8 1 26
split_gain=61170.6 11771.3 10511.4 2039.79 1758.24 1304.31 1290.36 415.355 319.708 242.971 241.301 224.611 222.081 198.911 197.845 167.111 133.511 112.632 109.987 106.178 105.664 95.1576 90.8843 87.3058
threshold=26.475000000000005 29.555000000000003 23.405000000000005 31.665000000000003 24.845000000000002 21.565000000000001 27.875000000000004 33.155000000000008 -0.28391612903225799 25.695000000000004 0.082374193548386973 30.465000000000003 22.585000000000004 0.011666666666666834 20.345000000000002 6.8500000000000005 -0.26966666666666655 24.165000000000003 -18.499999999999996 35.335000000000008 27.235000000000003 785.00000000000011 28.875000000000004 0.14501612903225816
decision_type=2 2 2 2 2 2 2 2 2 2 2 2 2 2 2 2 2 2 2 2 2 2 2 2
left_child=2 6 5 11 10 14 15 -5 -7 18 16 23 -10 21 -1 -2 -4 -18 -6 -9 -17 -8 -15 -3
right_child=1 3 4 7 9 8 13 19 12 -11 -12 -13 -14 22 -16 20 17 -19 -20 -21 -22 -23 -24 -25
leaf_value=-0.093074822298556958 0.0039774807967492337 0.056605853827856822 -0.045998568232360246 0.096525902662111154 -0.0022963791558973587 -0.069045398245783915 0.036397584910459878 0.12037457698169239 -0.056342120379532873 0.00054922821300645028 -0.018661847271734013 0.07716598438312755 -0.042838862098759589 0.042385961780348771 -0.073883916333078128 0.014547460765478068 -0.034967029917193866 -0.024316163076206272 -0.014131766893012182 0.15521235880526627 0.024906643703081967 0.016440986821020007 0.057350829755579001 0.071814652188651018
leaf_weight=679 836 1078 542 1206 967 883 1930 748 2091 3069 1689 1682 2304 924 1679 2135 1926 1667 2625 88 1515 242 604 496
leaf_count=679 836 1078 542 1206 967 883 1930 748 2091 3069 1689 1682 2304 924 1679 2135 1926 1667 2625 88 1515 242 604 496
internal_value=-7.44188e-11 0.0494432 -0.0331341 0.0842853 -0.0161765 -0.0608601 0.0268933 0.107791 -0.0525728 -0.00564944 -0.0282165 0.0695437 -0.0492633 0.0400083 -0.0794101 0.0160761 -0.0321192 -0.0300255 -0.0109456 0.124042 0.0188472 0.0341741 0.0483014 0.0613985
internal_weight=33605 13484 20121 5298 12485 7636 8186 2042 5278 6661 5824 3256 4395 3700 2358 4486 4135 3593 3592 836 3650 2172 1528 1574
internal_count=33605 13484 20121 5298 12485 7636 8186 2042 5278 6661 5824 3256 4395 3700 2358 4486 4135 3593 3592 836 3650 2172 1528 1574
is_linear=0
shrinkage=0.03


Tree=23
num_leaves=25
num_cat=0
split_feature=1 1 1 1 1 1 1 1 26 26 1 1 1 1 1 26 1 8 1 26 1 7 26 12
split_gain=57555.5 11075.7 9892.96 1922 1529.33 1331.76 1218.44 422.909 302.039 243.666 219.518 211.064 195.362 189.688 186.338 156.304 131.88 103.001 99.9034 93.5488 88.5264 85.053 84.6157 82.6119
threshold=26.475000000000005 29.555000000000003 23.495000000000001 31.575000000000003 24.935000000000006 21.705000000000002 28.115000000000006 33.155000000000008 -0.28391612903225799 0.082374193548386973 20.345000000000002 22.635000000000002 27.395000000000003 25.695000000000004 30.325000000000003 -0.13883333333333356 24.425000000000004 785.00000000000011 35.335000000000008 -0.0379129032258066 28.925000000000004 73.832350000000005 -0.26966666666666655 0.63500000000000012
decision_type=2 2 2 2 2 2 2 2 2 2 2 2 2 2 2 2 2 2 2 2 2 2 2 2
left_child=2 6 5 14 9 10 12 -5 -7 16 -1 -10 17 19 -3 -8 22 -2 -9 -6 -17 -15 -4 -12
right_child=1 3 4 7 13 8 15 18 11 -11 23 -13 -14 21 -16 20 -18 -19 -20 -21 -22 -23 -24 -25
leaf_value=-0.090282575459999959 0.014232497532826398 0.058436847969200435 -0.047496708986094455 0.093014587598343454 -0.015113464397737851 -0.065855191146793488 0.03012462463256739 0.11676334047699993 -0.053640305808340852 -0.016726674712886722 -0.07510232593125081 -0.040516555422469458 0.024493509576126348 -0.017138480923429854 0.073173984336932632 0.040261758006428144 -0.022636260453298935 -0.0043359761568482471 0.15055600006471978 -0.0048300098787878581 0.052466104063544641 0.0019442114685721077 -0.031848473947067399 -0.062262723834137432
leaf_weight=679 2838 1354 358 1311 1576 854 850 748 1994 1763 1255 2468 1989 227 1797 1306 1423 297 88 1609 906 2842 2369 704
leaf_count=679 2838 1354 358 1311 1576 854 850 748 1994 1763 1255 2468 1989 227 1797 1306 1423 297 88 1609 906 2842 2369 704
internal_value=5.83978e-11 0.0479599 -0.0321401 0.0817567 -0.0151318 -0.0581572 0.0260865 0.103647 -0.0495098 -0.0260702 -0.0755831 -0.0463814 0.0171393 -0.00478978 0.0668414 0.0410588 -0.0300396 0.0124734 0.12032 -0.00991846 0.0452605 0.000532751 -0.0339028 -0.0704882
internal_weight=33605 13484 20121 5298 12167 7954 8186 2147 5316 5913 2638 4462 5124 6254 3151 3062 4150 3135 836 3185 2212 3069 2727 1959
internal_count=33605 13484 20121 5298 12167 7954 8186 2147 5316 5913 2638 4462 5124 6254 3151 3062 4150 3135 836 3185 2212 3069 2727 1959
is_linear=0
shrinkage=0.03


Tree=24
num_leaves=25
num_cat=0
split_feature=1 1 1 1 1 1 1 1 11 1 8 1 26 8 26 1 1 1 22 1 26 26 22 26
split_gain=54168.4 11791.8 7806.17 2031.63 1389.64 1229.59 1177.28 491.319 250.922 227.439 221.899 179.771 178.254 163.151 153.202 139.198 136.473 124.927 116.79 109.372 92.4277 88.6804 86.9971 86.2333
threshold=27.035000000000004 24.015000000000004 30.265000000000004 22.495000000000001 25.525000000000002 28.545000000000005 32.705000000000005 21.085000000000004 21.000000000000004 31.415000000000003 597.50000000000011 26.325000000000003 -0.24118709677419362 785.00000000000011 -0.29351612903225816 34.455000000000005 29.245000000000001 27.725000000000005 33.500000000000007 19.605000000000004 0.082374193548386973 -1.044467741935484 316.50000000000006 -0.26966666666666655
decision_type=2 2 2 2 2 2 2 2 2 2 2 2 2 2 2 2 2 2 2 2 2 2 2 2
left_child=1 3 5 7 10 13 9 19 20 -4 18 -6 -7 17 -9 -8 -14 -2 -3 -1 -5 -10 -20 -12
right_child=2 4 6 8 11 12 15 14 21 -11 23 -13 16 -15 -16 -17 -18 -19 22 -21 -22 -23 -24 -25
leaf_value=-0.097439648555905631 0.020047239455139532 -0.025304211442226922 0.069242524072348516 -0.037511525425064571 -0.0015848391250225149 0.021154615310678148 0.10647412012298624 -0.073998741055386397 -0.061321019184150366 0.086188270494973879 -0.035459149428387737 0.0090617009313275019 0.042856979982810933 0.0037041715773386266 -0.056240926286261185 0.13113770696069921 0.055614113640540412 0.030939113667416321 -0.0085388994087939821 -0.076282888481448721 -0.027069642457979225 -0.044626434266609595 -0.022417707819560248 -0.021423469947740061
leaf_weight=267 1898 565 1703 2384 3209 204 858 525 353 1226 492 2571 1327 337 2616 271 1750 1893 2818 1247 1122 1517 475 1977
leaf_count=267 1898 565 1703 2384 3209 204 858 525 353 1226 492 2571 1327 337 2616 271 1750 1893 2818 1247 1122 1517 475 1977
internal_value=8.43766e-12 -0.0274125 0.052922 -0.0514666 -0.00748295 0.0346035 0.0863677 -0.0659757 -0.0389033 0.0763356 -0.0171974 0.00315085 0.0483119 0.0237078 -0.059209 0.112394 0.0501124 0.025486 -0.0127029 -0.080014 -0.0341699 -0.0477779 -0.0105409 -0.0242204
internal_weight=33605 22138 11467 10031 12107 7409 4058 4655 5376 2929 6327 5780 3281 4128 3141 1129 3077 3791 3858 1514 3506 1870 3293 2469
internal_count=33605 22138 11467 10031 12107 7409 4058 4655 5376 2929 6327 5780 3281 4128 3141 1129 3077 3791 3858 1514 3506 1870 3293 2469
is_linear=0
shrinkage=0.03


Tree=25
num_leaves=25
num_cat=0
split_feature=1 1 1 1 1 1 1 1 11 1 8 1 8 26 8 1 1 1 22 8 26 26 26 26
split_gain=50976.1 11568.1 6892.07 1911.56 1432.64 1107.7 1020.78 465.337 236.093 213.997 208.785 200.166 159.349 154.432 141.857 130.971 125.225 120.062 109.888 92.9308 86.9653 84.9546 84.4325 83.4393
threshold=27.155000000000005 24.015000000000004 30.265000000000004 22.495000000000001 25.525000000000002 32.705000000000005 28.715000000000003 21.255000000000006 21.000000000000004 31.415000000000003 597.50000000000011 26.325000000000003 785.00000000000011 -0.036016666666666891 785.00000000000011 34.455000000000005 27.915000000000003 19.605000000000004 33.500000000000007 785.00000000000011 0.082374193548386973 -0.24118709677419362 -0.20619468024900964 -1.044467741935484
decision_type=2 2 2 2 2 2 2 2 2 2 2 2 2 2 2 2 2 2 2 2 2 2 2 2
left_child=1 3 6 7 10 9 12 17 20 -4 18 22 16 21 -9 -7 -2 -1 -3 -13 -5 -8 -6 -10
right_child=2 4 5 8 11 15 13 14 23 -11 -12 19 -14 -15 -16 -17 -18 -19 -20 -21 -22 -23 -24 -25
leaf_value=-0.094516457171922308 0.021694445874711608 -0.024545085037170407 0.067165247852368798 -0.036386179829022383 -0.013313969592056355 0.10327989628890177 0.021323722848636015 -0.051166770328293164 -0.059481388669007221 0.083602622623386719 -0.023493762008802946 0.010997396890250663 0.0049108646026382657 0.054969734812152886 -0.064895391462816157 0.12720357527152198 0.032615457428669795 -0.072715539116628952 -0.01022462770031231 -0.0073475447096386041 -0.026257553170659243 0.043881206630478828 0.00047346278107516122 -0.043287641504643169
leaf_weight=267 2022 565 1703 2384 468 858 171 1753 353 1226 2469 2673 325 1502 1104 271 1774 1531 3293 274 1122 1239 2741 1517
leaf_count=267 2022 565 1703 2384 468 858 171 1753 353 1226 2469 2673 325 1502 1104 271 1774 1531 3293 274 1122 1239 2741 1517
internal_value=2.46729e-11 -0.0259335 0.0526433 -0.0499226 -0.00665658 0.0837766 0.0346796 -0.0639964 -0.0377362 0.0740455 -0.0166815 0.00364679 0.0250721 0.048276 -0.0564718 0.109022 0.0267982 -0.0759529 -0.0123218 0.00929176 -0.0331448 0.0411455 -0.00153729 -0.0463445
internal_weight=33605 22514 11091 10031 12483 4058 7033 4655 5376 2929 6327 6156 4121 2912 2857 1129 3796 1798 3858 2947 3506 1410 3209 1870
internal_count=33605 22514 11091 10031 12483 4058 7033 4655 5376 2929 6327 6156 4121 2912 2857 1129 3796 1798 3858 2947 3506 1410 3209 1870
is_linear=0
shrinkage=0.03


Tree=26
num_leaves=25
num_cat=0
split_feature=1 1 1 1 1 1 1 11 1 1 1 1 1 1 19 1 11 1 1 7 26 26 26 8
split_gain=47978.4 9406.42 7989.02 1448.59 1288.58 1282.69 1086.22 266.035 258.463 245.733 233.467 171.796 165.707 161.53 149.694 111.893 107.659 97.6493 95.7809 89.3986 84.4538 82.4675 81.6416 78.7997
threshold=26.775000000000002 23.645000000000003 29.955000000000002 25.245000000000001 21.885000000000002 32.445000000000007 28.225000000000005 21.000000000000004 24.495000000000001 31.015000000000004 20.635000000000002 26.015000000000004 28.985000000000003 34.185000000000009 6.8500000000000005 22.895000000000003 5.0000000000000009 27.525000000000002 22.845000000000002 73.832350000000005 -0.29351612903225816 0.14501612903225816 -0.26966666666666655 597.50000000000011
decision_type=2 2 2 2 2 2 2 2 2 2 2 2 2 2 2 2 2 2 2 2 2 2 2 2
left_child=1 4 6 8 10 9 14 15 16 23 -1 19 -8 -7 -2 -6 -3 -16 -9 -5 -12 -14 -10 -4
right_child=2 3 5 11 7 13 12 18 22 -11 20 -13 21 -15 17 -17 -18 -19 -20 -21 -22 -23 -24 -25
leaf_value=-0.079605652916568584 0.0058959116172247932 -0.020135263159719308 0.063722088610819891 -0.022839503173003262 -0.043555040181502698 0.096587713396835126 0.034200074353364238 -0.056675668727826929 -0.030993400656036098 0.07679221501930597 -0.075482837570136824 0.0049423166534973573 0.043435059303586349 0.12003733401755763 0.016381261284633748 -0.032386036105748334 -0.03088271864904794 0.026402739773227556 -0.044158015084342542 -0.003747434941946559 -0.059121340771376242 0.058321531911244597 -0.013140999963361486 0.048221461456665331
leaf_weight=956 736 1448 1373 239 1500 959 1736 1217 250 1551 338 2887 1293 365 2003 1748 1994 1554 1004 2888 1775 452 2963 376
leaf_count=956 736 1448 1373 239 1500 959 1736 1217 250 1551 338 2887 1293 365 2003 1748 1994 1554 1004 2888 1775 452 2963 376
internal_value=1.19163e-10 -0.0274081 0.046882 -0.0110059 -0.0517462 0.0781072 0.0283091 -0.0430156 -0.0206493 0.0680989 -0.0673042 -0.00033468 0.0407625 0.103052 0.0182113 -0.0375441 -0.0263614 0.0207595 -0.0510171 -0.00520666 -0.0617386 0.047291 -0.0145301 0.0603898
internal_weight=33605 21207 12398 12669 8538 4624 7774 5469 6655 3300 3069 6014 3481 1324 4293 3248 3442 3557 2221 3127 2113 1745 3213 1749
internal_count=33605 21207 12398 12669 8538 4624 7774 5469 6655 3300 3069 6014 3481 1324 4293 3248 3442 3557 2221 3127 2113 1745 3213 1749
is_linear=0
shrinkage=0.03


Tree=27
num_leaves=25
num_cat=0
split_feature=1 1 1 1 1 1 1 26 1 1 1 1 26 26 19 1 26 26 22 22 1 26 26 13
split_gain=45150.7 8447.81 7960.44 1406.82 1335.82 1125.3 912.802 237.643 236.926 219.669 209.391 197.495 191.368 156.762 146.576 145.136 109.157 107.505 93.6126 100.427 93.2819 79.4626 75.3832 71.7607
threshold=26.655000000000005 23.565000000000001 29.695000000000004 31.975000000000005 24.975000000000005 21.885000000000002 28.115000000000006 -0.26966666666666655 33.535000000000004 20.635000000000002 25.915000000000003 30.735000000000003 0.099055913978494489 -0.036016666666666891 6.8500000000000005 22.795000000000005 -0.26966666666666655 -0.12882096774193563 186.50000000000003 60.500000000000007 24.425000000000004 -0.29351612903225816 0.14501612903225816 0.090000000000000011
decision_type=2 2 2 2 2 2 2 2 2 2 2 2 2 2 2 2 2 2 2 2 2 2 2 2
left_child=1 5 6 11 12 9 14 -7 23 -1 17 22 16 -8 -2 -9 -3 -6 19 -16 -18 -11 -4 -5
right_child=2 4 3 8 10 7 13 15 -10 21 -12 -13 -14 -15 18 -17 20 -19 -20 -21 -22 -23 -24 -25
leaf_value=-0.077217483861239375 0.0045687065988018671 -0.038621640888625505 0.050922463050654412 0.090206504041708782 -0.014747648106752715 -0.056457398372922053 0.031002154308509611 -0.045387807237126571 0.10987953163787699 -0.073218352263848457 0.0033677317737625897 0.069927697624232607 -0.01325974743499222 0.044116915503387553 0.010297077553864154 -0.034305961672685341 -0.027613170788733852 -0.0039545616528488658 0.011151645868493799 0.024806398626818122 -0.017893813409184636 -0.057347700936494155 0.064061549189785599 0.068896807043680119
leaf_weight=956 787 513 1185 927 1204 890 1750 1975 643 338 2886 1555 1525 1544 540 2305 2306 2678 1026 2095 1446 1775 588 168
leaf_count=956 787 513 1185 927 1204 890 1750 1975 643 338 2886 1555 1525 1544 540 2305 2306 2678 1026 2095 1446 1775 588 168
internal_value=2.91952e-11 -0.0272893 0.044311 0.0735487 -0.0118022 -0.0508949 0.0251792 -0.0423527 0.095425 -0.0652851 -0.00275225 0.0621241 -0.0223807 0.0371494 0.0163145 -0.0394197 -0.025642 -0.00730203 0.0188395 0.021833 -0.0238674 -0.0598864 0.0552799 0.0869371
internal_weight=33605 20797 12808 5066 12558 8239 7742 5170 1738 3069 6768 3328 5790 3294 4448 4280 4265 3882 3661 2635 3752 2113 1773 1095
internal_count=33605 20797 12808 5066 12558 8239 7742 5170 1738 3069 6768 3328 5790 3294 4448 4280 4265 3882 3661 2635 3752 2113 1773 1095
is_linear=0
shrinkage=0.03


Tree=28
num_leaves=25
num_cat=0
split_feature=1 1 1 1 1 1 1 1 11 1 8 26 8 26 1 8 1 1 1 1 26 22 22 2
split_gain=42515.7 9656.1 5743.83 1698.11 1097.22 928.224 853.547 394.862 215.968 180.238 178.118 167.34 139.38 134.726 131.224 123.744 112.913 106.783 101.714 99.7425 98.0758 97.2322 75.0224 71.6436
threshold=27.155000000000005 24.085000000000004 30.265000000000004 22.495000000000001 25.555000000000003 32.705000000000005 28.715000000000003 21.255000000000006 26.000000000000004 31.415000000000003 597.50000000000011 -0.20619468024900964 785.00000000000011 0.14501612903225816 26.435000000000006 785.00000000000011 34.455000000000005 19.605000000000004 27.915000000000003 23.325000000000003 -0.24118709677419362 33.500000000000007 310.50000000000006 26.735000000000003
decision_type=2 2 2 2 2 2 2 2 2 2 2 2 2 2 2 2 2 2 2 2 2 2 2 2
left_child=1 3 6 7 10 9 12 17 19 -4 21 -6 18 20 -13 -9 -7 -1 -2 -5 -8 -3 -23 -10
right_child=2 4 5 8 11 16 13 15 23 -11 -12 14 -14 -15 -16 -17 -18 -19 -20 -21 -22 22 -24 -25
leaf_value=-0.086976266577002706 0.019906785559241327 -0.022375518903770045 0.061276235185214654 -0.03568684539726634 -0.0093022423820339033 0.094276753128408552 0.018408792789437269 -0.046569181179789282 -0.060411816642834584 0.076361472691313576 -0.020925772267478698 0.0013402463814245385 0.0040364872805487648 0.054750761525041755 0.010941856481892838 -0.059391378927393816 0.11648996117370154 -0.066416233068284633 0.029749309023245834 -0.026227241341673164 0.04209991202672346 -0.006411029882353681 -0.01845852468375548 -0.041000012896272357
leaf_weight=267 2022 529 1703 1778 798 858 171 1753 195 1226 2385 2996 325 783 2238 1104 271 1531 1774 2302 1958 2678 563 1397
leaf_count=267 2022 529 1703 1778 798 858 171 1753 195 1226 2385 2996 325 783 2238 1104 271 1531 1774 2302 1958 2678 563 1397
internal_value=6.35723e-11 -0.0236839 0.0480767 -0.045027 -0.00559821 0.0764985 0.0316775 -0.0584554 -0.0340063 0.0675905 -0.0145094 0.00349471 0.0228922 0.0441104 0.00544579 -0.0515239 0.0996087 -0.0694694 0.0245065 -0.0303496 0.0401971 -0.0104503 -0.00850382 -0.0433777
internal_weight=33605 22514 11091 10327 12187 4058 7033 4655 5672 2929 6155 6032 4121 2912 5234 2857 1129 1798 3796 4080 2129 3770 3241 1592
internal_count=33605 22514 11091 10327 12187 4058 7033 4655 5672 2929 6155 6032 4121 2912 5234 2857 1129 1798 3796 4080 2129 3770 3241 1592
is_linear=0
shrinkage=0.03


Tree=29
num_leaves=25
num_cat=0
split_feature=1 1 1 1 1 1 1 1 11 1 26 1 26 26 26 1 1 26 12 8 26 22 1 2
split_gain=40003 9085.42 5404.62 1598.66 1033.41 854.417 834.874 355.914 220.104 186.397 158.287 153.92 148.013 126.842 115.263 106.442 98.7689 90.8463 89.681 86.3687 82.1335 79.0914 78.0703 77.3303
threshold=27.155000000000005 24.085000000000004 30.325000000000003 22.445000000000004 25.425000000000004 28.815000000000001 32.705000000000005 20.975000000000005 26.000000000000004 26.195000000000004 0.099055913978494489 31.415000000000003 0.064790322580645224 -0.036016666666666891 -0.29351612903225816 34.755000000000003 23.285000000000004 -0.26966666666666655 0.53500000000000014 785.00000000000011 0.20223938879456707 57.500000000000007 19.605000000000004 26.735000000000003
decision_type=2 2 2 2 2 2 2 2 2 2 2 2 2 2 2 2 2 2 2 2 2 2 2 2
left_child=1 3 5 7 10 12 11 22 16 20 17 -4 18 -7 -9 -8 -5 -3 -2 -11 -6 -20 -1 -10
right_child=2 4 6 8 9 13 15 14 23 19 -12 -13 -14 -15 -16 -17 -18 -19 21 -21 -22 -23 -24 -25
leaf_value=-0.084366984340581999 0.0046068843270005164 -0.030981311118356076 0.059922438153845847 -0.034999241375336339 -0.0051090176898880152 0.037365279785680987 0.092648551055864128 -0.064418111962045541 -0.059221912413483596 0.0088940634991775923 -0.0071858865575844056 0.074070629554422382 0.030777036623609984 0.050142683586583858 -0.048947109694771528 0.1179834249464132 -0.025635203948159612 -0.016571503010836874 0.0023672013403606535 -0.0075318126399980777 0.0071990897067555105 0.022327601097218 -0.066290892194703688 -0.040005811452456436
leaf_weight=267 347 444 1589 1753 2505 1347 952 519 217 3160 1675 1226 1401 1454 2628 177 2404 3480 193 317 606 2405 1105 1434
leaf_count=267 347 444 1589 1753 2505 1347 952 519 217 3160 1675 1226 1401 1454 2628 177 2404 3480 193 317 606 2405 1105 1434
internal_value=8.14768e-11 -0.0229734 0.0466344 -0.0436762 -0.00543027 0.0310774 0.0748255 -0.0570576 -0.0332645 0.00262329 -0.0149064 0.0660843 0.0227501 0.043998 -0.0514986 0.0966204 -0.029584 -0.018202 0.0189315 0.00739651 -0.00271149 0.0208448 -0.0698086 -0.0425315
internal_weight=33605 22514 11091 10327 12187 7147 3944 4519 5808 6588 5599 2815 4346 2801 3147 1129 4157 3924 2945 3477 3111 2598 1372 1651
internal_count=33605 22514 11091 10327 12187 7147 3944 4519 5808 6588 5599 2815 4346 2801 3147 1129 4157 3924 2945 3477 3111 2598 1372 1651
is_linear=0
shrinkage=0.03


Tree=30
num_leaves=25
num_cat=0
split_feature=1 1 1 1 1 1 1 19 1 1 8 26 22 26 19 1 1 22 3 26 26 22 26 13
split_gain=37644.3 7283.88 6518.6 1262.83 1111.08 823.161 793.528 230.103 202.981 190.741 159.026 158.084 144.664 143.758 118.638 112.821 103.075 92.3065 90.3772 87.025 86.6101 84.2114 84.1243 72.4343
threshold=26.475000000000005 29.555000000000003 23.405000000000005 31.975000000000005 24.815000000000001 21.425000000000004 27.875000000000004 6.8500000000000005 33.735000000000007 30.735000000000003 785.00000000000011 0.082374193548386973 34.500000000000007 0.011666666666666834 6.8500000000000005 19.905000000000005 25.695000000000004 186.50000000000003 18.575000000000003 -0.24118709677419362 -0.26966666666666655 60.500000000000007 -1.0281268817204301 0.090000000000000011
decision_type=2 2 2 2 2 2 2 2 2 2 2 2 2 2 2 2 2 2 2 2 2 2 2 2
left_child=2 6 5 9 11 15 14 22 23 19 12 20 -6 -8 -2 -1 -14 21 -9 -3 -4 -16 -7 -5
right_child=1 3 4 8 10 7 13 18 -10 -11 -12 -13 16 -15 17 -17 -18 -19 -20 -21 -22 -23 -24 -25
leaf_value=-0.07824412136524915 0.0023716860440798921 0.015144491257766882 -0.036955721235943213 0.083204222855322502 -0.021157226951800511 -0.059336710420350408 0.026373443340545633 -0.039902690870986607 0.10224470325506449 0.063845925374699228 -0.017202956986415871 -0.014589382038983061 -0.0054782652057760841 0.038383536392613188 0.0084918422639372205 -0.060515951499675529 0.0026249224374699752 0.0077532271921510491 -0.02887774364783385 0.05097108911308551 -0.023932757782386033 0.021213923336402662 -0.04590610124997329 0.061999097534361676
leaf_weight=400 836 63 529 1020 364 569 2172 2469 549 1555 782 1638 2988 1528 621 1680 2680 1125 918 1942 3504 1904 1600 169
leaf_count=400 836 63 529 1020 364 569 2172 2469 549 1555 782 1638 2988 1528 621 1680 2680 1125 918 1942 3504 1904 1600 169
internal_value=3.00551e-11 0.0387869 -0.0259928 0.0661946 -0.0126388 -0.0478269 0.0210485 -0.0418002 0.0871568 0.0559608 -0.00447435 -0.0224488 -0.00282419 0.0313333 0.0125657 -0.0639252 -0.00164684 0.0149006 -0.0369145 0.0498454 -0.025641 0.018085 -0.0494294 0.0801902
internal_weight=33605 13484 20121 5298 12485 7636 8186 5556 1738 3560 6814 5671 6032 3700 4486 2080 5668 3650 3387 2005 4033 2525 2169 1189
internal_count=33605 13484 20121 5298 12485 7636 8186 5556 1738 3560 6814 5671 6032 3700 4486 2080 5668 3650 3387 2005 4033 2525 2169 1189
is_linear=0
shrinkage=0.03


Tree=31
num_leaves=25
num_cat=0
split_feature=1 1 1 1 1 1 1 1 11 9 1 26 7 1 22 26 11 1 26 8 26 22 11 12
split_gain=35442.2 8061.56 4788.57 1427.04 910.234 775.69 719.153 268.663 229.143 161.079 150.179 134.907 130.627 105.846 103.443 103.404 98.4196 97.4685 94.6903 86.8752 85.7746 76.9093 70.4359 69.5419
threshold=27.155000000000005 24.085000000000004 30.265000000000004 22.285000000000004 25.635000000000002 32.705000000000005 28.545000000000005 20.865000000000006 21.000000000000004 3.5000000000000004 31.415000000000003 -0.24118709677419362 73.832350000000005 26.325000000000003 33.500000000000007 0.064790322580645224 -36.499999999999993 35.335000000000008 -1.044467741935484 672.50000000000011 0.082374193548386973 276.50000000000006 5.0000000000000009 0.53500000000000014
decision_type=2 2 2 2 2 2 2 2 2 2 2 2 2 2 2 2 2 2 2 2 2 2 2 2
left_child=1 3 6 7 9 10 15 21 20 14 22 -8 -6 -14 -3 23 -13 -7 -10 -9 -5 -1 -4 -2
right_child=2 4 5 8 12 17 11 19 18 -11 -12 16 13 -15 -16 -17 -18 -19 -20 -21 -22 -23 -24 -25
leaf_value=-0.070217922403962754 0.0031653658592058192 -0.021096032047459714 0.060532425788831799 -0.030869610333094787 -0.012574974951839232 0.088409891705691634 0.015554981787812294 -0.04441981902928261 -0.052308300097986142 -0.020024116323369052 0.0697095133931806 0.052535713163779293 0.00051421704572597409 0.0090023053116967851 -0.0078982394513849377 0.027400516385638021 0.038305091545630963 0.12129002484408292 -0.036777577953246467 -0.0549203062606132 -0.021499103185544544 -0.05108454757685825 0.047834858698226124 0.018415295936188444
leaf_weight=1003 305 619 1087 2738 415 1041 204 1370 441 1943 1226 528 2557 2738 3915 1159 2549 88 1777 1470 1295 233 616 2288
leaf_count=1003 305 619 1087 2738 415 1041 204 1370 441 1943 1226 528 2557 2738 3915 1159 2549 88 1777 1470 1295 233 616 2288
internal_value=2.77571e-11 -0.0216241 0.0438956 -0.0411255 -0.00509907 0.0698465 0.028922 -0.054936 -0.0321203 -0.0127971 0.0617033 0.0391807 0.00363302 0.00490334 -0.00970006 0.0199512 0.040747 0.0909727 -0.0398655 -0.0498549 -0.0278607 -0.0666111 0.0559395 0.0166215
internal_weight=33605 22514 11091 10327 12187 4058 7033 4076 6251 6477 2929 3281 5710 5295 4534 3752 3077 1129 2218 2840 4033 1236 1703 2593
internal_count=33605 22514 11091 10327 12187 4058 7033 4076 6251 6477 2929 3281 5710 5295 4534 3752 3077 1129 2218 2840 4033 1236 1703 2593
is_linear=0
shrinkage=0.03


Tree=32
num_leaves=25
num_cat=0
split_feature=1 1 1 1 1 1 1 1 11 1 1 1 7 8 1 26 22 22 1 9 12 26 22 13
split_gain=33351.2 6671.99 5457.34 1013.52 945.056 894.397 734.736 211.93 187.708 157.372 152.832 136.338 134.262 116.699 113.654 109.763 103.827 97.2208 83.6612 77.6842 74.4451 72.8216 72.364 70.8046
threshold=26.815000000000001 23.755000000000006 29.955000000000002 22.115000000000006 25.245000000000001 32.32500000000001 28.395000000000003 20.865000000000006 21.000000000000004 24.495000000000001 31.015000000000004 34.185000000000009 73.832350000000005 785.00000000000011 25.975000000000005 -0.24118709677419362 184.50000000000003 56.500000000000007 29.175000000000004 1.6500000000000001 0.63500000000000012 -1.0281268817204301 276.50000000000006 0.090000000000000011
decision_type=2 2 2 2 2 2 2 2 2 2 2 2 2 2 2 2 2 2 2 2 2 2 2 2
left_child=1 3 6 7 9 10 13 22 -5 -3 -4 23 -6 16 -14 -8 17 -2 -17 -18 -9 -10 -1 -7
right_child=2 4 5 8 12 11 15 20 21 -11 -12 -13 14 -15 -16 18 19 -19 -20 -21 -22 -23 -24 -25
leaf_value=-0.068111384087358257 0.006611600143626657 -0.021556066548414205 0.050371664132839812 -0.029560254957468449 -0.015773352772625215 0.081955309132755533 0.014658786556938636 -0.053685891708286276 -0.051862120285295368 -0.011995523098049564 0.063553768820380524 0.10071126602773797 -0.0031574618784739202 0.00048557581188372119 0.0053172687406781299 0.032011386524525495 0.016133247278479101 0.022691001425262834 0.042285546700000932 0.00013006826030402297 -0.042941767239082433 -0.038145721866341339 -0.04955201114419959 0.055434646960347889
leaf_weight=1003 389 2993 1749 3294 451 964 219 1432 445 3213 1446 365 2751 390 2953 1566 714 2603 1310 442 976 1604 233 100
leaf_count=1003 389 2993 1749 3294 451 964 219 1432 445 3213 1446 365 2751 390 2953 1566 714 2603 1310 442 976 1604 233 100
internal_value=4.23992e-11 -0.0226458 0.0394422 -0.0423152 -0.00834536 0.0651615 0.0238618 -0.0545145 -0.0339951 -0.0166063 0.0563376 0.0848901 -1.59326e-05 0.0161751 0.00122996 0.0351322 0.0176502 0.0206005 0.0366912 0.0100144 -0.0493311 -0.0411246 -0.0646127 0.0794628
internal_weight=33605 21348 12257 8987 12361 4624 7633 3644 5343 6206 3195 1429 6155 4538 5704 3095 4148 2992 2876 1156 2408 2049 1236 1064
internal_count=33605 21348 12257 8987 12361 4624 7633 3644 5343 6206 3195 1429 6155 4538 5704 3095 4148 2992 2876 1156 2408 2049 1236 1064
is_linear=0
shrinkage=0.03


Tree=33
num_leaves=25
num_cat=0
split_feature=1 1 1 1 1 1 1 1 1 26 26 1 26 1 26 26 26 1 26 26 26 26 22 26
split_gain=31395.2 7043.25 4332.66 1201.06 859.509 749.11 590.222 322.013 162.233 143.567 127.819 126.703 119.613 113.955 112.827 94.4281 87.6271 84.4982 82.5768 79.8532 72.4567 64.5741 63.6394 62.101
threshold=27.115000000000006 24.015000000000004 30.145000000000003 22.585000000000004 25.315000000000001 32.445000000000007 28.495000000000001 21.255000000000006 26.195000000000004 0.082374193548386973 0.099055913978494489 31.175000000000004 -0.036016666666666891 34.185000000000009 -0.29351612903225816 0.064790322580645224 -0.26966666666666655 19.605000000000004 0.20223938879456707 -0.26966666666666655 -0.099838709677419313 -0.24118709677419362 340.50000000000006 -0.03940322580645151
decision_type=2 2 2 2 2 2 2 2 2 2 2 2 2 2 2 2 2 2 2 2 2 2 2 2
left_child=1 3 6 7 10 11 15 17 18 16 19 -4 21 -7 -9 -2 -5 -1 -6 -3 -10 -8 -18 -19
right_child=2 4 5 9 8 13 12 14 20 -11 -12 -13 -14 -15 -16 -17 22 23 -20 -21 -22 -23 -24 -25
leaf_value=-0.075415001926797162 0.01507963380955998 -0.029466222556891075 0.050690589960664514 -0.041400382690615897 -0.0050592529705990683 0.077993989346745077 0.014176630726741517 -0.056734569514292545 0.00078813050239413286 -0.019223065355385351 -0.0071507523200541202 0.063154740776396823 0.041571306729332166 0.09768992729382972 -0.041419872475652375 0.025401903465030833 -0.028101167819381639 -0.061171804959788849 0.00643389680880521 -0.015719933567066437 0.0098595303442815078 0.032277731208703031 -0.041378047914333541 -0.048103132580931567
leaf_weight=267 2603 428 1635 677 2867 959 204 518 1284 1077 1596 1332 1607 365 2637 1150 2959 1057 700 3415 2070 1359 365 474
leaf_count=267 2603 428 1635 677 2867 959 204 518 1284 1077 1596 1332 1607 365 2637 1150 2959 1057 700 3415 2070 1359 365 474
internal_value=2.84936e-11 -0.0205208 0.0409739 -0.0391979 -0.00536308 0.0646596 0.0262931 -0.0497089 0.00165006 -0.0289456 -0.0142871 0.0562862 0.0358242 0.0834238 -0.0439343 0.0182426 -0.0315627 -0.0598417 -0.0028038 -0.0172509 0.00638676 0.0299152 -0.0295591 -0.0571257
internal_weight=33605 22391 11214 10031 12360 4291 6923 4953 6921 5078 5439 2967 3170 1324 3155 3753 4001 1798 3567 3843 3354 1563 3324 1531
internal_count=33605 22391 11214 10031 12360 4291 6923 4953 6921 5078 5439 2967 3170 1324 3155 3753 4001 1798 3567 3843 3354 1563 3324 1531
is_linear=0
shrinkage=0.03


Tree=34
num_leaves=25
num_cat=0
split_feature=1 1 1 1 1 1 1 1 26 1 26 26 1 26 26 26 1 1 26 22 26 26 8 22
split_gain=29543.5 6720.52 3993.51 1203.82 760.43 643.146 620.953 302.982 140.964 136.28 130.139 114.581 114.025 106.159 104.105 90.6434 86.6987 79.5043 77.6201 76.6166 74.084 68.8631 64.7058 66.493
threshold=27.155000000000005 24.085000000000004 30.325000000000003 22.585000000000004 25.425000000000004 28.815000000000001 32.705000000000005 21.255000000000006 0.082374193548386973 26.325000000000003 0.099055913978494489 1.0000000180025095e-35 31.415000000000003 -0.29351612903225816 0.14501612903225816 -0.26966666666666655 35.335000000000008 19.605000000000004 0.20223938879456707 174.50000000000003 -0.26966666666666655 -0.24118709677419362 785.00000000000011 57.500000000000007
decision_type=2 2 2 2 2 2 2 2 2 2 2 2 2 2 2 2 2 2 2 2 2 2 2 2
left_child=1 3 5 7 10 11 12 17 15 18 20 22 -4 -9 21 -5 -8 -1 -6 -13 -3 -7 23 -2
right_child=2 4 6 8 9 14 16 13 -10 -11 -12 19 -14 -15 -16 -17 -18 -19 -20 -21 -22 -23 -24 -25
leaf_value=-0.073152548720997371 -0.0015719302420564476 -0.027311977010379178 0.051467444983371365 -0.040158415114950691 -0.0037820628530741791 0.014753813240755248 0.080688850895558037 -0.055032532572113407 -0.018499986579256503 0.0070497714817138952 -0.0057829724552373937 0.029007950172556019 0.063644826409526983 -0.040177276326368319 0.047408930876883269 -0.028313655919440055 0.11169928940859707 -0.055411951642502934 0.0072794293477017715 0.01364865970603708 -0.01429929049754744 0.035935751392295601 0.0034960758601815974 0.018771252566779254
leaf_weight=267 155 444 1589 697 2932 149 1041 518 1169 2947 1675 1313 1226 2637 758 3508 88 1531 709 376 3480 1894 346 2156
leaf_count=267 155 444 1589 697 2932 149 1041 518 1169 2947 1675 1313 1226 2637 758 3508 88 1531 709 376 3480 1894 346 2156
internal_value=3.28538e-11 -0.0197428 0.0400766 -0.0375485 -0.00465469 0.0267039 0.0643096 -0.0482176 -0.0277151 0.00225376 -0.0127834 0.0194791 0.056771 -0.0426163 0.0379138 -0.030277 0.083106 -0.0580464 -0.00162809 0.0255887 -0.0157717 0.0343909 0.0155953 0.0174068
internal_weight=33605 22514 11091 10327 12187 7147 3944 4953 5374 6588 5599 4346 2815 3155 2801 4205 1129 1798 3641 1689 3924 2043 2657 2311
internal_count=33605 22514 11091 10327 12187 7147 3944 4953 5374 6588 5599 4346 2815 3155 2801 4205 1129 1798 3641 1689 3924 2043 2657 2311
is_linear=0
shrinkage=0.03


Tree=35
num_leaves=25
num_cat=0
split_feature=1 1 1 1 1 1 1 1 19 8 26 26 22 26 26 2 1 22 22 26 3 26 1 2
split_gain=27802.7 5413.5 4876.95 1004.29 914.67 544.443 524.638 220.25 166.797 147.372 143.029 122.676 104.292 99.0494 98.5775 90.5655 89.0776 79.8329 72.4863 72.0948 69.7184 69.3333 63.7622 60.6686
threshold=26.475000000000005 29.435000000000006 23.285000000000004 31.575000000000003 24.705000000000002 21.425000000000004 27.875000000000004 33.155000000000008 6.8500000000000005 559.00000000000011 -0.036016666666666891 0.082374193548386973 34.500000000000007 -0.095016129032257965 -0.095016129032257965 31.325000000000003 19.905000000000005 296.50000000000006 186.50000000000003 -0.24118709677419362 18.575000000000003 -0.26966666666666655 35.335000000000008 24.515000000000004
decision_type=2 2 2 2 2 2 2 2 2 2 2 2 2 2 2 2 2 2 2 2 2 2 2 2
left_child=2 6 5 10 11 16 13 -5 23 12 19 21 -6 -2 -8 -11 -1 -14 -15 -3 -10 -4 -9 -7
right_child=1 3 4 7 9 8 14 22 20 15 -12 -13 17 18 -16 -17 -18 -19 -20 -21 -22 -23 -24 -25
leaf_value=-0.067772406971454618 0.0054740291509980093 0.012069215782579372 -0.033024691748126903 0.064487525229907042 -0.017217775592159125 -0.057385939768998022 0.019746484094299511 0.081351400159777487 -0.035083120483042178 -0.015846666878005039 0.050920198309005849 -0.013229976188337019 0.0026324033038504593 0.017474332198618867 0.03018851659800105 -0.005213978619157825 -0.052019796082217774 -0.0089738060483346965 0.0060451419908139443 0.040161175547411644 -0.024722885389266341 -0.021555581006935148 0.10834831115874377 -0.041581804457017632
leaf_weight=400 1891 88 548 1311 315 249 1308 748 2307 1166 2050 1571 3253 1920 2153 1889 1680 638 675 1252 783 3531 88 1791
leaf_count=400 1891 88 548 1311 315 249 1308 748 2307 1166 2050 1571 3253 1920 2153 1889 1680 638 675 1252 783 3531 88 1791
internal_value=1.72772e-11 0.0333333 -0.0223381 0.056106 -0.011301 -0.0421025 0.0174666 0.0721605 -0.0368532 -0.00425728 0.0459381 -0.020353 -0.00061476 0.0106961 0.0262422 -0.00927215 -0.0550491 0.000729355 0.0145014 0.0383163 -0.0324579 -0.0230964 0.0841932 -0.0435108
internal_weight=33605 13484 20121 5537 12911 7210 7947 2147 5130 7261 3390 5650 4206 4486 3461 3055 2080 3891 2595 1340 3090 4079 836 2040
internal_count=33605 13484 20121 5537 12911 7210 7947 2147 5130 7261 3390 5650 4206 4486 3461 3055 2080 3891 2595 1340 3090 4079 836 2040
is_linear=0
shrinkage=0.03


Tree=36
num_leaves=25
num_cat=0
split_feature=1 1 1 1 1 1 1 1 8 26 1 8 26 22 26 26 22 26 26 1 1 22 22 1
split_gain=26177.5 6144.31 3384.7 1174.81 640.327 549.514 524.292 292.574 159.231 124.849 111.938 105.891 103.944 97.8895 93.4899 85.1755 77.0654 75.5775 73.2576 71.8703 70.8544 70.0461 69.6359 68.2507
threshold=27.235000000000003 24.205000000000002 30.325000000000003 22.695000000000004 25.915000000000003 32.845000000000006 28.985000000000003 21.255000000000006 559.00000000000011 0.082374193548386973 31.495000000000001 785.00000000000011 -0.095016129032257965 33.500000000000007 -0.20280758347481612 0.14501612903225816 296.50000000000006 -0.12882096774193563 -1.044467741935484 19.135000000000002 35.335000000000008 186.50000000000003 60.500000000000007 28.175000000000004
decision_type=2 2 2 2 2 2 2 2 2 2 2 2 2 2 2 2 2 2 2 2 2 2 2 2
left_child=1 3 6 7 8 10 12 19 13 18 -4 -9 -2 -3 -6 -8 -15 -10 -5 -1 -7 22 -16 -14
right_child=2 4 5 9 14 20 15 11 17 -11 -12 -13 23 16 21 -17 -18 -19 -20 -21 -22 -23 -24 -25
leaf_value=-0.07577540532866521 0.013955903054495568 -0.017301249559093859 0.048886021878256018 -0.041546625039965202 -0.0051096498520561582 0.076954375775274975 0.033424214343839243 -0.035643580440433233 -0.019223186405002479 -0.016759452138805253 0.060808981467651645 -0.046466454307343322 0.019165859287947399 -0.00062951071543990091 0.0028299144004957882 0.045940695037620195 -0.011715493386829721 -0.010095938161012242 -0.026379350339861343 -0.052937213226060313 0.10509786511009389 0.0020811324581652977 0.013625925175890488 0.028821504592728739
leaf_weight=134 1770 503 1689 309 714 946 1745 2158 1419 1269 1221 1306 1532 2547 813 680 725 1923 3954 1664 88 1752 1588 1156
leaf_count=134 1770 503 1689 309 714 946 1745 2158 1419 1269 1221 1306 1532 2547 813 680 725 1923 3954 1664 88 1752 1588 1156
internal_value=4.74785e-11 -0.0182549 0.0384049 -0.0346725 -0.00346756 0.0605638 0.0257078 -0.0448205 -0.00920217 -0.0250198 0.0538887 -0.039724 0.0196011 -0.00498003 0.00491813 0.036934 -0.00308591 -0.0139713 -0.0274787 -0.0546393 0.0793496 0.00664215 0.0099703 0.0233184
internal_weight=33605 22778 10827 10794 11984 3944 6883 5262 7117 5532 2910 3464 4458 3775 4867 2425 3272 3342 4263 1798 1034 4153 2401 2688
internal_count=33605 22778 10827 10794 11984 3944 6883 5262 7117 5532 2910 3464 4458 3775 4867 2425 3272 3342 4263 1798 1034 4153 2401 2688
is_linear=0
shrinkage=0.03


Tree=37
num_leaves=25
num_cat=0
split_feature=1 1 1 1 1 1 1 19 1 1 26 11 1 26 26 11 12 1 26 22 22 22 12 13
split_gain=24637.7 4963.7 4044.21 845.508 663.439 630.036 549.498 146.538 143.111 118.993 117.215 116.919 114.191 103.543 87.6808 79.0502 70.3804 67.1522 64.999 63.8604 79.3106 62.1062 61.4927 60.1456
threshold=26.815000000000001 23.565000000000001 29.955000000000002 24.975000000000005 32.205000000000005 21.775000000000002 28.225000000000005 6.8500000000000005 25.975000000000005 33.925000000000004 -0.036016666666666891 5.0000000000000009 20.145000000000003 -0.13883333333333356 0.064790322580645224 -18.499999999999996 0.63500000000000012 31.015000000000004 -0.18306451612903205 344.50000000000006 36.500000000000007 184.50000000000003 0.53500000000000014 0.090000000000000011
decision_type=2 2 2 2 2 2 2 2 2 2 2 2 2 2 2 2 2 2 2 2 2 2 2 2
left_child=1 5 6 11 10 12 14 -7 15 23 -4 -3 -1 -8 22 -5 -14 -12 -10 20 -9 -16 -2 -6
right_child=2 3 4 8 9 7 13 19 18 -11 17 -13 16 -15 21 -17 -18 -19 -20 -21 -22 -23 -24 -25
leaf_value=-0.061652236585522484 -0.0013388301461575154 -0.011823256577797611 0.040343369816105396 0.0018486727279835172 0.069259507082807967 -0.038300341274440458 0.020410685072312178 -0.031683639029989608 -0.0054103271580339049 0.084983456340869096 0.047482239860883936 -0.020397136405759353 -0.050272285657418009 0.032297673114612381 0.0231227634450548 -0.0074446838203476506 -0.039210480393139326 0.058664111144091813 0.0056159388115478463 -0.037932509340656298 -0.021847370691680405 0.0066121337567841866 0.011895452666228884 0.046972472175228881
leaf_weight=542 361 2590 1132 1135 956 1971 884 1369 591 457 1083 3200 1447 2597 999 3004 806 873 2589 504 1600 258 2534 123
leaf_count=542 361 2590 1132 1135 956 1971 884 1369 591 457 1083 3200 1447 2597 999 3004 806 873 2589 504 1600 258 2534 123
internal_value=1.63724e-11 -0.019464 0.0339005 -0.00799577 0.0560408 -0.0377111 0.0204881 -0.0317668 -0.00121921 0.0721531 0.0480265 -0.0165618 -0.0492891 0.029279 0.0131179 -0.00489625 -0.046315 0.0524729 0.00356672 -0.0280589 -0.0263829 0.0197339 0.0102452 0.0667189
internal_weight=33605 21348 12257 13109 4624 8239 7633 5444 7319 1536 3088 5790 2795 3481 4152 4139 2253 1956 3180 3473 2969 1257 2895 1079
internal_count=33605 21348 12257 13109 4624 8239 7633 5444 7319 1536 3088 5790 2795 3481 4152 4139 2253 1956 3180 3473 2969 1257 2895 1079
is_linear=0
shrinkage=0.03


Tree=38
num_leaves=25
num_cat=0
split_feature=1 1 1 1 1 1 1 1 8 26 1 26 26 22 8 26 26 22 22 22 26 22 1 12
split_gain=23195.6 5452.3 2998.02 1045.37 561.289 487.859 468.117 259.174 143.91 112.559 100.191 99.7115 93.2154 90.7493 84.509 78.2264 71.7052 71.2293 69.0577 67.5161 67.4334 66.3336 65.1564 56.7091
threshold=27.235000000000003 24.205000000000002 30.325000000000003 22.695000000000004 25.915000000000003 32.845000000000006 28.985000000000003 21.255000000000006 559.00000000000011 0.082374193548386973 31.415000000000003 -1.0281268817204301 0.011666666666666834 33.500000000000007 785.00000000000011 0.14501612903225816 -0.26966666666666655 296.50000000000006 312.50000000000006 274.50000000000006 -0.26966666666666655 174.50000000000003 34.755000000000003 0.53500000000000014
decision_type=2 2 2 2 2 2 2 2 2 2 2 2 2 2 2 2 2 2 2 2 2 2 2 2
left_child=1 3 6 7 8 10 12 19 13 20 -4 -9 23 -3 18 -8 -10 -15 -6 -1 -5 -14 -7 -2
right_child=2 4 5 9 14 22 15 11 16 -11 -12 -13 21 17 -16 -17 -18 -19 -20 -21 -22 -23 -24 -25
leaf_value=-0.05456783119358756 0.0037986293511930854 -0.016472506887720579 0.045641255425142746 -0.034616180155245556 0.0067072682125468132 0.071284292279856762 0.03144576626639202 -0.051202463943135136 -0.023057748108695854 -0.015700562479641578 0.056821927741948261 -0.035544735105588157 0.02670804537985862 -0.00042387245522603037 -0.0073401263987876884 0.043440805176368856 -0.011206591108033936 -0.011081823899121634 -0.011784017183744397 -0.040577616753210692 -0.024249242872948169 0.010406428895136618 0.09127752906185084 0.016707810435524339
leaf_weight=1399 350 503 1589 670 4196 857 1745 416 550 1269 1321 3048 1389 2547 481 680 2792 725 190 399 3593 268 177 2451
leaf_count=1399 350 503 1589 670 4196 857 1745 416 550 1269 1321 3048 1389 2547 481 680 2792 725 190 399 3593 268 177 2451
internal_value=7.62628e-12 -0.0171838 0.0361515 -0.0326492 -0.00325401 0.0570062 0.0242016 -0.0422219 -0.00862304 -0.0235438 0.0507167 -0.0374251 0.0184313 -0.00460916 0.00459711 0.0348093 -0.013157 -0.00278543 0.00590623 -0.0514632 -0.0258786 0.0240715 0.0747067 0.0150947
internal_weight=33605 22778 10827 10794 11984 3944 6883 5262 7117 5532 2910 3464 4458 3775 4867 2425 3342 3272 4386 1798 4263 1657 1034 2801
internal_count=33605 22778 10827 10794 11984 3944 6883 5262 7117 5532 2910 3464 4458 3775 4867 2425 3342 3272 4386 1798 4263 1657 1034 2801
is_linear=0
shrinkage=0.03


Tree=39
num_leaves=25
num_cat=0
split_feature=1 1 1 1 1 1 1 1 19 26 26 26 22 26 26 1 26 7 1 2 22 26 3 7
split_gain=21834.6 4259.63 3852.13 816.196 722.854 426.493 387.613 149.991 134.736 133.971 112.669 111.672 83.4344 82.915 75.982 74.8379 69.5041 65.4589 65.3485 64.831 61.2023 61.0394 59.4795 54.8079
threshold=26.475000000000005 29.375000000000004 23.285000000000004 31.785000000000004 24.815000000000001 21.425000000000004 27.875000000000004 33.32500000000001 6.8500000000000005 -0.036016666666666891 0.082374193548386973 -0.12882096774193563 34.500000000000007 -0.095016129032257965 0.011666666666666834 19.905000000000005 -0.24118709677419362 75.202200000000019 30.735000000000003 30.495000000000001 186.50000000000003 -0.26966666666666655 18.575000000000003 74.184400000000025
decision_type=2 2 2 2 2 2 2 2 2 2 2 2 2 2 2 2 2 2 2 2 2 2 2 2
left_child=2 6 5 9 10 15 13 -5 -7 16 21 23 -13 -2 -8 -1 -3 19 -11 -14 -15 -4 -10 -6
right_child=1 3 4 7 11 8 14 -9 22 18 -12 12 17 20 -16 -17 -18 -19 -20 -21 -22 -23 -24 -25
leaf_value=-0.060482210966572171 0.0046724400353452596 0.0096160412036343321 -0.029041468866852528 0.058617634789679393 -0.017477233570359775 -0.038699072131229674 0.019223640646578787 0.07580994747025338 -0.031189831319152737 0.041674211633596261 -0.011014282167380743 -0.017023610631494147 -0.012633859262690705 0.015663654092115845 0.028439510415385789 -0.046043479327777664 0.035886064483387783 0.0040002501856247043 0.052166063955307686 -0.00053819971199325467 0.0051616749684429827 -0.018658131468877258 -0.021620544236049883 -0.006246713161028537
leaf_weight=400 1891 97 589 1193 519 2040 1995 740 2307 1360 1731 266 516 1920 1350 1680 1383 2170 880 1756 675 3777 783 1587
leaf_count=400 1891 97 589 1193 519 2040 1995 740 2307 1360 1731 266 516 1920 1350 1680 1383 2170 880 1756 675 3777 783 1587
internal_value=-3.75295e-12 0.0295398 -0.019796 0.0493855 -0.00998676 -0.0373614 0.0152137 0.0651993 -0.0327154 0.0411683 -0.017491 -0.0032721 -0.00070346 0.00945027 0.022943 -0.0488202 0.0341643 0.000273839 0.045796 -0.00328528 0.0129319 -0.0200589 -0.028765 -0.00901435
internal_weight=33605 13484 20121 5653 12911 7210 7831 1933 5130 3720 6097 6814 4708 4486 3345 2080 1480 4442 2240 2272 2595 4366 3090 2106
internal_count=33605 13484 20121 5653 12911 7210 7831 1933 5130 3720 6097 6814 4708 4486 3345 2080 1480 4442 2240 2272 2595 4366 3090 2106
is_linear=0
shrinkage=0.03


Tree=40
num_leaves=25
num_cat=0
split_feature=1 1 1 1 1 1 1 1 11 7 1 8 8 1 11 26 22 22 1 12 22 13 22 25
split_gain=20556.6 4587.31 2907.53 696.684 663.237 532.937 364.643 135.914 126.499 119.351 99.8971 99.7093 97.6657 82.7967 81.0257 73.3199 69.1249 71.4539 63.9451 63.854 56.192 56.0678 55.1714 54.2885
threshold=27.075000000000003 23.795000000000005 30.015000000000004 25.245000000000001 22.115000000000006 32.445000000000007 28.445000000000004 20.635000000000002 21.000000000000004 73.832350000000005 26.085000000000004 597.50000000000011 672.50000000000011 34.455000000000005 26.000000000000004 0.064790322580645224 33.500000000000007 330.50000000000006 31.015000000000004 0.63500000000000012 34.500000000000007 0.090000000000000011 172.50000000000003 0.906241935483871
decision_type=2 2 2 2 2 2 2 2 2 2 2 2 2 2 2 2 2 2 2 2 2 2 2 2
left_child=1 4 6 12 7 11 15 -1 -6 -5 20 18 16 21 22 -2 -3 -18 -4 -9 -11 -7 -8 -10
right_child=2 3 5 9 8 13 14 19 23 10 -12 -13 -14 -15 -16 -17 17 -19 -20 -21 -22 -23 -24 -25
leaf_value=-0.052681989726146773 0.011449812094938422 -0.018479223379278081 0.042484317974091197 -0.012788740433832824 -0.022902734722950818 0.065768591234299512 0.031443483915729507 -0.043280480789383957 -0.030128394411107338 -0.019854595638925627 0.005664630290896127 0.032930191848391299 -0.019959995225959249 0.082364234814344739 0.017429609458627444 0.020599935415024258 -0.0077030713388949439 -0.021298828267441818 0.051776145038074227 -0.033838919383174078 -0.00085674933852111486 0.03978994083073404 0.012328521345140567 -0.043163799801963207
leaf_weight=956 2600 862 1292 522 3410 972 2415 1615 1752 147 3419 521 1350 271 525 1131 3444 387 1377 1073 2995 81 144 344
leaf_count=956 2600 862 1292 522 3410 972 2415 1615 1752 147 3419 521 1350 271 525 1131 3444 387 1377 1073 2995 81 144 344
internal_value=-8.71986e-12 -0.0167329 0.0329016 -0.00536645 -0.0330386 0.0515757 0.0205326 -0.0429668 -0.0264678 0.00101751 0.00211596 0.0449348 -0.0128491 0.0675761 0.0281653 0.0142235 -0.0108036 -0.00907649 0.0472782 -0.0395116 -0.00174557 0.0637702 0.0303678 -0.0322678
internal_weight=33605 22276 11329 13126 9150 4514 6815 3644 5506 7083 6561 3190 6043 1324 3084 3731 4693 3831 2669 2688 3142 1053 2559 2096
internal_count=33605 22276 11329 13126 9150 4514 6815 3644 5506 7083 6561 3190 6043 1324 3084 3731 4693 3831 2669 2688 3142 1053 2559 2096
is_linear=0
shrinkage=0.03


Tree=41
num_leaves=25
num_cat=0
split_feature=1 1 1 1 1 1 1 1 26 26 26 7 11 8 26 22 22 1 22 22 1 22 26 7
split_gain=19351.3 4624.32 2446.57 880.48 483.315 421.996 373.475 198.354 110.5 104.694 88.0822 82.8481 82.3751 80.5887 76.8515 71.8345 90.693 71.1399 69.455 71.6655 59.7673 58.6558 54.0481 51.7117
threshold=27.275000000000002 24.205000000000002 30.465000000000003 22.585000000000004 25.735000000000003 28.985000000000003 32.845000000000006 20.975000000000005 -0.075898245614035229 0.082374193548386973 -0.29351612903225816 73.832350000000005 5.0000000000000009 785.00000000000011 0.14501612903225816 172.50000000000003 56.500000000000007 23.165000000000003 312.50000000000006 34.500000000000007 35.335000000000008 276.50000000000006 -0.24118709677419362 74.184400000000025
decision_type=2 2 2 2 2 2 2 2 2 2 2 2 2 2 2 2 2 2 2 2 2 2 2 2
left_child=1 3 5 7 8 13 12 21 23 17 -9 -6 -4 15 22 16 -2 -5 19 -13 -8 -1 -7 -3
right_child=2 4 6 9 11 14 20 10 -10 -11 -12 18 -14 -15 -16 -17 -18 -19 -20 -21 -22 -23 -24 -25
leaf_value=-0.051905933647501602 0.0018789992773085124 -0.021276876885197152 0.05087856223093927 -0.029475643723977141 -0.0093162084213358216 0.0092764183203092737 0.066063907503211436 -0.046096960794097558 -0.0050947413111594791 -0.014490185808889555 -0.033352620622810733 -0.025080496973317601 0.039851502442943845 0.0030174701491296621 0.040328844297022035 0.011235352109831702 0.022014109497658172 -0.021475534917574594 -0.011072468347117639 0.0057046401861924256 0.091911873912269404 -0.03628201923627393 0.030329974438094071 -0.010990258773551306
leaf_weight=1103 217 551 1756 1492 420 117 946 583 3667 1313 2998 69 934 339 759 988 2788 3036 245 4978 88 269 1769 2180
leaf_count=1103 217 551 1756 1492 420 117 946 583 3667 1313 2998 69 934 339 759 988 2788 3036 245 4978 88 269 1769 2180
internal_value=9.51857e-12 -0.0155608 0.0333057 -0.0298389 -0.00283428 0.0228257 0.0529401 -0.0391435 -0.00849715 -0.0219488 -0.0354274 0.00350868 0.0470498 0.0170606 0.0322679 0.0182528 0.0205601 -0.0241116 0.00452653 0.00528376 0.0682637 -0.0488426 0.0290239 -0.0130657
internal_weight=33605 22904 10701 10794 12110 6977 3724 4953 6398 5841 3581 5712 2690 4332 2645 3993 3005 4528 5292 5047 1034 1372 1886 2731
internal_count=33605 22904 10701 10794 12110 6977 3724 4953 6398 5841 3581 5712 2690 4332 2645 3993 3005 4528 5292 5047 1034 1372 1886 2731
is_linear=0
shrinkage=0.03


Tree=42
num_leaves=25
num_cat=0
split_feature=1 1 1 1 1 1 1 26 1 26 26 26 26 1 1 22 7 26 26 26 12 13 22 2
split_gain=18222.9 3468.44 3245.02 644.786 596.125 404.532 357.541 120.081 109.378 106.659 99.78 98.4649 82.7392 74.9219 74.5799 69.8393 75.0239 69.0089 63.9703 59.2698 59.0625 55.3656 54.6602 54.0293
threshold=26.655000000000005 23.405000000000005 29.625000000000004 24.935000000000006 31.975000000000005 21.565000000000001 28.115000000000006 -1.0281268817204301 33.925000000000004 -0.036016666666666891 0.20223938879456707 0.099055913978494489 0.064790322580645224 19.905000000000005 22.845000000000002 34.500000000000007 73.832350000000005 -0.13883333333333356 -0.24118709677419362 -0.26966666666666655 0.66500000000000015 0.090000000000000011 188.50000000000003 30.265000000000004
decision_type=2 2 2 2 2 2 2 2 2 2 2 2 2 2 2 2 2 2 2 2 2 2 2 2
left_child=1 5 6 11 9 13 12 -7 21 18 15 19 -2 -1 -9 -5 -17 -8 -4 -3 -15 -6 -14 -18
right_child=2 3 4 10 8 7 17 14 -10 -11 -12 -13 22 20 -16 16 23 -19 -20 -21 -22 -23 -24 -25
leaf_value=-0.055582837998331525 0.0075197584524113086 -0.026289569769416148 0.0062458030639950613 -0.017866074425802736 0.058745305143900819 -0.042237064333487173 0.016210156370516978 -0.030200607424910209 0.073392700367083438 0.043443744222251821 0.005730303917451985 -0.0086130966076598276 0.019638528599318569 -0.044669443910979698 -0.02243067978010975 -0.013651289124174053 -0.0085553070967484129 0.026110582226836716 0.034243732401590336 -0.015957809630417374 -0.033193820260427498 0.040407125739903564 0.0050215494989780552 -8.5796217623119656e-05
leaf_weight=400 3104 570 78 287 1110 538 874 2959 457 2108 1315 1608 1049 1389 1781 507 816 2304 1258 4053 569 171 295 4005
leaf_count=400 3104 570 78 287 1110 538 874 2959 457 2108 1315 1608 1049 1389 1781 507 816 2304 1258 4053 569 171 295 4005
internal_value=1.73893e-11 -0.0173368 0.0281506 -0.00800472 0.046469 -0.033421 0.0157029 -0.0288056 0.0607925 0.0392408 -0.00170825 -0.0150075 0.0102121 -0.0437516 -0.0272811 -0.00345031 -0.00267379 0.0233878 0.0326091 -0.0172317 -0.0413346 0.0562974 0.0164302 -0.00151934
internal_weight=33605 20797 12808 13161 5182 7636 7626 5278 1738 3444 6930 6231 4448 2358 4740 5615 5328 3178 1336 4623 1958 1281 1344 4821
internal_count=33605 20797 12808 13161 5182 7636 7626 5278 1738 3444 6930 6231 4448 2358 4740 5615 5328 3178 1336 4623 1958 1281 1344 4821
is_linear=0
shrinkage=0.03


Tree=43
num_leaves=25
num_cat=0
split_feature=1 1 1 1 1 1 1 1 26 9 26 22 8 22 26 1 26 22 22 22 19 26 26 13
split_gain=17154.3 3345.64 3029.32 653.915 577.015 338.757 308.026 137.867 113.828 107.641 101.505 92.2926 84.7242 82.003 77.9586 64.337 63.8949 60.8325 78.4729 60.271 57.6333 55.7328 53.8337 51.0326
threshold=26.475000000000005 29.375000000000004 23.285000000000004 31.575000000000003 24.635000000000002 21.425000000000004 27.625000000000004 33.32500000000001 -0.29351612903225816 2.8500000000000005 -0.036016666666666891 33.500000000000007 672.50000000000011 310.50000000000006 0.011666666666666834 19.135000000000002 -0.0066290322580647622 338.50000000000006 33.500000000000007 344.50000000000006 6.8500000000000005 0.077302207130730258 -0.24118709677419362 0.090000000000000011
decision_type=2 2 2 2 2 2 2 2 2 2 2 2 2 2 2 2 2 2 2 2 2 2 2 2
left_child=2 6 5 10 12 15 20 23 -7 11 22 -6 17 -13 -8 -1 -17 18 -4 21 -2 -10 -3 -5
right_child=1 3 4 7 9 8 14 -9 19 -11 -12 13 -14 -15 -16 16 -18 -19 -20 -21 -22 -23 -24 -25
leaf_value=-0.063442363016196143 -0.00013885766228760769 0.0074533204444413702 -0.019976685053694623 0.054074556073222979 -0.015318146196453112 -0.03963274785818157 0.015893440970534977 0.067292472780153559 -0.027570455623608797 -0.0085135469629072421 0.039933808584079418 0.0017744959636806332 -0.022487044060036931 -0.010014828905604742 0.024441622038931774 -0.045558783295643633 -0.033759936607638451 -0.027191083874655155 -0.010165033263772324 -0.035481856276863781 0.0091977192821204173 -0.018672068545298532 0.031079832496859569 0.039545249380448275
leaf_weight=134 737 93 1028 1138 372 768 2408 740 2894 2554 2112 4012 1478 612 1597 1351 595 293 2562 657 3089 811 1301 269
leaf_count=134 737 93 1028 1138 372 768 2408 740 2894 2554 2112 4012 1478 612 1597 1351 595 293 2562 657 3089 811 1301 269
internal_value=4.8367e-12 0.0261831 -0.0175465 0.0437713 -0.00884776 -0.0331234 0.0134867 0.0568099 -0.0289827 -0.00350354 0.0357867 -0.000942383 -0.0163741 0.000214144 0.019302 -0.0433357 -0.0419512 -0.0140473 -0.0129746 -0.0271076 0.00739922 -0.0256227 0.0295036 0.0512967
internal_weight=33605 13484 20121 5653 12911 7210 7831 2147 5130 7550 3506 4996 5361 4624 4005 2080 1946 3883 3590 4362 3826 3705 1394 1407
internal_count=33605 13484 20121 5653 12911 7210 7831 2147 5130 7550 3506 4996 5361 4624 4005 2080 1946 3883 3590 4362 3826 3705 1394 1407
is_linear=0
shrinkage=0.03


Tree=44
num_leaves=25
num_cat=0
split_feature=1 1 1 1 1 1 1 1 8 13 26 26 11 8 22 22 8 3 22 22 22 22 22 22
split_gain=16145.1 3865.07 2055.43 738.186 407.588 349.969 310.227 166.569 111.558 91.5674 75.489 70.397 69.0205 68.1382 66.0856 72.0264 63.0385 62.2195 62.156 71.3834 61.5449 80.9415 58.9205 97.2113
threshold=27.275000000000002 24.205000000000002 30.465000000000003 22.585000000000004 25.915000000000003 28.925000000000004 32.845000000000006 21.085000000000004 559.00000000000011 0.11000000000000001 -1.0141268817204301 0.14501612903225816 5.0000000000000009 785.00000000000011 47.500000000000007 296.50000000000006 785.00000000000011 22.785000000000004 186.50000000000003 60.500000000000007 56.500000000000007 164.50000000000003 340.50000000000006 36.500000000000007
decision_type=2 2 2 2 2 2 2 2 2 2 2 2 2 2 2 2 2 2 2 2 2 2 2 2
left_child=1 3 5 7 8 13 12 -1 14 22 -9 -7 -4 20 -3 17 18 -16 19 -6 -2 -22 23 -5
right_child=2 4 6 9 16 11 -8 10 -10 -11 -12 -13 -14 -15 15 -17 -18 -19 -20 -21 21 -23 -24 -25
leaf_value=-0.044078036796921662 0.00095253290292540824 -0.010918384844431807 0.046554601263182747 -0.021956510035617445 0.0014588460860139787 0.026089581524636671 0.062384292654102259 -0.044352903366366873 -0.011180223132861449 -0.024691335102430833 -0.030519027630030338 0.036700410466029787 0.036460891383719017 0.0022170399114224684 0.003768124711456552 -0.009677609105422643 -0.0062146596473029031 -0.0089009995632612689 0.00094851630713781176 0.011791331567577286 0.020255276953811286 0.010447324738115002 -0.027360280294653698 -0.01114721950106728
leaf_weight=1514 217 868 1756 1265 937 1981 1034 402 3342 2307 3037 786 934 327 1746 725 491 436 1883 1682 2597 1069 434 1835
leaf_count=1514 217 868 1756 1265 937 1981 1034 402 3342 2307 3037 786 934 327 1746 725 491 436 1883 1682 2597 1069 434 1835
internal_value=1.72773e-11 -0.0142133 0.0304217 -0.0272668 -0.00257843 0.0208159 0.0484183 -0.0357865 -0.00718834 -0.0200424 -0.0321361 0.0291037 0.0430499 0.0153688 -0.00365434 -0.00148537 0.00399251 0.00123662 0.00510573 0.00809468 0.0164764 0.0173953 -0.0170075 -0.0155581
internal_weight=33605 22904 10701 10794 12110 6977 3724 4953 7117 5841 3439 2767 2690 4210 3775 2907 4993 2182 4502 2619 3883 3666 3534 3100
internal_count=33605 22904 10701 10794 12110 6977 3724 4953 7117 5841 3439 2767 2690 4210 3775 2907 4993 2182 4502 2619 3883 3666 3534 3100
is_linear=0
shrinkage=0.03


Tree=45
num_leaves=25
num_cat=0
split_feature=1 1 1 1 1 1 1 1 26 13 26 22 8 26 22 22 22 13 1 12 26 7 26 22
split_gain=15197.1 2964.71 2690.18 585.175 568.86 273.354 262.848 123.55 101.404 98.7974 90.534 78.4195 75.3723 66.3533 63.2945 60.1581 78.7498 60.0636 59.916 60.217 57.5881 54.7435 50.4861 50.2437
threshold=26.475000000000005 29.375000000000004 23.165000000000003 31.575000000000003 24.555000000000003 27.875000000000004 21.425000000000004 33.735000000000007 -0.12882096774193563 0.11000000000000001 -0.036016666666666891 35.500000000000007 672.50000000000011 -0.095016129032257965 196.50000000000003 338.50000000000006 37.500000000000007 0.090000000000000011 19.135000000000002 0.66500000000000015 -0.036016666666666891 75.202200000000019 -0.24118709677419362 186.50000000000003
decision_type=2 2 2 2 2 2 2 2 2 2 2 2 2 2 2 2 2 2 2 2 2 2 2 2
left_child=2 5 6 10 12 13 18 17 -6 -8 22 -10 15 -2 -13 16 -4 -5 -1 -20 -7 -16 -3 -15
right_child=1 3 4 7 8 20 9 -9 11 -11 -12 14 -14 23 21 -17 -18 -19 19 -21 -22 -23 -24 -25
leaf_value=-0.060216751458929546 0.0035783266897924243 0.0063600481794245777 -0.019116988348393225 0.051980332108686855 -0.0086020640476350378 0.015678908218562933 -0.023464335280647269 0.065813199182351428 -0.014150407402722861 -0.032190345215431716 0.037564159420792498 0.0034182915680358119 -0.021655855783598046 0.013442132426500393 -0.0078835857990058045 -0.025949090110480456 -0.0096424551485617196 0.036615628312385573 -0.042684825742138804 -0.030794997424366217 0.023604760274188792 0.00065680123822523461 0.02924017636995736 0.0039267090424481357
leaf_weight=134 1891 93 1174 1321 2449 1866 2249 549 393 2429 2112 2307 1576 1920 1270 340 2411 277 1421 525 1479 1443 1301 675
leaf_count=134 1891 93 1174 1321 2449 1866 2249 549 393 2429 2112 2307 1576 1920 1270 340 2411 277 1421 525 1479 1443 1301 675
internal_value=3.36778e-11 0.0246442 -0.0165152 0.0412009 -0.00871433 0.0126924 -0.0319404 0.0535352 -0.00353675 -0.0279952 0.0336476 -0.00124506 -0.0161141 0.00785244 -0.000234739 -0.0138889 -0.0127451 0.049317 -0.0408132 -0.0394771 0.0191833 -0.00334109 0.0277137 0.010967
internal_weight=33605 13484 20121 5653 13363 7831 6758 2147 7862 4678 3506 5413 5501 4486 5020 3925 3585 1598 2080 1946 3345 2713 1394 2595
internal_count=33605 13484 20121 5653 13363 7831 6758 2147 7862 4678 3506 5413 5501 4486 5020 3925 3585 1598 2080 1946 3345 2713 1394 2595
is_linear=0
shrinkage=0.03


Tree=46
num_leaves=25
num_cat=0
split_feature=1 1 1 1 1 1 1 1 26 11 26 26 26 11 22 22 11 1 22 26 3 22 22 25
split_gain=14305.7 3564.07 1709.26 774.004 311.812 274.927 271.667 180.663 85.4385 84.8437 83.3556 65.1247 61.3628 60.6964 57.3591 58.3811 57.3062 56.7147 55.1464 55.0493 54.7252 51.0811 49.8514 49.4101
threshold=27.395000000000003 24.425000000000004 30.465000000000003 22.845000000000002 25.975000000000005 32.705000000000005 28.985000000000003 21.255000000000006 0.082374193548386973 -18.499999999999996 -0.15641935483870967 -0.20280758347481612 0.011666666666666834 -36.499999999999993 186.50000000000003 60.500000000000007 5.0000000000000009 35.335000000000008 274.50000000000006 -0.26966666666666655 19.205000000000002 32.500000000000007 340.50000000000006 0.906241935483871
decision_type=2 2 2 2 2 2 2 2 2 2 2 2 2 2 2 2 2 2 2 2 2 2 2 2
left_child=1 3 6 7 9 16 12 18 22 -3 -9 -6 -2 -8 15 -13 -4 -7 -1 -11 -12 -21 23 -5
right_child=2 4 5 8 11 17 13 10 -10 19 20 14 -14 -15 -16 -17 -18 -19 -20 21 -22 -23 -24 -25
leaf_value=-0.043325704863725001 0.012368850079830081 0.00010323304155910707 0.043503474117414224 -0.017622915982528634 -0.0039324976712041843 0.056006777653650461 0.037219778882068039 -0.033907071185354298 -0.010843880609870576 -0.017126819405932414 -0.026872950209614395 0.0019006163263623715 0.020066908541911226 0.025494436678547623 0.0015096094652548898 0.011585749518156383 0.034160820946707596 0.081088037219914519 -0.030681849426110241 -0.017199935621596992 -0.012295590050978881 -0.0055652809973410168 -0.030068149989238006 -0.033733241880551892
leaf_weight=1399 2491 1715 1685 4002 739 1041 487 1745 1443 497 1899 818 1489 2158 1754 1777 910 88 399 372 264 3902 352 179
leaf_count=1399 2491 1715 1685 4002 739 1041 487 1745 1443 497 1899 818 1489 2158 1754 1777 910 88 399 372 264 3902 352 179
internal_value=2.82082e-11 -0.0130574 0.0293422 -0.0247472 -0.0012584 0.0456038 0.0202013 -0.0326499 -0.0172016 -0.00561966 -0.0290291 0.00430116 0.0152489 0.0276533 0.00570026 0.00853279 0.0402272 0.0579617 -0.0405199 -0.00767682 -0.0250937 -0.00657794 -0.0192255 -0.0183126
internal_weight=33605 23256 10349 11682 11574 3724 6625 5706 5976 6486 3908 5088 3980 2645 4349 2595 2595 1129 1798 4771 2163 4274 4533 4181
internal_count=33605 23256 10349 11682 11574 3724 6625 5706 5976 6486 3908 5088 3980 2645 4349 2595 2595 1129 1798 4771 2163 4274 4533 4181
is_linear=0
shrinkage=0.03


Tree=47
num_leaves=25
num_cat=0
split_feature=1 1 1 1 1 1 1 1 26 8 2 1 8 26 8 26 22 22 12 8 1 22 22 22
split_gain=13465.5 2898.08 2044.68 452.47 431.098 356.254 275.457 100.729 89.9447 85.264 73.4379 73.2975 71.0158 65.9655 65.7729 60.3459 61.5748 65.0336 57.5011 56.6973 52.1358 48.6355 47.0325 63.9012
threshold=26.975000000000005 23.755000000000006 30.015000000000004 25.245000000000001 22.165000000000003 32.205000000000005 28.395000000000003 20.345000000000002 -1.0281268817204301 539.00000000000011 30.885000000000002 34.185000000000009 785.00000000000011 0.083793548387096697 597.50000000000011 -0.24118709677419362 172.50000000000003 70.500000000000014 0.66500000000000015 785.00000000000011 24.455000000000002 34.500000000000007 186.50000000000003 56.500000000000007
decision_type=2 2 2 2 2 2 2 2 2 2 2 2 2 2 2 2 2 2 2 2 2 2 2 2
left_child=1 4 6 12 7 14 19 -1 -6 21 -11 -7 20 -10 -4 -8 17 -17 -9 22 -3 -5 23 -2
right_child=2 3 5 9 8 11 15 18 13 10 -12 -13 -14 -15 -16 16 -18 -19 -20 -21 -22 -23 -24 -25
leaf_value=-0.045148912321307064 0.0013948126202162642 -0.012591831012002399 0.037754839871009957 -0.014681336138994798 -0.034465141268608356 0.049876387307717027 0.0074994965198109977 -0.0352631315216759 -0.021975409110396506 -0.013292475310108695 -0.00091039310647403988 0.065273407540092726 -0.018439741847007661 -0.013242141368808543 0.025845713844752188 0.01146168754564964 0.010750246359625681 0.026737924546367392 -0.02657391888937127 -0.00093988930982338967 -0.0066167200912425998 0.0046056111124162229 0.0060795052844189804 0.01557511394836574
leaf_weight=679 325 2386 2476 122 433 1171 222 2073 3799 511 2757 365 894 979 502 280 297 2406 1024 340 2926 3316 938 2384
leaf_count=679 325 2386 2476 122 433 1171 222 2073 3799 511 2757 365 894 979 502 280 297 2406 1024 340 2926 3316 938 2384
internal_value=2.40887e-11 -0.0138843 0.025974 -0.00477936 -0.0269657 0.0418001 0.0160409 -0.0346844 -0.0213725 0.000623125 -0.00284651 0.0535352 -0.0106171 -0.020186 0.0357473 0.0225892 0.0237122 0.0251455 -0.0323901 0.0107769 -0.00930057 0.0039212 0.0118692 0.0138739
internal_weight=33605 21899 11706 12912 8987 4514 7192 3776 5211 6706 3268 1536 6206 4778 2978 3205 2983 2686 3097 3987 5312 3438 3647 2709
internal_count=33605 21899 11706 12912 8987 4514 7192 3776 5211 6706 3268 1536 6206 4778 2978 3205 2983 2686 3097 3987 5312 3438 3647 2709
is_linear=0
shrinkage=0.03


Tree=48
num_leaves=25
num_cat=0
split_feature=1 1 1 1 1 1 1 26 26 1 8 26 8 22 22 26 22 22 1 26 3 22 22 7
split_gain=12680.5 2475.08 2251.89 471.764 407.5 314.153 220.012 88.177 86.3326 85.8797 73.5844 70.6115 69.856 60.105 58.831 57.7512 55.9062 77.1856 54.2272 54.9477 52.3681 56.5165 48.6547 47.7394
threshold=26.475000000000005 29.695000000000004 23.165000000000003 24.705000000000002 31.875000000000004 28.115000000000006 21.425000000000004 -0.12882096774193563 -0.29351612903225816 33.925000000000004 597.50000000000011 0.064790322580645224 672.50000000000011 35.500000000000007 188.50000000000003 -0.13883333333333356 338.50000000000006 33.500000000000007 19.135000000000002 -0.0066290322580647622 23.115000000000006 300.50000000000006 344.50000000000006 75.202200000000019
decision_type=2 2 2 2 2 2 2 2 2 2 2 2 2 2 2 2 2 2 2 2 2 2 2 2
left_child=2 5 6 12 10 11 18 -5 -8 -6 -3 -2 16 -9 -13 -7 17 -4 -1 -20 21 23 -10 -15
right_child=1 4 3 7 9 15 8 13 22 -11 -12 14 -14 20 -16 -17 -18 -19 19 -21 -22 -23 -24 -25
leaf_value=-0.055775826179714348 0.0055595717943870112 0.034913550368509738 -0.017583408707507114 -0.0077007921619509411 0.046629996989422128 0.013270259468944069 -0.035176232081614231 -0.013159683662989296 -0.022435838116870745 0.061635914481931751 0.02354692990749532 0.016566356930463714 -0.019275458488695694 -0.00062411138954128844 0.003129265018407722 0.022196834988503 -0.023488646244743699 -0.0084578984573384537 -0.039390802721144043 -0.028449188596435956 -0.010012001961064353 -0.0069843186241965076 -0.031634879134783425 0.0062471087829077173
leaf_weight=134 3560 2591 1175 2259 1379 896 716 319 3350 457 639 1173 1694 1873 391 2398 357 2876 1351 595 405 635 612 1770
leaf_count=134 3560 2591 1175 2259 1379 896 716 319 3350 457 639 1173 1694 1873 391 2398 357 2876 1351 595 405 635 612 1770
internal_value=2.95578e-11 0.0225114 -0.0150859 -0.00794874 0.0390797 0.0125405 -0.0291987 -0.00278137 -0.0255893 0.0503651 0.0326649 0.00789382 -0.0140976 -0.00055966 0.0132071 0.0197687 -0.0121077 -0.0111048 -0.0373164 -0.0360453 0.000298637 0.00127475 -0.0238568 0.00271436
internal_weight=33605 13484 20121 13363 5066 8418 6758 7261 4678 1836 3230 5124 6102 5002 1564 3294 4408 4051 2080 1946 4683 4278 3962 3643
internal_count=33605 13484 20121 13363 5066 8418 6758 7261 4678 1836 3230 5124 6102 5002 1564 3294 4408 4051 2080 1946 4683 4278 3962 3643
is_linear=0
shrinkage=0.03


Tree=49
num_leaves=25
num_cat=0
split_feature=1 1 1 1 1 1 1 1 26 26 11 26 26 8 22 22 13 9 11 22 26 22 2 22
split_gain=11940.9 2969.12 1438.09 653.087 279.363 263.374 190.124 151.764 79.3422 74.0353 73.2096 61.8793 59.1532 56.0111 55.0292 58.687 54.1274 50.1482 50.0043 48.4438 48.4119 45.4583 45.5115 44.2318
threshold=27.395000000000003 24.425000000000004 30.735000000000003 22.845000000000002 29.045000000000005 25.975000000000005 33.155000000000008 20.975000000000005 -0.29351612903225816 0.082374193548386973 -18.499999999999996 -0.24118709677419362 -0.099838709677419313 785.00000000000011 56.500000000000007 164.50000000000003 0.090000000000000011 2.0000000000000004 -36.499999999999993 276.50000000000006 -0.26966666666666655 32.500000000000007 29.275000000000002 340.50000000000006
decision_type=2 2 2 2 2 2 2 2 2 2 2 2 2 2 2 2 2 2 2 2 2 2 2 2
left_child=1 3 4 7 13 10 16 19 -9 23 -3 -6 -7 14 -2 -16 -4 -17 -13 -1 -12 -22 -23 -5
right_child=2 5 6 9 11 12 -8 8 -10 -11 20 18 -14 -15 15 17 -18 -19 -20 -21 21 22 -24 -25
leaf_value=-0.041337922919986572 -0.00094809855296291762 0.00014763880259408813 0.041305103364291995 -0.016692001194144424 0.0051966940984899592 -0.00013369974022249146 0.055535361892721971 -0.036393593812910768 -0.025331577349738291 -0.0097496080937748853 -0.015941338463268527 0.034967239730330328 0.0065119857556089865 0.0017794664635957015 0.018254289305576776 0.013319923273760088 0.030472043269878998 -0.0028805735711687924 0.025082360519505565 -0.027139054668373099 -0.016069177186394473 -0.012634867412023978 -0.0037015699655880371 -0.027765115968438541
leaf_weight=1103 183 1715 1928 4181 121 1962 836 695 3639 1443 497 579 3126 307 2629 763 529 222 2252 269 372 608 3294 352
leaf_count=1103 183 1715 1928 4181 121 1962 836 695 3639 1443 497 579 3126 307 2629 763 529 222 2252 269 372 608 3294 352
internal_value=-6.93332e-12 -0.0119294 0.0268075 -0.0225991 0.0191677 -0.0011602 0.0431775 -0.0298583 -0.0271055 -0.0156679 -0.00516842 0.0262061 0.00394932 0.014105 0.0151016 0.0159143 0.0389727 0.00966864 0.027104 -0.038554 -0.00707934 -0.00604883 -0.00509353 -0.0175519
internal_weight=33605 23256 10349 11682 7056 11574 3293 5706 4334 5976 6486 2952 5088 4104 3797 3614 2457 985 2831 1372 4771 4274 3902 4533
internal_count=33605 23256 10349 11682 7056 11574 3293 5706 4334 5976 6486 2952 5088 4104 3797 3614 2457 985 2831 1372 4771 4274 3902 4533
is_linear=0
shrinkage=0.03


Tree=50
num_leaves=25
num_cat=0
split_feature=1 1 1 1 1 1 1 12 22 26 22 1 8 1 26 22 22 26 26 26 26 1 13 3
split_gain=11238.9 2285.95 1855.14 396.491 305.235 299.755 268.953 81.4959 84.5266 78.6968 76.5713 68.8193 65.5269 64.1737 60.7488 61.2433 72.1546 57.7188 55.0049 52.0198 48.5062 47.539 46.6319 44.8894
threshold=26.815000000000001 23.565000000000001 30.015000000000004 24.975000000000005 21.885000000000002 32.205000000000005 28.225000000000005 0.63500000000000012 35.500000000000007 -1.0281268817204301 310.50000000000006 20.145000000000003 785.00000000000011 34.455000000000005 -0.24118709677419362 69.500000000000014 174.50000000000003 -0.24118709677419362 0.083793548387096697 0.064790322580645224 -1.0536129032258066 31.015000000000004 0.090000000000000011 23.005000000000006
decision_type=2 2 2 2 2 2 2 2 2 2 2 2 2 2 2 2 2 2 2 2 2 2 2 2
left_child=1 4 6 12 11 17 19 -5 -9 -6 23 -1 -3 22 -8 -16 -17 -4 -11 -2 -13 -19 -7 -10
right_child=2 3 5 7 9 13 14 8 10 18 -12 20 -14 -15 15 16 -18 21 -20 -21 -22 -23 -24 -25
leaf_value=-0.042723777544172649 0.0065726444777683352 -0.0098592739644998203 0.0016030872431320119 -0.0064214228574225145 -0.032649717805965331 0.048015889172491277 0.0062016919188492897 -0.014086192972972176 0.004487849151087419 -0.021500907749202863 -0.0088350738090348675 -0.045818501969829929 -0.018663634381377935 0.062195230549221985 0.008645581451873512 0.024076212248226019 0.0092860001896495487 0.02971686255211213 -0.013319203035298571 0.013881378809489123 -0.029781681430235435 0.037401054511343013 0.028713956368714568 -0.0032039165954097669
leaf_weight=542 2895 4889 53 1726 480 1140 266 314 3918 3770 534 183 901 271 321 2670 334 1602 920 1257 2344 1323 125 827
leaf_count=542 2895 4889 53 1726 480 1140 266 314 3918 3770 534 183 901 271 321 2670 334 1602 920 1257 2344 1323 125 827
internal_value=1.80332e-11 -0.013146 0.0228965 -0.00536338 -0.025529 0.0381824 0.0139851 -0.00072286 0.00103572 -0.0210801 0.00193518 -0.0330236 -0.0112293 0.0489468 0.0199972 0.0211008 0.0224318 0.0326303 -0.019896 0.00878533 -0.030943 0.0331925 0.0461086 0.00314726
internal_weight=33605 21348 12257 13109 8239 4514 7743 7319 5593 5170 5279 3069 5790 1536 3591 3325 3004 2978 4690 4152 2527 2925 1265 4745
internal_count=33605 21348 12257 13109 8239 4514 7743 7319 5593 5170 5279 3069 5790 1536 3591 3325 3004 2978 4690 4152 2527 2925 1265 4745
is_linear=0
shrinkage=0.03


Tree=51
num_leaves=25
num_cat=0
split_feature=1 1 1 1 1 1 1 1 26 8 26 22 22 2 17 8 13 11 26 8 22 22 9 22
split_gain=10584.1 2535.48 1355.07 496.517 275.975 228.479 206.507 100.159 81.5956 71.3727 70.9054 66.9216 92.5564 61.8714 58.6982 58.2076 52.7946 51.3372 50.9102 50.5083 47.6177 55.1075 47.1352 46.1146
threshold=27.275000000000002 24.205000000000002 30.465000000000003 22.445000000000004 25.635000000000002 28.815000000000001 32.845000000000006 20.765000000000004 -0.26966666666666655 539.00000000000011 -0.075898245614035229 338.50000000000006 44.500000000000007 30.885000000000002 43.000000000000007 645.00000000000011 0.11000000000000001 5.0000000000000009 -0.19772688172043004 785.00000000000011 56.500000000000007 164.50000000000003 2.0000000000000004 276.50000000000006
decision_type=2 2 2 2 2 2 2 2 2 2 2 2 2 2 2 2 2 2 2 2 2 2 2 2
left_child=1 3 5 7 10 19 17 23 -5 -6 -3 12 -10 -11 18 -14 -9 -4 -7 20 -2 -22 -23 -1
right_child=2 4 6 8 9 14 -8 16 11 13 -12 -13 15 -15 -16 -17 -18 -19 -20 -21 21 22 -24 -25
leaf_value=-0.04043369727931273 -0.00059126064873705922 -0.01042093168166979 0.037886392519085883 -0.025437589610510489 0.0055213263309351586 0.0057400862627823629 0.050638390058012975 -0.022809542276632542 -0.019422037879115804 -0.016273186543892898 -0.0038334889208302965 -0.024744991933833806 -0.0069279624114858942 0.00027148848790767635 0.030053920123401984 -0.015280375999672885 -0.030343165832022262 0.029181210515931907 0.021938371107631 0.00040124471399080651 0.01641582899277385 0.01177786721715559 -0.0031555628894005035 -0.024340134940181786
leaf_weight=899 216 2567 1756 821 3179 191 1034 1457 1842 220 3443 600 1585 2701 793 1427 1968 934 2037 307 2405 776 252 195
leaf_count=899 216 2567 1756 821 3179 191 1034 1457 1842 220 3443 600 1585 2701 793 1427 1968 934 2037 307 2405 776 252 195
internal_value=3.40484e-11 -0.0115081 0.0246315 -0.0220806 -0.00208454 0.0168321 0.0392438 -0.0296626 -0.0166203 0.00241074 -0.00664713 -0.0152931 -0.0141247 -0.000974601 0.0230445 -0.0108851 -0.0271384 0.0348638 0.0205497 0.012088 0.0130712 0.0139308 0.00811714 -0.0375651
internal_weight=33605 22904 10701 10794 12110 6977 3724 4519 6275 6100 6010 5454 4854 2921 3021 3012 3425 2690 2228 3956 3649 3433 1028 1094
internal_count=33605 22904 10701 10794 12110 6977 3724 4519 6275 6100 6010 5454 4854 2921 3021 3012 3425 2690 2228 3956 3649 3433 1028 1094
is_linear=0
shrinkage=0.03


Tree=52
num_leaves=25
num_cat=0
split_feature=1 1 1 1 1 1 1 1 9 13 26 22 22 26 26 26 13 22 19 3 22 26 1 22
split_gain=9970.39 1943.01 1775.91 398.199 369.762 180.234 175.92 83.4373 75.1253 68.241 67.6445 63.8785 62.8413 57.9814 54.2566 50.6237 45.4607 42.6503 42.5714 38.2389 38.1917 38.1339 37.6152 37.2678
threshold=26.475000000000005 29.375000000000004 23.165000000000003 31.575000000000003 24.635000000000002 27.625000000000004 21.565000000000001 33.735000000000007 2.8500000000000005 0.11000000000000001 -0.036016666666666891 33.500000000000007 310.50000000000006 0.085793548387096991 0.011666666666666834 -0.03940322580645151 0.090000000000000011 57.500000000000007 6.8500000000000005 22.785000000000004 192.50000000000003 -0.24118709677419362 20.345000000000002 55.500000000000007
decision_type=2 2 2 2 2 2 2 2 2 2 2 2 2 2 2 2 2 2 2 2 2 2 2 2
left_child=2 5 6 10 13 18 15 16 11 -8 21 -6 -13 -4 17 22 -5 -7 -2 -10 23 -3 -1 -20
right_child=1 3 4 7 8 14 9 -9 19 -11 -12 12 -14 -15 -16 -17 -18 -19 20 -21 -22 -23 -24 -25
leaf_value=-0.042238587668275131 -0.00084938338209502814 0.0034464507617597137 -0.01449466083342644 0.042390228618097818 -0.012480239985067577 -0.011183719688361245 -0.018530599808979763 0.053629513716355694 -0.0055729590982832866 -0.02600538481849219 0.030519565200749471 0.0018076852563635177 -0.0085127126465964712 -0.0076501627129886406 0.019021815896078726 -0.026028357714721895 0.029023158383969256 0.012581370583087554 0.0014970386732398016 -0.017434511916978746 0.0022185811835610976 0.023331571311022852 -0.032391701620860844 0.011411273229181746
leaf_weight=510 737 93 4311 1321 372 70 2142 549 2280 2258 2112 4012 612 1502 1597 741 277 2338 427 274 963 1301 1107 1699
leaf_count=510 737 93 4311 1321 372 70 2142 549 2280 2258 2112 4012 612 1502 1597 741 277 2338 427 274 963 1301 1107 1699
internal_value=2.68563e-12 0.0199614 -0.013377 0.0333649 -0.00703887 0.0102858 -0.0259099 0.0435396 -0.00266005 -0.0223665 0.0271341 -0.000520416 0.00044175 -0.0127261 0.0147341 -0.0325218 0.0400732 0.0118905 0.00562924 -0.0068455 0.00717497 0.0220049 -0.0354974 0.00942003
internal_weight=33605 13484 20121 5653 13363 7831 6758 2147 7550 4400 3506 4996 4624 5813 4005 2358 1598 2408 3826 2554 3089 1394 1617 2126
internal_count=33605 13484 20121 5653 13363 7831 6758 2147 7550 4400 3506 4996 4624 5813 4005 2358 1598 2408 3826 2554 3089 1394 1617 2126
is_linear=0
shrinkage=0.03


Tree=53
num_leaves=25
num_cat=0
split_feature=1 1 1 1 1 1 1 1 26 26 11 26 26 22 13 22 3 22 22 22 11 22 22 26
split_gain=9381.14 1830.65 1670.95 349.343 321.153 218.316 165.893 79.04 76.2302 68.492 63.7439 58.6821 56.1046 51.1916 46.5749 46.1366 48.4201 45.6597 44.137 57.3696 43.5404 43.5083 43.3905 44.8132
threshold=26.475000000000005 29.625000000000004 23.165000000000003 24.845000000000002 31.575000000000003 28.115000000000006 21.255000000000006 33.925000000000004 -1.0281268817204301 -0.12882096774193563 5.0000000000000009 0.064790322580645224 -0.24118709677419362 188.50000000000003 0.090000000000000011 35.500000000000007 23.115000000000006 300.50000000000006 328.50000000000006 36.500000000000007 1.0000000180025095e-35 274.50000000000006 344.50000000000006 -0.03940322580645151
decision_type=2 2 2 2 2 2 2 2 2 2 2 2 2 2 2 2 2 2 2 2 2 2 2 2
left_child=2 5 6 10 12 11 21 14 -8 -5 18 -2 -3 -13 -6 -11 17 -17 19 -4 -7 -1 23 -10
right_child=1 4 3 9 7 20 8 -9 22 15 -12 13 -14 -15 -16 16 -18 -19 -20 -21 -22 -23 -24 -25
leaf_value=-0.035431607799801583 0.004670123676744623 0.00090609694624617983 -0.013792386900667281 -0.0065021831956708111 0.041454738887552633 0.021170611782109452 -0.03295410963324813 0.053302546676933044 -0.022281976962735789 -0.011979005025045385 -0.014162434645251413 0.01477535643706941 0.027708139820686793 0.0022410097636063309 0.028040229302720838 0.003140506382800915 -0.0092152931742754043 -0.0061299878197312073 -0.018259269823759701 -0.0038430512424006131 0.013981135064671918 -0.024200906177625561 -0.028017777841327845 -0.015503630401415277
leaf_weight=1399 3560 72 746 2064 1411 1249 539 457 2345 269 3875 1173 2963 391 279 3378 393 557 347 1734 1929 399 673 1403
leaf_count=1399 3560 72 746 2064 1411 1249 539 457 2345 269 3875 1173 2963 391 279 3378 393 557 347 1734 1929 399 673 1403
internal_value=-2.35311e-12 0.0193626 -0.0129757 -0.0068277 0.0333538 0.0106294 -0.0251326 0.0422334 -0.0223026 -0.0019622 -0.0116634 0.00679808 0.0270723 0.0116418 0.0392402 7.61942e-05 0.000825466 0.00182827 -0.00823804 -0.00683588 0.0168067 -0.0329394 -0.021004 -0.0197446
internal_weight=33605 13484 20121 13363 5182 8302 6758 2147 4960 6661 6702 5124 3035 1564 1690 4597 4328 3935 2827 2480 3178 1798 4421 3748
internal_count=33605 13484 20121 13363 5182 8302 6758 2147 4960 6661 6702 5124 3035 1564 1690 4597 4328 3935 2827 2480 3178 1798 4421 3748
is_linear=0
shrinkage=0.03


Tree=54
num_leaves=25
num_cat=0
split_feature=1 1 1 1 1 1 1 13 26 1 26 22 22 8 11 26 26 12 3 22 22 22 3 22
split_gain=8832.48 2203.73 1071.5 450.45 226.343 205.304 142.175 99.5974 70.7551 68.1124 62.8695 55.1817 71.258 56.5602 51.82 48.2066 46.7368 45.0152 42.5604 49.5544 42.8321 42.1903 41.8537 39.3905
threshold=27.395000000000003 24.305000000000003 30.735000000000003 22.635000000000002 25.915000000000003 29.045000000000005 33.155000000000008 0.11000000000000001 -0.12882096774193563 20.765000000000004 -0.26966666666666655 338.50000000000006 39.500000000000007 645.00000000000011 -36.499999999999993 -0.099838709677419313 0.28480215053763469 0.69000000000000006 22.875000000000004 34.500000000000007 298.50000000000006 186.50000000000003 21.195000000000004 184.50000000000003
decision_type=2 2 2 2 2 2 2 2 2 2 2 2 2 2 2 2 2 2 2 2 2 2 2 2
left_child=1 3 5 7 8 16 17 -1 -3 -9 -5 12 -12 -14 -7 -6 -2 -4 19 -10 -21 -17 -15 -16
right_child=2 4 6 10 15 14 -8 9 18 -11 11 -13 13 22 23 21 -18 -19 -20 20 -22 -23 -24 -25
leaf_value=-0.021386333931444446 0.011044483899158145 -0.0095487264134723783 0.026729489596813889 -0.02257097913510716 -0.00034203514698225983 0.030541698750557254 0.047872555388631208 -0.037811246517433186 -0.011139520365683558 -0.027325805711731689 -0.017462257671721798 -0.022502400366955493 -0.006149815709237243 -0.010665799644499332 0.021363212744080647 0.0082913768296484138 0.02164067041816059 0.035967518517613005 -0.012193791962204627 0.00075416586479879475 -0.0073712019971615894 0.0013532156591168475 -0.021605799537635032 0.0025679022025849136
leaf_weight=2099 3687 2123 643 733 2060 579 836 739 475 2271 1572 519 1813 1011 2268 1969 417 1814 406 2966 727 1316 457 105
leaf_count=2099 3687 2123 643 733 2060 579 836 739 475 2271 1572 519 1813 1011 2268 1969 417 1814 406 2966 727 1316 457 105
internal_value=-9.48418e-12 -0.0102599 0.0230557 -0.0198297 -0.00134811 0.0164612 0.037186 -0.0264023 -0.00502253 -0.0299001 -0.0143293 -0.0132048 -0.0122104 -0.00969418 0.0224949 0.00325575 0.0121211 0.0335499 -0.00292172 -0.00201854 -0.000845385 0.00551189 -0.0140715 0.0205316
internal_weight=33605 23256 10349 11214 12042 7056 3293 5109 6697 3010 6105 5372 4853 3281 2952 5345 4104 2457 4574 4168 3693 3285 1468 2373
internal_count=33605 23256 10349 11214 12042 7056 3293 5109 6697 3010 6105 5372 4853 3281 2952 5345 4104 2457 4574 4168 3693 3285 1468 2373
is_linear=0
shrinkage=0.03


Tree=55
num_leaves=25
num_cat=0
split_feature=1 1 1 1 1 1 1 1 8 26 26 2 26 22 22 22 8 22 3 13 1 26 22 22
split_gain=8313.49 1651.42 1459.08 346.331 320.023 148.286 136.902 75.1552 67.4024 65.7353 62.8679 54.9043 54.2594 52.8115 56.2831 47.2722 50.3788 46.1993 45.8972 44.4475 42.23 41.9729 40.394 41.3688
threshold=26.435000000000006 29.315000000000001 23.085000000000004 31.495000000000001 24.555000000000003 27.575000000000003 21.255000000000006 34.185000000000009 559.00000000000011 -1.0281268817204301 -0.036016666666666891 31.545000000000005 -0.26966666666666655 47.500000000000007 296.50000000000006 57.500000000000007 785.00000000000011 172.50000000000003 22.975000000000005 0.090000000000000011 19.135000000000002 -0.0066290322580647622 338.50000000000006 39.500000000000007
decision_type=2 2 2 2 2 2 2 2 2 2 2 2 2 2 2 2 2 2 2 2 2 2 2 2
left_child=2 5 6 10 12 -2 20 19 13 -8 -3 -10 -4 -6 18 -7 17 -17 -15 -5 -1 -22 23 -14
right_child=1 3 4 7 8 15 9 -9 11 -11 -12 -13 22 14 -16 16 -18 -19 -20 -21 21 -23 -24 -25
leaf_value=-0.047264395481837328 0.0048849860738083379 0.01952387193883243 -0.020618085604209465 0.039009332412190484 -0.0074377297342881179 -0.0029522019389963744 -0.031402842765745904 0.051880469758624898 -0.010166921077786099 -0.020070745724584713 0.027681998937309119 -0.0024022533707634113 -0.014842202563004817 0.0048756691869493805 -0.0063696649918279415 0.016537435665828229 0.001510481197995344 0.0082715138960625205 -0.0046646247519818908 0.026419599823094903 -0.032836139183685824 -0.022382916475912288 -0.020529433016856002 -0.0086063085310421599
leaf_weight=134 3833 1434 596 1590 767 158 518 365 1509 4165 2088 1794 1320 2376 708 2807 279 777 561 300 1174 490 376 3486
leaf_count=134 3833 1434 596 1590 767 158 518 365 1509 4165 2088 1794 1320 2376 708 2807 279 777 561 300 1174 490 376 3486
internal_value=3.19061e-11 0.0180626 -0.0123266 0.0302379 -0.00670711 0.00910704 -0.0240259 0.0394178 -0.00270878 -0.0213242 0.0243604 -0.0059496 -0.0120458 -0.000282576 0.00122305 0.0131317 0.0137895 0.0147454 0.00305337 0.037011 -0.0310627 -0.029758 -0.0110599 -0.010319
internal_weight=33605 13631 19974 5777 13493 7854 6481 2255 7715 4683 3522 3303 5778 4412 3645 4021 3863 3584 2937 1890 1798 1664 5182 4806
internal_count=33605 13631 19974 5777 13493 7854 6481 2255 7715 4683 3522 3303 5778 4412 3645 4021 3863 3584 2937 1890 1798 1664 5182 4806
is_linear=0
shrinkage=0.03


Tree=56
num_leaves=25
num_cat=0
split_feature=1 1 1 1 1 1 1 25 7 1 22 22 26 12 17 22 22 8 19 1 7 22 8 12
split_gain=7825.15 1780.93 1106.53 302.115 263.279 180.27 168.661 70.2067 66.5044 63.4493 55.6509 58.3643 53.8067 53.2669 49.6939 49.6429 77.9168 49.8315 49.3387 46.9368 43.7537 42.8633 42.8485 41.09
threshold=27.115000000000006 23.755000000000006 30.325000000000003 25.315000000000001 22.165000000000003 28.715000000000003 32.57500000000001 0.906241935483871 73.832350000000005 19.905000000000005 34.500000000000007 196.50000000000003 0.14885483870967767 0.66500000000000015 43.000000000000007 340.50000000000006 36.500000000000007 645.00000000000011 6.8500000000000005 35.335000000000008 73.832350000000005 54.500000000000007 559.00000000000011 0.66500000000000015
decision_type=2 2 2 2 2 2 2 2 2 2 2 2 2 2 2 2 2 2 2 2 2 2 2 2
left_child=1 4 5 12 9 18 20 15 -5 -1 -10 21 -3 -11 -7 16 23 -18 -2 -8 -4 -12 -13 -6
right_child=2 3 6 8 7 14 19 -9 10 13 11 22 -14 -15 -16 -17 17 -19 -20 -21 -22 -23 -24 -25
leaf_value=-0.037907510351040404 0.0019611659234718588 -0.0095383835579920338 -0.0024630579391780954 -0.0094401251478212888 -0.025660831076458588 0.016873385043215349 0.040855419868296453 -0.029534269306060925 -0.016069118149737875 -0.027855713043266148 -0.00077236781292697534 0.0010552737596202439 -0.0032059758724106223 -0.019776788529295621 0.025718967380288612 -0.022967989658457109 -0.0058715050841623611 -0.014357440053908233 0.01090913791722244 0.063596494109793136 0.029543198839232558 0.0067887505099080668 -0.007890712033781222 -0.015733985740685408
leaf_weight=400 656 4878 39 505 574 2261 1138 333 152 2296 908 2104 1605 1080 765 657 1067 1496 3588 88 2679 2627 625 1084
leaf_count=400 656 4878 39 505 574 2261 1138 333 152 2296 908 2104 1605 1080 765 657 1067 1496 3588 88 2679 2627 625 1084
internal_value=1.75191e-11 -0.0102449 0.0204561 -0.00331709 -0.0205777 0.013515 0.0332505 -0.0162068 0.00104198 -0.0266098 0.00186703 0.00230226 -0.00797067 -0.0252712 0.0191096 -0.015297 -0.014103 -0.0108247 0.00952604 0.0424877 0.0290839 0.0048466 -0.00099355 -0.0191707
internal_weight=33605 22391 11214 13404 8987 7270 3944 5211 6921 3776 6416 6264 6483 3376 3026 4878 4221 2563 4244 1226 2718 3535 2729 1658
internal_count=33605 22391 11214 13404 8987 7270 3944 5211 6921 3776 6416 6264 6483 3376 3026 4878 4221 2563 4244 1226 2718 3535 2729 1658
is_linear=0
shrinkage=0.03


Tree=57
num_leaves=25
num_cat=0
split_feature=1 1 1 1 1 1 1 1 26 25 8 26 1 8 13 8 26 22 22 26 22 22 3 22
split_gain=7368.08 1373.54 1368.09 252.432 245.43 177.89 170.049 64.3627 58.3902 56.3451 54.5528 50.4143 50.3014 48.9967 45.8583 44.8294 42.5362 40.9526 44.8785 40.9121 38.904 38.5108 37.735 52.2465
threshold=26.575000000000003 29.695000000000004 23.405000000000005 24.935000000000006 31.575000000000003 21.885000000000002 28.175000000000004 34.455000000000005 -0.12882096774193563 0.906241935483871 785.00000000000011 0.064790322580645224 19.605000000000004 785.00000000000011 0.090000000000000011 597.50000000000011 0.083793548387096697 35.500000000000007 194.50000000000003 -0.13883333333333356 338.50000000000006 188.50000000000003 22.425000000000004 33.500000000000007
decision_type=2 2 2 2 2 2 2 2 2 2 2 2 2 2 2 2 2 2 2 2 2 2 2 2
left_child=2 6 5 10 15 12 11 14 -5 16 20 -2 -1 -14 -6 -3 -7 -10 -19 -8 22 -13 23 -4
right_child=1 4 3 8 7 9 19 -9 17 -11 -12 21 13 -15 -16 -17 -18 18 -20 -21 -22 -23 -24 -25
leaf_value=-0.039323346362752691 0.0043348536738142956 0.026032677236123996 -0.012611248357173642 -0.0053800526204049242 0.03749060970211298 -0.017980796793586377 0.009646767707037894 0.0511624714297782 -0.011518873205801729 -0.028524320073220154 -0.01601423381867953 0.013654214824562668 -0.022307114227226484 -0.030340015984218337 0.024347050096839667 0.016855150446141928 -0.010217182264842447 0.0045180316747140334 -0.001592706884800326 0.017339171801342226 -0.019208100271767916 0.0022418505710083991 -0.015935442213647309 -0.0050746181313626451
leaf_weight=267 3403 2315 1095 2059 1595 3401 851 271 234 385 1001 1131 1620 1182 281 604 781 2097 2234 2315 282 348 460 3393
leaf_count=267 3403 2315 1095 2059 1595 3401 851 271 234 385 1001 1131 1620 1182 281 604 781 2097 2234 2315 282 348 460 3393
internal_value=2.0587e-11 0.0175594 -0.0112378 -0.00526344 0.0297967 -0.0212956 0.00985638 0.0374961 -0.0011861 -0.017542 -0.00959793 0.00634465 -0.0268813 -0.0256957 0.0355219 0.0241337 -0.0165309 0.00070554 0.00136601 0.0152715 -0.00836988 0.010969 -0.00775218 -0.00691343
internal_weight=33605 13114 20491 12855 5066 7636 8048 2147 6624 4567 6231 4882 3069 2802 1876 2919 4182 4565 4331 3166 5230 1479 4948 4488
internal_count=33605 13114 20491 12855 5066 7636 8048 2147 6624 4567 6231 4882 3069 2802 1876 2919 4182 4565 4331 3166 5230 1479 4948 4488
is_linear=0
shrinkage=0.03


Tree=58
num_leaves=25
num_cat=0
split_feature=1 1 1 1 1 1 1 13 22 2 26 13 26 26 26 22 22 11 22 22 22 22 22 11
split_gain=6939.4 1739.05 849.094 386.624 167.228 156.494 107.82 96.3799 67.6891 82.6017 52.7981 51.672 48.5423 45.4141 42.3308 41.201 44.1185 41.1154 41.0426 39.1875 47.6978 37.2216 54.4868 35.9522
threshold=27.395000000000003 24.425000000000004 30.805000000000003 22.845000000000002 29.045000000000005 25.975000000000005 33.155000000000008 0.11000000000000001 26.500000000000004 23.745000000000001 0.31670967741935491 0.11000000000000001 -0.24118709677419362 -0.20280758347481612 -0.26966666666666655 70.500000000000014 184.50000000000003 -18.499999999999996 57.500000000000007 186.50000000000003 60.500000000000007 26.500000000000004 344.50000000000006 5.0000000000000009
decision_type=2 2 2 2 2 2 2 2 2 2 2 2 2 2 2 2 2 2 2 2 2 2 2 2
left_child=1 3 4 7 17 10 23 21 -9 -10 14 -5 -6 -7 -3 -14 -17 -2 -19 20 -15 -1 -23 -4
right_child=2 5 6 11 12 13 -8 8 9 -11 -12 -13 15 19 -16 16 -18 18 -20 -21 -22 22 -24 -25
leaf_value=-0.022408462891827196 0.016536682155631671 -0.013286743991407687 0.032679325988378465 -0.0097745382833098228 0.001551258090696093 -0.0037893334978574529 0.042561752257443089 -0.033730232137311779 -0.035484312116358073 -0.021172319983071137 0.0035547846085356143 -0.015542439131284808 0.0042788602227273468 0.00060121800486994043 -0.004125714639998025 0.022249175689995633 0.001124506009427537 -0.0071966405769556081 0.0098837496126497181 0.0007908807412920065 0.0093554620398506576 -0.0094419404842198684 -0.021640872554900124 0.024852791744431307
leaf_weight=1095 869 497 1555 3746 123 739 836 809 442 2029 748 2230 130 818 5241 2709 92 132 3103 1754 1777 731 600 800
leaf_count=1095 869 497 1555 3746 123 739 836 809 442 2029 748 2230 130 818 5241 2709 92 132 3103 1754 1777 731 600 800
internal_value=1.24588e-11 -0.00909414 0.0204361 -0.0172598 0.0146987 -0.000852261 0.0333062 -0.0228451 -0.0261983 -0.0237324 -0.00394194 -0.0119269 0.0200143 0.00308635 -0.0049192 0.0207891 0.0215553 0.0107431 0.00918681 0.00425469 0.00659594 -0.0183116 -0.0149411 0.0300206
internal_weight=33605 23256 10349 11682 7158 11574 3191 5706 3280 2471 6486 5976 3054 5088 5738 2931 2801 4104 3235 4349 2595 2426 1331 2355
internal_count=33605 23256 10349 11682 7158 11574 3191 5706 3280 2471 6486 5976 3054 5088 5738 2931 2801 4104 3235 4349 2595 2426 1331 2355
is_linear=0
shrinkage=0.03


Tree=59
num_leaves=25
num_cat=0
split_feature=1 1 1 1 1 1 1 13 22 2 26 8 26 8 8 22 22 9 22 22 22 22 22 22
split_gain=6529.28 1636.27 798.913 363.774 157.345 147.245 101.448 90.6838 63.6887 77.8998 50.1735 48.7178 45.6734 44.739 40.8174 40.9366 42.2494 44.071 40.8165 63.3675 38.766 41.5111 38.3417 38.3917
threshold=27.395000000000003 24.425000000000004 30.805000000000003 22.845000000000002 29.045000000000005 25.975000000000005 33.155000000000008 0.11000000000000001 26.500000000000004 24.155000000000005 0.14885483870967767 672.50000000000011 -0.24118709677419362 539.00000000000011 785.00000000000011 56.500000000000007 164.50000000000003 2.0000000000000004 33.500000000000007 338.50000000000006 70.500000000000014 184.50000000000003 176.50000000000003 56.500000000000007
decision_type=2 2 2 2 2 2 2 2 2 2 2 2 2 2 2 2 2 2 2 2 2 2 2 2
left_child=1 3 4 7 14 10 -4 -1 -9 -10 -3 18 -6 -7 15 -2 -17 -18 -5 -20 -14 -22 23 -15
right_child=2 5 6 11 12 13 -8 8 9 -11 -12 -13 20 22 -16 16 17 -19 19 -21 21 -23 -24 -25
leaf_value=-0.017762214914622196 -0.0025713017492623785 -0.0054351336840227455 0.029120011845885356 -0.014182699294886494 0.0015047203851068711 0.0056941504892996445 0.041284899334238033 -0.032718325084125983 -0.033165290150372832 -0.020223622742494639 0.00049670281725717341 -0.015590634838416476 0.0041504943883046508 -0.0064218009647915774 -0.00010102227521326138 0.013957942729533128 0.010096132379497596 -0.0050910536973498054 -0.0058321981211104587 -0.018350646955327871 0.021581700513375646 0.0010907708527140684 -0.0066184314610795523 0.0043476216507803431
leaf_weight=2426 183 4724 2355 1283 123 2648 836 809 534 1937 1762 1865 130 373 307 2629 763 222 2399 429 2709 92 587 1480
leaf_count=2426 183 4724 2355 1283 123 2648 836 809 534 1937 1762 1865 130 373 307 2629 763 222 2399 429 2709 92 587 1480
internal_value=1.39197e-11 -0.00882132 0.019823 -0.016742 0.0142577 -0.000826693 0.0323071 -0.0221598 -0.0254124 -0.0230204 -0.00382368 -0.0115691 0.0194138 0.00299376 0.0104208 0.0112715 0.0119725 0.00667323 -0.00974465 -0.00773121 0.0201654 0.0209087 6.31676e-05 0.00217979
internal_weight=33605 23256 10349 11682 7158 11574 3191 5706 3280 2471 6486 5976 3054 5088 4104 3797 3614 985 4111 2828 2931 2801 2440 1853
internal_count=33605 23256 10349 11682 7158 11574 3191 5706 3280 2471 6486 5976 3054 5088 4104 3797 3614 985 4111 2828 2931 2801 2440 1853
is_linear=0
shrinkage=0.03


Tree=60
num_leaves=25
num_cat=0
split_feature=1 1 1 1 1 1 1 12 22 22 19 1 26 3 8 26 22 3 1 13 26 22 12 22
split_gain=6146.21 1220.76 1082.17 238.795 209.231 160.012 107.259 58.1444 59.6334 55.4514 51.3075 51.2893 50.4893 48.3284 46.8361 44.153 42.8163 40.2305 38.3841 36.6815 36.5908 36.2474 33.7659 33.7419
threshold=26.435000000000006 29.695000000000004 23.085000000000004 24.555000000000003 31.875000000000004 28.175000000000004 21.425000000000004 0.63500000000000012 34.500000000000007 310.50000000000006 6.8500000000000005 35.335000000000008 -0.15641935483870967 18.575000000000003 597.50000000000011 -0.26966666666666655 312.50000000000006 22.875000000000004 19.135000000000002 0.090000000000000011 -0.036016666666666891 82.500000000000014 0.69000000000000006 184.50000000000003
decision_type=2 2 2 2 2 2 2 2 2 2 2 2 2 2 2 2 2 2 2 2 2 2 2 2
left_child=2 5 6 15 14 10 18 -5 -9 17 -2 19 -8 -14 21 -4 -12 -10 -1 -6 -7 -3 -20 -23
right_child=1 4 3 7 11 20 12 8 9 -11 16 -13 13 -15 -16 -17 -18 -19 22 -21 -22 23 -24 -25
leaf_value=-0.041818609577812145 -0.00076310803583275861 0.012166061162733154 -0.018103711000212387 -0.0066521400541252312 0.035719085934250466 0.010924374657643253 -0.021697455632947914 -0.010617047852613458 0.0027118801600840617 -0.0075558885713069507 0.007244439879047211 0.057638324230740015 -0.0172766917854319 -0.0067667005396631012 0.015333340005531576 -0.0094815071030460007 -0.015468708069713196 -0.0049973526858733608 -0.027529972436162641 0.022006564290566143 0.017384021860532287 0.025774303474992506 -0.018462064120723234 -0.011550930442013354
leaf_weight=134 970 201 596 2038 1550 1668 1906 502 3734 713 4353 88 2005 490 639 5182 76 728 1450 198 1498 2368 496 22
leaf_count=134 970 201 596 2038 1550 1668 1906 502 3734 713 4353 88 2005 490 639 5182 76 728 1450 198 1498 2368 496 22
internal_value=-5.35921e-13 0.0155307 -0.0105987 -0.00575921 0.0272043 0.00862607 -0.0206743 -0.00230539 -0.000744939 0.000212703 0.00548605 0.0352909 -0.0180211 -0.0152126 0.0226077 -0.0103709 0.00685469 0.00145408 -0.0262881 0.0341658 0.0139808 0.0244017 -0.0252187 0.0254307
internal_weight=33605 13631 19974 13493 5066 8565 6481 7715 5677 5175 5399 1836 4401 2495 3230 5778 4429 4462 2080 1748 3166 2591 1946 2390
internal_count=33605 13631 19974 13493 5066 8565 6481 7715 5677 5175 5399 1836 4401 2495 3230 5778 4429 4462 2080 1748 3166 2591 1946 2390
is_linear=0
shrinkage=0.03


Tree=61
num_leaves=25
num_cat=0
split_feature=1 1 1 1 1 1 1 13 8 1 2 26 26 25 22 22 3 26 26 22 22 2 22 22
split_gain=5788.07 1448.91 709.078 301.676 150.552 138.95 90.7378 67.4398 56.9716 55.7425 50.4458 46.3904 43.3207 38.5106 50.8869 58.9785 38.3868 38.0099 36.6699 34.5836 62.8451 41.4203 33.2709 36.2696
threshold=27.395000000000003 24.305000000000003 30.805000000000003 22.285000000000004 25.635000000000002 29.045000000000005 33.155000000000008 0.11000000000000001 539.00000000000011 20.345000000000002 30.885000000000002 -0.075898245614035229 0.14501612903225816 0.906241935483871 37.500000000000007 338.50000000000006 22.875000000000004 0.28480215053763469 -1.0536129032258066 338.50000000000006 36.500000000000007 26.365000000000006 51.500000000000007 178.50000000000003
decision_type=2 2 2 2 2 2 2 2 2 2 2 2 2 2 2 2 2 2 2 2 2 2 2 2
left_child=1 3 5 9 11 17 -4 19 -6 -1 -10 -3 -7 14 -9 -16 -13 -2 -11 20 -5 -22 -12 -24
right_child=2 4 6 7 8 12 -8 13 10 18 22 16 -14 -15 15 -17 -18 -19 -20 -21 21 -23 23 -25
leaf_value=-0.030423853906437811 0.0088442828904643569 -0.0078593963851469398 0.027411068176650285 -0.013457840829287025 0.0047496903654471118 0.015909265050669138 0.038915895007586368 -0.023297859893033381 -0.014738648567073555 -0.031880359993164624 -0.0078729759226027953 -0.0013142034197422367 0.023682689053180214 -0.025584983611735727 -0.010958756258896658 -0.028501766662554523 -0.012903093919975366 0.018400117922306274 -0.020114636487789543 -0.016709175790283071 -0.015661601234810623 -0.0037777404088514205 0.0036712218849330848 -0.00450543591274197
leaf_weight=679 3687 2378 2355 1550 3357 2128 836 494 220 258 399 2930 926 327 1870 190 282 417 3139 587 309 1811 1807 669
leaf_count=679 3687 2378 2355 1550 3357 2128 836 494 220 258 399 2930 926 327 1870 190 282 417 3139 587 309 1811 1807 669
internal_value=2.09497e-11 -0.00830554 0.018664 -0.0160652 -0.00107941 0.0134209 0.0304252 -0.0123469 0.00204288 -0.0225767 -0.000893072 -0.00468317 0.0182662 -0.0158916 -0.0146505 -0.0125768 -0.00233166 0.00981523 -0.0210082 -0.00994805 -0.00886664 -0.00550987 0.000166415 0.00146194
internal_weight=33605 23256 10349 11214 12042 7158 3191 7138 6452 4076 3095 5590 3054 2881 2554 2060 3212 4104 3397 4257 3670 2120 2875 2476
internal_count=33605 23256 10349 11214 12042 7158 3191 7138 6452 4076 3095 5590 3054 2881 2554 2060 3212 4104 3397 4257 3670 2120 2875 2476
is_linear=0
shrinkage=0.03


Tree=62
num_leaves=25
num_cat=0
split_feature=1 1 1 1 1 1 13 1 1 26 26 26 22 22 22 8 25 22 22 12 26 22 22 2
split_gain=5448.22 1428.16 620.577 304.017 137.071 128.516 72.0073 71.6459 52.4481 48.7282 43.0776 42.0833 39.0469 42.8502 38.7807 39.8109 38.7287 47.9964 56.5021 38.6697 37.8011 36.8479 59.7402 43.317
threshold=27.525000000000002 24.425000000000004 31.015000000000004 22.285000000000004 26.015000000000004 29.175000000000004 0.11000000000000001 33.535000000000004 20.345000000000002 -0.26966666666666655 -0.20280758347481612 0.14501612903225816 186.50000000000003 60.500000000000007 56.500000000000007 785.00000000000011 0.906241935483871 37.500000000000007 338.50000000000006 0.69000000000000006 0.31670967741935491 340.50000000000006 36.500000000000007 26.365000000000006
decision_type=2 2 2 2 2 2 2 2 2 2 2 2 2 2 2 2 2 2 2 2 2 2 2 2
left_child=1 3 5 8 9 14 21 19 -1 -3 -6 -7 13 -12 -2 -16 17 -8 -19 -4 -11 22 -5 -24
right_child=2 4 7 6 10 11 16 -9 -10 20 12 -13 -14 -15 15 -17 -18 18 -20 -21 -22 -23 23 -25
leaf_value=-0.029511138194909976 -0.0050318908963041999 -0.012322561738382091 0.020962006219091424 -0.012803610478377962 -0.0035664591712964693 0.016034505134751 -0.022443582935654738 0.039224489969976281 -0.020377988708195238 -0.0035834242645025943 0.00064195908691151368 0.023516923859833172 0.00067842522940556591 0.0087708471664894472 0.011696176117701764 -0.00011813625261281694 -0.024951881422341535 -0.010716663462108523 -0.027796015069278746 0.030119872857607512 0.0035174903185939211 -0.016623061861782352 -0.015608846486032564 -0.0037654956569833343
leaf_weight=679 144 512 551 1628 766 2141 508 643 3397 5354 832 989 1803 1955 3503 277 335 1997 191 1681 772 554 321 2072
leaf_count=679 144 512 551 1628 766 2141 508 643 3397 5354 832 989 1803 1955 3503 277 335 1997 191 1681 772 554 321 2072
internal_value=-4.77014e-12 -0.0078225 0.018653 -0.0152884 -0.00055085 0.0138648 -0.0117455 0.030401 -0.0218994 -0.00343165 0.00301949 0.0183988 0.00411859 0.00634414 0.0102483 0.0108304 -0.0153317 -0.0141363 -0.0122076 0.0278591 -0.00268857 -0.00936962 -0.00837026 -0.00535418
internal_weight=33605 23676 9929 11682 11994 7054 7606 2875 4076 6638 5356 3130 4590 2787 3924 3780 3031 2696 2188 2232 6126 4575 4021 2393
internal_count=33605 23676 9929 11682 11994 7054 7606 2875 4076 6638 5356 3130 4590 2787 3924 3780 3031 2696 2188 2232 6126 4575 4021 2393
is_linear=0
shrinkage=0.03


Tree=63
num_leaves=25
num_cat=0
split_feature=1 1 1 1 1 1 1 1 26 26 26 3 11 3 26 22 13 22 22 3 26 22 22 26
split_gain=5126.52 1072.2 862.823 228.864 183.489 97.5513 92.3899 53.22 50.9778 47.3113 45.4143 45.4004 44.8589 40.4333 37.9701 36.7159 36.3407 36.0053 40.5024 43.6039 35.4072 35.7728 38.3864 34.6374
threshold=26.325000000000003 29.245000000000001 23.085000000000004 31.495000000000001 24.815000000000001 27.575000000000003 21.255000000000006 34.755000000000003 0.14501612903225816 -0.15641935483870967 0.31670967741935491 19.205000000000002 5.0000000000000009 21.775000000000002 -0.24118709677419362 69.500000000000014 0.090000000000000011 328.50000000000006 47.500000000000007 22.235000000000003 -0.26020215053763435 186.50000000000003 60.500000000000007 0.011666666666666834
decision_type=2 2 2 2 2 2 2 2 2 2 2 2 2 2 2 2 2 2 2 2 2 2 2 2
left_child=2 5 6 8 12 20 -1 16 14 -8 -6 -11 17 -14 -3 -7 -5 18 -4 -20 -2 22 -22 -17
right_child=1 3 4 7 10 15 9 -9 -10 11 -12 -13 13 -15 -16 23 -18 -19 19 -21 21 -23 -24 -25
leaf_value=-0.024657108022434999 -0.0049771392463634793 -0.00085509597810856793 -0.0094076029099040351 0.03138213287028814 -0.0027380876177767735 0.0032462216620838427 -0.020110136871945541 0.046889011655318537 0.02402981016047822 -0.015689324191322025 0.0050461463763327693 -0.0047900811137787519 -0.0096658986677913856 -0.018095079270033371 0.017259815399780606 0.0090798544845593979 0.020094210097810719 -0.014761876933218288 0.0010269614357708667 -0.011902302891260758 0.00070888304087339429 0.00067487144802027687 0.009043790925011749 0.01541984811176678
leaf_weight=1798 390 109 982 1778 5491 581 2026 177 1187 2251 769 406 3400 603 2335 2102 300 367 1181 293 693 1396 1761 1229
leaf_count=1798 390 109 982 1778 5491 581 2026 177 1187 2251 769 406 3400 603 2335 2102 300 367 1181 293 693 1396 1761 1229
internal_value=1.55592e-11 0.0138338 -0.00992478 0.023591 -0.00549138 0.00678868 -0.0188764 0.0310976 0.0189292 -0.016657 -0.00178185 -0.0140239 -0.00889332 -0.0109356 0.0164519 0.0102052 0.0297525 -0.00599731 -0.00468762 -0.0015431 0.00363642 0.00450896 0.00669005 0.011419
internal_weight=33605 14038 19567 5886 13086 8152 6481 2255 3631 4683 6260 2657 6826 4003 2444 3912 2078 2823 2456 1474 4240 3850 2454 3331
internal_count=33605 14038 19567 5886 13086 8152 6481 2255 3631 4683 6260 2657 6826 4003 2444 3912 2078 2823 2456 1474 4240 3850 2454 3331
is_linear=0
shrinkage=0.03


Tree=64
num_leaves=25
num_cat=0
split_feature=1 1 1 1 1 1 1 8 2 26 26 17 1 12 25 1 7 22 22 8 8 26 22 3
split_gain=4824.59 1089.59 701.947 202.838 158.509 117.83 108.615 53.5283 50.5917 50.3792 45.1436 41.8667 40.5711 41.9783 38.0405 37.7995 35.0536 34.7304 41.5073 33.7905 33.2958 31.4164 31.3562 34.7737
threshold=27.075000000000003 23.685000000000006 30.325000000000003 25.315000000000001 21.885000000000002 28.545000000000005 32.445000000000007 539.00000000000011 30.725000000000005 0.083793548387096697 -0.26966666666666655 43.000000000000007 19.135000000000002 0.66500000000000015 0.906241935483871 35.335000000000008 73.832350000000005 346.50000000000006 38.500000000000007 672.50000000000011 785.00000000000011 -0.19772688172043004 338.50000000000006 22.205000000000002
decision_type=2 2 2 2 2 2 2 2 2 2 2 2 2 2 2 2 2 2 2 2 2 2 2 2
left_child=1 4 5 10 12 20 16 -5 -9 14 -3 21 -1 -14 17 -8 -4 18 19 -6 -2 -7 23 -12
right_child=2 3 6 7 9 11 15 8 -10 -11 22 -13 13 -15 -16 -17 -18 -19 -20 -21 -22 -23 -24 -25
leaf_value=-0.038026288714426669 0.0078014268434133775 -0.014638412050137346 -0.0056104210477608898 0.0034428053158889306 -0.014220631972582677 0.0027935328736225264 0.0318086165827456 -0.012177820676245333 -0.00054144995654713235 -0.0073926446257971184 -0.0043750745350677276 0.02046556396291481 -0.023473198384033122 -0.015614284568927621 -0.023298042143464967 0.052158292448994781 0.023045319333305031 -0.021415450608352038 -0.010280559888830115 -0.024827507995932332 -0.0022316448345642398 0.013812112569263924 -0.016994966102720693 -0.010768075279859705
leaf_weight=134 3666 559 39 3504 1123 259 1236 380 2922 1025 5101 826 2066 869 425 88 2581 486 2210 356 324 2310 215 901
leaf_count=134 3666 559 39 3504 1123 259 1236 380 2922 1025 5101 826 2066 869 425 88 2581 486 2210 356 324 2310 215 901
internal_value=2.94312e-12 -0.00810637 0.0159394 -0.00279798 -0.0163993 0.0104822 0.0261578 0.000860109 -0.00188058 -0.0134072 -0.00647227 0.0145903 -0.0218833 -0.0211463 -0.0147474 0.0331612 0.0226188 -0.013877 -0.0128838 -0.0167737 0.00698671 0.0127012 -0.00573801 -0.00533477
internal_weight=33605 22276 11329 13582 8694 7385 3944 6806 3302 5625 6776 3395 3069 2935 4600 1324 2620 4175 3689 1479 3990 2569 6217 6002
internal_count=33605 22276 11329 13582 8694 7385 3944 6806 3302 5625 6776 3395 3069 2935 4600 1324 2620 4175 3689 1479 3990 2569 6217 6002
is_linear=0
shrinkage=0.03


Tree=65
num_leaves=25
num_cat=0
split_feature=1 1 1 1 1 1 1 1 26 26 26 3 22 22 8 22 22 26 22 26 22 13 22 11
split_gain=4544.15 949.736 765.203 204.637 164.306 86.6055 82.7245 49.2284 47.2883 47.135 45.8712 39.4651 42.0447 36.193 35.8125 34.187 33.9331 33.3256 33.7213 32.7667 32.4535 32.39 31.5272 58.0957
threshold=26.325000000000003 29.245000000000001 23.085000000000004 31.415000000000003 24.555000000000003 27.625000000000004 21.085000000000004 34.455000000000005 0.14501612903225816 -1.0281268817204301 -0.12882096774193563 23.245000000000001 35.500000000000007 64.500000000000014 672.50000000000011 300.50000000000006 216.50000000000003 -0.26020215053763435 312.50000000000006 -0.24118709677419362 344.50000000000006 0.090000000000000011 27.500000000000004 5.0000000000000009
decision_type=2 2 2 2 2 2 2 2 2 2 2 2 2 2 2 2 2 2 2 2 2 2 2 2
left_child=2 5 6 8 14 17 16 21 19 -8 -6 12 -12 -7 -4 -14 -1 -2 -19 -3 22 -5 -11 -24
right_child=1 3 4 7 10 13 9 -9 -10 20 11 -13 15 -15 -16 -17 -18 18 -20 -21 -22 -23 23 -25
leaf_value=-0.026824765656018712 -0.0047529105595008805 -0.00084385865940413347 -0.0074315963290832142 0.029085794223066754 -0.0057016484280069304 0.00058031105227958379 -0.024261834578624755 0.041085076836192107 0.022628307155464426 -0.017625842861043999 -0.0094590167600108552 -0.011732739152593746 0.002043927588960165 0.010670104818761841 -0.012624425632764325 -0.0052376880303725759 -0.016985141440194897 0.0047617385217947391 -0.014230035635112069 0.015994842952571187 -0.020797864648605034 0.01871166714941137 -0.003307684577060216 -0.014293004289947323
leaf_weight=1066 398 109 4089 1764 2287 353 541 271 1152 1260 384 270 3678 3419 1689 689 448 3896 86 2270 702 320 561 1903
leaf_count=1066 398 109 4089 1764 2287 353 541 271 1152 1260 384 270 3678 3419 1689 689 448 3896 86 2270 702 320 561 1903
internal_value=5.19551e-12 0.0130243 -0.00934407 0.0222075 -0.00516899 0.0063938 -0.0177741 0.029057 0.0176392 -0.0159029 -0.00217994 -0.000575842 5.82059e-05 0.00972586 -0.00894954 0.000895076 -0.0239132 0.00352427 0.00435157 0.0152233 -0.0148811 0.0274928 -0.0137658 -0.0117919
internal_weight=33605 14038 19567 5886 13086 8152 6481 2355 3531 4967 7308 5021 4751 3772 5778 4367 1514 4380 3982 2379 4426 2084 3724 2464
internal_count=33605 14038 19567 5886 13086 8152 6481 2355 3531 4967 7308 5021 4751 3772 5778 4367 1514 4380 3982 2379 4426 2084 3724 2464
is_linear=0
shrinkage=0.03


Tree=66
num_leaves=25
num_cat=0
split_feature=1 1 1 1 1 1 13 1 1 26 12 22 8 22 20 3 22 26 25 22 22 12 3 22
split_gain=4276.22 1126.8 492.626 240.173 109.096 99.2891 59.5631 57.8523 44.5474 41.6442 38.5498 38.0367 39.9268 36.9506 41.8985 35.1105 36.2237 34.8145 32.8341 41.9511 49.8336 32.454 32.355 36.7672
threshold=27.525000000000002 24.425000000000004 31.015000000000004 22.285000000000004 25.915000000000003 29.175000000000004 0.11000000000000001 33.535000000000004 19.905000000000005 -0.26966666666666655 0.63500000000000012 184.50000000000003 597.50000000000011 312.50000000000006 0.51000000000000012 23.975000000000005 56.500000000000007 0.28480215053763469 0.906241935483871 37.500000000000007 338.50000000000006 0.69000000000000006 22.875000000000004 34.500000000000007
decision_type=2 2 2 2 2 2 2 2 2 2 2 2 2 2 2 2 2 2 2 2 2 2 2 2
left_child=1 3 5 8 9 17 -5 21 -1 -3 -10 12 -7 14 -6 16 -16 -2 19 -8 -21 -4 23 -11
right_child=2 4 7 6 13 11 18 -9 10 22 -12 -13 -14 -15 15 -17 -18 -19 -20 20 -22 -23 -24 -25
leaf_value=-0.028945478583429936 0.0081179002615626734 -0.011741778427535821 0.018389787282494165 -0.008251963129013655 0.0065772796512333755 0.018819866036574914 -0.020340293520808541 0.034921186064568406 -0.0208336357118401 -0.0090255227363602204 -0.014519823005893545 -0.0035496048268807284 0.010963186499406851 -0.010232456314631485 -0.0056536897649780565 -0.012983146335053094 0.002957917412380817 0.01737577283027349 -0.022532313016493485 -0.0093704277044036818 -0.025410283978404329 0.026779411857545204 -0.0094370492773257521 -0.00090711977172800145
leaf_weight=400 3516 477 551 4575 1896 2261 508 643 2261 563 1415 85 784 198 515 153 3003 408 335 1997 191 1681 550 4639
leaf_count=400 3516 477 551 4575 1896 2261 508 643 2261 563 1415 85 784 198 515 153 3003 408 335 1997 191 1681 550 4639
internal_value=7.06698e-12 -0.00693024 0.0165254 -0.0135618 -0.000471207 0.0122593 -0.0104128 0.0269924 -0.0194378 -0.00322374 -0.0184033 0.0162445 0.016797 0.00250287 0.00295582 0.00108541 0.00169726 0.00908049 -0.0136745 -0.0125738 -0.0107706 0.0247083 -0.00251736 -0.00178576
internal_weight=33605 23676 9929 11682 11994 7054 7606 2875 4076 6229 3676 3130 3045 5765 5567 3671 3518 3924 3031 2696 2188 2232 5752 5202
internal_count=33605 23676 9929 11682 11994 7054 7606 2875 4076 6229 3676 3130 3045 5765 5567 3671 3518 3924 3031 2696 2188 2232 5752 5202
is_linear=0
shrinkage=0.03


Tree=67
num_leaves=25
num_cat=0
split_feature=1 1 1 1 1 1 1 25 26 22 22 7 8 22 22 8 1 22 22 3 8 19 1 12
split_gain=4026.38 815.242 687.108 150.514 120.073 113.984 106.59 43.7768 42.1254 40.9853 42.8079 46.8894 40.985 39.4413 68.386 40.1281 36.2396 35.8016 36.578 39.0424 35.3198 34.382 33.5791 33.9407
threshold=26.775000000000002 23.565000000000001 30.145000000000003 25.245000000000001 21.705000000000002 28.175000000000004 32.205000000000005 0.906241935483871 -0.12882096774193563 69.500000000000014 172.50000000000003 73.832350000000005 672.50000000000011 340.50000000000006 36.500000000000007 597.50000000000011 35.335000000000008 338.50000000000006 33.500000000000007 21.745000000000001 672.50000000000011 6.8500000000000005 19.135000000000002 0.66500000000000015
decision_type=2 2 2 2 2 2 2 2 2 2 2 2 2 2 2 2 2 2 2 2 2 2 2 2
left_child=1 4 5 12 22 21 -4 13 -5 -7 11 -11 17 14 20 -16 -8 18 -3 -20 -6 -2 -1 -24
right_child=2 3 6 8 7 9 16 -9 -10 10 -12 -13 -14 -15 15 -17 -18 -19 19 -21 -22 -23 23 -25
leaf_value=-0.035227812062479803 -0.0010194424826665217 -0.0093964934587380741 0.019758325288062088 -0.0035340854925696727 -0.013145042540347427 0.0023315579984046052 0.028485167098906309 -0.021526557132001356 0.0019014651773453239 0.0010843817060231231 0.0044813423184805329 0.015328919728643114 -0.010402869514546359 -0.017968597560713534 -0.0015586968518990368 -0.01003314006809978 0.04831335512624884 -0.016036959027176244 -0.0012186317048153742 -0.0077315636739212299 -0.023604661385609165 0.0062206661260997293 -0.021995665867230403 -0.014223103571085692
leaf_weight=134 712 1056 2755 1856 1524 352 1448 477 4158 224 457 2908 1640 840 717 1684 88 251 2837 1170 359 3454 1801 703
leaf_count=134 712 1056 2755 1856 1524 352 1448 477 4158 224 457 2908 1640 840 717 1684 88 251 2837 1170 359 3454 1801 703
internal_value=2.35616e-11 -0.00793986 0.0135813 -0.00325145 -0.0153193 0.00844313 0.0232888 -0.0128338 0.000223982 0.0121005 0.0130586 0.0143102 -0.0062571 -0.0120246 -0.0108591 -0.00750245 0.0296212 -0.00497764 -0.00442937 -0.00312034 -0.0151392 0.00498328 -0.0205965 -0.0198135
internal_weight=33605 21207 12398 12968 8239 8107 4291 5601 6014 3941 3589 3132 6954 5124 4284 2401 1536 5314 5063 4007 1883 4166 2638 2504
internal_count=33605 21207 12398 12968 8239 8107 4291 5601 6014 3941 3589 3132 6954 5124 4284 2401 1536 5314 5063 4007 1883 4166 2638 2504
is_linear=0
shrinkage=0.03


Tree=68
num_leaves=25
num_cat=0
split_feature=1 1 1 1 1 1 13 22 2 26 26 1 22 3 22 3 22 8 16 22 22 13 26 22
split_gain=3792.38 791.28 639.833 138.392 133.942 109.039 71.2401 55.0311 68.8106 44.6115 41.5389 40.4011 37.9213 36.0747 34.8592 41.5634 46.5584 37.1914 34.6166 33.2151 33.0304 31.6486 31.4616 31.3211
threshold=26.325000000000003 29.695000000000004 23.085000000000004 24.935000000000006 31.575000000000003 28.115000000000006 0.11000000000000001 26.500000000000004 24.155000000000005 1.0000000180025095e-35 0.085793548387096991 34.755000000000003 186.50000000000003 16.305000000000003 47.500000000000007 23.115000000000006 298.50000000000006 672.50000000000011 33.500000000000007 14.500000000000002 56.500000000000007 0.090000000000000011 -0.24118709677419362 60.500000000000007
decision_type=2 2 2 2 2 2 2 2 2 2 2 2 2 2 2 2 2 2 2 2 2 2 2 2
left_child=2 5 6 10 22 9 13 -8 -9 23 -4 21 -11 19 -5 16 17 -16 -18 -1 -7 -6 -3 -2
right_child=1 4 3 14 11 20 7 8 -10 12 -12 -13 -14 -15 15 -17 18 -19 -20 -21 -22 -23 -24 -25
leaf_value=-0.023802995646875855 -0.0047853666838557855 -0.0031270300341186236 -0.008796820568203946 -0.0070297556838136068 0.027382202492704278 -0.013815808826329884 -0.025651142665741554 -0.026604762461447464 -0.014656632207346514 0.01019264833143939 -0.0037290594654686474 0.040794077140389615 0.0015154198851833494 -0.009317619143032755 0.0037310814499487174 -0.0084489723072180938 -0.017355754477144016 -0.003564028907481029 -0.0024667724861270365 -0.0133448624536828 0.011253672847964876 0.016508851708824417 0.017670740798952679 0.0031493652077178866
leaf_weight=370 525 67 5392 796 1689 48 861 538 2240 1452 1994 177 659 1426 2814 501 184 810 595 1046 3246 281 2852 3042
leaf_count=370 525 67 5392 796 1689 48 861 538 2240 1452 1994 177 659 1426 2814 501 184 810 595 1046 3246 281 2852 3042
internal_value=1.55318e-11 0.0118983 -0.00853622 -0.00471845 0.0213769 0.00654622 -0.0162448 -0.0190244 -0.0169706 0.0040272 -0.00742868 0.0270648 0.00748384 -0.0126857 -0.00120656 -0.000261363 0.000670273 0.00210055 -0.00598355 -0.0160776 0.0108884 0.0258312 0.0171934 0.00198151
internal_weight=33605 14038 19567 13086 5066 8972 6481 3639 2778 5678 7386 2147 2111 2842 5700 4904 4403 3624 779 1416 3294 1970 2919 3567
internal_count=33605 14038 19567 13086 5066 8972 6481 3639 2778 5678 7386 2147 2111 2842 5700 4904 4403 3624 779 1416 3294 1970 2919 3567
is_linear=0
shrinkage=0.03


Tree=69
num_leaves=25
num_cat=0
split_feature=1 1 1 1 1 26 2 1 25 22 22 8 8 22 22 3 26 26 22 26 1 12 26 16
split_gain=3569.68 943.207 413.928 186.593 103.651 82.6129 66.6063 49.4754 45.9553 44.6653 67.0983 46.005 42.8927 44.8408 42.6032 40.2035 39.91 39.2808 38.8237 37.3104 33.9595 33.0025 31.0621 30.0845
threshold=27.525000000000002 24.305000000000003 31.015000000000004 22.285000000000004 25.735000000000003 0.26633870967741941 36.095000000000006 33.735000000000007 0.906241935483871 338.50000000000006 36.500000000000007 597.50000000000011 539.00000000000011 176.50000000000003 68.500000000000014 21.435000000000006 -0.24118709677419362 -0.03940322580645151 56.500000000000007 -0.26966666666666655 20.345000000000002 0.66500000000000015 -0.036016666666666891 39.000000000000007
decision_type=2 2 2 2 2 2 2 2 2 2 2 2 2 2 2 2 2 2 2 2 2 2 2 2
left_child=1 3 5 17 19 6 -2 22 9 10 21 -12 -6 18 -8 -13 -16 20 -14 -3 -1 -5 -4 -11
right_child=2 4 7 8 12 -7 14 -9 -10 23 11 15 13 -15 16 -17 -18 -19 -20 -21 -22 -23 -24 -25
leaf_value=-0.026808902302017323 0.0069147976625888834 -0.011652369640481282 0.017814506021727933 -0.018616558217901528 0.0043346067881806088 0.01884468589421838 -0.0054647960581600532 0.032793792095544234 -0.020705680499844458 -0.022201863565148812 -0.0020824150725278559 -0.0065635676454422354 -0.0057931389607996783 -0.006682326509653694 -0.0010542932310494775 -0.015761952137814946 0.014933499036860172 -0.013556952752993935 0.0035899761647828249 -0.0028120746939342073 -0.018226433865242916 -0.010262864290467851 0.025201119941331313 -0.010377488038362082
leaf_weight=510 3255 466 762 608 3351 1075 105 549 327 367 1578 1875 507 799 149 554 2470 1340 1827 5512 2226 1419 1564 410
leaf_count=510 3255 466 762 608 3351 1075 105 549 327 367 1578 1875 507 799 149 554 2470 1340 1827 5512 2226 1419 1564 410
internal_value=-6.3699e-12 -0.00633188 0.0150986 -0.0126441 -0.000651766 0.0111881 0.00981143 0.0246932 -0.00971986 -0.00919242 -0.00832064 -0.00607059 0.0019753 -0.000548169 0.0132727 -0.00866151 0.0140239 -0.0177652 0.00155174 -0.0035012 -0.0198262 -0.0127686 0.0227813 -0.0159625
internal_weight=33605 23676 9929 11214 12462 7054 5979 2875 7138 6811 6034 4007 6484 3133 2724 2429 2619 4076 2334 5978 2736 2027 2326 777
internal_count=33605 23676 9929 11214 12462 7054 5979 2875 7138 6811 6034 4007 6484 3133 2724 2429 2619 4076 2334 5978 2736 2027 2326 777
is_linear=0
shrinkage=0.03


Tree=70
num_leaves=25
num_cat=0
split_feature=1 1 1 1 1 1 1 26 8 22 22 3 22 22 8 22 22 7 3 22 25 22 22 1
split_gain=3360.52 670.171 592.75 118.265 114.134 98.1307 79.49 39.5058 37.5016 41.6078 34.6847 34.6812 40.0663 43.8249 47.7657 34.2354 35.9954 39.32 33.9919 42.1693 33.2743 32.5556 47.3236 31.9818
threshold=26.435000000000006 30.015000000000004 23.285000000000004 24.935000000000006 28.175000000000004 32.205000000000005 21.565000000000001 1.0000000180025095e-35 672.50000000000011 35.500000000000007 186.50000000000003 22.425000000000004 330.50000000000006 36.500000000000007 645.00000000000011 68.500000000000014 174.50000000000003 73.832350000000005 23.115000000000006 310.50000000000006 0.906241935483871 344.50000000000006 36.500000000000007 35.335000000000008
decision_type=2 2 2 2 2 2 2 2 2 2 2 2 2 2 2 2 2 2 2 2 2 2 2 2
left_child=2 4 6 11 7 -3 -1 -2 9 -5 -9 12 13 -4 -15 -6 17 -17 19 -11 21 22 -8 -7
right_child=1 5 3 8 15 23 20 10 -10 18 -12 -13 -14 14 -16 16 -18 -19 -20 -21 -22 -23 -24 -25
leaf_value=-0.019231837937883495 0.0020516614984747946 0.017760801019849105 -0.0099185596826743168 -0.010353699061617361 0.0013862392957477519 0.026029321930176021 -0.014258677052575823 0.0099645028062820707 -0.0061725892819009904 0.0028589905013795235 0.0013487372101103558 -0.014220371957462702 -0.013351149284037989 -0.00088143678282475314 -0.007362324621855384 0.00064725902397982926 0.0035124516959585284 0.013853192834687155 -0.0063104672121404659 -0.0061746946897034269 -0.020006512847696112 -0.017772934082173775 -0.0074524098285164448 0.044656318886713543
leaf_weight=2358 3402 2978 1379 320 315 1448 1706 1395 1025 3696 602 512 616 2316 1834 219 421 2763 534 532 481 671 1994 88
leaf_count=2358 3402 2978 1379 320 315 1448 1706 1395 1025 3696 602 512 616 2316 1834 219 421 2763 534 532 481 671 1994 88
internal_value=-6.9719e-12 0.0114839 -0.00783707 -0.00395289 0.0068033 0.0209375 -0.0147133 0.00401781 -0.000937938 0.000117851 0.00736726 -0.00671875 -0.00609372 -0.00528515 -0.00374552 0.0108482 0.011724 0.0128833 0.000821525 0.0017223 -0.0125173 -0.0116932 -0.0105907 0.0270965
internal_weight=33605 13631 19974 12764 9117 4514 7210 5399 6107 5082 1997 6657 6145 5529 4150 3718 3403 2982 4762 4228 4852 4371 3700 1536
internal_count=33605 13631 19974 12764 9117 4514 7210 5399 6107 5082 1997 6657 6145 5529 4150 3718 3403 2982 4762 4228 4852 4371 3700 1536
is_linear=0
shrinkage=0.03


Tree=71
num_leaves=25
num_cat=0
split_feature=1 1 1 1 1 1 1 8 2 25 22 22 8 22 2 11 3 8 12 3 22 22 8 8
split_gain=3165.06 759.401 430.19 150.945 92.1817 83.166 58.4496 49.5601 43.5733 41.825 39.0661 59.4199 38.0809 37.4402 53.27 33.1895 32.569 31.9529 31.2892 30.1516 29.8647 28.7774 30.2767 29.5535
threshold=27.235000000000003 24.165000000000003 30.675000000000004 22.165000000000003 25.315000000000001 28.815000000000001 33.155000000000008 539.00000000000011 30.725000000000005 0.906241935483871 340.50000000000006 36.500000000000007 645.00000000000011 26.500000000000004 23.285000000000004 -36.499999999999993 21.435000000000006 672.50000000000011 0.66500000000000015 24.495000000000001 51.500000000000007 180.50000000000003 672.50000000000011 672.50000000000011
decision_type=2 2 2 2 2 2 2 2 2 2 2 2 2 2 2 2 2 2 2 2 2 2 2 2
left_child=1 3 5 13 -3 -2 -4 -6 -9 10 11 18 -13 17 -15 -7 -14 -1 -5 -17 -10 23 -23 -22
right_child=2 4 6 9 7 15 -8 8 20 -11 -12 12 16 14 -16 19 -18 -19 -20 -21 21 22 -24 -25
leaf_value=-0.017108872894856918 0.0064361814630030422 -0.0044347451381444745 0.019949643244016903 -0.017795418618927913 0.0033020821211038071 0.019111950606380292 0.029085553125879376 -0.011239980287249445 -0.0072325758418876184 -0.019517459457968477 -0.015452793927182512 -0.0027306726854544184 -0.0070089791810047019 -0.025149269143704352 -0.01276904237106965 0.013293538365977877 -0.01715130652388493 -0.026281895254908542 -0.0097648414984293757 0.0061591901031923134 0.0064888277295519917 -0.0022701750386568166 -0.024397792283445595 -0.0011258527186056536
leaf_weight=830 4082 4837 2561 639 3763 615 836 380 498 359 747 1772 1615 371 1994 2007 346 581 1379 726 963 768 60 876
leaf_count=830 4082 4837 2561 639 3763 615 836 380 498 359 747 1772 1615 371 1994 2007 346 581 1379 726 963 768 60 876
internal_value=-1.64138e-12 -0.00634755 0.0133541 -0.0122018 -0.00122215 0.00931064 0.022198 0.000904194 -0.00164115 -0.00954931 -0.00899859 -0.00816025 -0.00591819 -0.0170185 -0.0147111 0.0128153 -0.0087985 -0.020886 -0.0123077 0.0113984 -0.000488686 0.000770578 -0.00387363 0.00286161
internal_weight=33605 22778 10827 10633 12145 7430 3397 7308 3545 6857 6498 5751 3733 3776 2365 3348 1961 1411 2018 2733 3165 2667 828 1839
internal_count=33605 22778 10827 10633 12145 7430 3397 7308 3545 6857 6498 5751 3733 3776 2365 3348 1961 1411 2018 2733 3165 2667 828 1839
is_linear=0
shrinkage=0.03


Tree=72
num_leaves=25
num_cat=0
split_feature=1 1 1 1 1 26 13 22 2 12 22 2 26 8 3 3 1 26 3 26 22 22 22 3
split_gain=2980.42 788.309 347.853 167.314 75.3298 73.243 54.0396 53.4558 51.9165 45.7158 42.1186 53.4932 40.78 35.1892 41.3831 34.5166 33.8693 33.3804 35.5205 32.5458 30.617 27.6125 33.5601 37.2915
threshold=27.525000000000002 24.425000000000004 31.015000000000004 22.845000000000002 26.015000000000004 0.14501612903225816 0.11000000000000001 69.500000000000014 35.295000000000009 0.69000000000000006 26.500000000000004 23.745000000000001 -0.24118709677419362 559.00000000000011 21.585000000000004 22.175000000000004 35.335000000000008 -0.099838709677419313 23.495000000000001 0.085793548387096991 186.50000000000003 48.500000000000007 296.50000000000006 22.695000000000004
decision_type=2 2 2 2 2 2 2 2 2 2 2 2 2 2 2 2 2 2 2 2 2 2 2 2
left_child=1 3 5 6 13 7 -1 -2 -9 -4 -8 -12 -10 21 -15 19 -11 -6 -19 -5 -16 -3 23 -23
right_child=2 4 9 15 17 -7 10 8 12 16 11 -13 -14 14 20 -17 -18 18 -20 -21 -22 22 -24 -25
leaf_value=-0.011611985829787244 -0.0011941260796768385 -0.0055215679185518975 0.015017562463963956 -0.0084141490170248148 -0.00074642610987707414 0.015487191384046004 -0.023458870755219588 0.005413948668857865 0.00018472289410231994 0.023759717108312046 -0.025029600635299992 -0.013512193341054409 0.012890851981063489 -0.0028407009085036298 -0.0023311335938842786 -0.015901581500229255 0.042842182773968271 0.0052816471161814694 -0.0042430003587441735 -0.0028903915388614181 -0.015043390420864044 0.0048109594202455719 -0.0050710947020309307 -0.0042844013818765557
leaf_weight=2426 472 789 574 4299 2048 1773 809 1833 248 2214 442 2029 2728 2199 253 441 87 2907 401 1236 523 1669 669 536
leaf_count=2426 472 789 574 4299 2048 1773 809 1833 248 2214 442 2029 2728 2199 253 441 87 2907 401 1236 523 1669 669 536
internal_value=1.63425e-11 -0.0057857 0.0137962 -0.0113325 -0.000383239 0.0102114 -0.0150067 0.00844011 0.0093857 0.0225918 -0.0175175 -0.0155724 0.011832 -0.00251886 -0.00494258 -0.00782422 0.0244812 0.00226356 0.00412706 -0.00718066 -0.0108988 -0.000550376 0.000814367 0.00260002
internal_weight=33605 23676 9929 11682 11994 7054 5706 5281 4809 2875 3280 2471 2976 6638 2975 5976 2301 5356 3308 5535 776 3663 2874 2205
internal_count=33605 23676 9929 11682 11994 7054 5706 5281 4809 2875 3280 2471 2976 6638 2975 5976 2301 5356 3308 5535 776 3663 2874 2205
is_linear=0
shrinkage=0.03


Tree=73
num_leaves=25
num_cat=0
split_feature=1 1 1 1 1 26 2 13 12 22 1 26 26 22 20 8 3 1 3 22 22 22 22 25
split_gain=2804.27 741.72 327.295 158.026 70.8778 69.6432 52.6679 44.714 43.014 37.4921 35.4715 35.5118 33.9584 33.3202 33.6967 33.1095 38.9373 31.8677 29.7725 29.577 28.8076 27.1874 26.4504 28.5374
threshold=27.525000000000002 24.425000000000004 31.015000000000004 22.285000000000004 26.015000000000004 0.26633870967741941 36.095000000000006 0.11000000000000001 0.69000000000000006 68.500000000000014 19.135000000000002 -0.03940322580645151 -0.24118709677419362 312.50000000000006 0.51000000000000012 559.00000000000011 21.585000000000004 35.335000000000008 23.975000000000005 56.500000000000007 186.50000000000003 35.500000000000007 340.50000000000006 0.906241935483871
decision_type=2 2 2 2 2 2 2 2 2 2 2 2 2 2 2 2 2 2 2 2 2 2 2 2
left_child=1 3 5 10 15 6 -2 -5 -4 -8 -1 -12 -11 14 -6 -3 21 -10 19 -16 -18 -17 23 -9
right_child=2 4 8 7 13 -7 9 22 17 12 11 -13 -14 -15 18 16 20 -19 -20 -21 -22 -23 -24 -25
leaf_value=-0.030938089942114784 0.0060652920030634001 -0.00053386470857175509 0.014567035627180227 -0.0065659746155714363 0.0059674855492302548 0.016934989069073005 -0.0058587054851398403 -0.0094899208679726146 0.023046925479486561 -0.00148490002809226 -0.01724366440507924 -0.011190618439821876 0.013262685024961668 -0.011035101120949284 -0.0056432651342293678 -0.014429152670866216 -0.0022611996104661006 0.041556916516916502 -0.012286543937532129 0.0026169906170752243 -0.014592088729439857 -0.0018022926124488209 -0.022761049073627766 -0.018808477542293606
leaf_weight=134 3255 3663 574 4575 1778 1075 105 2526 2214 149 2639 1303 2470 166 453 166 253 87 148 2811 523 2033 170 335
leaf_count=134 3255 3663 574 4575 1778 1075 105 2526 2214 149 2639 1303 2470 166 453 166 253 87 148 2811 523 2033 170 335
internal_value=5.49408e-12 -0.00561213 0.0133823 -0.0109925 -0.000371742 0.00990503 0.00864107 -0.00843822 0.021914 0.0117189 -0.0157589 -0.0152429 0.0124237 0.00219565 0.00261883 -0.0024433 -0.0047943 0.0237468 0.000873843 0.00147058 -0.0105718 -0.00275548 -0.0112642 -0.010581
internal_weight=33605 23676 9929 11682 11994 7054 5979 7606 2875 2724 4076 3942 2619 5356 5190 6638 2975 2301 3412 3264 776 2199 3031 2861
internal_count=33605 23676 9929 11682 11994 7054 5979 7606 2875 2724 4076 3942 2619 5356 5190 6638 2975 2301 3412 3264 776 2199 3031 2861
is_linear=0
shrinkage=0.03


Tree=74
num_leaves=25
num_cat=0
split_feature=1 1 1 1 1 1 1 26 3 26 17 26 1 8 22 2 22 22 3 22 22 9 22 8
split_gain=2639.98 601.347 388.908 102.431 98.8534 72.4325 59.04 42.0711 40.7153 34.6715 32.1541 32.0644 29.3083 31.2414 28.2851 27.6011 27.2947 31.0508 27.0165 28.3583 35.9778 31.5648 26.9058 26.0538
threshold=27.075000000000003 23.795000000000005 30.465000000000003 25.315000000000001 21.885000000000002 28.545000000000005 32.845000000000006 -0.12882096774193563 23.495000000000001 0.083793548387096697 43.000000000000007 -0.26966666666666655 19.135000000000002 785.00000000000011 51.500000000000007 24.515000000000004 340.50000000000006 39.500000000000007 22.205000000000002 330.50000000000006 46.500000000000007 2.0000000000000004 34.500000000000007 785.00000000000011
decision_type=2 2 2 2 2 2 2 2 2 2 2 2 2 2 2 2 2 2 2 2 2 2 2 2
left_child=1 4 5 11 12 23 -4 14 22 15 -7 -3 -1 -14 -5 -6 17 -17 19 20 -13 -22 -9 -2
right_child=2 3 6 7 9 10 -8 8 -10 -11 -12 18 13 -15 -16 16 -18 -19 -20 -21 21 -23 -24 -25
leaf_value=-0.0300099473916439 0.005835070414337863 -0.011866808050634482 0.017392008918846895 -0.012151316218321797 -0.020886384021768997 0.0093480717489336368 0.025826579693865166 -0.01219540084595792 -0.0077921465528018917 -0.0049147504728073504 0.015891234443953725 -0.006589218789844393 -0.012995301117028846 -0.019254102863553391 -0.0015491088975230782 -0.0125736130932042 -0.015762082040806431 -0.0071929026789401048 -0.0088522349522215972 -0.010858689367170679 0.0042354343625697578 -0.0025238172049658293 0.0033960670680868474 -0.0030400595229649395
leaf_weight=134 3666 507 2690 258 231 2715 1034 102 337 1119 900 1343 1684 1251 1853 1597 694 2440 877 394 845 2354 4256 324
leaf_count=134 3666 507 2690 258 231 2715 1034 102 337 1119 900 1343 1684 1251 1853 1597 694 2440 877 394 845 2354 4256 324
internal_value=6.347e-12 -0.00599649 0.0117908 -0.00188111 -0.0119001 0.00790119 0.0197339 0.000672677 0.00225427 -0.00968492 0.0109771 -0.00463127 -0.0162894 -0.015663 -0.00284488 -0.0107607 -0.0102662 -0.00932146 -0.0040002 -0.00313812 -0.00246839 -0.000738394 0.00303115 0.00511438
internal_weight=33605 22276 11329 13126 9150 7605 3724 6806 4695 6081 3615 6320 3069 2935 2111 4962 4731 4037 5813 4936 4542 3199 4358 3990
internal_count=33605 22276 11329 13126 9150 7605 3724 6806 4695 6081 3615 6320 3069 2935 2111 4962 4731 4037 5813 4936 4542 3199 4358 3990
is_linear=0
shrinkage=0.03


Tree=75
num_leaves=25
num_cat=0
split_feature=1 1 1 1 1 8 22 22 13 22 2 20 26 8 3 22 3 22 22 12 26 22 22 22
split_gain=2487.27 524.367 421.906 120.688 90.8456 53.3307 61.6694 73.0783 52.665 43.7459 57.3179 41.609 37.9907 35.6127 46.7857 34.7826 32.3706 32.2014 50.3745 31.8445 31.6987 31.5713 30.7223 30.0836
threshold=26.325000000000003 29.175000000000004 23.085000000000004 31.575000000000003 24.495000000000001 785.00000000000011 182.50000000000003 56.500000000000007 0.11000000000000001 33.500000000000007 24.155000000000005 0.51000000000000012 -0.018064516129032121 539.00000000000011 21.775000000000002 190.50000000000003 22.175000000000004 50.500000000000007 294.50000000000006 0.69000000000000006 0.13413333333333313 35.500000000000007 344.50000000000006 25.500000000000004
decision_type=2 2 2 2 2 2 2 2 2 2 2 2 2 2 2 2 2 2 2 2 2 2 2 2
left_child=2 5 8 12 16 6 7 -2 23 -10 -11 -8 -3 17 21 -16 -4 -6 -19 -5 -9 -15 -12 -1
right_child=1 3 4 19 13 -7 11 20 9 10 22 -13 -14 14 15 -17 -18 18 -20 -21 -22 -23 -24 -25
leaf_value=-0.013692039251661776 -0.0020320962164103004 0.0097327116110547639 -0.006047758449092791 0.013678567004734399 -0.0049884227039100467 -0.0034871023883098202 0.0042448579742969238 0.0070030433266376566 -0.020666086219886862 -0.022150130440657577 -0.0093873269676769139 -0.0044919091265778503 0.01574815124037398 -0.013473754923325032 -0.0019395247089465915 -0.013323753637541562 -0.01430451744571712 0.0040678417392844505 -0.0056003908136384875 0.023638978100772295 0.012727937015330192 -0.00089231005645573494 -0.018905589206861379 -0.0074510555200220192
leaf_weight=1212 686 1654 5032 344 764 669 1331 3400 1068 538 1659 777 2204 192 383 654 467 2215 621 1803 1170 2758 374 1630
leaf_count=1212 686 1654 5032 344 764 669 1331 3400 1068 538 1659 777 2204 192 383 654 467 2215 621 1803 1170 2758 374 1630
internal_value=5.48139e-12 0.00963586 -0.00691308 0.0163419 -0.00381291 0.00462279 0.00535955 0.00709818 -0.0131727 -0.0155626 -0.0134426 0.00102452 0.0131692 -0.00168489 -0.00363795 -0.00911916 -0.00674896 0.000478131 0.00195079 0.0220431 0.00846872 -0.00171117 -0.0111384 -0.0101126
internal_weight=33605 14038 19567 6005 13086 8033 7364 5256 6481 3639 2571 2108 3858 7587 3987 1037 5499 3600 2836 2147 4570 2950 2033 2842
internal_count=33605 14038 19567 6005 13086 8033 7364 5256 6481 3639 2571 2108 3858 7587 3987 1037 5499 3600 2836 2147 4570 2950 2033 2842
is_linear=0
shrinkage=0.03


Tree=76
num_leaves=25
num_cat=0
split_feature=1 1 1 1 1 26 8 22 22 22 8 22 3 13 22 2 8 2 3 22 22 22 2 1
split_gain=2341.03 619.415 274.958 123.542 68.1139 65.2399 38.717 38.5292 45.366 38.4189 39.8536 39.2104 41.0284 36.7038 33.2122 43.5253 31.4185 32.0982 29.208 34.3481 28.7743 50.5097 29.7118 28.4137
threshold=27.525000000000002 24.305000000000003 31.095000000000002 22.165000000000003 25.525000000000002 -0.036016666666666891 672.50000000000011 69.500000000000014 174.50000000000003 312.50000000000006 672.50000000000011 34.500000000000007 23.325000000000003 0.090000000000000011 26.500000000000004 23.285000000000004 785.00000000000011 36.095000000000006 21.615000000000006 34.500000000000007 338.50000000000006 36.500000000000007 26.365000000000006 35.335000000000008
decision_type=2 2 2 2 2 2 2 2 2 2 2 2 2 2 2 2 2 2 2 2 2 2 2 2
left_child=1 3 5 14 -3 16 20 -7 -9 10 11 -6 -13 23 -1 -16 17 -2 19 -8 21 -5 -23 -4
right_child=2 4 13 6 9 7 18 8 -10 -11 -12 12 -14 -15 15 -17 -18 -19 -20 -21 -22 22 -24 -25
leaf_value=-0.01830492011910835 0.0047181277669062598 -0.0031700438431830117 0.021074222065469678 -0.0092377942484000962 -0.016118020328672687 0.0030231040281179181 -0.019531330260538937 0.014206135532056305 0.001497790749236901 -0.0086049034584782073 -0.0033918822636949883 0.0042433969115526875 -0.0025546389104029702 0.012086499190496432 -0.021924375407799394 -0.010733651520038997 -0.0018620140144352132 0.010784761705067149 -0.01870340381592512 -0.0082374690119049153 -0.012198926082484265 -0.010736066305840342 -0.0011946675832676518 0.038450206318150527
leaf_weight=1411 1883 5144 2257 1826 97 383 277 2895 277 334 1114 4815 958 419 371 1994 381 1346 375 1938 668 344 2010 88
leaf_count=1411 1883 5144 2257 1826 97 383 277 2895 277 334 1114 4815 958 419 371 1994 381 1346 375 1938 668 344 2010 88
internal_value=2.79341e-12 -0.00512768 0.0122271 -0.010243 -0.000524646 0.00912639 -0.00799943 0.0120111 0.0130964 0.00133487 0.00181022 0.00279747 0.0031153 0.020265 -0.0146624 -0.0124892 0.00628562 0.00724699 -0.0109607 -0.00964984 -0.00641741 -0.00549347 -0.00258899 0.0217263
internal_weight=33605 23676 9929 11214 12462 7165 7438 3555 3172 7318 6984 5870 5773 2764 3776 2365 3610 3229 2590 2215 4848 4180 2354 2345
internal_count=33605 23676 9929 11214 12462 7165 7438 3555 3172 7318 6984 5870 5773 2764 3776 2365 3610 3229 2590 2215 4848 4180 2354 2345
is_linear=0
shrinkage=0.03


Tree=77
num_leaves=25
num_cat=0
split_feature=1 1 1 1 1 1 1 8 22 22 8 22 26 25 22 22 8 16 26 13 8 2 3 13
split_gain=2205.33 429.418 400.743 75.3207 69.5471 68.0967 63.3383 31.7685 30.457 41.3935 38.2095 29.634 29.1046 28.8445 29.7688 49.2822 31.1645 29.2418 26.5449 26.3957 26.1369 26.4301 25.8682 25.5606
threshold=26.655000000000005 23.565000000000001 30.015000000000004 25.145000000000003 21.705000000000002 32.205000000000005 28.175000000000004 785.00000000000011 50.500000000000007 196.50000000000003 672.50000000000011 56.500000000000007 0.11179784946236555 0.906241935483871 338.50000000000006 39.500000000000007 597.50000000000011 39.000000000000007 0.17057903225806481 0.11000000000000001 672.50000000000011 29.865000000000006 23.245000000000001 0.090000000000000011
decision_type=2 2 2 2 2 2 2 2 2 2 2 2 2 2 2 2 2 2 2 2 2 2 2 2
left_child=1 4 6 7 -1 18 12 -3 -5 19 22 -8 -2 14 15 20 -17 -16 -4 -10 21 -6 -11 -7
right_child=2 3 5 8 13 23 11 -9 9 10 -12 -13 -14 -15 17 16 -18 -19 -20 -21 -22 -23 -24 -25
leaf_value=-0.015369437077892885 0.0022352954160128986 -0.0038836988329827094 0.012656917179322349 -0.0052445524548426214 -0.0063590815213124541 0.023268566113011546 -0.014883736032358508 -0.0096905829445431049 0.0059114028960447033 0.00024827862173199743 -0.016412121649813274 0.0090896671375555998 0.0079879474909301702 -0.016517715563370887 -0.018163939361663214 0.00080808456285063094 -0.0069679711452436998 -0.0071298614075349176 0.019106832254573731 -0.00044113484031278575 -0.018141171340017189 -0.01437749716265611 -0.0086682815255959868 0.0091144005250185737
leaf_weight=2638 3558 5514 2201 892 945 1411 47 1002 1564 2150 153 3671 1018 477 541 649 1626 360 777 944 395 608 339 125
leaf_count=2638 3558 5514 2201 892 945 1411 47 1002 1564 2150 153 3671 1018 477 541 649 1626 360 777 944 395 608 339 125
internal_value=1.83696e-12 -0.00603109 0.00979299 -0.00253939 -0.0113532 0.0169861 0.00587817 -0.00477665 -0.000126604 0.000759845 -0.00186064 0.00878661 0.00351506 -0.00946161 -0.00880475 -0.00774854 -0.00474966 -0.0137552 0.0143398 0.00352034 -0.0112508 -0.00949829 -0.00096615 0.0221167
internal_weight=33605 20797 12808 12558 8239 4514 8294 6516 6042 5150 2642 3718 4576 5601 5124 4223 2275 901 2978 2508 1948 1553 2489 1536
internal_count=33605 20797 12808 12558 8239 4514 8294 6516 6042 5150 2642 3718 4576 5601 5124 4223 2275 901 2978 2508 1948 1553 2489 1536
is_linear=0
shrinkage=0.03


Tree=78
num_leaves=25
num_cat=0
split_feature=1 1 1 1 1 8 22 22 13 20 22 2 22 8 22 22 3 12 8 22 3 1 22 22
split_gain=2076.01 438.478 351.809 101.657 87.3738 46.997 54.508 66.4253 42.6596 38.4635 35.4048 47.3682 33.4388 36.6844 33.3571 34.4772 44.6022 36.3422 34.2999 32.1207 31.0686 28.1712 27.5304 44.2063
threshold=26.325000000000003 29.175000000000004 22.895000000000003 31.575000000000003 24.495000000000001 785.00000000000011 182.50000000000003 62.500000000000007 0.11000000000000001 0.51000000000000012 33.500000000000007 24.155000000000005 184.50000000000003 597.50000000000011 330.50000000000006 47.500000000000007 22.875000000000004 0.69000000000000006 521.00000000000011 88.500000000000014 22.175000000000004 34.755000000000003 39.500000000000007 328.50000000000006
decision_type=2 2 2 2 2 2 2 2 2 2 2 2 2 2 2 2 2 2 2 2 2 2 2 2
left_child=2 5 8 12 20 6 7 -2 -1 -8 -10 -12 13 19 15 -6 17 -17 -18 -3 22 -5 -4 -24
right_child=1 3 4 21 14 -7 9 -9 10 -11 11 -13 -14 -15 -16 16 18 -19 -20 -21 -22 -23 23 -25
leaf_value=-0.0095017073115350528 -0.00018863869825332997 0.0064140583843354717 -0.0090087840115833911 0.019137896636387493 -0.0057714100314012907 -0.003394009015494707 0.0039313807453107219 0.0082343733105187944 -0.01937326875601985 -0.0044686582228654287 -0.020491592303368455 -0.010340217473960116 -0.0064733008020232581 0.0070420792623631778 -0.012179008664766115 -0.0018480924870637276 -0.00086326155323911916 0.0031458351404338963 -0.012921651120531587 0.01536730809503571 -0.013662807153014 0.031632436371834598 -0.0028369011869258543 -0.010796274847803242
leaf_weight=2502 1054 422 1634 1970 1218 669 1331 4202 1010 777 536 1813 86 870 256 2486 445 2776 406 2480 482 177 3223 780
leaf_count=2502 1054 422 1634 1970 1218 669 1331 4202 1010 777 536 1813 86 870 256 2486 445 2776 406 2480 482 177 3223 780
internal_value=8.98857e-12 0.00880326 -0.00631574 0.0149356 -0.00368521 0.00421909 0.00491072 0.00654528 -0.0124673 0.000835161 -0.0146762 -0.0126566 0.0120237 0.0124455 -0.00153411 -0.00116238 -0.000244047 0.000786484 -0.00661615 0.0140654 -0.00635239 0.020168 -0.0057273 -0.00438782
internal_weight=33605 14038 19567 6005 13706 8033 7364 5256 5861 2108 3359 2349 3858 3772 7587 7331 6113 5262 851 2902 6119 2147 5637 4003
internal_count=33605 14038 19567 6005 13706 8033 7364 5256 5861 2108 3359 2349 3858 3772 7587 7331 6113 5262 851 2902 6119 2147 5637 4003
is_linear=0
shrinkage=0.03


Tree=79
num_leaves=25
num_cat=0
split_feature=1 1 1 1 8 2 22 22 8 22 22 3 8 26 12 22 22 9 22 22 3 24 3 22
split_gain=1954.53 517.42 230.796 103.389 62.0907 57.6945 56.4786 59.2069 69.6554 43.575 52.5357 39.9138 36.9753 35.3349 33.6441 32.0215 29.9978 29.6728 29.4727 48.2526 29.3874 28.8739 28.347 27.1917
threshold=27.525000000000002 24.305000000000003 31.015000000000004 21.945000000000004 539.00000000000011 33.07500000000001 69.500000000000014 172.50000000000003 559.00000000000011 310.50000000000006 51.500000000000007 23.895000000000003 672.50000000000011 -0.12882096774193563 0.69000000000000006 94.500000000000014 130.50000000000003 2.0000000000000004 338.50000000000006 36.500000000000007 23.575000000000003 2.5000000000000004 23.145000000000003 27.500000000000004
decision_type=2 2 2 2 2 2 2 2 2 2 2 2 2 2 2 2 2 2 2 2 2 2 2 2
left_child=1 3 6 23 9 13 -2 8 16 10 -3 -10 18 -6 -4 -7 -8 -9 19 -5 -15 -21 -12 -1
right_child=2 4 14 12 5 15 7 17 11 -11 22 -13 -14 20 -16 -17 -18 -19 -20 21 -22 -23 -24 -25
leaf_value=-0.017257886009774456 0.00010641041088966563 -0.0032419748490661246 0.011839023714125372 -0.0085323875159271506 -0.0087099376813041859 -0.001142234772347485 0.011102228957761168 0.0044041968112028115 0.0087062666129848285 -0.0061689694833076169 0.0053519368194425241 -0.00029815818202359642 -0.010253611535466051 -0.0020785710444023177 0.01995761268717601 0.006404575597723383 0.017325662711942434 -0.010470461328888403 -0.011469383963121799 -0.0063338581967136657 -0.017201352409156392 0.00043158045972486059 -0.00043365471751837301 -0.011637887125977851
leaf_weight=1295 691 1125 574 1968 1329 1634 1897 774 1866 572 3346 581 2874 2615 2301 733 1102 143 756 927 121 1465 987 1929
leaf_count=1295 691 1125 574 1968 1329 1634 1897 774 1866 572 3346 581 2874 2615 2301 733 1102 143 756 927 121 1465 987 1929
internal_value=-1.04e-11 -0.00468532 0.0111723 -0.00936054 -0.000478294 -0.00252864 0.00825228 0.00913689 0.0103244 0.00170874 0.00253432 0.00656831 -0.00753075 -0.00469676 0.0183367 0.00119482 0.0133891 0.00208459 -0.00600114 -0.00505297 -0.00274738 -0.00219031 0.00403406 -0.0138953
internal_weight=33605 23676 9929 11214 12462 6432 7054 6363 5446 6030 5458 2447 7990 4065 2875 2367 2999 917 5116 4360 2736 2392 4333 3224
internal_count=33605 23676 9929 11214 12462 6432 7054 6363 5446 6030 5458 2447 7990 4065 2875 2367 2999 917 5116 4360 2736 2392 4333 3224
is_linear=0
shrinkage=0.03


Tree=80
num_leaves=25
num_cat=0
split_feature=1 1 1 1 1 22 22 8 20 26 22 22 22 8 1 3 22 12 22 3 22 12 26 26
split_gain=1842.33 419.971 290.324 90.6653 65.6773 48.4689 61.0841 56.59 46.8255 40.7103 40.8206 58.9903 30.664 32.3318 30.6064 29.7269 29.2081 27.0055 26.9675 30.6716 36.0266 29.154 26.7265 26.0517
threshold=26.155000000000005 29.175000000000004 22.895000000000003 31.575000000000003 24.495000000000001 56.500000000000007 186.50000000000003 785.00000000000011 0.51000000000000012 -0.15641935483870967 26.500000000000004 338.50000000000006 184.50000000000003 597.50000000000011 19.135000000000002 22.175000000000004 88.500000000000014 0.66500000000000015 330.50000000000006 22.975000000000005 47.500000000000007 0.69000000000000006 -0.18306451612903205 0.13413333333333313
decision_type=2 2 2 2 2 2 2 2 2 2 2 2 2 2 2 2 2 2 2 2 2 2 2 2
left_child=2 5 9 12 15 17 7 23 -8 -1 14 -12 13 16 -11 -4 -3 -2 19 20 -6 -22 -5 -7
right_child=1 3 4 22 18 6 8 -9 -10 10 11 -13 -14 -15 -16 -17 -18 -19 -20 -21 21 -23 -24 -25
leaf_value=-0.014483516457768665 -0.018645008930936454 0.0059403492035560801 -0.0053574720583423182 0.010251964700403925 -0.0054836074446087237 0.0060259289037183812 0.0038170410091407899 -0.0019162431074895292 -0.0048962102556846746 -0.0323215995162415 -0.0013222853387551252 -0.012264791394541676 -0.0064010867959451538 0.0066430283470344251 -0.012244474328097915 -0.013119745108910501 0.014478017522283006 -0.0012473313685943334 -0.011353937364424546 -0.0078127648290837546 -0.0020102422693023636 0.0026186236506767929 0.02028342523646531 0.011036602668293762
leaf_weight=2665 90 422 5637 274 1147 3608 1416 680 913 72 948 833 86 870 1343 482 2480 745 251 599 2331 2580 1873 1260
leaf_count=2665 90 422 5637 274 1147 3608 1416 680 913 72 948 833 86 870 1343 482 2480 745 251 599 2331 2580 1873 1260
internal_value=1.49131e-11 0.00795768 -0.0062004 0.0140618 -0.00370561 0.00375023 0.00447878 0.00619045 0.000401327 -0.0117455 -0.00946232 -0.00644026 0.0113119 0.0117157 -0.0132661 -0.00596891 0.0132365 -0.00312253 -0.00170081 -0.00133684 -0.000696521 0.000421538 0.0190032 0.00732286
internal_weight=33605 14717 18888 6005 13027 8712 7877 5548 2329 5861 3196 1781 3858 3772 1415 6119 2902 835 6908 6657 6058 4911 2147 4868
internal_count=33605 14717 18888 6005 13027 8712 7877 5548 2329 5861 3196 1781 3858 3772 1415 6119 2902 835 6908 6657 6058 4911 2147 4868
is_linear=0
shrinkage=0.03


Tree=81
num_leaves=25
num_cat=0
split_feature=1 1 1 1 1 22 22 8 20 13 22 2 22 22 8 3 1 22 26 26 12 26 22 22
split_gain=1733.45 395.151 273.166 85.307 61.7958 45.6044 57.4741 53.2456 44.0581 38.5236 32.0298 43.86 28.8518 30.7131 30.3488 27.9701 26.2321 26.2257 26.0519 25.9126 25.4095 24.5121 22.4107 21.9554
threshold=26.155000000000005 29.175000000000004 22.895000000000003 31.575000000000003 24.495000000000001 56.500000000000007 186.50000000000003 785.00000000000011 0.51000000000000012 0.11000000000000001 33.500000000000007 24.155000000000005 184.50000000000003 83.500000000000014 597.50000000000011 22.175000000000004 34.755000000000003 346.50000000000006 0.31670967741935491 0.085793548387096991 0.66500000000000015 0.13413333333333313 16.500000000000004 344.50000000000006
decision_type=2 2 2 2 2 2 2 2 2 2 2 2 2 2 2 2 2 2 2 2 2 2 2 2
left_child=2 5 9 12 15 20 7 21 -8 22 -11 -12 13 -3 -15 19 -5 -13 -6 -4 -2 -7 -1 -24
right_child=1 3 4 16 18 6 8 -9 -10 10 11 17 -14 14 -16 -17 -18 -19 -20 -21 -22 -23 23 -25
leaf_value=-0.013041733874750206 -0.018085658782472213 0.0032045842713538191 -0.006303110238646885 0.017439140508703647 -0.0023263913072770277 0.0058451510223279171 0.003702529797338391 -0.0018587558336781939 -0.0047493239657728711 -0.017959817368551019 -0.019110582268374639 -0.0076466073205569913 -0.0062090542804731355 0.013860058358165037 0.0072312429778509423 -0.012726152742596022 0.029495987189318035 -0.017019722725494717 0.0033666410413031871 -0.0014572946787030287 -0.0012099114669847845 0.010705504510867676 -0.0043648610052646293 -0.011380163056858999
leaf_weight=720 90 374 4350 1970 6087 3608 1416 680 913 1010 536 1485 86 2579 819 482 177 328 821 1287 745 1260 1171 611
leaf_count=720 90 374 4350 1970 6087 3608 1416 680 913 1010 536 1485 86 2579 819 482 177 328 821 1287 745 1260 1171 611
internal_value=-7.40746e-12 0.00771895 -0.00601439 0.01364 -0.00359444 0.00363772 0.00434441 0.00600474 0.000389287 -0.0113931 -0.0134922 -0.0115713 0.0109725 0.0113643 0.0122624 -0.00578985 0.0184331 -0.00934235 -0.00164979 -0.00519675 -0.00302885 0.00710317 -0.00857497 -0.00677022
internal_weight=33605 14717 18888 6005 13027 8712 7877 5548 2329 5861 3359 2349 3858 3772 3398 6119 2147 1813 6908 5637 835 4868 2502 1782
internal_count=33605 14717 18888 6005 13027 8712 7877 5548 2329 5861 3359 2349 3858 3772 3398 6119 2147 1813 6908 5637 835 4868 2502 1782
is_linear=0
shrinkage=0.03


Tree=82
num_leaves=25
num_cat=0
split_feature=1 1 1 1 8 22 22 22 22 8 3 7 20 26 3 2 26 1 22 2 22 26 24 2
split_gain=1631 371.797 257.022 80.4977 58.6592 61.2096 67.7945 42.9603 53.1921 50.2736 42.0338 43.6851 41.4543 37.1596 37.4414 35.6494 30.6415 29.7512 28.3946 24.7186 42.5172 24.68 24.5009 24.2738
threshold=26.155000000000005 29.175000000000004 22.895000000000003 31.875000000000004 672.50000000000011 33.500000000000007 330.50000000000006 55.500000000000007 186.50000000000003 785.00000000000011 21.745000000000001 75.322650000000024 0.51000000000000012 -0.15641935483870967 19.205000000000002 31.625000000000004 -0.018064516129032121 19.135000000000002 186.50000000000003 24.515000000000004 33.500000000000007 -0.04973333333333347 2.5000000000000004 31.145000000000003
decision_type=2 2 2 2 2 2 2 2 2 2 2 2 2 2 2 2 2 2 2 2 2 2 2 2
left_child=2 7 13 16 5 23 10 -2 9 -9 22 18 -10 19 17 -6 -3 -15 -12 -1 -21 -20 -7 -4
right_child=1 3 4 -5 15 6 -8 8 12 -11 11 -13 -14 14 -16 -17 -18 -19 21 20 -22 -23 -24 -25
leaf_value=-0.018687881818968313 -0.0031988893524602358 0.0079534077684203282 -0.0055121376883950548 0.018464783144159107 -0.0092778134691514306 -0.001312144720022126 -0.0091625053068514171 0.0068300821876618716 0.0035914538892102888 -0.0018554773123511815 0.0021845821149925749 0.00093372664825802968 -0.0046068442744036956 -0.02794258729694411 0.0013507711257048128 -0.0024288616443195812 0.013151216073219008 -0.0093903278047487992 -0.016543852927181687 -0.018539425168793516 -0.0090796848858046026 -0.0064459574916628151 0.0030463593569487412 -0.013926760339721416
leaf_weight=663 778 1785 1397 1836 2119 1928 869 4922 1416 683 237 1076 913 80 293 1010 2384 2823 303 619 1383 775 2917 396
leaf_count=663 778 1785 1397 1836 2119 1928 869 4922 1416 683 237 1076 913 80 293 1010 2384 2823 303 619 1383 775 2917 396
internal_value=-3.64911e-12 0.00748738 -0.00583396 0.0132308 -0.00348661 -0.00235474 -0.00124513 0.00352859 0.00418828 0.0057717 -0.0002943 -0.00354913 0.000377608 -0.0110513 -0.00887 -0.00706706 0.0109257 -0.00990159 -0.00721723 -0.0136672 -0.0120045 -0.00928423 0.00131195 -0.00737058
internal_weight=33605 14717 18888 6005 13027 9898 8105 8712 7934 5605 7236 2391 2329 5861 3196 3129 4169 2903 1315 2665 2002 1078 4845 1793
internal_count=33605 14717 18888 6005 13027 9898 8105 8712 7934 5605 7236 2391 2329 5861 3196 3129 4169 2903 1315 2665 2002 1078 4845 1793
is_linear=0
shrinkage=0.03


Tree=83
num_leaves=25
num_cat=0
split_feature=1 1 1 1 9 22 22 8 22 22 2 3 3 22 22 1 8 9 22 22 6 24 22 3
split_gain=1535.74 408.435 182.864 75.0768 58.7602 50.8064 50.6186 61.0627 42.1416 52.8044 40.1676 37.9402 34.6786 30.3623 29.4043 29.333 28.5805 26.9871 25.0952 43.6158 27.6777 24.0925 23.9506 31.5035
threshold=27.525000000000002 24.165000000000003 31.095000000000002 21.885000000000002 2.8500000000000005 69.500000000000014 172.50000000000003 559.00000000000011 310.50000000000006 47.500000000000007 33.32500000000001 23.815000000000001 23.145000000000003 95.500000000000014 130.50000000000003 34.185000000000009 672.50000000000011 2.0000000000000004 338.50000000000006 216.50000000000003 16.639450000000004 2.5000000000000004 34.500000000000007 21.435000000000006
decision_type=2 2 2 2 2 2 2 2 2 2 2 2 2 2 2 2 2 2 2 2 2 2 2 2
left_child=1 3 5 21 8 -2 7 14 9 -3 -6 -9 -11 -12 -7 -4 18 -8 19 -5 -20 -1 -18 -24
right_child=2 4 15 16 10 6 17 11 -10 12 13 -13 -14 -15 -16 -17 22 -19 20 -21 -22 -23 23 -25
leaf_value=-0.015821655023739924 -0.00035788028115000945 -0.0036707033589506058 0.015252784192460046 -0.0063984476684934731 -0.0053671944033417763 0.0098278530076788221 0.0038849233372880896 0.0079912461125287472 -0.0053653127417965778 0.0038203246208437652 -0.0023082179200906981 -0.0004415727279509133 -0.001929982747501691 0.0068505632686737868 0.015882004782575631 0.024381447320416479 -0.01687039645841798 -0.010297764836642825 -0.0028915604110262795 0.0007510453957167263 -0.014733613853658003 -0.010363757978462541 -0.0066905557890753024 -0.01545527307653544
leaf_weight=1187 691 1409 2399 2960 3007 1926 776 1822 877 5105 1005 652 1158 482 1155 365 333 143 278 1037 492 1882 2012 452
leaf_count=1187 691 1409 2399 2960 3007 1926 776 1822 877 5105 1005 652 1158 482 1155 365 333 143 278 1037 492 1882 2012 452
internal_value=1.27471e-12 -0.00415314 0.00990329 -0.00851719 -0.000595454 0.00737462 0.00819994 0.0092789 0.00086448 0.00157662 -0.00337271 0.00576885 0.00275712 0.000660533 0.0120974 0.0164583 -0.00691147 0.00167804 -0.00549892 -0.00454355 -0.0104582 -0.0124747 -0.00931892 -0.00829837
internal_weight=33605 23676 9929 10633 13043 7165 6474 5555 8549 7672 4494 2474 6263 1487 3081 2764 7564 919 4767 3997 770 3069 2797 2464
internal_count=33605 23676 9929 10633 13043 7165 6474 5555 8549 7672 4494 2474 6263 1487 3081 2764 7564 919 4767 3997 770 3069 2797 2464
is_linear=0
shrinkage=0.03


Tree=84
num_leaves=25
num_cat=0
split_feature=1 1 1 1 1 26 12 22 22 22 22 2 26 22 3 22 1 3 26 22 22 8 3 22
split_gain=1448.04 328.704 227.478 72.067 52.0627 40.815 34.6803 34.2342 33.9958 39.6599 30.5347 38.1848 26.729 26.6984 25.8065 25.4187 25.1706 25.0688 27.3824 23.8408 35.2224 24.8609 28.4203 23.4606
threshold=26.155000000000005 29.175000000000004 22.895000000000003 31.415000000000003 24.495000000000001 1.0000000180025095e-35 0.66500000000000015 55.500000000000007 174.50000000000003 99.500000000000014 26.500000000000004 23.745000000000001 0.16612903225806477 312.50000000000006 22.175000000000004 346.50000000000006 35.335000000000008 23.045000000000005 -0.12882096774193563 340.50000000000006 44.500000000000007 645.00000000000011 20.885000000000002 14.500000000000002
decision_type=2 2 2 2 2 2 2 2 2 2 2 2 2 2 2 2 2 2 2 2 2 2 2 2
left_child=2 5 6 12 14 7 10 -2 9 -7 -1 -12 -3 -9 19 -13 -5 18 -6 20 -4 -22 -23 -8
right_child=1 3 4 16 17 8 23 13 -10 -11 11 15 -14 -15 -16 -17 -18 -19 -20 -21 21 22 -24 -25
leaf_value=-0.016451643150628008 -0.0061382919396737925 0.0082990450253932133 -0.007570986160484617 0.015935672819689641 -0.0039038115517254094 0.0051142542838584024 -0.012943904078481382 0.0027565586399029693 0.0014717517171965889 0.013375157715673646 -0.018518291683340807 -0.0074116423286977803 0.014161901498585594 -0.012830417428654388 -0.011966441070793305 -0.015595624174536606 0.032288619742559435 -0.007805249213161212 0.00033752047537343404 -0.011566380141554948 0.00022090887171589309 -0.0021495496648051703 -0.010257952415501162 -0.0054673313657491018
leaf_weight=1052 459 2706 1801 2267 1991 1529 498 4761 1067 795 442 1888 944 101 482 417 88 525 4392 425 1676 1146 589 1564
leaf_count=1052 459 2706 1801 2267 1991 1529 498 4761 1067 795 442 1888 944 101 482 417 88 525 4392 425 1676 1146 589 1564
internal_value=-2.95446e-12 0.00705494 -0.00549701 0.0124552 -0.00328869 0.00333264 -0.0104053 0.00169341 0.00590484 0.00794017 -0.0121055 -0.0104411 0.00981536 0.00243277 -0.0053038 -0.00889222 0.0165467 -0.00150374 -0.000985446 -0.0047341 -0.00417698 -0.00238495 -0.0049022 -0.00727302
internal_weight=33605 14717 18888 6005 13027 8712 5861 5321 3391 2324 3799 2747 3650 4862 6119 2305 2355 6908 6383 5637 5212 3411 1735 2062
internal_count=33605 14717 18888 6005 13027 8712 5861 5321 3391 2324 3799 2747 3650 4862 6119 2305 2355 6908 6383 5637 5212 3411 1735 2062
is_linear=0
shrinkage=0.03


Tree=85
num_leaves=25
num_cat=0
split_feature=1 1 1 1 22 22 8 3 26 3 13 22 22 22 22 22 2 22 26 12 22 22 22 22
split_gain=1362.46 309.278 214.052 68.3797 51.8123 54.4122 57.3425 61.4551 38.4028 37.4808 36.3569 34.492 32.211 31.9867 37.316 29.8855 38.512 29.8126 30.8875 27.8954 27.8294 25.906 25.1206 23.3232
threshold=26.155000000000005 29.175000000000004 23.085000000000004 31.975000000000005 330.50000000000006 35.500000000000007 645.00000000000011 21.435000000000006 1.0000000180025095e-35 22.755000000000006 0.11000000000000001 194.50000000000003 55.500000000000007 174.50000000000003 99.500000000000014 33.500000000000007 24.515000000000004 83.500000000000014 -0.24118709677419362 0.63500000000000012 184.50000000000003 344.50000000000006 312.50000000000006 128.50000000000003
decision_type=2 2 2 2 2 2 2 2 2 2 2 2 2 2 2 2 2 2 2 2 2 2 2 2
left_child=2 8 10 17 5 19 9 -8 12 -7 -1 -9 -2 14 -10 -12 -17 -3 -19 -4 -20 -18 -14 -5
right_child=1 3 4 23 -6 6 7 11 13 -11 15 -13 22 -15 -16 16 21 18 20 -21 -22 -23 -24 -25
leaf_value=-0.0072082921209417859 -0.0059541432175804704 0.0020984678273359963 -0.018139898916889115 0.019843563930740771 -0.010010536612271885 0.0010490036963138349 -0.0023585733559936999 -0.0052013462963127893 0.004960826657992419 -0.0057285105478895064 -0.015954751799534362 -0.017196585328919614 0.0026738618926728879 0.0014275991780588586 0.012973902973793403 -0.016449531275326716 -0.0062116019561059277 -0.0037798775326449512 0.01169209370997497 -0.0059518651153931037 -0.0066482659305543883 -0.015006429505492025 -0.012445504782850494 0.01269925576142554
leaf_weight=2842 459 387 188 1070 887 5398 2544 404 1529 850 1068 463 4761 1067 795 627 1571 126 3678 1673 76 373 101 668
leaf_count=2842 459 387 188 1070 887 5398 2544 404 1529 850 1068 463 4761 1067 795 627 1571 126 3678 1673 76 373 101 668
internal_value=3.52491e-12 0.00684329 -0.0053321 0.0120816 -0.00302389 -0.00248594 -0.00158094 -0.00470934 0.00323266 0.000126967 -0.00975086 -0.0116071 0.00164261 0.00572769 0.00770196 -0.0117366 -0.00998432 0.0100385 0.0108304 -0.00718311 0.0113208 -0.00789909 0.00235978 0.0170977
internal_weight=33605 14717 18888 6005 12407 11520 9659 3411 8712 6248 6481 867 5321 3391 2324 3639 2571 4267 3880 1861 3754 1944 4862 1738
internal_count=33605 14717 18888 6005 12407 11520 9659 3411 8712 6248 6481 867 5321 3391 2324 3639 2571 4267 3880 1861 3754 1944 4862 1738
is_linear=0
shrinkage=0.03


Tree=86
num_leaves=25
num_cat=0
split_feature=1 1 1 1 9 22 22 8 3 22 22 22 3 22 12 2 22 22 8 3 16 9 24 26
split_gain=1283.29 341.159 153.278 67.2445 51.8548 41.9022 40.5287 49.2927 38.0347 37.6349 34.8253 43.3806 32.2977 31.8978 29.5723 28.078 31.0061 44.0578 31.6817 27.9523 27.6885 26.1266 25.4673 24.6465
threshold=27.525000000000002 24.275000000000002 30.885000000000002 21.945000000000004 2.8500000000000005 69.500000000000014 172.50000000000003 559.00000000000011 23.815000000000001 178.50000000000003 310.50000000000006 47.500000000000007 23.145000000000003 52.500000000000007 0.69000000000000006 25.635000000000002 340.50000000000006 36.500000000000007 645.00000000000011 22.875000000000004 39.000000000000007 1.6500000000000001 3.5000000000000004 -0.12882096774193563
decision_type=2 2 2 2 2 2 2 2 2 2 2 2 2 2 2 2 2 2 2 2 2 2 2 2
left_child=1 3 5 22 10 -2 7 -7 -9 13 11 -3 -13 -6 -4 -5 17 -17 -19 -11 -18 -8 -1 -15
right_child=2 4 14 15 9 6 21 8 -10 19 -12 12 -14 23 -16 16 20 18 -20 -21 -22 -23 -24 -25
leaf_value=-0.013531235499766007 -0.00046837810518211446 -0.0033135632214181723 0.0087987368634536052 -0.012526146496132174 -0.0073883421668985722 0.011022039463383758 0.0041724530323006444 0.0073626431843806664 -0.001374315256685062 -0.0053271247573859213 -0.00486079561031147 0.0037098309338618411 -0.0018590742460661354 -0.0023943872040953422 0.016083329546055545 -0.00823258240726823 -0.01637577268783446 -0.00010637929209561937 -0.005406226335156342 -0.01718976225436589 -0.0056708785347192271 -0.0081363331730421058 -0.0081209820524102295 0.0039065012352544745
leaf_weight=1884 689 1326 630 574 576 2843 718 1793 598 1236 832 5010 1153 1206 2460 2307 429 1826 2286 209 441 198 1340 1041
leaf_count=1884 689 1326 630 574 576 2843 718 1793 598 1236 832 5010 1153 1206 2460 2307 429 1826 2286 209 441 198 1340 1041
internal_value=5.16457e-12 -0.00379648 0.00905281 -0.00763385 -0.00041694 0.00654732 0.00733331 0.00835213 0.00517749 -0.00310535 0.000961997 0.00160889 0.00266798 -0.00108985 0.0145981 -0.0061378 -0.00563473 -0.00491439 -0.00305274 -0.0070429 -0.0109495 0.00151182 -0.0112826 0.000524716
internal_weight=33605 23676 9929 11087 12589 6839 6150 5234 2391 4268 8321 7489 6163 2823 3090 7863 7289 6419 4112 1445 870 916 3224 2247
internal_count=33605 23676 9929 11087 12589 6839 6150 5234 2391 4268 8321 7489 6163 2823 3090 7863 7289 6419 4112 1445 870 916 3224 2247
is_linear=0
shrinkage=0.03


Tree=87
num_leaves=25
num_cat=0
split_feature=1 1 1 1 8 22 22 3 7 8 22 22 20 26 22 22 22 26 2 3 22 22 2 3
split_gain=1209.09 273.933 188.989 61.9022 46.7916 47.6152 54.53 37.1834 39.0066 36.7904 39.2481 49.3069 34.5268 32.4832 33.6057 50.4651 30.4327 30.4784 29.5252 27.4644 26.4226 26.3288 23.8297 23.324
threshold=26.155000000000005 29.175000000000004 22.895000000000003 32.445000000000007 672.50000000000011 33.500000000000007 330.50000000000006 21.745000000000001 75.322650000000024 785.00000000000011 186.50000000000003 69.500000000000014 0.51000000000000012 -0.15641935483870967 26.500000000000004 338.50000000000006 83.500000000000014 -0.24118709677419362 31.625000000000004 14.335000000000003 186.50000000000003 184.50000000000003 31.145000000000003 23.245000000000001
decision_type=2 2 2 2 2 2 2 2 2 2 2 2 2 2 2 2 2 2 2 2 2 2 2 2
left_child=2 9 13 16 5 22 7 -7 20 10 11 -2 -12 -1 19 -16 -3 -18 -6 -15 -9 -19 -4 -13
right_child=1 3 4 -5 18 6 -8 8 -10 -11 12 23 -14 14 15 -17 17 21 -20 -21 -22 -23 -24 -25
leaf_value=-0.011942688882918117 0.00075780353547767808 0.0017553446696383988 -0.0045818248877329149 0.017103709570853023 -0.008219922749252831 0.0013428813691600404 -0.0081213212698715183 0.0023741984044354926 0.0010068714947177471 -0.0034075951179813151 0.0032769077614426289 0.0084236884011526878 -0.004225159387587803 -0.016999414348157604 1.8289367181302013e-05 -0.010102683826322284 -0.0039310626063161179 0.011256923017642992 -0.0019869630235578115 -0.0080406485318705798 -0.0086892021340795444 -0.0065641170374951072 -0.012919107742544093 0.0034745373299282963
leaf_weight=2665 1727 392 1397 1324 2119 4845 869 237 1076 728 1416 2675 905 453 948 833 128 4085 1010 962 1078 76 396 1261
leaf_count=2665 1727 392 1397 1324 2119 4845 869 237 1076 728 1416 2675 905 453 948 833 128 4085 1010 962 1078 76 396 1261
internal_value=-3.03806e-13 0.00644662 -0.00502303 0.0113765 -0.00301018 -0.00199928 -0.00102061 -0.000167858 -0.00322914 0.00304856 0.00363725 0.00498384 0.000351716 -0.0094969 -0.00745746 -0.00471544 0.00975659 0.0104879 -0.00620801 -0.0109087 -0.00669527 0.0109314 -0.00642319 0.0068381
internal_weight=33605 14717 18888 6005 13027 9898 8105 7236 2391 8712 7984 5663 2321 5861 3196 1781 4681 4289 3129 1415 1315 4161 1793 3936
internal_count=33605 14717 18888 6005 13027 9898 8105 7236 2391 8712 7984 5663 2321 5861 3196 1781 4681 4289 3129 1415 1315 4161 1793 3936
is_linear=0
shrinkage=0.03


Tree=88
num_leaves=25
num_cat=0
split_feature=1 1 1 1 12 26 22 3 8 22 22 2 22 22 3 22 22 24 1 7 6 8 22 3
split_gain=1137.88 303.154 137.161 60.9103 47.4418 43.6023 33.8239 31.3282 28.6551 28.6284 29.7076 29.3955 27.6377 31.2626 29.7035 24.8767 33.6613 27.1008 24.492 23.6237 22.7218 22.3183 21.9966 27.8249
threshold=27.525000000000002 24.305000000000003 31.175000000000004 21.705000000000002 0.69000000000000006 0.14501612903225816 69.500000000000014 24.645000000000003 672.50000000000011 298.50000000000006 51.500000000000007 29.315000000000001 310.50000000000006 34.500000000000007 22.875000000000004 346.50000000000006 25.500000000000004 2.5000000000000004 34.455000000000005 75.322650000000024 16.639450000000004 785.00000000000011 34.500000000000007 21.435000000000006
decision_type=2 2 2 2 2 2 2 2 2 2 2 2 2 2 2 2 2 2 2 2 2 2 2 2
left_child=1 3 5 -1 9 6 -2 21 15 10 -3 -12 13 -6 -15 16 -5 -18 -4 -16 -17 -8 -10 -24
right_child=2 4 18 8 12 -7 7 -9 22 -11 11 -13 -14 14 19 20 17 -19 -20 -21 -22 -23 23 -25
leaf_value=-0.011140007289615412 -0.002638955992709933 -0.0075238828338137654 0.01338821583661198 -0.0076644397981984261 -0.0049288398133874103 0.01036205348034557 0.0076848550877055303 0.0011167803410631508 -0.015021981794163586 -0.0086824704137789237 -0.007928819117210207 0.00014890952176498321 -0.0045178652851713148 0.0036070953081316945 -0.0077503479362752 -0.0033714660309535661 -0.005578730843205819 -5.702899970227382e-05 0.022905623188613472 0.001222289500130149 -0.015297804011637344 -0.00042386996912704446 -0.0059049247244408725 -0.01383379871337974
leaf_weight=2638 472 678 2385 1478 556 1856 3579 1032 375 595 456 3658 674 4637 390 244 1319 2033 271 818 350 334 2295 482
leaf_count=2638 472 678 2385 1478 556 1856 3579 1032 375 595 456 3658 674 4637 390 244 1319 2033 271 818 350 334 2295 482
internal_value=1.85509e-12 -0.00357492 0.0085245 -0.00715351 -0.0003547 0.00639371 0.00503405 0.00576644 -0.00592725 -0.00247598 -0.00170535 -0.000746434 0.00126047 0.00186891 0.00251553 -0.00460531 -0.00389282 -0.0022298 0.0143593 -0.00167451 -0.0103988 0.00699272 -0.00820207 -0.00728113
internal_weight=33605 23676 9929 11214 12462 7273 5417 4945 8576 5387 4792 4114 7075 6401 5845 5424 4830 3352 2656 1208 594 3913 3152 2777
internal_count=33605 23676 9929 11214 12462 7273 5417 4945 8576 5387 4792 4114 7075 6401 5845 5424 4830 3352 2656 1208 594 3913 3152 2777
is_linear=0
shrinkage=0.03


Tree=89
num_leaves=25
num_cat=0
split_feature=1 1 1 1 22 22 3 8 13 8 22 22 20 24 12 22 26 22 1 13 26 12 0 25
split_gain=1072.97 259.722 156.925 55.0809 40.9046 49.1103 56.8982 62.6279 39.8139 35.3765 38.0561 47.6522 32.7515 31.7951 31.7164 29.3037 29.7335 28.2322 27.8688 24.3977 24.0286 22.7995 22.4391 21.8503
threshold=26.015000000000004 29.175000000000004 22.895000000000003 32.705000000000005 330.50000000000006 46.500000000000007 21.715000000000003 597.50000000000011 0.11000000000000001 785.00000000000011 186.50000000000003 61.500000000000007 0.51000000000000012 3.5000000000000004 0.66500000000000015 83.500000000000014 0.16612903225806477 194.50000000000003 20.495000000000001 0.090000000000000011 -0.24118709677419362 0.76500000000000012 6.1250000000000009 1.4740000000000002
decision_type=2 2 2 2 2 2 2 2 2 2 2 2 2 2 2 2 2 2 2 2 2 2 2 2
left_child=2 9 13 15 5 14 8 22 -7 10 11 21 -12 18 -4 -3 20 -9 -1 -5 -17 -2 -8 -15
right_child=1 3 4 19 -6 6 7 17 -10 -11 12 -13 -14 23 -16 16 -18 -19 -20 -21 -22 -23 -24 -25
leaf_value=-0.017828379168292368 -0.0040564237607843955 0.0014817880738849693 -0.011116705083096395 0.017630436766658333 -0.0088751834491968672 0.0024568213018338232 0.0012051845997354258 -0.0052675074905424411 -0.0025705499810836558 -0.0033034896887559791 0.0030351176762349291 0.0059977674432490436 -0.0038800071199427601 -0.0053883267179632805 -0.0039945388960024759 -0.0040553138029036052 0.014322566740626675 -0.015800916446795672 -0.0097552835733030422 -0.004227513915393501 0.0091463159145520456 0.0041987422290989083 -0.0055696373118614582 -0.01539109905793642
leaf_weight=441 723 392 760 1081 980 3363 1045 405 2451 801 1522 4682 1036 2182 2168 129 1099 527 3022 48 3256 516 760 216
leaf_count=441 723 392 760 1081 980 3363 1045 405 2451 801 1522 4682 1036 2182 2168 129 1099 527 3022 48 3256 516 760 216
internal_value=8.92525e-12 0.00586871 -0.00489646 0.0107301 -0.0029921 -0.00248984 -0.0013416 -0.00490827 0.000337439 0.00272295 0.00329226 0.00461329 0.000234465 -0.00894465 -0.00584319 0.00934755 0.0100352 -0.0112236 -0.0107834 0.0167011 0.00864321 -0.000618437 -0.00164737 -0.00628933
internal_weight=33605 15285 18320 6005 12459 11479 8551 2737 5814 9280 8479 5921 2558 5861 2928 4876 4484 932 3463 1129 3385 1239 1805 2398
internal_count=33605 15285 18320 6005 12459 11479 8551 2737 5814 9280 8479 5921 2558 5861 2928 4876 4484 932 3463 1129 3385 1239 1805 2398
is_linear=0
shrinkage=0.03


Tree=90
num_leaves=25
num_cat=0
split_feature=1 1 1 1 22 22 3 8 13 26 26 3 12 22 22 22 22 1 22 26 3 24 22 0
split_gain=1009.55 244.372 147.651 52.2474 38.4872 46.2078 53.5355 58.9265 37.4609 34.2654 29.9218 30.9873 29.8419 29.6668 33.578 28.9545 26.5637 25.8782 25.4688 28.6009 22.6315 21.482 21.2446 21.113
threshold=26.015000000000004 29.175000000000004 22.895000000000003 32.205000000000005 330.50000000000006 46.500000000000007 21.715000000000003 597.50000000000011 0.11000000000000001 1.0000000180025095e-35 -0.15641935483870967 19.205000000000002 0.66500000000000015 174.50000000000003 99.500000000000014 55.500000000000007 194.50000000000003 19.135000000000002 83.500000000000014 0.16612903225806477 23.895000000000003 2.5000000000000004 184.50000000000003 6.1250000000000009
decision_type=2 2 2 2 2 2 2 2 2 2 2 2 2 2 2 2 2 2 2 2 2 2 2 2
left_child=2 9 10 18 5 12 8 23 21 15 -1 17 -4 14 -11 -2 -9 -12 -3 22 -15 -7 -20 -8
right_child=1 3 4 -5 -6 6 7 16 -10 13 11 -13 -14 20 -16 -17 -18 -19 19 -21 -22 -23 -24 -25
leaf_value=-0.011023693779652708 -0.0055072486025429411 0.0014433734894801792 -0.01078320397859237 0.015181357954129454 -0.0086089279358545472 -0.00056293997422786801 0.0011690290344580473 -0.005109482265293115 -0.0024934335156326635 0.0043384013294674936 -0.024483173817861824 0.0025792791692113128 -0.003874702760235123 0.0026210720494785544 0.011837814228632343 0.001870819892681513 -0.015326888915045325 -0.0071805816206969237 0.0084401377827823375 0.013809768140636579 -0.0098341455563902853 0.0043345333754238628 -0.0066848554748088814 -0.0054025482137809661
leaf_weight=2665 528 390 760 1536 980 1340 1045 405 2451 1616 80 293 2168 1053 805 5128 527 2823 2970 1023 150 2023 86 760
leaf_count=2665 528 390 760 1536 980 1340 1045 405 2451 1616 80 293 2168 1053 805 5128 527 2823 2970 1023 150 2023 86 760
internal_value=3.61107e-13 0.00569265 -0.00474957 0.0104082 -0.00290234 -0.00241515 -0.00130136 -0.00476102 0.000327316 0.00264126 -0.00867631 -0.00671893 -0.00566789 0.00491864 0.00683201 0.00118206 -0.0108869 -0.0076574 0.00876765 0.00946793 0.00106805 0.00238312 0.0080145 -0.00159795
internal_weight=33605 15285 18320 6005 12459 11479 8551 2737 5814 9280 5861 3196 2928 3624 2421 5656 932 2903 4469 4079 1203 3363 3056 1805
internal_count=33605 15285 18320 6005 12459 11479 8551 2737 5814 9280 5861 3196 2928 3624 2421 5656 932 2903 4469 4079 1203 3363 3056 1805
is_linear=0
shrinkage=0.03


Tree=91
num_leaves=25
num_cat=0
split_feature=1 1 1 1 25 22 8 12 7 24 1 22 22 3 7 2 22 25 22 20 1 3 22 22
split_gain=950.523 201.802 160.882 43.3519 39.3127 48.5401 35.7716 33.1124 32.945 32.4631 31.2204 29.6751 32.1035 35.2116 32.5588 26.4826 25.4944 27.3398 25.3496 27.8344 23.2082 22.6153 22.4577 22.3807
threshold=26.325000000000003 30.265000000000004 23.565000000000001 28.175000000000004 2.5754838709677421 26.500000000000004 785.00000000000011 0.63500000000000012 73.832350000000005 3.5000000000000004 33.32500000000001 330.50000000000006 33.500000000000007 22.625000000000004 75.322650000000024 33.32500000000001 344.50000000000006 0.32177419354838693 312.50000000000006 0.51000000000000012 19.135000000000002 23.855000000000004 56.500000000000007 56.500000000000007
decision_type=2 2 2 2 2 2 2 2 2 2 2 2 2 2 2 2 2 2 2 2 2 2 2 2
left_child=2 3 4 18 5 7 11 -1 -3 -7 -10 12 -4 -14 -15 -8 17 -11 19 -2 -9 22 -21 -5
right_child=1 8 6 23 -6 9 15 20 10 16 -12 -13 13 14 -16 -17 -18 -19 -20 21 -22 -23 -24 -25
leaf_value=-0.014729997169469336 0.0049870571876132908 -0.014220410961001602 -0.0054384904705871134 -0.014589867257374399 -0.017513540828700311 -0.0073950422504420925 -0.0082221311543824588 -0.031098499028263862 0.010624808865727689 0.00056594941325456116 0.017454938190322882 -0.0078655844749451267 0.00067743180105892041 -0.009724775476386862 -6.9766511090902221e-05 0.0014266505791197738 -0.0089947406620622672 -0.0095137293721552444 -0.013635612662233735 -0.0057436473882205132 -0.0070303536906936581 -0.007063791441888111 0.0022334147725067569 0.0062295336126878794
leaf_weight=1003 2098 44 1203 47 336 3204 1220 37 3276 1495 738 580 6743 615 643 324 459 289 92 356 1416 313 2947 4127
leaf_count=1003 2098 44 1203 47 336 3204 1220 37 3276 1495 738 580 6743 615 643 324 459 289 92 356 1416 313 2947 4127
internal_value=1.20865e-12 0.00595676 -0.00427357 0.00366314 -0.00746329 -0.007036 -0.00195365 -0.0105374 0.0115976 -0.00545726 0.0118806 -0.00128396 -0.000869207 -0.000182186 -0.00478982 -0.00619739 -0.00268924 -0.00106691 0.00198666 0.00223819 -0.00764324 0.000643299 0.00137364 0.0059951
internal_weight=33605 14038 19567 9980 8239 7903 11328 2456 4058 5447 4014 9784 9204 8001 1258 1544 2243 1784 5806 5714 1453 3616 3303 4174
internal_count=33605 14038 19567 9980 8239 7903 11328 2456 4058 5447 4014 9784 9204 8001 1258 1544 2243 1784 5806 5714 1453 3616 3303 4174
is_linear=0
shrinkage=0.03


Tree=92
num_leaves=25
num_cat=0
split_feature=1 1 2 8 22 26 25 8 22 3 3 22 22 22 22 8 20 22 8 22 3 8 3 22
split_gain=895.177 239.969 112.105 53.2331 54.262 48.1106 42.1291 40.6509 38.146 43.372 35.2051 33.7217 30.4732 28.622 29.3926 28.6072 26.5392 26.3926 25.425 24.1785 24.8871 27.3735 21.2457 21.2028
threshold=27.525000000000002 24.345000000000002 38.305000000000007 672.50000000000011 33.500000000000007 0.26633870967741941 0.906241935483871 539.00000000000011 178.50000000000003 21.815000000000001 16.385000000000002 35.500000000000007 14.500000000000002 310.50000000000006 51.500000000000007 785.00000000000011 0.51000000000000012 330.50000000000006 597.50000000000011 69.500000000000014 24.595000000000002 559.00000000000011 23.285000000000004 94.500000000000014
decision_type=2 2 2 2 2 2 2 2 2 2 2 2 2 2 2 2 2 2 2 2 2 2 2 2
left_child=1 3 5 10 -5 19 17 13 11 -10 12 -9 -1 14 -3 23 -4 -6 -11 -2 -21 -22 -16 -13
right_child=2 7 16 4 6 -7 -8 8 9 18 -12 15 -14 -15 22 -17 -18 -19 -20 20 21 -23 -24 -25
leaf_value=-0.015020604815003431 -0.0011476023624816961 -0.0021921324784228194 0.015736659682639719 -0.015042553426981494 -0.0038129173458517273 0.010830246046040097 -0.012421505711115784 -0.010721358744040515 -0.0014280126576937588 -0.0057099166184274661 -0.0031859109225122707 0.00053447067430170139 -0.005964977264304153 -0.0049394769179086908 0.0043448369988960331 -0.0031823202042555584 0.0098233693870145248 -0.011332487375683592 -0.01527134440086809 0.0063756987604456404 0.0035585447933401283 -0.0076827873650924215 -0.00094712796168222363 0.0064711525600039208
leaf_weight=432 622 1102 1345 976 2260 1296 989 251 1408 633 4723 1633 1481 561 3454 1182 1388 516 414 3825 1221 232 851 810
leaf_count=432 622 1102 1345 976 2260 1296 989 251 1408 633 4723 1633 1481 561 3454 1182 1388 516 414 3825 1221 232 851 810
internal_value=5.56106e-12 -0.00317083 0.00756093 -0.00631109 -0.00873891 0.00559642 -0.00710481 -0.000265974 -0.00194053 -0.00486654 -0.00457657 -8.72393e-05 -0.00800995 0.00151044 0.00217964 0.000649082 0.0127335 -0.00521065 -0.00949065 0.00444675 0.00510603 0.00176365 0.00329874 0.00250283
internal_weight=33605 23676 9929 11377 4741 7196 3765 12299 6331 2455 6636 3876 1913 5968 5407 3625 2733 2776 1047 5900 5278 1453 4305 2443
internal_count=33605 23676 9929 11377 4741 7196 3765 12299 6331 2455 6636 3876 1913 5968 5407 3625 2733 2776 1047 5900 5278 1453 4305 2443
is_linear=0
shrinkage=0.03


Tree=93
num_leaves=25
num_cat=0
split_feature=1 1 1 1 22 22 3 8 13 8 22 22 3 8 24 20 12 22 1 1 24 22 12 22
split_gain=843.252 205.849 122.936 44.5277 33.8349 40.4166 48.9004 52.6382 32.4104 31.3685 33.3597 40.153 43.6792 28.7737 28.7023 28.6029 27.2431 25.8832 24.0331 21.8735 20.3652 20.246 20.2197 19.3254
threshold=26.015000000000004 29.175000000000004 22.895000000000003 31.175000000000004 330.50000000000006 46.500000000000007 21.775000000000002 597.50000000000011 0.11000000000000001 785.00000000000011 186.50000000000003 92.500000000000014 23.175000000000004 597.50000000000011 3.5000000000000004 0.51000000000000012 0.66500000000000015 194.50000000000003 20.495000000000001 35.335000000000008 2.5000000000000004 162.50000000000003 0.66500000000000015 184.50000000000003
decision_type=2 2 2 2 2 2 2 2 2 2 2 2 2 2 2 2 2 2 2 2 2 2 2 2
left_child=2 9 14 23 5 16 8 -8 20 10 11 -2 -13 -14 18 -12 -4 -9 -1 -5 -7 -15 -6 -3
right_child=1 3 4 19 22 6 7 17 -10 -11 15 12 13 21 -16 -17 -18 -19 -20 -21 -22 -23 -24 -25
leaf_value=-0.016213100463576411 0.0017724801125011201 0.0076000223192673978 -0.010128024682064854 0.01192748425910688 -0.015809471186516832 -0.00059457479736915871 -0.0015733866870065399 -0.0048191007880255751 -0.0022605410028387618 -0.0032726654745134469 0.0026925798804868571 0.0099998960152336593 0.0056521553539702531 -0.0012136784946222019 -0.0054009728025019386 -0.0037697567091282756 -0.0035271890450726913 -0.01523173631415742 -0.0087161304164409016 0.027138416344638573 0.004115452727444421 -0.019962712573956268 -0.0056262682153630662 -0.0068073566956445572
leaf_weight=441 3043 3263 760 2568 229 1375 1753 387 2483 801 1522 1608 864 345 2398 1036 2168 483 3022 88 2070 61 751 86
leaf_count=441 3043 3263 760 2568 229 1375 1753 387 2483 801 1522 1608 864 345 2398 1036 2168 483 3022 88 2070 61 751 86
internal_value=7.21686e-12 0.00520269 -0.00434078 0.00953062 -0.00265523 -0.00219843 -0.00115677 -0.00456732 0.000352315 0.00240213 0.00293822 0.00417506 0.00671538 0.00255671 -0.00792385 7.53083e-05 -0.00524052 -0.0105999 -0.00967084 0.0124315 0.00223554 -0.00403065 -0.00800581 0.00723005
internal_weight=33605 15285 18320 6005 12459 11479 8551 2623 5928 9280 8479 5921 2878 1270 5861 2558 2928 870 3463 2656 3445 406 980 3349
internal_count=33605 15285 18320 6005 12459 11479 8551 2623 5928 9280 8479 5921 2878 1270 5861 2558 2928 870 3463 2656 3445 406 980 3349
is_linear=0
shrinkage=0.03


Tree=94
num_leaves=25
num_cat=0
split_feature=1 1 2 8 22 26 25 8 3 3 22 22 22 26 22 3 22 26 20 22 22 3 8 22
split_gain=793.682 213.228 100.135 48.4217 50.149 44.2347 39.9339 37.2863 35.0475 31.6889 28.3272 26.522 26.6373 25.7923 30.175 29.1088 26.5779 24.7648 24.4152 22.8914 22.1027 23.8859 25.5336 20.4452
threshold=27.525000000000002 24.345000000000002 38.305000000000007 672.50000000000011 33.500000000000007 0.26633870967741941 2.5754838709677421 539.00000000000011 23.245000000000001 16.385000000000002 14.500000000000002 310.50000000000006 51.500000000000007 -1.044467741935484 190.50000000000003 21.405000000000005 94.500000000000014 -0.12882096774193563 0.51000000000000012 160.50000000000003 69.500000000000014 24.595000000000002 559.00000000000011 6.5000000000000009
decision_type=2 2 2 2 2 2 2 2 2 2 2 2 2 2 2 2 2 2 2 2 2 2 2 2
left_child=1 3 5 9 -5 20 19 11 13 10 23 12 -3 -9 16 -16 -15 -18 -4 -6 -2 -22 -23 -1
right_child=2 7 18 4 6 -7 -8 8 -10 -11 -12 -13 -14 14 15 -17 17 -19 -20 -21 21 22 -24 -25
leaf_value=-0.0013117558933023747 -0.001188464076874008 -0.002063773755961733 0.014888523144693135 -0.014321334152978647 -0.0023929984860460657 0.010281312862597487 -0.016480726632740226 -0.011131585085045788 -0.010598978157409705 -0.0029721307077857397 -0.005577277183821552 -0.0047549237055083951 0.0031634023288700007 -0.0011889133309714206 -0.00023089414804403871 -0.0071852089959310236 1.4023258875639022e-05 0.0082116468930641152 0.0092167927157369815 -0.0075264092785850781 0.0060345609340517132 0.0032497566550522008 -0.0076072084525768673 -0.017585579978545075
leaf_weight=87 622 1102 1345 976 1208 1296 341 230 387 4723 1481 561 4305 2220 1094 1073 653 674 1388 2216 3825 1221 232 345
leaf_count=87 622 1102 1345 976 1208 1296 341 230 387 4723 1481 561 4305 2220 1094 1073 653 674 1388 2216 3825 1221 232 345
internal_value=7.61242e-12 -0.00298567 0.00711941 -0.00594579 -0.0082613 0.00526273 -0.00669036 -0.000247445 -0.0018512 -0.00429151 -0.00754893 0.00145386 0.00209805 -0.00128166 -0.000885178 -0.00367436 0.000818838 0.0041777 0.012008 -0.00571532 0.00416035 0.00479069 0.00151623 -0.0143082
internal_weight=33605 23676 9929 11377 4741 7196 3765 12299 6331 6636 1913 5968 5407 5944 5714 2167 3547 1327 2733 3424 5900 5278 1453 432
internal_count=33605 23676 9929 11377 4741 7196 3765 12299 6331 6636 1913 5968 5407 5944 5714 2167 3547 1327 2733 3424 5900 5278 1453 432
is_linear=0
shrinkage=0.03


Tree=95
num_leaves=25
num_cat=0
split_feature=1 1 1 2 22 22 3 8 12 13 24 16 8 11 13 25 22 22 3 22 22 22 0 24
split_gain=748.374 184.065 108.519 47.3554 31.376 37.0161 45.9653 47.8138 31.1094 30.3769 26.9757 24.9296 24.8354 24.3351 24.061 24.0584 23.7198 31.1152 23.1823 22.517 20.8206 20.5145 19.6871 18.8881
threshold=26.015000000000004 28.815000000000001 22.895000000000003 38.305000000000007 330.50000000000006 46.500000000000007 21.715000000000003 597.50000000000011 0.69000000000000006 0.11000000000000001 2.5000000000000004 39.000000000000007 785.00000000000011 -36.499999999999993 0.070000000000000021 -1.0486666666666664 248.50000000000003 69.500000000000014 24.025000000000002 178.50000000000003 88.500000000000014 82.500000000000014 6.1250000000000009 2.5000000000000004
decision_type=2 2 2 2 2 2 2 2 2 2 2 2 2 2 2 2 2 2 2 2 2 2 2 2
left_child=2 8 10 13 5 11 9 22 16 23 -1 -4 15 20 21 -12 17 -2 -19 -9 -3 -5 -8 -7
right_child=1 3 4 14 -6 6 7 19 -10 -11 12 -13 -14 -15 -16 -17 -18 18 -20 -21 -22 -23 -24 -25
leaf_value=-0.010001822432370385 -0.0055569932223250192 -0.0023068352687087923 -0.0077890873202218578 -0.015610685013234614 -0.0076581525726015769 -0.00047099164882885493 0.0012465235674920887 -0.0021536428875035857 0.0034352473493142188 -0.0020998404962517237 -0.0049237858067981751 -0.0022520581539045058 -0.0090429777928373433 0.005234138906869492 0.0065193328373397454 0.005463516235209567 -0.0073401687063065126 0.0031710491373801489 -0.006332374309487623 -0.012639136562466452 0.012224807385209714 0.013512181850121235 -0.0050992720087195175 0.0041212933168187065
leaf_weight=2285 588 99 1441 22 980 1340 1045 253 5176 2451 2005 1487 1348 3066 630 223 379 2138 259 679 856 2072 760 2023
leaf_count=2285 588 99 1441 22 980 1340 1045 253 5176 2451 2005 1487 1348 3066 630 223 379 2138 259 679 856 2072 760 2023
internal_value=3.99562e-12 0.00490127 -0.0040893 0.00860562 -0.00250566 -0.00206577 -0.0010689 -0.00427463 0.00197553 0.000440237 -0.00745571 -0.00497708 -0.00582879 0.00653666 0.0116597 -0.00388412 -0.000270457 0.000627171 0.00214419 -0.00979275 0.0107184 0.0132062 -0.00142539 0.00229148
internal_weight=33605 15285 18320 6745 12459 11479 8551 2737 8540 5814 5861 2928 3576 4021 2724 2228 3364 2985 2397 932 955 2094 1805 3363
internal_count=33605 15285 18320 6745 12459 11479 8551 2737 8540 5814 5861 2928 3576 4021 2724 2228 3364 2985 2397 932 955 2094 1805 3363
is_linear=0
shrinkage=0.03


Tree=96
num_leaves=25
num_cat=0
split_feature=2 8 22 22 22 8 22 22 22 12 8 3 22 22 0 1 26 2 3 7 22 2 22 0
split_gain=705.489 149.643 141.425 85.4139 83.5897 74.5372 57.2787 52.8044 51.1601 39.0362 32.4069 44.4396 28.5002 28.1006 23.168 22.4371 21.5066 20.9072 20.9511 20.3234 18.0224 17.9944 16.5409 17.8477
threshold=33.425000000000004 672.50000000000011 83.500000000000014 25.500000000000004 338.50000000000006 559.00000000000011 34.500000000000007 174.50000000000003 174.50000000000003 0.66500000000000015 559.00000000000011 21.195000000000004 178.50000000000003 164.50000000000003 6.8050000000000006 35.335000000000008 -0.17141720430107546 31.145000000000003 14.855000000000002 73.832350000000005 10.500000000000002 31.015000000000004 310.50000000000006 16.865000000000006
decision_type=2 2 2 2 2 2 2 2 2 2 2 2 2 2 2 2 2 2 2 2 2 2 2 2
left_child=1 3 9 17 10 7 -3 15 -8 -2 22 -12 -13 19 21 -4 -14 18 20 -7 -1 -10 23 -5
right_child=2 6 5 4 -6 13 8 -9 14 -11 11 12 16 -15 -16 -17 -18 -19 -20 -21 -22 -23 -24 -25
leaf_value=-0.020891553614260133 -0.0049645307203568818 -0.013715853294996229 0.010489903358846231 0.002108087270315368 -0.0077557972996508589 -0.0012670920772211145 -0.0025493046615319035 -0.00049067001968517256 -0.0063088680305278472 0.0024357080068961937 0.0010140817616355162 0.0021328304904521603 -0.022630489136364947 -0.012771094128270358 -0.012609502520799386 0.025857645130298774 -0.0067753312127132792 -0.014255599711903261 -0.0042687526002080003 0.0056235595942320223 -0.0076814720121910797 -0.024193610940844965 -0.0024782786946081384 -0.0036508212750555008
leaf_weight=131 878 1020 4974 6551 1350 445 2254 406 1923 2382 1767 327 82 85 890 87 1262 295 1754 2868 320 52 979 523
leaf_count=131 878 1020 4974 6551 1350 445 2254 406 1923 2382 1767 327 82 85 890 87 1262 295 1754 2868 320 52 979 523
internal_value=-2.14527e-12 -0.00326579 0.0057855 -0.00168179 -0.000694082 0.00775027 -0.00722411 0.009919 -0.00593057 0.000442638 0.000135551 -0.00230275 -0.00581013 0.00426103 -0.00859074 0.0107541 -0.00774268 -0.00675506 -0.00575159 0.00469801 -0.0115185 -0.00677976 0.00117651 0.00168232
internal_weight=33605 21480 12125 15341 12841 8865 6139 5467 5119 3260 11491 3438 1671 3398 2865 5061 1344 2500 2205 3313 451 1975 8053 7074
internal_count=33605 21480 12125 15341 12841 8865 6139 5467 5119 3260 11491 3438 1671 3398 2865 5061 1344 2500 2205 3313 451 1975 8053 7074
is_linear=0
shrinkage=0.03


Tree=97
num_leaves=25
num_cat=0
split_feature=2 8 22 22 22 8 22 22 22 12 8 3 22 22 25 2 22 22 9 2 3 7 6 2
split_gain=663.795 140.799 133.067 80.3659 78.6495 70.1321 53.8936 49.6837 48.1366 36.7292 30.4917 42.0542 28.9446 26.4399 22.2566 21.5703 23.3709 32.0553 25.5228 19.682 19.302 19.1223 18.7361 18.1141
threshold=33.425000000000004 672.50000000000011 83.500000000000014 25.500000000000004 338.50000000000006 559.00000000000011 34.500000000000007 174.50000000000003 174.50000000000003 0.66500000000000015 559.00000000000011 21.325000000000003 178.50000000000003 164.50000000000003 0.74876881720430111 38.505000000000003 128.50000000000003 116.50000000000001 1.3 31.185000000000006 14.855000000000002 73.832350000000005 15.881350000000001 30.925000000000004
decision_type=2 2 2 2 2 2 2 2 2 2 2 2 2 2 2 2 2 2 2 2 2 2 2 2
left_child=1 3 9 19 10 7 -3 15 -8 -2 -5 -12 -13 21 23 -4 17 -17 -19 20 -1 -7 -14 -10
right_child=2 6 5 4 -6 13 8 -9 14 -11 11 12 22 -15 -16 16 -18 18 -20 -21 -22 -23 -24 -25
leaf_value=-0.011141747544062183 -0.0048155947882558246 -0.013304377711625206 0.008985131596773362 0.0011412183532952922 -0.0075231234126970073 -0.0012290792917813765 -0.0024728255297882689 -0.0004759499251581855 -0.0060075469238138925 0.0023626367695184169 0.00074452393253416032 0.0021121978000256006 -0.014338804139134784 -0.012387961454908636 -0.012249576558840933 0.012051459331679084 0.0090316336677954655 0.040956882029771803 0.019597321888205028 -0.014062727877484655 -0.004195284216949419 0.0054548528009468389 -0.0058377620385532888 -0.021878909748881608
leaf_weight=452 878 1020 3275 8053 1350 445 2254 406 1901 2382 1904 319 315 85 897 667 746 60 313 279 1769 2868 900 67
leaf_count=452 878 1020 3275 8053 1350 445 2254 406 1901 2382 1904 319 315 85 897 667 746 60 313 279 1769 2868 900 67
internal_value=5.70029e-12 -0.00316782 0.00561193 -0.00163134 -0.00067326 0.00751776 -0.00700738 0.00962143 -0.00575266 0.000429358 0.000131484 -0.00223367 -0.00593019 0.0041332 -0.00833302 0.0104315 0.0130836 0.0159901 0.0230332 -0.00655241 -0.00560897 0.00455707 -0.00804174 -0.00654788
internal_weight=33605 21480 12125 15341 12841 8865 6139 5467 5119 3260 11491 3438 1534 3398 2865 5061 1786 1040 373 2500 2221 3313 1215 1968
internal_count=33605 21480 12125 15341 12841 8865 6139 5467 5119 3260 11491 3438 1534 3398 2865 5061 1786 1040 373 2500 2221 3313 1215 1968
is_linear=0
shrinkage=0.03


Tree=98
num_leaves=25
num_cat=0
split_feature=1 1 1 2 22 22 3 8 11 12 24 22 22 16 9 11 13 22 22 3 1 22 22 12
split_gain=624.622 152.989 89.7317 41.3385 27.9284 34.01 43.7089 35.9686 31.6681 27.2895 25.7146 23.7426 23.5909 23.4145 21.6399 21.4597 21.2661 20.7944 27.6989 21.6329 19.8548 18.7732 18.5857 18.1638
threshold=26.015000000000004 28.815000000000001 22.895000000000003 38.305000000000007 328.50000000000006 46.500000000000007 21.985000000000003 597.50000000000011 5.0000000000000009 0.69000000000000006 3.5000000000000004 296.50000000000006 194.50000000000003 39.000000000000007 1.8500000000000003 -36.499999999999993 0.070000000000000021 248.50000000000003 69.500000000000014 23.815000000000001 20.345000000000002 88.500000000000014 82.500000000000014 0.66500000000000015
decision_type=2 2 2 2 2 2 2 2 2 2 2 2 2 2 2 2 2 2 2 2 2 2 2 2
left_child=2 9 10 15 5 13 8 -8 11 17 20 -7 -9 -4 -13 21 22 18 -2 -20 -1 -3 -5 -6
right_child=1 3 4 16 23 6 7 12 -10 -11 -12 14 -14 -15 -16 -17 -18 -19 19 -21 -22 -23 -24 -25
leaf_value=-0.014988776383417142 -0.0052875485409666512 -0.0025194525696111444 -0.007370696512001969 -0.015266435027799823 -0.013784753277183346 0.0048405471725461828 -0.0019623349765898845 -0.0044274297778293574 -0.0012980230987108287 0.0031775418131251894 -0.0044091321604683769 0.0061929743348119529 -0.015562008384783919 -0.0020045565309236455 -0.0059117499416506316 0.0046987226572636513 0.0058758007240678469 -0.006912613002058747 0.0031609773272541003 -0.0048908471687503724 -0.0076614404614753131 0.011279225556950181 0.012453549482967504 -0.0047043852354799812
leaf_weight=373 588 99 1441 22 262 1792 1559 330 3808 5176 2398 196 356 1487 413 3066 630 379 2045 352 3090 856 2072 815
leaf_count=373 588 99 1441 22 262 1792 1559 330 3808 5176 2398 196 356 1487 413 3066 630 379 2045 352 3090 856 2072 815
internal_value=5.28487e-13 0.00447773 -0.00373592 0.00785493 -0.00229588 -0.00185896 -0.000893867 -0.00448125 0.000403231 0.00181038 -0.00679709 0.00310143 -0.0102057 -0.00464547 -0.00201598 0.00592188 0.0107084 -0.000293204 0.00054725 0.00197857 -0.00845067 0.00984879 0.0121623 -0.00691335
internal_weight=33605 15285 18320 6745 12459 11382 8454 2245 6209 8540 5861 2401 686 2928 609 4021 2724 3364 2985 2397 3463 955 2094 1077
internal_count=33605 15285 18320 6745 12459 11382 8454 2245 6209 8540 5861 2401 686 2928 609 4021 2724 3364 2985 2397 3463 955 2094 1077
is_linear=0
shrinkage=0.03


Tree=99
num_leaves=25
num_cat=0
split_feature=2 8 22 22 22 8 22 22 22 12 0 1 0 22 6 20 2 3 3 1 3 2 26 22
split_gain=589.812 127.834 119.748 72.4853 70.8322 63.3311 49.5039 45.7988 43.7707 33.6178 29.6089 21.6137 20.7611 20.4268 19.6985 19.6422 18.9515 18.605 18.5666 18.1952 16.6979 16.1854 15.4428 15.3611
threshold=33.425000000000004 672.50000000000011 83.500000000000014 25.500000000000004 338.50000000000006 597.50000000000011 34.500000000000007 174.50000000000003 174.50000000000003 0.66500000000000015 9.4850000000000012 33.32500000000001 6.8050000000000006 162.50000000000003 16.455100000000005 0.51000000000000012 31.145000000000003 23.855000000000004 23.385000000000002 19.135000000000002 21.745000000000001 31.015000000000004 0.40403333333333336 122.50000000000001
decision_type=2 2 2 2 2 2 2 2 2 2 2 2 2 2 2 2 2 2 2 2 2 2 2 2
left_child=1 3 9 16 10 7 -3 11 -8 -2 15 22 21 18 -12 -5 19 -17 -7 -1 -16 -10 -4 -20
right_child=2 6 5 4 -6 13 8 -9 12 -11 14 -13 -14 -15 20 17 -18 -19 23 -21 -22 -23 -24 -25
leaf_value=-0.023910173889573502 -0.0046443025805512211 -0.0126796970285667 0.0082078376189442248 0.00250854064552749 -0.0071126833832389413 0.0054472555821940714 -0.0023144953869269616 -0.00092451458634557136 -0.0057416968217819516 0.0022231593418012103 -0.011674050744700234 0.014246176242020589 -0.011706899373942536 -0.014878221882380206 0.003021776537853983 7.6723258388696321e-05 -0.013336721003560696 -0.0079977143436336679 0.0034200671232125532 -0.0048424373206100236 -0.0046049123513419539 -0.02270361634257894 0.013879106508321918 -0.0045328307754321541
leaf_weight=46 878 1020 4593 3597 1350 1694 2254 411 1923 2382 241 735 890 55 371 6163 295 268 526 2159 851 52 477 374
leaf_count=46 878 1020 4593 3597 1350 1694 2254 411 1923 2382 241 735 890 55 371 6163 295 268 526 2159 851 52 477 374
internal_value=-2.02935e-12 -0.00298607 0.00528996 -0.00152204 -0.000612148 0.0070979 -0.0066446 0.0087532 -0.00544206 0.000373579 0.000151556 0.00943839 -0.00790262 0.00321368 -0.00383537 0.000733215 -0.00619561 -0.000259764 0.00359727 -0.00524022 -0.00228944 -0.00618829 0.00874141 0.000115196
internal_weight=33605 21480 12125 15341 12841 8865 6139 6216 5119 3260 11491 5805 2865 2649 1463 10028 2500 6431 2594 2205 1222 1975 5070 900
internal_count=33605 21480 12125 15341 12841 8865 6139 6216 5119 3260 11491 5805 2865 2649 1463 10028 2500 6431 2594 2205 1222 1975 5070 900
is_linear=0
shrinkage=0.03


Tree=100
num_leaves=25
num_cat=0
split_feature=2 12 22 22 8 1 22 25 22 12 22 22 22 3 7 22 22 3 6 1 1 7 24 5
split_gain=554.955 121.094 112.671 60.8801 60.1163 55.8781 42.8428 42.7958 35.6928 31.6309 23.5756 22.0032 22.6979 26.9509 35.8179 19.4802 29.2416 22.6279 23.5919 19.1139 18.3966 17.5877 17.5724 15.6893
threshold=33.425000000000004 0.63500000000000012 83.500000000000014 34.500000000000007 559.00000000000011 24.975000000000005 174.50000000000003 0.906241935483871 316.50000000000006 0.66500000000000015 164.50000000000003 312.50000000000006 35.500000000000007 22.875000000000004 75.322650000000024 21.500000000000004 344.50000000000006 21.435000000000006 15.881350000000001 35.335000000000008 19.135000000000002 73.832350000000005 2.5000000000000004 0.65155000000000007
decision_type=2 2 2 2 2 2 2 2 2 2 2 2 2 2 2 2 2 2 2 2 2 2 2 2
left_child=1 3 9 -1 6 15 19 8 -5 -2 21 12 -7 -14 -15 20 17 22 -19 -4 -3 -6 -17 -16
right_child=2 5 4 7 10 11 -8 -9 -10 -11 -12 -13 13 14 23 16 -18 18 -20 -21 -22 -23 -24 -25
leaf_value=-0.011684019902922633 -0.0045049734926432133 -0.026700722106002474 0.0093410018159492281 -0.0023752619261473975 -0.0013974742260421469 -0.006424769627555167 -0.00054386369107242932 -0.010190364118158908 -0.0087279965442983061 0.0021564645803273173 -0.01184923244355356 -0.0049388271653604326 0.0034610605400195358 -0.0083005729938955292 0.0040302547752554463 -0.0026682357787464603 -0.0070364895481202557 -0.014857455040616026 -0.0030397650147138749 0.023525098483881048 -0.005315731014767614 0.0050126487646299346 0.0015507402263437594 -0.0019742004990630324
leaf_weight=1360 878 37 4974 4239 445 316 406 1056 980 2382 85 540 3443 456 845 1453 923 181 950 87 1684 2868 2287 730
leaf_count=1360 878 37 4974 4239 445 316 406 1056 980 2382 85 540 3443 456 845 1453 923 181 950 87 1684 2868 2287 730
internal_value=2.30815e-13 -0.00289649 0.00513126 -0.00592973 0.00688497 -0.00122377 0.00883264 -0.00468258 -0.00356815 0.000362372 0.00375139 0.000852855 0.00139301 0.00184431 -0.000896436 -0.00297294 -0.0021405 -0.00121277 -0.00493101 0.00958483 -0.00577549 0.00415165 -8.83432e-05 0.00124724
internal_weight=33605 21480 12125 7635 8865 13845 5467 6275 5219 3260 3398 6330 5790 5474 2031 7515 5794 4871 1131 5061 1721 3313 3740 1575
internal_count=33605 21480 12125 7635 8865 13845 5467 6275 5219 3260 3398 6330 5790 5474 2031 7515 5794 4871 1131 5061 1721 3313 3740 1575
is_linear=0
shrinkage=0.03


Tree=101
num_leaves=25
num_cat=0
split_feature=1 1 2 8 22 22 26 22 22 3 8 24 12 26 3 22 16 3 16 22 2 3 2 6
split_gain=522.173 141.945 68.0033 37.866 31.9459 40.5787 30.625 30.4123 29.2542 37.8201 32.4973 27.3206 26.3357 24.1173 28.2103 25.6035 22.3567 22.3271 22.122 22.1192 21.5791 21.1673 25.4686 21.0522
threshold=27.575000000000003 24.495000000000001 38.305000000000007 785.00000000000011 26.500000000000004 338.50000000000006 0.26633870967741941 310.50000000000006 51.500000000000007 22.875000000000004 521.00000000000011 3.5000000000000004 0.66500000000000015 -0.22161290322580643 20.315000000000001 33.500000000000007 39.000000000000007 21.435000000000006 33.500000000000007 190.50000000000003 29.865000000000006 14.335000000000003 30.535000000000004 16.639450000000004
decision_type=2 2 2 2 2 2 2 2 2 2 2 2 2 2 2 2 2 2 2 2 2 2 2 2
left_child=1 3 6 4 21 11 -2 8 16 12 -11 -6 -10 14 15 -5 -3 20 -9 -12 -13 -1 -23 -7
right_child=2 7 -4 13 5 23 -8 18 9 10 19 17 -14 -15 -16 -17 -18 -19 -20 -21 -22 22 -24 -25
leaf_value=-0.012164603231750452 0.0033438923245941062 -0.0069736073668571989 0.0098476250325216508 -0.011169000351983066 -0.0030020779367274032 -0.00021680248518198185 0.0084657934388345998 -0.014304367743644844 -0.00021472376643787334 0.00067368910443952083 -0.0031556327594305564 0.0064935432237596931 0.0035664870575416105 -0.011131887326297125 -0.010465157536648118 -0.0016563006105194704 -0.00030574746612753299 -0.0046785020864815704 -0.0029061183502152184 -0.013183790189108705 -0.0007966299411428379 -0.0036992579692486593 -0.01308962156541277 -0.0089660254974004133
leaf_weight=478 5781 766 2733 315 2764 322 1284 193 2682 1165 504 850 4341 1054 761 1329 1106 393 744 326 641 1696 307 1070
leaf_count=478 5781 766 2733 315 2764 322 1284 193 2682 1165 504 850 4341 1054 761 1329 1106 393 744 326 641 1696 307 1070
internal_value=3.48968e-12 -0.00239907 0.00582922 -0.00470072 -0.00362611 -0.00244884 0.00427475 -6.76512e-05 0.000378584 0.00108702 -0.00255815 -0.00110317 0.00212249 -0.00734792 -0.00568958 -0.00347899 -0.00303416 0.00168271 -0.00525389 -0.0070944 0.0033594 -0.00649219 -0.00513852 -0.00694214
internal_weight=33605 23807 9798 11980 8521 6040 7065 11827 10890 9018 1995 4648 7023 3459 2405 1644 1872 1884 937 830 1491 2481 2003 1392
internal_count=33605 23807 9798 11980 8521 6040 7065 11827 10890 9018 1995 4648 7023 3459 2405 1644 1872 1884 937 830 1491 2481 2003 1392
is_linear=0
shrinkage=0.03


Tree=102
num_leaves=25
num_cat=0
split_feature=2 8 22 22 22 8 22 22 22 0 12 22 3 3 6 22 1 6 22 2 20 3 22 3
split_gain=493.252 108.879 102.505 60.9661 59.9956 55.4189 42.0885 42.0676 37.9838 27.2295 26.809 24.125 21.6837 20.2931 19.7932 19.7591 18.5743 18.2386 17.794 17.7354 17.5005 17.6312 17.2604 16.773
threshold=33.425000000000004 672.50000000000011 88.500000000000014 25.500000000000004 338.50000000000006 597.50000000000011 33.500000000000007 172.50000000000003 174.50000000000003 9.4850000000000012 0.79000000000000015 56.500000000000007 23.385000000000002 22.325000000000003 18.920200000000005 218.50000000000003 34.455000000000005 16.455100000000005 318.50000000000006 31.185000000000006 0.51000000000000012 23.975000000000005 122.50000000000001 16.305000000000003
decision_type=2 2 2 2 2 2 2 2 2 2 2 2 2 2 2 2 2 2 2 2 2 2 2 2
left_child=1 3 10 19 9 7 -3 16 -8 20 11 -2 -7 14 15 -10 -4 -11 -16 23 -5 -22 -14 -1
right_child=2 6 5 4 -6 12 8 -9 13 17 -12 -13 22 -15 18 -17 -18 -19 -20 -21 21 -23 -24 -25
leaf_value=-0.0082044104956121404 -0.0051370835196179378 -0.01177209947300214 0.0086275891957169424 0.0023912837865179945 -0.0065277688278402709 0.0050114452765712934 -0.0021320733031488471 -0.00034881716814617479 -0.014165137070202035 -0.011208253215589751 0.0053406306510584631 0.001018119239987186 0.0029005261614643324 -0.017665754683382277 -0.00024257944319080226 -0.0067651818001906172 0.016772136372601928 -0.0021781026451151895 -0.0099432458968714207 -0.012794989066202224 7.3890717550431886e-05 -0.0085680231155975794 -0.0055688150862025889 -0.0027910434512662002
leaf_weight=812 785 990 5142 3597 1350 1588 2284 468 420 241 877 2123 487 161 617 1432 265 1222 235 279 6211 220 390 1409
leaf_count=812 785 990 5142 3597 1350 1588 2284 468 420 241 877 2123 487 161 617 1432 265 1222 235 279 6211 220 390 1409
internal_value=-2.24045e-12 -0.00273072 0.0048376 -0.00137959 -0.000545121 0.00669584 -0.00610713 0.0082799 -0.00501792 0.00015774 0.000743088 -0.000643447 0.00292044 -0.00731854 -0.00670245 -0.00844336 0.00902676 -0.00366564 -0.00291823 -0.00566575 0.000715538 -0.000221743 -0.000865772 -0.00477018
internal_weight=33605 21480 12125 15341 12841 8340 6139 5875 5149 11491 3785 2908 2465 2865 2704 1852 5407 1463 852 2500 10028 6431 877 2221
internal_count=33605 21480 12125 15341 12841 8340 6139 5875 5149 11491 3785 2908 2465 2865 2704 1852 5407 1463 852 2500 10028 6431 877 2221
is_linear=0
shrinkage=0.03


Tree=103
num_leaves=25
num_cat=0
split_feature=2 22 8 8 22 22 22 22 22 12 0 22 3 6 3 22 3 1 3 2 6 3 22 7
split_gain=464.351 105.77 96.5958 57.6012 53.4906 54.0131 43.1712 38.2399 35.4873 32.2529 25.975 22.4431 19.5427 19.7377 34.5708 20.1473 26.3887 17.9697 16.9877 16.7079 15.814 15.755 15.9288 15.673
threshold=33.07500000000001 83.500000000000014 672.50000000000011 597.50000000000011 25.500000000000004 338.50000000000006 174.50000000000003 34.500000000000007 174.50000000000003 0.66500000000000015 9.4850000000000012 162.50000000000003 21.915000000000003 17.728850000000005 19.475000000000005 318.50000000000006 20.785000000000004 33.32500000000001 23.385000000000002 31.145000000000003 16.455100000000005 14.855000000000002 10.500000000000002 75.202200000000019
decision_type=2 2 2 2 2 2 2 2 2 2 2 2 2 2 2 2 2 2 2 2 2 2 2 2
left_child=2 9 4 6 19 10 17 -4 -9 -2 23 18 13 14 -10 16 -15 -3 -5 21 -12 22 -1 -6
right_child=1 3 7 11 5 -7 -8 8 12 -11 20 -13 -14 15 -16 -17 -18 -19 -20 -21 -22 -23 -24 -25
leaf_value=-0.018411470753609962 -0.0042436375788710897 0.0078408481501499091 -0.011325304693653698 0.0047309107166576131 -0.00087940353297761762 -0.0063319357541596726 0.00014906488463017136 -0.0019298419269088559 -0.0056500436542969764 0.0019226220826120267 -0.010898908631428436 -0.012049458612201977 -0.014186591053372605 0.0032325467668935562 -0.017800258372167754 -0.009427912783053799 -0.0060227947514047237 0.012853605833208683 -0.00029715542465188382 -0.012200880498246495 -0.0023463979273698077 -0.003312838818101258 -0.0059923466101963639 0.001622895594372224
leaf_weight=131 1068 5177 1020 1776 3791 1350 621 2051 641 2677 233 92 312 488 314 468 642 735 917 295 1180 1754 320 5552
leaf_count=131 1068 5177 1020 1776 3791 1350 621 2051 641 2677 233 92 312 488 314 468 642 735 917 295 1180 1754 320 5552
internal_value=7.61452e-12 0.00442224 -0.00281218 0.00613362 -0.0015007 -0.000675682 0.00767366 -0.00603917 -0.00494237 0.000164127 3.42416e-05 0.00252103 -0.00709898 -0.00623281 -0.00964498 -0.00419363 -0.0020258 0.00846405 0.00301879 -0.00549577 -0.00375668 -0.00459872 -0.00959968 0.000607567
internal_weight=33605 13063 20542 9318 14606 12106 6533 5936 4916 3745 10756 2785 2865 2553 955 1598 1130 5912 2693 2500 1413 2205 451 9343
internal_count=33605 13063 20542 9318 14606 12106 6533 5936 4916 3745 10756 2785 2865 2553 955 1598 1130 5912 2693 2500 1413 2205 451 9343
is_linear=0
shrinkage=0.03


Tree=104
num_leaves=25
num_cat=0
split_feature=1 1 13 22 25 22 2 22 22 3 8 22 3 22 6 24 26 26 12 11 3 22 22 22
split_gain=437.403 122.662 52.2157 34.0919 34.6052 37.4162 31.7149 28.4814 28.9921 29.5564 25.3398 28.6892 25.4074 25.1492 20.2056 18.5205 18.2788 17.5626 17.1206 16.3557 18.4395 15.954 15.9311 18.0747
threshold=25.665000000000003 28.815000000000001 0.11000000000000001 39.500000000000007 0.906241935483871 330.50000000000006 38.305000000000007 25.500000000000004 344.50000000000006 21.615000000000006 539.00000000000011 172.50000000000003 22.725000000000005 56.500000000000007 16.639450000000004 2.5000000000000004 -0.12882096774193563 -0.04973333333333347 0.69000000000000006 -36.499999999999993 24.705000000000002 88.500000000000014 83.500000000000014 128.50000000000003
decision_type=2 2 2 2 2 2 2 2 2 2 2 2 2 2 2 2 2 2 2 2 2 2 2 2
left_child=2 10 7 -4 5 -5 19 -1 9 15 -2 13 -13 -12 -11 -9 -15 -14 -8 21 -21 -3 -20 -24
right_child=1 6 3 4 -6 -7 18 8 -10 14 11 12 17 16 -16 -17 -18 -19 22 20 -22 -23 23 -25
leaf_value=-0.0050324019157813411 0.0027771868276051837 -0.0030967599219134585 -0.0093615488295333074 -0.0018920812810042287 -0.0092259987746557501 -0.0094735001026408239 0.0050674161253858527 -0.0015802398257988353 -0.0061184746568985057 -0.0079623086061318005 -0.0048295543876974356 -0.0017651521842114222 -0.025517501475289462 -0.0012573062790021551 -0.00140983971549508 0.0021493998330142611 0.0035544061605454385 -0.0081556869943684163 -0.011591888088090665 0.0055344422545121419 0.00067200510167929361 0.0096237179201241006 0.013127248211158965 0.0072740560232630895
leaf_weight=2198 5188 99 1527 3647 1030 698 711 1963 937 657 580 682 70 1063 1192 3076 2143 209 29 1978 1088 856 1197 787
leaf_count=2198 5188 99 1527 3647 1030 698 711 1963 937 657 580 682 70 1063 1192 3076 2143 209 29 1978 1088 856 1197 787
internal_value=-1.15118e-12 0.00344768 -0.00339777 -0.00540579 -0.00428199 -0.00310999 0.00656996 -0.00201501 -0.00116744 -0.000493935 0.00132792 -0.000255986 -0.00488512 0.000919026 -0.00373811 0.000696476 0.00195901 -0.0125117 0.0090693 0.00487679 0.00380896 0.00830505 0.0104828 0.0108054
internal_weight=33605 16680 16925 6902 5375 4345 6745 10023 7825 6888 9935 4747 961 3786 1849 5039 3206 279 2724 4021 3066 955 2013 1984
internal_count=33605 16680 16925 6902 5375 4345 6745 10023 7825 6888 9935 4747 961 3786 1849 5039 3206 279 2724 4021 3066 955 2013 1984
is_linear=0
shrinkage=0.03


Tree=105
num_leaves=25
num_cat=0
split_feature=2 22 12 8 22 22 22 22 13 25 22 0 22 2 7 1 3 1 26 6 22 12 22 3
split_gain=412.566 96.3522 87.216 60.5733 45.9054 38.0886 41.9165 35.7078 32.5726 32.5148 28.0986 23.5999 21.8818 19.7143 17.9309 17.2341 16.6051 16.4809 15.2939 15.2077 14.1823 13.7466 13.629 17.1418
threshold=33.07500000000001 70.500000000000014 0.63500000000000012 559.00000000000011 34.500000000000007 25.500000000000004 338.50000000000006 174.50000000000003 0.11000000000000001 0.906241935483871 316.50000000000006 9.4850000000000012 164.50000000000003 35.005000000000003 73.832350000000005 35.335000000000008 22.525000000000002 19.135000000000002 -0.093469354838709523 16.455100000000005 56.500000000000007 0.79000000000000015 105.50000000000001 22.845000000000002
decision_type=2 2 2 2 2 2 2 2 2 2 2 2 2 2 2 2 2 2 2 2 2 2 2 2
left_child=2 8 4 7 -1 17 11 15 13 10 16 -7 14 21 -5 22 18 -4 -6 -13 -15 -2 -3 -24
right_child=1 3 5 12 9 6 -8 -9 -10 -11 -12 19 -14 20 -16 -17 -18 -19 -20 -21 -22 -23 23 -25
leaf_value=-0.010240463274001205 0.000844955097292424 0.0058407634259767926 -0.024598954971376302 -0.0020284759539952193 -0.003122480648705509 0.00078553894465442783 -0.0057084639129246131 0.00040837246671421133 -0.0082753576532541406 -0.008922525107496573 -0.0076737756119757755 -0.010497455923316416 -0.0092725665366742756 -0.011282902630991029 0.0038343036809151687 0.021287749097521961 -0.0073026814343713558 -0.0044101005273388628 0.0008492359953482919 -0.0020410981967527854 -0.001180034950316488 0.0074663981917594642 0.016887364219751601 0.008392261978821652
leaf_weight=1360 1221 1998 37 546 1894 8398 1215 611 449 1054 979 233 135 170 3351 87 469 2213 1618 1072 473 367 228 3427
leaf_count=1360 1221 1998 37 546 1894 8398 1215 611 449 1054 979 233 135 170 3351 87 469 2213 1618 1072 473 367 228 3427
internal_value=3.20866e-12 0.00416837 -0.00265073 0.00547736 -0.00526293 -0.00118792 -0.000455467 0.0073031 -0.000902995 -0.00413732 -0.00312046 0.000202308 0.00260154 0.00058073 0.00301288 0.00803702 -0.00200072 -0.0047421 -0.00129269 -0.00355093 -0.00385109 0.00237523 0.00783309 0.00892219
internal_weight=33605 13063 20542 10383 7374 13168 10918 6351 2680 6014 4960 9703 4032 2231 3897 5740 3981 2250 3512 1305 643 1588 5653 3655
internal_count=33605 13063 20542 10383 7374 13168 10918 6351 2680 6014 4960 9703 4032 2231 3897 5740 3981 2250 3512 1305 643 1588 5653 3655
is_linear=0
shrinkage=0.03


Tree=106
num_leaves=25
num_cat=0
split_feature=2 22 12 8 22 22 22 22 25 16 22 22 25 5 3 22 1 1 3 26 6 3 15 2
split_gain=388.183 90.9316 82.0615 49.6615 43.2101 39.5621 35.8375 39.6048 30.2939 26.7258 27.1652 26.0108 24.0767 21.5664 20.0957 18.1289 15.8323 15.5069 15.3011 13.9257 13.8802 14.6221 13.455 13.2773
threshold=33.07500000000001 88.500000000000014 0.63500000000000012 597.50000000000011 33.500000000000007 174.50000000000003 25.500000000000004 328.50000000000006 0.906241935483871 39.000000000000007 59.500000000000007 316.50000000000006 -0.76867204301075265 0.65155000000000007 23.385000000000002 144.50000000000003 34.755000000000003 19.135000000000002 22.525000000000002 -0.093469354838709523 16.455100000000005 21.985000000000003 0.03500000000000001 31.145000000000003
decision_type=2 2 2 2 2 2 2 2 2 2 2 2 2 2 2 2 2 2 2 2 2 2 2 2
left_child=2 9 4 5 -1 16 17 12 11 10 -2 18 -8 -14 -5 -16 -3 -4 19 -6 -15 -22 -9 -19
right_child=1 3 6 14 8 -7 7 22 -10 -11 -12 -13 13 20 15 -17 -18 23 -20 -21 21 -23 -24 -25
leaf_value=-0.010023137225340841 -0.0069675197604586337 0.0077734674822219612 -0.023860986306256538 0.0042378423376908062 -0.0030559574318480866 7.7317491306468916e-05 0.0018030854137978502 -0.0032597692809683454 -0.0086548493449352861 0.0027360123923754259 0.00039178406560943396 -0.0074435623861059041 0.00030013827405422509 -0.0084662677261520356 0.00056389587898530514 -0.010984455448106766 0.01696803302889497 -0.0034097472848417729 -0.0070836009944703227 0.00071227556562679221 0.0029347395857665316 -0.004483674285883834 -0.009746636676814838 -0.010498290186549445
leaf_weight=1320 669 5379 37 1694 1914 621 4786 1295 1054 2237 1388 979 2864 457 755 146 174 1942 469 1638 340 806 370 271
leaf_count=1320 669 5379 37 1694 1914 621 4786 1295 1054 2237 1388 979 2864 457 755 146 174 1942 469 1638 340 806 370 271
internal_value=-1.55525e-12 0.00404332 -0.00257121 0.00579483 -0.00510505 0.00725849 -0.00115228 -0.000441803 -0.00403272 0.000466461 -0.00200169 -0.00305837 0.000324657 -0.00125935 0.00231249 -0.00130742 0.00806157 -0.00459983 -0.0019907 -0.00131824 -0.00404561 -0.00228275 -0.0047013 -0.0042778
internal_weight=33605 13063 20542 8769 7374 6174 13168 10918 6054 4294 2057 5000 9253 4467 2595 901 5553 2250 4021 3552 1603 1146 1665 2213
internal_count=33605 13063 20542 8769 7374 6174 13168 10918 6054 4294 2057 5000 9253 4467 2595 901 5553 2250 4021 3552 1603 1146 1665 2213
is_linear=0
shrinkage=0.03


Tree=107
num_leaves=25
num_cat=0
split_feature=1 1 13 22 25 2 22 3 12 22 22 22 22 3 3 3 6 22 22 20 22 22 26 3
split_gain=365.629 102.03 44.4559 29.3467 28.8848 28.4734 26.4359 24.035 23.5929 18.9439 22.8889 17.9083 17.7271 17.5993 16.3951 16.1339 24.0364 20.1367 15.6924 16.5729 15.3324 27.2353 14.6006 16.4263
threshold=25.665000000000003 28.815000000000001 0.11000000000000001 39.500000000000007 2.5754838709677421 38.305000000000007 336.50000000000006 16.305000000000003 0.69000000000000006 56.500000000000007 244.50000000000003 14.500000000000002 6.5000000000000009 22.235000000000003 24.065000000000001 19.475000000000005 17.728850000000005 176.50000000000003 83.500000000000014 0.51000000000000012 129.50000000000003 116.50000000000001 0.16612903225806477 24.705000000000002
decision_type=2 2 2 2 2 2 2 2 2 2 2 2 2 2 2 2 2 2 2 2 2 2 2 2
left_child=2 8 7 -4 6 22 15 11 9 -2 14 12 -1 -9 -11 -5 17 -17 -7 20 21 -20 23 -3
right_child=1 5 3 4 -6 18 -8 13 -10 10 -12 -13 -14 -15 -16 16 -18 -19 19 -21 -22 -23 -24 -25
leaf_value=0.0023443435153898758 -0.0071141811676731347 0.0049716631002150813 -0.0086294727435616038 -0.00069709212884099003 -0.012366466069115392 -0.012854715701072446 -0.009374688152420466 -0.0006439075385616022 0.0024042866669188737 0.0017688036566481749 -0.0055395392816749139 -0.0034318007499475551 -0.014023577416388195 -0.0048125143670604614 -0.0062232606115235059 -0.0052190669472442896 -0.0023951415162981131 -0.016248640534699332 0.0099391667837659559 0.0063046568950668657 0.0072164543280629689 0.022138417146983554 0.0072021351929525326 0.00024250571540646772
leaf_weight=74 363 1796 1527 2157 341 31 579 7278 5994 2774 552 1324 305 1042 252 410 1654 234 525 1373 555 240 1179 1046
leaf_count=74 363 1796 1527 2157 341 31 579 7278 5994 2774 552 1324 305 1042 252 410 1654 234 525 1373 555 240 1179 1046
internal_value=2.02054e-12 0.00315214 -0.00310651 -0.00495933 -0.00391667 0.00599975 -0.00334429 -0.00183063 0.00121886 -0.000584084 7.84164e-05 -0.00507775 -0.0108277 -0.00116599 0.00110324 -0.00256054 -0.00430964 -0.00922671 0.00836792 0.00861222 0.0110124 0.0137664 0.00439545 0.00323109
internal_weight=33605 16680 16925 6902 5375 6745 5034 10023 9935 3941 3578 1703 379 8320 3026 4455 2298 644 2724 2693 1320 765 4021 2842
internal_count=33605 16680 16925 6902 5375 6745 5034 10023 9935 3941 3578 1703 379 8320 3026 4455 2298 644 2724 2693 1320 765 4021 2842
is_linear=0
shrinkage=0.03


Tree=108
num_leaves=25
num_cat=0
split_feature=2 22 8 8 22 0 22 22 22 13 3 22 9 24 22 3 8 1 2 5 1 22 3 22
split_gain=345.273 83.1556 73.6821 52.7141 42.6285 42.1063 40.146 43.589 30.6901 29.1826 20.3688 22.7839 32.8258 20.6181 20.1251 19.7432 19.3276 19.2966 19.0709 18.977 17.5549 16.8051 20.5894 25.6666
threshold=33.07500000000001 70.500000000000014 559.00000000000011 559.00000000000011 33.500000000000007 9.4850000000000012 328.50000000000006 50.500000000000007 174.50000000000003 0.11000000000000001 22.325000000000003 294.50000000000006 1.8500000000000003 2.5000000000000004 164.50000000000003 22.785000000000004 785.00000000000011 23.895000000000003 35.005000000000003 0.65155000000000007 19.135000000000002 316.50000000000006 21.005000000000006 174.50000000000003
decision_type=2 2 2 2 2 2 2 2 2 2 2 2 2 2 2 2 2 2 2 2 2 2 2 2
left_child=2 9 6 8 -4 15 7 20 -3 18 11 13 -13 -9 -5 16 21 -14 -2 -12 -1 22 -6 -24
right_child=1 3 4 14 5 -7 -8 10 -10 -11 19 12 17 -15 -16 -17 -18 -19 -20 -21 -22 -23 23 -25
leaf_value=-0.023634039868290223 0.0022713703130337708 0.0074129300371085904 -0.0081689681451850137 0.0027410570274070505 0.0027277642702495742 -0.0086359260020141826 -0.0055537063336920378 0.00122557137432729 0.00034056151407898849 -0.0078761767484413613 0.0020198321276488555 0.0049182898367918755 0.0024633067117749968 0.007099308549820737 -0.0090409179020466083 -0.0082276919376880232 -0.003979787319414934 -0.010034031354678149 -0.0038524997573134794 -0.0031264909317933278 -0.0025601126758976597 -0.0041736886758612082 0.0087197623963651879 -0.0036080961723107775
leaf_weight=36 1588 5740 1980 3897 1611 1138 1295 873 611 449 1386 493 165 1401 135 492 2676 341 643 1206 3016 954 172 1307
leaf_count=36 1588 5740 1980 3897 1611 1138 1295 873 611 449 1386 493 165 1401 135 492 2676 341 643 1206 3016 954 172 1307
internal_value=6.05368e-13 0.00381329 -0.00242494 0.00502934 -0.00421137 -0.00327292 -0.000617864 9.89601e-05 0.00673253 -0.000897994 0.00161203 0.00318534 -0.000591033 0.00484435 0.00234657 -0.00242668 -0.00200196 -0.00595881 0.0005064 -0.000374638 -0.00280869 -0.000693188 0.000381374 -0.00217443
internal_weight=33605 13063 20542 10383 10330 8350 10212 8917 6351 2680 5865 3273 999 2274 4032 7212 6720 506 2231 2592 3052 4044 3090 1479
internal_count=33605 13063 20542 10383 10330 8350 10212 8917 6351 2680 5865 3273 999 2274 4032 7212 6720 506 2231 2592 3052 4044 3090 1479
is_linear=0
shrinkage=0.03


Tree=109
num_leaves=25
num_cat=0
split_feature=2 22 8 22 22 26 25 22 22 22 12 3 6 2 12 1 22 25 3 3 16 6 3 22
split_gain=324.867 79.6362 70.2793 39.5438 44.7179 39.4656 35.0972 27.723 28.3241 25.7978 25.4259 22.4021 24.1205 21.6858 21.7232 20.0264 19.5889 19.2393 18.6908 17.9389 17.7563 16.9037 30.5911 16.8564
threshold=33.07500000000001 90.500000000000014 672.50000000000011 33.500000000000007 312.50000000000006 -0.036016666666666891 -0.76867204301075265 34.500000000000007 174.50000000000003 160.50000000000003 0.76500000000000012 23.855000000000004 16.455100000000005 31.185000000000006 0.79000000000000015 35.335000000000008 51.500000000000007 -1.267059139784946 21.915000000000003 20.705000000000002 39.000000000000007 17.728850000000005 19.475000000000005 318.50000000000006
decision_type=2 2 2 2 2 2 2 2 2 2 2 2 2 2 2 2 2 2 2 2 2 2 2 2
left_child=2 10 3 13 6 -3 -5 -4 -9 15 16 12 19 14 -1 -7 -2 -15 21 -8 -6 22 -10 -23
right_child=1 5 7 4 20 9 11 8 18 -11 -12 -13 -14 17 -16 -17 -18 -19 -20 -21 -22 23 -24 -25
leaf_value=-0.0043277246146728142 -0.0059990956761181756 0.0033182941577751955 -0.0096056257732116661 0.0026816515136154017 -0.0062593931746766709 0.0080797067478297763 0.0040471530544424527 -0.0014794794620509577 -0.0046502177318443316 0.0018961250949195057 0.003817309985900217 -0.0092754377138970258 0.00073638288096896493 -0.015713414363213357 0.0027679821435532071 0.025553382030688226 0.00010304716164648112 -0.0027974241511500705 -0.013028939011296294 -0.0060570359637181102 -0.0013442841338594485 -0.0013804480901961674 -0.016079710918403777 -0.0081510989462250834
leaf_weight=2407 583 4185 1020 4068 1324 3654 190 2051 641 653 1408 286 3174 253 463 60 2520 176 312 943 1322 1130 314 468
leaf_count=2407 583 4185 1020 4068 1324 3654 190 2051 641 653 1408 286 3174 253 463 60 2520 176 312 943 1322 1130 314 468
internal_value=2.32329e-12 0.00369889 -0.00235219 -0.00123354 -0.000390373 0.0054001 0.000652423 -0.00510472 -0.00417085 0.00739515 0.000473726 -0.00114486 -0.000604956 -0.0041234 -0.00318302 0.008362 -0.00104344 -0.0104145 -0.00609755 -0.0043626 -0.0038037 -0.00525047 -0.00840819 -0.00336334
internal_weight=33605 13063 20542 14606 11307 8552 8661 5936 4916 4367 4511 4593 4307 3299 2870 3714 3103 429 2865 1133 2646 2553 955 1598
internal_count=33605 13063 20542 14606 11307 8552 8661 5936 4916 4367 4511 4593 4307 3299 2870 3714 3103 429 2865 1133 2646 2553 955 1598
is_linear=0
shrinkage=0.03


Tree=110
num_leaves=25
num_cat=0
split_feature=2 22 12 8 22 22 22 22 25 12 0 22 22 22 3 22 3 22 6 3 26 16 6 1
split_gain=305.667 74.9297 66.2123 38.1981 35.3854 32.9833 29.2026 33.496 25.8599 23.9232 21.4067 20.7894 18.4312 18.0545 17.914 17.9686 14.742 17.2183 17.6509 15.1151 15.0367 14.6561 13.5443 13.2577
threshold=33.07500000000001 90.500000000000014 0.63500000000000012 559.00000000000011 34.500000000000007 174.50000000000003 25.500000000000004 338.50000000000006 2.5754838709677421 0.76500000000000012 10.525 164.50000000000003 51.500000000000007 330.50000000000006 23.385000000000002 122.50000000000001 21.085000000000004 206.50000000000003 17.728850000000005 22.585000000000004 0.085793548387096991 36.500000000000007 16.455100000000005 19.135000000000002
decision_type=2 2 2 2 2 2 2 2 2 2 2 2 2 2 2 2 2 2 2 2 2 2 2 2
left_child=2 9 4 5 -1 -3 23 10 13 12 -8 14 21 16 -5 -16 20 18 -18 -20 -6 -2 -12 -4
right_child=1 3 6 11 8 -7 7 -9 -10 -11 22 -13 -14 -15 15 -17 17 -19 19 -21 -22 -23 -24 -25
leaf_value=-0.0089277806187859389 -0.011840823110986613 0.0076573217172696099 -0.021928750993935642 0.0049530433917802487 -0.0017529085211547427 0.00024776414826984094 0.00074203649943297811 -0.0050615294943261828 -0.011593239977399345 0.0037027906789483659 -0.010595998800564103 -0.0088528052786116147 9.9955739055141224e-05 -0.0075980316684473234 0.004052185390674529 -0.0033602081237746567 -0.012994113918246631 -0.0078066832474687235 0.0042675111326112205 -0.0045891568349729706 0.0078159419422248189 -0.00206185019886365 -0.0020989342020304468 -0.0038213887737322334
leaf_weight=1360 224 4699 37 1929 3182 611 8541 1215 341 1408 205 135 2520 700 575 603 107 833 368 328 155 359 957 2213
leaf_count=1360 224 4699 37 1929 3182 611 8541 1215 341 1408 205 135 2520 700 575 603 107 833 368 328 155 359 957 2213
internal_value=3.52208e-12 0.00358793 -0.00228162 0.0052381 -0.00455765 0.00680473 -0.00100706 -0.000365716 -0.00356939 0.000459514 0.000222289 0.00267214 -0.00101214 -0.00308709 0.00317291 0.000257896 -0.00245213 -0.00478492 -0.00165027 9.36791e-05 -0.00130845 -0.00581912 -0.00359799 -0.00411915
internal_weight=33605 13063 20542 8552 7374 5310 13168 10918 6014 4511 9703 3242 3103 5673 3107 1178 4973 1636 803 696 3337 583 1162 2250
internal_count=33605 13063 20542 8552 7374 5310 13168 10918 6014 4511 9703 3242 3103 5673 3107 1178 4973 1636 803 696 3337 583 1162 2250
is_linear=0
shrinkage=0.03


Tree=111
num_leaves=25
num_cat=0
split_feature=2 22 8 8 22 22 25 22 13 22 22 3 6 2 12 2 2 22 3 3 16 7 2 26
split_gain=287.602 70.9149 62.7823 45.6053 35.474 40.6315 32.7064 26.5671 26.283 24.5888 25.0371 21.1135 22.5623 20.7789 20.6338 23.4453 18.5282 17.7524 17.5192 16.8381 16.5637 16.3944 16.0584 14.4169
threshold=33.07500000000001 70.500000000000014 672.50000000000011 559.00000000000011 33.500000000000007 312.50000000000006 -0.76867204301075265 174.50000000000003 0.11000000000000001 33.500000000000007 174.50000000000003 23.855000000000004 16.455100000000005 32.195000000000007 0.79000000000000015 30.495000000000001 35.005000000000003 164.50000000000003 21.915000000000003 20.705000000000002 39.000000000000007 73.832350000000005 23.285000000000004 -0.17141720430107546
decision_type=2 2 2 2 2 2 2 2 2 2 2 2 2 2 2 2 2 2 2 2 2 2 2 2
left_child=2 8 4 7 13 6 -6 -3 16 -4 -11 12 19 14 15 -1 -2 21 22 -8 -7 -5 -12 -21
right_child=1 3 9 17 5 20 11 -9 -10 10 18 -13 -14 -15 -16 -17 -18 -19 -20 23 -22 -23 -24 -25
leaf_value=-0.0032103918567651371 0.0022020298739833938 0.0068205119330780623 -0.0091304673722867533 -0.0023420739688163436 0.0025956311131874149 -0.005982697264754029 0.0039392816973359956 0.00024033121222880881 -0.0074928779692678424 -0.0014464612979569037 -0.010969107983451661 -0.0089915396541624063 0.00072318151842654002 -0.022178202518388968 0.0012715496734201127 -0.0099720003125483223 -0.0038340758176386128 -0.0085872211412837095 -0.012480664158924459 -0.01686810260056518 -0.0012355177819731668 0.0032638864834644162 -0.0040094306147749077 -0.0046011654094525846
leaf_weight=2011 1588 5740 990 546 4068 1324 190 611 449 2081 345 286 3174 55 634 599 643 135 312 96 1322 3351 2208 847
leaf_count=2011 1588 5740 990 546 4068 1324 190 611 449 2081 345 286 3174 55 634 599 643 135 312 96 1322 3351 2208 847
internal_value=-6.41202e-13 0.00348029 -0.00221317 0.00460328 -0.00115587 -0.000357273 0.000636735 0.00618746 -0.000870444 -0.00481475 -0.00395091 -0.00109825 -0.000574108 -0.00389299 -0.00358297 -0.00476219 0.000462354 0.00210795 -0.00577003 -0.00420835 -0.0036109 0.00247845 -0.00494993 -0.00584997
internal_weight=33605 13063 20542 10383 14606 11307 8661 6351 2680 5936 4946 4593 4307 3299 3244 2610 2231 4032 2865 1133 2646 3897 2553 943
internal_count=33605 13063 20542 10383 14606 11307 8661 6351 2680 5936 4946 4593 4307 3299 3244 2610 2231 4032 2865 1133 2646 3897 2553 943
is_linear=0
shrinkage=0.03


Tree=112
num_leaves=25
num_cat=0
split_feature=1 2 8 2 22 22 22 3 22 22 3 24 3 26 26 7 0 22 3 12 22 22 22 9
split_gain=271.088 85.5425 38.7859 29.9703 30.6074 31.7251 29.4878 29.2943 29.0657 41.1889 25.2183 24.3253 22.5233 21.8189 19.4199 18.5089 15.8059 15.2581 23.3856 14.6638 14.476 15.4682 26.4336 28.2195
threshold=25.315000000000001 38.305000000000007 539.00000000000011 24.515000000000004 25.500000000000004 344.50000000000006 172.50000000000003 22.525000000000002 186.50000000000003 61.500000000000007 22.235000000000003 3.5000000000000004 15.515000000000002 -0.15090322580645152 -0.04973333333333347 76.966650000000016 3.6450000000000005 129.50000000000003 24.025000000000002 0.76500000000000012 83.500000000000014 128.50000000000003 116.50000000000001 1.3
decision_type=2 2 2 2 2 2 2 2 2 2 2 2 2 2 2 2 2 2 2 2 2 2 2 2
left_child=3 2 8 -1 12 10 13 -8 9 15 11 -6 -5 -4 -9 -2 -10 -11 -19 -13 -3 22 -22 -24
right_child=1 20 6 4 5 -7 7 14 16 17 -12 19 -14 -15 -16 -17 -18 18 -20 -21 21 -23 23 -25
leaf_value=-0.0085348883713883914 0.00299993190917243 -0.01300403372895333 -0.0027125395288003667 -0.009082399268117337 -0.0020813737174955136 -0.006223828444457102 -0.0010073190349109949 -0.021029992659479892 0.001867710363076012 0.0040943417030284814 -0.0057964986422071778 0.00037698121848485247 -0.0035523666004571583 0.0018933803705306323 -0.0066532494593523625 -0.0048052433571636726 -0.0031034797812224662 0.013480144622181943 0.0055810498119110812 0.0062513920494724354 0.0066952949466865036 0.0046312346367078988 0.034063292823731897 0.012319332099333219
leaf_weight=810 529 31 1181 954 5516 1345 895 116 2107 2878 1020 3219 2172 4281 312 566 792 457 1288 434 1138 991 60 513
leaf_count=810 529 31 1181 954 5516 1345 895 116 2107 2878 1020 3219 2172 4281 312 566 792 457 1288 434 1138 991 60 513
internal_value=1.35821e-12 0.00248863 0.0016207 -0.00291735 -0.00260696 -0.00189334 -7.5872e-05 -0.00409436 0.00295658 0.00419719 -0.00132169 -0.00082389 -0.00524003 0.000897483 -0.0105497 -0.00103452 0.000509593 0.00543637 0.00764975 0.0010749 0.00737991 0.00761377 0.00934124 0.0145962
internal_weight=33605 18135 15402 15470 14660 11534 6785 1323 8617 5718 10189 9169 3126 5462 428 1095 2899 4623 1745 3653 2733 2702 1711 573
internal_count=33605 18135 15402 15470 14660 11534 6785 1323 8617 5718 10189 9169 3126 5462 428 1095 2899 4623 1745 3653 2733 2702 1711 573
is_linear=0
shrinkage=0.03


Tree=113
num_leaves=25
num_cat=0
split_feature=1 2 8 19 22 3 22 22 22 22 3 24 26 26 6 2 3 2 3 7 1 22 3 26
split_gain=255.066 80.4869 36.4937 28.9754 27.745 27.563 27.3479 38.7546 20.5847 21.5827 29.6601 22.6254 20.5294 18.2722 17.4253 15.2645 15.0728 17.0488 14.9637 25.2378 14.5353 14.3617 16.1329 18.4359
threshold=25.315000000000001 38.305000000000007 539.00000000000011 6.8500000000000005 172.50000000000003 22.525000000000002 186.50000000000003 61.500000000000007 25.500000000000004 344.50000000000006 21.745000000000001 3.5000000000000004 -0.15090322580645152 -0.04973333333333347 16.639450000000004 23.285000000000004 16.845000000000002 29.665000000000003 23.535000000000004 79.153350000000017 19.135000000000002 38.500000000000007 20.315000000000001 -0.22161290322580643
decision_type=2 2 2 2 2 2 2 2 2 2 2 2 2 2 2 2 2 2 2 2 2 2 2 2
left_child=3 2 6 15 12 -6 7 14 16 10 11 -10 -4 -7 -2 -1 17 20 -8 -20 -5 -17 23 -23
right_child=1 -3 4 8 5 13 18 -9 9 -11 -12 -13 -14 -15 -16 21 -18 -19 19 -21 -22 22 -24 -25
leaf_value=-0.010730822346553627 0.0052142446008951373 0.0071585109493138817 -0.0026311633463615394 -0.017761550789842238 -0.00097709945984823408 -0.020399092869704653 0.0019068135683465756 0.005273277878193313 -0.0012133576029081244 -0.005275443999989568 -0.0043812028387645507 0.0026576348143065227 0.0018365789430609953 -0.0064536519814590481 -0.0033069287134303558 -0.0072541336249106357 -0.0019661267804948861 -0.011620589240716071 -0.0078719642828398041 0.0023415539840528823 -0.0029634235358827299 -4.4121826225942386e-05 -0.0064960324483169674 -0.0055157198900676998
leaf_weight=355 296 2733 1181 65 895 116 2028 4623 3353 1037 1508 2285 4281 312 799 1100 1176 420 438 433 738 1562 1012 859
leaf_count=355 296 2733 1181 65 895 116 2028 4623 3353 1037 1508 2285 4281 312 799 1100 1176 420 438 433 738 1562 1012 859
internal_value=1.12837e-13 0.00241397 0.00157208 -0.00282983 -7.35958e-05 -0.00397153 0.00286788 0.00407127 -0.00194741 -0.00123099 -0.000644073 0.0003555 0.000870559 -0.0102333 -0.00100349 -0.00474016 -0.00439113 -0.00672294 0.000494305 -0.00279452 -0.00416128 -0.004271 -0.00331515 -0.00198551
internal_weight=33605 18135 15402 15470 6785 1323 8617 5718 10582 8183 7146 5638 5462 428 1095 4888 2399 1223 2899 871 803 4533 3433 2421
internal_count=33605 18135 15402 15470 6785 1323 8617 5718 10582 8183 7146 5638 5462 428 1095 4888 2399 1223 2899 871 803 4533 3433 2421
is_linear=0
shrinkage=0.03


Tree=114
num_leaves=25
num_cat=0
split_feature=1 2 8 8 22 3 22 22 22 3 3 26 3 26 22 6 3 21 22 6 7 26 22 26
split_gain=239.992 75.7302 34.3369 27.4234 26.1053 25.934 25.7316 36.4642 20.3788 21.2197 20.0763 19.0945 24.0009 17.1923 17.1176 19.5771 18.2572 28.2701 24.5958 33.6132 16.7632 16.472 15.7825 15.7136
threshold=25.315000000000001 38.305000000000007 539.00000000000011 785.00000000000011 172.50000000000003 22.525000000000002 186.50000000000003 61.500000000000007 56.500000000000007 24.595000000000002 16.035000000000004 -0.22161290322580643 20.315000000000001 -0.04973333333333347 338.50000000000006 17.792250000000006 21.615000000000006 3.5000000000000004 294.50000000000006 16.455100000000005 76.966650000000016 -0.12882096774193563 14.500000000000002 -0.26966666666666655
decision_type=2 2 2 2 2 2 2 2 2 2 2 2 2 2 2 2 2 2 2 2 2 2 2 2
left_child=3 2 6 10 8 -6 7 20 -4 21 22 12 23 -7 16 -16 17 -12 19 -19 -2 -10 -1 -5
right_child=1 -3 4 11 5 13 -8 -9 9 -11 14 -13 -14 -15 15 -17 -18 18 -20 -21 -22 -23 -24 -25
leaf_value=-0.0094283285972037532 0.0028661020547735292 0.0069437556107812097 -0.0038284193623425939 -0.0035935540334308225 -0.00094778648353904967 -0.019787120101090263 0.00047947593358507832 0.0051150795540925503 -0.00068083797991851265 -0.0057036183030147311 -0.002002166977183739 -0.0083539029311139896 -0.007590167163944222 -0.0062600424488202687 -0.0011082550371571771 -0.009423935229638648 -0.003653714467986768 -0.0010566780369026673 -0.00094921564397900749 0.0080190779285857217 -0.0045618782009140216 0.0033224697902310275 -0.0032403098591605524 0.0022003162231865438
leaf_weight=483 529 2733 728 1310 895 116 2899 4623 1323 336 3688 1059 933 312 532 489 1805 596 1398 957 566 3075 1599 621
leaf_count=483 529 2733 728 1310 895 116 2899 4623 1323 336 3688 1059 933 312 532 489 1805 596 1398 957 566 3075 1599 621
internal_value=4.82835e-12 0.00234155 0.00152492 -0.00274493 -7.13879e-05 -0.00385239 0.00278185 0.00394914 0.000844442 0.00156304 -0.0020087 -0.00491195 -0.00363924 -0.00992626 -0.00142201 -0.00509099 -0.000978384 -0.000251019 0.00193747 0.00453604 -0.000973384 0.0021182 -0.00467586 -0.00173027
internal_weight=33605 18135 15402 15470 6785 1323 8617 5718 5462 4734 11547 3923 2864 428 9465 1021 8444 6639 2951 1553 1095 4398 2082 1931
internal_count=33605 18135 15402 15470 6785 1323 8617 5718 5462 4734 11547 3923 2864 428 9465 1021 8444 6639 2951 1553 1095 4398 2082 1931
is_linear=0
shrinkage=0.03


Tree=115
num_leaves=25
num_cat=0
split_feature=1 1 22 22 13 8 2 20 3 22 25 22 7 22 3 7 3 6 3 3 22 22 22 22
split_gain=225.809 71.4735 27.7331 40.9429 26.3428 26.286 20.7424 20.4267 22.3772 19.0457 20.1098 18.9065 18.2268 17.844 35.7225 25.6614 15.3333 15.2971 14.6084 14.3465 14.2975 16.5355 14.229 14.1878
threshold=25.315000000000001 30.535000000000004 186.50000000000003 56.500000000000007 0.11000000000000001 645.00000000000011 35.005000000000003 0.51000000000000012 23.975000000000005 39.500000000000007 2.5754838709677421 336.50000000000006 73.832350000000005 129.50000000000003 23.175000000000004 75.322650000000024 20.315000000000001 17.728850000000005 23.245000000000001 16.305000000000003 14.500000000000002 6.5000000000000009 172.50000000000003 128.50000000000003
decision_type=2 2 2 2 2 2 2 2 2 2 2 2 2 2 2 2 2 2 2 2 2 2 2 2
left_child=4 2 3 6 19 13 -2 -4 -9 -6 11 16 -3 -5 -15 -16 -11 22 -7 20 21 -1 -18 -14
right_child=1 12 7 5 9 18 -8 8 -10 10 -12 -13 23 14 15 -17 17 -19 -20 -21 -22 -23 -24 -25
leaf_value=0.0034974073380156343 -0.0010606140119307644 -0.015492883213928768 0.0012275381752465447 0.0029223141609713292 -0.007054679814031648 0.0016818673276461956 -0.011829282501533341 -0.0021644761199243194 -0.015245994928381627 -0.0006481284581303353 -0.010252591020685738 -0.0077954999977737317 0.0079251097322040782 0.013567644873342204 7.5261124420624109e-05 0.0079341193367666613 -0.0073654612231750091 -0.003014344889406724 -0.0035623513501273785 -0.001023270422511895 -0.0026097498365825252 -0.01231085682208039 -0.024275248988997189 0.0041125159053486595
leaf_weight=74 1394 35 2168 4141 1518 2147 182 1784 126 2669 341 576 2014 474 727 770 209 1163 615 7245 1313 305 57 1558
leaf_count=74 1394 35 2168 4141 1518 2147 182 1784 126 2669 341 576 2014 474 727 770 209 1163 615 7245 1313 305 57 1558
internal_value=-1.2684e-12 0.00227131 0.00133287 0.00215168 -0.00266258 0.00294303 -0.0023042 -0.000765355 -0.00302745 -0.00411051 -0.00321933 -0.00270621 0.00605107 0.00404063 0.00639018 0.00411756 -0.00199088 -0.00449878 0.000514165 -0.00160414 -0.00409137 -0.00922428 -0.010989 0.00626217
internal_weight=33605 18135 14528 10450 15470 8874 1576 4078 1910 6533 5015 4674 3607 6112 1971 1497 4098 1429 2762 8937 1692 379 266 3572
internal_count=33605 18135 14528 10450 15470 8874 1576 4078 1910 6533 5015 4674 3607 6112 1971 1497 4098 1429 2762 8937 1692 379 266 3572
is_linear=0
shrinkage=0.03


Tree=116
num_leaves=25
num_cat=0
split_feature=2 22 8 22 22 22 0 26 12 22 3 7 3 1 22 22 2 22 6 3 3 22 22 8
split_gain=212.549 60.1079 51.2624 30.1028 30.6105 29.8256 32.5983 25.2742 22.4325 20.739 19.0804 22.9974 17.1404 16.9726 15.9056 15.7772 15.0883 14.3824 16.0343 21.4808 17.8597 26.6735 18.7946 15.8526
threshold=33.07500000000001 94.500000000000014 559.00000000000011 328.50000000000006 50.500000000000007 33.500000000000007 9.4850000000000012 -0.036016666666666891 0.76500000000000012 160.50000000000003 23.115000000000006 79.153350000000017 22.785000000000004 35.335000000000008 192.50000000000003 51.500000000000007 31.185000000000006 316.50000000000006 14.099000000000002 19.105000000000004 20.965000000000003 192.50000000000003 92.500000000000014 645.00000000000011
decision_type=2 2 2 2 2 2 2 2 2 2 2 2 2 2 2 2 2 2 2 2 2 2 2 2
left_child=2 8 3 4 -1 16 12 -3 15 13 -6 14 17 -9 -12 -2 -4 18 19 -7 22 -22 -20 -23
right_child=1 7 5 -5 10 6 -8 9 -10 -11 11 -13 -14 -15 -16 -17 -18 -19 20 -21 21 23 -24 -25
leaf_value=-0.0022112296591453857 -0.0054431538779733226 0.0028753519042191492 -0.0059751212450354415 -0.0046694166225041385 0.0024878937256481255 3.3974375777864721e-05 -0.0073265008391261667 0.0068736323198520174 0.0034223172994288405 0.0013245071518587185 0.0009201467547671953 0.0045109388724628953 -0.0072682316227895543 0.022968986335094088 -0.0066510025658712436 -2.877589962403e-05 -0.016124908329902991 -0.0041367652191032769 -0.00083714959871255786 -0.0073655976310588551 0.0043336223176129243 -0.00042803842869270346 0.0048859486557029947 -0.0069751435300547835
leaf_weight=3052 583 3960 1838 1295 4384 744 1138 3416 1528 653 401 418 492 60 662 2863 142 1430 988 672 457 601 1082 746
leaf_count=3052 583 3960 1838 1295 4384 744 1138 3416 1528 653 401 418 492 60 662 2863 142 1430 988 672 457 601 1082 746
internal_value=1.6493e-12 0.00299191 -0.00190261 -0.000395324 0.000225394 -0.00339267 -0.0026077 0.00458768 0.000396775 0.00622993 0.00149335 -0.00145065 -0.0018631 0.00715146 -0.00379491 -0.000944789 -0.00670304 -0.00146737 -0.000745776 -0.00347769 0.000252775 -0.00192918 0.00215434 -0.00405398
internal_weight=33605 13063 20542 10212 8917 10330 8350 8089 4974 4129 5865 1481 7212 3476 1063 3446 1980 6720 5290 1416 3874 1804 2070 1347
internal_count=33605 13063 20542 10212 8917 10330 8350 8089 4974 4129 5865 1481 7212 3476 1063 3446 1980 6720 5290 1416 3874 1804 2070 1347
is_linear=0
shrinkage=0.03


Tree=117
num_leaves=25
num_cat=0
split_feature=1 2 8 2 22 22 12 3 22 3 22 22 24 8 26 2 8 26 6 0 3 22 22 22
split_gain=200.033 64.8771 30.4248 24.7384 24.4931 28.331 25.5397 24.2899 22.7969 24.0007 21.9782 30.4321 21.2498 18.7961 17.8074 16.3559 16.4774 15.9868 15.6304 14.2931 13.5768 30.4893 13.5742 14.0781
threshold=25.315000000000001 38.305000000000007 539.00000000000011 24.515000000000004 33.500000000000007 346.50000000000006 0.76500000000000012 21.615000000000006 172.50000000000003 22.525000000000002 194.50000000000003 61.500000000000007 3.5000000000000004 645.00000000000011 -0.15090322580645152 30.495000000000001 672.50000000000011 -0.04973333333333347 16.639450000000004 3.8150000000000004 23.855000000000004 95.500000000000014 83.500000000000014 128.50000000000003
decision_type=2 2 2 2 2 2 2 2 2 2 2 2 2 2 2 2 2 2 2 2 2 2 2 2
left_child=3 2 10 -1 6 7 15 12 14 -10 11 18 -6 -9 -4 16 -5 -11 -2 -12 21 -16 -3 -24
right_child=1 22 8 4 5 -7 -8 13 9 17 19 -13 -14 -15 20 -17 -18 -19 -20 -21 -22 -23 23 -25
leaf_value=-0.0076097305657523168 0.004964282996181687 -0.013341339055088258 -0.0025262192717361424 -0.0028218289028292651 -0.0014216006043649609 -0.0057424969285469023 0.00023489229231296517 -0.0018926464502358985 -0.00085979156974474145 -0.019006003040141939 0.0016000448794856461 0.0046161052557722633 0.0018692236700653634 -0.0082581611040186843 -0.00028317320163452267 -0.010474950770333568 -0.0077169991946046167 -0.0059617809070147566 -0.0031061070623844543 -0.0034050606601982729 -0.0024513199634570628 0.0052018799333420429 0.0082719085208121396 0.0037785202578231964
leaf_weight=810 296 31 1181 1772 4400 1226 917 1347 895 116 2016 4817 2950 605 1912 492 951 312 799 689 625 1744 1711 991
leaf_count=810 296 31 1181 1772 4400 1226 917 1347 895 116 2016 4817 2950 605 1912 492 951 312 799 689 625 1744 1711 991
internal_value=-4.06723e-12 0.00213775 0.00138189 -0.00250601 -0.00222402 -0.00145581 -0.00418137 -0.000890821 -0.000120733 -0.00365403 0.00256505 0.00358989 -0.000100794 -0.00386556 0.000735099 -0.005441 -0.00453145 -0.00949713 -0.000924522 0.000325177 0.0016348 0.00233333 0.00639743 0.00662389
internal_weight=33605 18135 15402 15470 14660 10528 4132 9302 6785 1323 8617 5912 7350 1952 5462 3215 2723 428 1095 2705 4281 3656 2733 2702
internal_count=33605 18135 15402 15470 14660 10528 4132 9302 6785 1323 8617 5912 7350 1952 5462 3215 2723 428 1095 2705 4281 3656 2733 2702
is_linear=0
shrinkage=0.03


Tree=118
num_leaves=25
num_cat=0
split_feature=1 2 8 13 22 3 22 22 3 22 3 22 25 22 26 7 0 3 8 3 3 22 22 3
split_gain=188.211 61.0429 28.6267 23.4487 21.577 24.5767 20.6793 28.6336 17.5118 23.0157 16.4743 16.4149 17.5388 17.1645 15.1427 14.8753 13.4484 13.2289 12.8224 12.6487 14.2041 13.5347 15.6342 12.5518
threshold=25.315000000000001 38.305000000000007 539.00000000000011 0.11000000000000001 176.50000000000003 22.525000000000002 194.50000000000003 61.500000000000007 24.595000000000002 95.500000000000014 22.625000000000004 39.500000000000007 2.5754838709677421 330.50000000000006 -0.04973333333333347 76.966650000000016 3.8150000000000004 28.845000000000002 785.00000000000011 16.305000000000003 22.205000000000002 14.500000000000002 6.5000000000000009 20.315000000000001
decision_type=2 2 2 2 2 2 2 2 2 2 2 2 2 2 2 2 2 2 2 2 2 2 2 2
left_child=3 2 6 19 8 -6 7 15 9 -4 18 -5 13 23 -7 -2 -8 -3 -11 21 -21 22 -1 -13
right_child=1 17 4 11 5 14 16 -9 -10 10 -12 12 -14 -15 -16 -17 -18 -19 -20 20 -22 -23 -24 -25
leaf_value=0.0036083686862666336 0.0027200369081646554 0.0056662759154540729 -0.0010587372181699451 -0.0065301875928771153 -0.00095731266248886681 -0.020720158000476656 0.0015520435300205853 0.0044776221149543426 -0.0058872713870726312 0.0073045615085433491 0.00080675802305120935 -0.00048058221447647208 -0.0095378665079511541 -0.0068440255619267552 -0.0066725661345280116 -0.0042771744951082338 -0.0033029088752796394 0.014284465949198131 0.00079636608759642812 -0.00042806661451336777 -0.0047331982926638082 -0.0023260941333651699 -0.011763035954373171 -0.0040007399174628181
leaf_weight=74 529 2562 2369 1518 884 92 2016 4817 342 932 1504 2566 341 694 277 566 689 171 385 6473 772 1313 305 1414
leaf_count=74 529 2562 2369 1518 884 92 2016 4817 342 932 1504 2566 341 694 277 566 689 171 385 6473 772 1313 305 1414
internal_value=4.65295e-12 0.00207361 0.00134043 -0.00243083 -0.000117111 -0.00367184 0.0024881 0.00348219 0.000688037 0.00112132 0.00295208 -0.00379691 -0.00296957 -0.00249037 -0.0101749 -0.000896787 0.000315422 0.0062055 0.00540201 -0.00143222 -0.000886805 -0.00376765 -0.00876176 -0.00173121
internal_weight=33605 18135 15402 15470 6785 1253 8617 5912 5532 5190 2821 6533 5015 4674 369 1095 2705 2733 1317 8937 7245 1692 379 3980
internal_count=33605 18135 15402 15470 6785 1253 8617 5912 5532 5190 2821 6533 5015 4674 369 1095 2705 2733 1317 8937 7245 1692 379 3980
is_linear=0
shrinkage=0.03


Tree=119
num_leaves=25
num_cat=0
split_feature=2 22 8 22 22 3 7 24 26 22 22 26 2 12 2 6 22 5 16 1 3 3 26 3
split_gain=177.231 52.1973 45.3845 30.7161 37.2361 25.9778 44.8531 24.0266 22.8216 21.8995 21.8628 20.5682 19.303 19.9516 19.5872 18.7059 18.3137 18.23 16.2118 15.3933 15.2809 14.4906 13.9223 16.3661
threshold=33.07500000000001 94.500000000000014 785.00000000000011 33.500000000000007 310.50000000000006 21.435000000000006 75.322650000000024 2.5000000000000004 -0.036016666666666891 186.50000000000003 282.50000000000006 -0.17810611205432925 32.195000000000007 0.79000000000000015 30.655000000000005 15.881350000000001 160.50000000000003 0.65155000000000007 39.000000000000007 35.335000000000008 22.555000000000003 23.455000000000002 -0.22161290322580643 20.315000000000001
decision_type=2 2 2 2 2 2 2 2 2 2 2 2 2 2 2 2 2 2 2 2 2 2 2 2
left_child=2 11 3 12 5 7 9 -5 -3 21 15 -2 13 14 -1 -11 19 -8 -6 -10 -17 -7 23 -4
right_child=1 8 22 4 18 6 17 -9 16 10 -12 -13 -14 -15 -16 20 -18 -19 -20 -21 -22 -23 -24 -25
leaf_value=-0.0031417388604262331 -0.00372514413381242 0.0025919867769009603 -0.0017348214614431913 -0.0005203503512620425 -0.0052604070800861191 0.0036508718257231873 0.0041978181519244798 0.0040146287675668583 0.0063810297236344049 -0.015312085109135993 0.003724772294859091 0.0012351626444754569 -0.021107520667836069 0.0016282028661411549 -0.0097015762049065916 -0.0030603251228870755 0.0011699729377459478 -0.00073591417866238551 -0.00084473058829308376 0.021709258561953902 -0.0091301222057910674 -0.007937427409039426 -0.0075245157859844198 -0.0062308139696307264
leaf_weight=2448 924 3960 1825 1718 1649 492 1430 2710 3416 182 225 4050 55 634 492 1071 653 1275 1370 60 573 121 1059 1213
leaf_count=2448 924 3960 1825 1718 1649 492 1430 2710 3416 182 225 4050 55 634 492 1071 653 1275 1370 60 573 121 1059 1213
internal_value=2.83907e-12 0.00273205 -0.00173736 -0.00103352 -0.000343595 0.000554065 -0.000848855 0.00225512 0.00421911 -0.0036119 -0.00509892 0.000313706 -0.00347004 -0.00319862 -0.00423951 -0.00618618 0.00577964 0.00187231 -0.00325661 0.00664561 -0.00517589 0.00136346 -0.00456248 -0.00352996
internal_weight=33605 13063 20542 16445 12816 9797 5369 4428 8089 2664 2051 4974 3629 3574 2940 1826 4129 2705 3019 3476 1644 613 4097 3038
internal_count=33605 13063 20542 16445 12816 9797 5369 4428 8089 2664 2051 4974 3629 3574 2940 1826 4129 2705 3019 3476 1644 613 4097 3038
is_linear=0
shrinkage=0.03


Tree=120
num_leaves=25
num_cat=0
split_feature=2 22 8 22 22 0 26 12 25 2 22 22 22 12 3 2 7 3 1 22 2 16 0 3
split_gain=166.757 49.1124 43.3572 23.1339 28.8498 22.2327 21.4728 19.6555 18.3336 17.7029 17.2313 17.1153 23.3334 15.7605 15.6231 15.3196 14.9573 14.7047 14.4835 14.0196 13.8896 13.209 12.8735 12.4494
threshold=33.07500000000001 94.500000000000014 672.50000000000011 29.500000000000004 310.50000000000006 15.555000000000001 -0.036016666666666891 0.76500000000000012 -0.76867204301075265 31.815000000000001 160.50000000000003 44.500000000000007 174.50000000000003 0.79000000000000015 24.025000000000002 30.765000000000004 75.322650000000024 21.155000000000005 35.335000000000008 51.500000000000007 29.985000000000003 39.000000000000007 6.8050000000000006 21.775000000000002
decision_type=2 2 2 2 2 2 2 2 2 2 2 2 2 2 2 2 2 2 2 2 2 2 2 2
left_child=2 7 3 9 5 8 23 19 -5 13 18 -4 -13 20 16 22 17 -10 -8 -2 -1 -6 -14 -3
right_child=1 6 11 4 21 -7 10 -9 14 -11 -12 12 15 -15 -16 -17 -18 -19 -20 -21 -22 -23 -24 -25
leaf_value=-0.0021010525332789331 -0.0051918973125895567 0.0063276102742461787 -0.0069195355493911846 0.0025064029217926158 -0.0049822750564803894 -0.0043615870668902374 0.0061895988283912368 0.0031363788807145772 0.0025680654054239895 -0.015180682561090477 0.0011348737520513381 -0.00031650231534948998 -0.0028684661659688191 0.0019373791155105986 -0.0088755135908697557 -0.016400424826520581 0.0023013534176536481 -0.0028141531172964696 0.021057981144636868 -8.8000893647397792e-05 -0.0070172343509931718 -0.00081938864778596419 -0.0072553484584481085 0.0017722566965557855
leaf_weight=1470 583 645 1280 4027 1374 742 3416 1528 614 107 653 1791 1883 525 184 97 1610 1785 60 2863 798 1370 885 3315
leaf_count=1470 583 645 1280 4027 1374 742 3416 1528 614 107 653 1791 1883 525 184 97 1610 1785 60 2863 798 1370 885 3315
internal_value=1.57144e-13 0.00265009 -0.00168524 -0.000806594 -0.000212336 0.000611761 0.00409254 0.000304295 0.00106069 -0.00320535 0.00560625 -0.0038472 -0.00300258 -0.00274657 -0.000327781 -0.00468173 6.45318e-05 -0.00143663 0.00644625 -0.000951487 -0.00383082 -0.00290387 -0.00427106 0.00251423
internal_weight=33605 13063 20542 14606 11706 8962 8089 4974 8220 2900 4129 5936 4656 2793 4193 2865 4009 2399 3476 3446 2268 2744 2768 3960
internal_count=33605 13063 20542 14606 11706 8962 8089 4974 8220 2900 4129 5936 4656 2793 4193 2865 4009 2399 3476 3446 2268 2744 2768 3960
is_linear=0
shrinkage=0.03


Tree=121
num_leaves=25
num_cat=0
split_feature=2 22 8 22 22 25 8 22 3 22 2 26 3 6 3 25 12 22 22 3 0 26 2 21
split_gain=156.901 46.2099 40.7948 21.9084 28.5274 24.2004 20.8563 21.6433 20.8745 20.2514 19.4087 18.9811 18.9599 19.0095 18.8174 16.8764 16.2494 16.1038 21.9544 15.6521 16.0298 14.9751 14.4624 13.669
threshold=33.07500000000001 94.500000000000014 672.50000000000011 33.500000000000007 310.50000000000006 -0.76867204301075265 559.00000000000011 174.50000000000003 23.355000000000004 122.50000000000001 31.185000000000006 -0.17810611205432925 23.855000000000004 16.639450000000004 20.815000000000001 -1.267059139784946 0.79000000000000015 44.500000000000007 174.50000000000003 24.105000000000004 2.4550000000000005 -0.17141720430107546 30.845000000000002 9.5000000000000018
decision_type=2 2 2 2 2 2 2 2 2 2 2 2 2 2 2 2 2 2 2 2 2 2 2 2
left_child=2 11 3 10 5 -5 7 19 23 -10 16 -2 13 14 -7 -12 -1 -4 -19 -3 -21 -16 -20 -8
right_child=1 6 17 4 -6 12 8 -9 9 -11 15 -13 -14 -15 21 -17 -18 18 22 20 -22 -23 -24 -25
leaf_value=-0.0030338084147333317 -0.0035847331615627511 0.0088092365469157798 -0.006711949471878597 0.0023988123729810698 -0.0028167500618825753 0.0044566044760708601 0.0044508304805518416 -0.00013952923671696062 0.0032619645829850682 -0.0044943833694297284 -0.013847925648049051 0.001180358209933628 -0.0082753409363876471 0.0012544704913844457 -0.016282724623928185 -0.001751063671002736 0.0031031445804661538 -0.0003070072467704857 -0.0041685690663904856 0.0060128275574403778 0.0011255317759798289 -0.0034793096700947335 -0.016730941043071011 -0.012666802213115747
leaf_weight=2407 924 1200 1280 4007 2744 263 1778 611 549 676 253 4050 286 2668 88 176 463 1791 2780 2428 804 1251 85 43
leaf_count=2407 924 1200 1280 4007 2744 263 1778 611 549 676 253 4050 286 2668 88 176 463 1791 2780 2428 804 1251 85 43
internal_value=4.06898e-12 0.00257059 -0.00163468 -0.000782397 -0.000154802 0.000698215 0.00396976 0.00515366 0.00200969 -0.00101827 -0.00293341 0.000295166 -0.00079746 -0.0002966 -0.00287978 -0.00888511 -0.00204377 -0.00373179 -0.0029125 0.00588338 0.00479705 -0.00432076 -0.00454127 0.00404662
internal_weight=33605 13063 20542 14606 11307 8563 8089 5043 3046 1225 3299 4974 4556 4270 1602 429 2870 5936 4656 4432 3232 1339 2865 1821
internal_count=33605 13063 20542 14606 11307 8563 8089 5043 3046 1225 3299 4974 4556 4270 1602 429 2870 5936 4656 4432 3232 1339 2865 1821
is_linear=0
shrinkage=0.03


Tree=122
num_leaves=25
num_cat=0
split_feature=1 2 8 2 22 22 3 24 3 22 22 3 3 22 22 22 6 8 25 3 7 12 22 22
split_gain=147.959 50.9398 25.319 20.8646 19.4215 22.2054 20.0313 19.5786 18.7535 18.5015 23.2129 20.4569 18.053 17.6833 24.5333 17.5338 13.8637 13.5444 13.4458 13.1981 21.2443 12.8389 12.4123 13.4547
threshold=25.315000000000001 38.305000000000007 539.00000000000011 24.155000000000005 25.500000000000004 346.50000000000006 22.265000000000004 3.5000000000000004 24.105000000000004 190.50000000000003 95.500000000000014 21.645000000000003 15.135000000000003 194.50000000000003 61.500000000000007 149.50000000000003 16.639450000000004 645.00000000000011 -0.31401881720430108 23.535000000000004 79.153350000000017 0.76500000000000012 83.500000000000014 128.50000000000003
decision_type=2 2 2 2 2 2 2 2 2 2 2 2 2 2 2 2 2 2 2 2 2 2 2 2
left_child=3 2 13 -1 12 6 7 -6 9 10 -4 -11 -5 14 16 -10 -2 -8 -12 -15 -21 -9 -3 -24
right_child=1 22 8 4 5 -7 17 21 15 11 18 -13 -14 19 -16 -17 -18 -19 -20 20 -22 -23 23 -25
leaf_value=-0.0073253745501148972 0.0046600669513729267 -0.013262042400817716 -0.0010753662445279828 -0.0078645519334161335 -0.0015973191227610895 -0.0051731515075109005 -0.0030159094837073738 0.00054934798272763771 -0.0019589462697547381 0.00095131867808005948 0.0039831507450062593 -0.0070769431906303427 -0.0026695352768493366 0.0015500905602707068 0.0040887888826490375 -0.01296623243975893 -0.0029405577613670743 -0.011280512991838921 -0.0017183499658572794 -0.0082901929388702663 0.0017401187139996931 0.0059643470692829596 0.0074407283928520388 0.0030479522702128153
leaf_weight=672 296 31 2352 813 5676 1228 752 3328 458 561 2202 582 2320 1944 4817 182 799 234 448 368 393 447 1711 991
leaf_count=672 296 31 2352 813 5676 1228 752 3328 458 561 2202 582 2320 1944 4817 182 799 234 448 368 393 447 1711 991
internal_value=2.29503e-12 0.00183855 0.00116879 -0.00215528 -0.0019205 -0.00135725 -0.000908278 -0.000483768 -0.000201964 0.000307034 0.00109393 -0.00313656 -0.00401762 0.00224812 0.00316738 -0.00508914 -0.00088596 -0.00497729 0.00301927 0.000238984 -0.00311028 0.00119054 0.00561306 0.00582961
internal_weight=33605 18135 15402 15470 14798 11665 10437 9451 6785 6145 5002 1143 3133 8617 5912 640 1095 986 2650 2705 761 3775 2733 2702
internal_count=33605 18135 15402 15470 14798 11665 10437 9451 6785 6145 5002 1143 3133 8617 5912 640 1095 986 2650 2705 761 3775 2733 2702
is_linear=0
shrinkage=0.03


Tree=123
num_leaves=25
num_cat=0
split_feature=1 2 8 22 22 3 2 22 22 3 22 3 24 3 3 22 3 3 7 24 12 22 2 3
split_gain=139.215 47.9292 24.2261 19.9441 25.7303 25.2685 19.6347 18.6151 21.5195 18.8029 18.5522 21.4319 17.1327 16.483 16.3334 17.1329 17.1309 15.101 23.5184 12.789 12.3568 12.0331 12.0164 11.9391
threshold=25.315000000000001 38.305000000000007 559.00000000000011 186.50000000000003 129.50000000000003 24.105000000000004 24.515000000000004 25.500000000000004 346.50000000000006 22.395000000000003 172.50000000000003 22.525000000000002 3.5000000000000004 15.515000000000002 24.595000000000002 95.500000000000014 22.625000000000004 23.535000000000004 79.153350000000017 2.5000000000000004 0.76500000000000012 54.500000000000007 35.725000000000001 28.845000000000002
decision_type=2 2 2 2 2 2 2 2 2 2 2 2 2 2 2 2 2 2 2 2 2 2 2 2
left_child=6 2 3 4 21 -6 -1 13 9 12 14 -12 -9 -8 15 -4 -17 -5 19 -19 -14 22 -2 -3
right_child=1 23 10 17 5 -7 7 8 -10 -11 11 -13 20 -15 -16 16 -18 18 -20 -21 -22 -23 -24 -25
leaf_value=-0.006637487537819349 -0.00080675592667339929 0.0049323977612724017 -0.001470656839923116 0.0013756907232249538 0.01086730159706654 0.0035451690961657901 -0.0071798451218417986 -0.0014988580278558505 -0.0050402816189280188 -0.0052352995902216681 -0.0017402446079831325 -0.012748473104241109 0.00046713478603867264 -0.0024490939980666721 -0.0074361466295977535 0.004777601321005443 -0.0001434149063974225 -0.00067797606385307046 0.0019243273917036738 -0.011105257983204836 0.0057232289566393384 0.0025040100591763141 -0.022328611351549624 0.013119684269860092
leaf_weight=810 860 2562 1908 2414 620 1343 954 5719 1226 806 613 215 3325 2172 235 1259 1288 157 433 325 458 3708 24 171
leaf_count=810 860 2562 1908 2414 620 1343 954 5719 1226 806 613 215 3325 2172 235 1259 1288 157 433 325 458 3708 24 171
internal_value=-6.51657e-13 0.0017834 0.00113373 0.00202272 0.00298308 0.00585781 -0.00209062 -0.0018394 -0.00128286 -0.000835968 -0.000458666 -0.00459866 -0.000462798 -0.00389284 0.000272233 0.000678848 0.00228908 0.000131721 -0.00315018 -0.00770882 0.00110348 0.00175418 -0.00139106 0.00544466
internal_weight=33605 18135 15402 9884 6555 1963 15470 14660 11534 10308 5518 828 9502 3126 4690 4455 2547 3329 915 482 3783 4592 884 2733
internal_count=33605 18135 15402 9884 6555 1963 15470 14660 11534 10308 5518 828 9502 3126 4690 4455 2547 3329 915 482 3783 4592 884 2733
is_linear=0
shrinkage=0.03


Tree=124
num_leaves=25
num_cat=0
split_feature=2 22 8 8 22 22 3 7 13 24 2 0 2 12 5 16 25 22 22 22 26 3 3 3
split_gain=131.429 40.4849 37.5779 26.7161 24.0131 30.5447 24.1918 29.4078 21.4518 19.9196 19.2379 16.1116 15.4489 17.4845 14.3692 14.1462 13.8411 13.2647 13.2234 13.7317 12.0841 15.09 13.8574 11.8544
threshold=33.07500000000001 70.500000000000014 785.00000000000011 559.00000000000011 34.500000000000007 310.50000000000006 22.325000000000003 75.322650000000024 0.11000000000000001 2.5000000000000004 35.005000000000003 2.4550000000000005 31.185000000000006 0.79000000000000015 0.65155000000000007 39.000000000000007 -1.267059139784946 164.50000000000003 194.50000000000003 284.50000000000006 -0.22161290322580643 20.315000000000001 19.475000000000005 23.575000000000003
decision_type=2 2 2 2 2 2 2 2 2 2 2 2 2 2 2 2 2 2 2 2 2 2 2 2
left_child=2 8 4 11 12 6 9 18 10 -6 -2 -3 13 -1 -9 -7 -14 -5 23 -20 21 -4 -22 -8
right_child=1 3 20 17 5 15 7 14 -10 -11 -12 -13 16 -15 -16 -17 -18 -19 19 -21 22 -23 -24 -25
leaf_value=-0.0031439214538188927 0.0020421567440422374 0.0052883798600137895 -0.0013811276317529432 0.0016115743713032201 -0.00039849961056110896 -0.004741101254927443 0.00072870037193611677 0.003239770861163243 -0.0069175306080326128 0.0030331731177916143 -0.0041084691749604689 0.0018033999464627404 -0.012425758863761216 0.0031140675447679667 -0.0018343738724310662 -0.00061630254131903267 -0.0018311917432708375 -0.0079537178419996062 -0.0089148122571998008 0.0042982419566074499 -0.0054431694956794197 -0.0056982876674073167 -0.015340553650796111 -0.010147125687084698
leaf_weight=2805 1588 4757 1825 3897 2524 1649 447 1044 449 3836 643 1594 273 469 968 1370 187 135 681 79 911 1213 148 113
leaf_count=2805 1588 4757 1825 3897 2524 1649 447 1044 449 3836 643 1594 273 469 968 1370 187 135 681 79 911 1213 148 113
internal_value=-5.71242e-13 0.00235269 -0.00149612 0.00320119 -0.000855671 -0.000234336 0.000586439 -0.0014843 -0.000934616 0.0016713 0.000269475 0.00441371 -0.00297077 -0.00224747 0.000798532 -0.0028693 -0.00811884 0.00129131 -0.00496388 -0.00754135 -0.00406681 -0.00310487 -0.00682637 -0.00146589
internal_weight=33605 13063 20542 10383 16445 12711 9692 3332 2680 6360 2231 6351 3734 3274 2012 3019 460 4032 1320 760 4097 3038 1059 560
internal_count=33605 13063 20542 10383 16445 12711 9692 3332 2680 6360 2231 6351 3734 3274 2012 3019 460 4032 1320 760 4097 3038 1059 560
is_linear=0
shrinkage=0.03


Tree=125
num_leaves=25
num_cat=0
split_feature=1 2 8 12 22 0 22 22 22 3 3 22 22 3 6 2 3 3 7 24 25 24 3 22
split_gain=123.866 43.4857 21.7037 18.4385 21.4589 22.4796 22.9637 18.0841 23.7722 24.065 17.5152 17.5215 19.8822 18.4638 14.5958 14.4122 15.124 14.293 22.0428 13.4294 12.2332 11.9682 11.8062 11.7093
threshold=25.315000000000001 38.305000000000007 559.00000000000011 0.76500000000000012 33.500000000000007 9.4850000000000012 338.50000000000006 186.50000000000003 129.50000000000003 24.155000000000005 24.065000000000001 190.50000000000003 95.500000000000014 22.585000000000004 15.881350000000001 30.495000000000001 15.135000000000003 23.535000000000004 79.153350000000017 3.5000000000000004 -0.31401881720430108 2.5000000000000004 21.645000000000003 82.500000000000014
decision_type=2 2 2 2 2 2 2 2 2 2 2 2 2 2 2 2 2 2 2 2 2 2 2 2
left_child=3 2 7 4 15 6 -6 8 -2 -10 11 12 -4 -13 -7 16 -1 -9 21 -12 -14 -19 -16 -3
right_child=1 23 10 -5 5 14 -8 17 9 -11 19 13 20 -15 22 -17 -18 18 -20 -21 -22 -23 -24 -25
leaf_value=-0.0072574077993129184 0.0016380991102814162 -0.01614547221880892 -0.0014749971299329108 0.00053070351760008431 -0.00044893318843933216 -0.010487938950617523 -0.0048107691817826882 0.001314396563323121 0.010358281377977618 0.0032722206666005471 -0.0015277634710879739 -0.0020181254157147629 0.0036192932419124354 -0.014591414601813386 -0.00064412516566437756 -0.0092527172506982787 -0.0022890241033208993 -0.00070055402592521536 0.0018240169855148901 -0.011487024081615236 -0.0020625703471216306 -0.010787674352433531 -0.0066775364910188883 0.0053505403589527286
leaf_weight=765 4592 23 1892 2262 7178 346 1280 2414 640 1323 283 610 1980 127 622 492 1975 157 433 214 412 325 550 2710
leaf_count=765 4592 23 1892 2262 7178 346 1280 2414 640 1323 283 610 1980 127 622 492 1975 157 433 214 412 325 550 2710
internal_value=-7.76785e-13 0.00168222 0.00106339 -0.00197201 -0.00240062 -0.00171234 -0.00110904 0.00190483 0.00281931 0.0055825 -0.000443824 8.79428e-05 0.000822999 -0.00418476 -0.00507386 -0.00452509 -0.00367618 0.000104167 -0.00308872 -0.00581606 0.00264064 -0.00750204 -0.0034755 0.00516964
internal_weight=33605 18135 15402 15470 13208 9976 8458 9884 6555 1963 5518 5021 4284 737 1518 3232 2740 3329 915 497 2392 482 1172 2733
internal_count=33605 18135 15402 15470 13208 9976 8458 9884 6555 1963 5518 5021 4284 737 1518 3232 2740 3329 915 497 2392 482 1172 2733
is_linear=0
shrinkage=0.03


Tree=126
num_leaves=25
num_cat=0
split_feature=2 22 8 8 22 22 3 7 24 22 22 13 2 0 3 0 2 12 6 2 16 22 6 2
split_gain=116.83 36.8769 34.6897 23.7695 21.3323 28.0356 23.3242 35.0353 20.3693 18.8804 20.7027 18.5821 19.4293 16.1997 15.9004 15.0465 14.6376 15.7514 14.2239 14.1692 19.0824 14.9392 13.6042 15.2986
threshold=33.07500000000001 69.500000000000014 785.00000000000011 559.00000000000011 34.500000000000007 312.50000000000006 21.435000000000006 75.322650000000024 2.5000000000000004 194.50000000000003 282.50000000000006 0.11000000000000001 35.665000000000006 5.1250000000000009 23.575000000000003 2.4550000000000005 31.185000000000006 0.79000000000000015 15.881350000000001 30.065000000000001 41.000000000000007 294.50000000000006 16.639450000000004 30.655000000000005
decision_type=2 2 2 2 2 2 2 2 2 2 2 2 2 2 2 2 2 2 2 2 2 2 2 2
left_child=2 11 4 15 16 6 8 9 -6 14 18 12 -2 -9 -8 -3 17 -1 -11 -10 21 -21 23 -7
right_child=1 3 -4 -5 5 22 7 13 19 10 -12 -13 -14 -15 -16 -17 -18 -19 -20 20 -22 -23 -24 -25
leaf_value=-0.0029355881124370924 0.001226408694353886 0.0049878322560002351 -0.0038805024337955512 0.0012170537500180091 -0.00038373302377397409 0.003344126509246119 0.0022744556949302673 0.0034422926924793052 0.0068083585722772027 -0.014497357616990239 0.0032148222412375148 -0.0067226159533987501 -0.0073260687738610254 -0.0013228879075181468 -0.0098449900140573747 0.0016350690904589249 -0.0077998315507201883 0.0030041577330553902 -0.0051523547664469281 0.0017731712523056879 0.0074830018035273119 -0.0070017221824281691 -0.0040506979533800891 -0.0056611869055951704
leaf_weight=2805 1875 4803 4097 4077 1701 548 707 1694 929 163 248 426 274 1034 113 1608 460 469 1456 1088 459 208 2117 246
leaf_count=2805 1875 4803 4097 4077 1701 548 707 1694 929 163 248 426 274 1034 113 1608 460 469 1456 1088 459 208 2117 246
internal_value=9.43343e-13 0.00221817 -0.00141057 0.00300798 -0.000795232 -0.000209606 0.000558275 -0.00075876 0.00218467 -0.0031902 -0.00485679 -0.000998703 0.000135958 0.00163614 0.000604337 0.0041469 -0.00278878 -0.00208472 -0.0060932 0.00381241 0.00222652 0.000364855 -0.00279471 0.000554067
internal_weight=33605 13063 20542 10488 16445 12711 9800 5415 4385 2687 1867 2575 2149 2728 820 6411 3734 3274 1619 2684 1755 1296 2911 794
internal_count=33605 13063 20542 10488 16445 12711 9800 5415 4385 2687 1867 2575 2149 2728 820 6411 3734 3274 1619 2684 1755 1296 2911 794
is_linear=0
shrinkage=0.03


Tree=127
num_leaves=25
num_cat=0
split_feature=2 22 8 26 3 2 26 0 1 22 22 22 2 22 22 21 3 3 6 0 3 7 22 3
split_gain=109.925 35.1387 32.7842 17.103 16.4792 17.2372 16.397 14.5308 14.506 14.3504 14.091 18.4387 13.7937 13.0366 12.8955 12.1966 12.0219 11.6352 13.8259 12.8518 11.5164 19.6058 16.818 12.5691
threshold=33.07500000000001 94.500000000000014 672.50000000000011 -0.036016666666666891 17.095000000000002 29.665000000000003 -0.17810611205432925 16.865000000000006 35.335000000000008 36.500000000000007 44.500000000000007 174.50000000000003 30.765000000000004 310.50000000000006 160.50000000000003 11.500000000000002 20.665000000000003 21.775000000000002 17.792250000000006 3.5050000000000003 23.045000000000005 79.153350000000017 40.500000000000007 24.025000000000002
decision_type=2 2 2 2 2 2 2 2 2 2 2 2 2 2 2 2 2 2 2 2 2 2 2 2
left_child=2 6 4 17 5 -1 -2 13 14 -7 -4 -12 -13 20 -5 -11 -15 -3 -19 -20 22 23 -6 -22
right_child=1 3 10 8 7 9 -8 -9 -10 15 11 12 -14 16 -16 -17 -18 18 19 -21 21 -23 -24 -25
leaf_value=-0.00057686604360622257 -0.0034387178537711748 0.0056497181462865798 -0.0060359309475036295 0.0052451512008908499 -0.001180695056050152 -0.0082145548023703999 0.00099015709442006744 -0.0043853122890866545 0.019366045914590357 0.00098372840093891782 -9.4068688711351737e-05 -0.00358485017210863 -0.015094314905593997 -0.00066567931404206164 0.0006439814774357324 -0.0099500899191480117 -0.0059159455452749152 -0.00095545821905885283 0.0042230543695691439 -0.0019168156055014314 -0.0017141759530498041 0.0050654029683587743 0.0019781968590485109 -0.0087655285445258149
leaf_weight=1504 924 645 1280 3416 2097 691 4050 679 60 391 1791 2768 97 1497 653 120 532 1447 1481 387 1006 312 5483 294
leaf_count=1504 924 645 1280 3416 2097 691 4050 679 60 391 1791 2768 97 1497 653 120 532 1447 1481 387 1006 312 5483 294
internal_value=-1.06829e-12 0.00215163 -0.00136826 0.00337174 -0.000604221 -0.00271738 0.000167423 -0.000123699 0.00472267 -0.0053957 -0.00324823 -0.00248185 -0.00397452 0.000134178 0.00450675 -0.0015839 -0.00204229 0.00196315 0.00124585 0.00295104 0.000614601 -0.00168804 0.00110429 -0.00330887
internal_weight=33605 13063 20542 8089 14606 2706 4974 11900 4129 1202 5936 4656 2865 11221 4069 511 2029 3960 3315 1868 9192 1612 7580 1300
internal_count=33605 13063 20542 8089 14606 2706 4974 11900 4129 1202 5936 4656 2865 11221 4069 511 2029 3960 3315 1868 9192 1612 7580 1300
is_linear=0
shrinkage=0.03


Tree=128
num_leaves=25
num_cat=0
split_feature=1 2 8 22 22 2 2 24 3 7 8 22 22 3 24 3 22 10 3 26 3 3 22 7
split_gain=103.914 37.766 19.756 20.9312 25.0478 17.0431 15.6278 15.6106 15.0796 21.6239 14.967 14.7301 17.8036 16.8292 16.7247 15.0627 12.415 12.0315 11.7281 11.5421 12.2003 11.139 26.9064 18.7144
threshold=25.315000000000001 38.305000000000007 785.00000000000011 186.50000000000003 54.500000000000007 24.155000000000005 34.625000000000007 2.5000000000000004 23.575000000000003 79.153350000000017 559.00000000000011 25.500000000000004 346.50000000000006 22.235000000000003 3.5000000000000004 15.135000000000003 312.50000000000006 145.00000000000003 21.885000000000002 -0.19772688172043004 28.415000000000003 24.155000000000005 101.50000000000001 75.322650000000024
decision_type=2 2 2 2 2 2 2 2 2 2 2 2 2 2 2 2 2 2 2 2 2 2 2 2
left_child=5 2 3 4 6 -1 -2 -5 10 -10 16 15 13 14 -13 -7 -9 -15 -12 -3 -21 22 -6 -23
right_child=1 19 -4 7 21 11 -8 8 9 -11 18 12 -14 17 -16 -17 -18 -19 -20 20 -22 23 -24 -25
leaf_value=-0.0064789145818570301 -0.0002427661050585311 -0.0049148010908415156 -0.0026862091928267465 0.0017443965969308115 0.0014546227471979463 -0.0069342921534553169 -0.0084762521010183483 0.001819595803349119 -0.011227329596296532 0.00031308953875004377 -0.0017387331139414157 -0.0013325595852831205 -0.0045203073977625749 -0.0016401018637955784 0.001251262489020999 -0.0021889899653776 -0.0064009202789047153 -0.0082241990094086316 -0.01231686552079214 0.0045445835466798234 0.011735698522624155 -0.0032224530983277393 0.0053203665096116601 0.0025977120926078934
leaf_weight=672 1043 106 1228 1599 3569 813 259 1231 337 258 241 5654 1228 610 3750 2320 191 423 155 2394 233 721 2968 1602
leaf_count=672 1043 106 1228 1599 3569 813 259 1231 337 258 241 5654 1228 610 3750 2320 191 423 155 2394 233 721 2968 1602
internal_value=-2.94725e-12 0.00154079 0.000964094 0.00128035 0.00200472 -0.00180622 -0.00188061 -0.000554423 -0.00207776 -0.00622325 -0.000721013 -0.00159402 -0.0011035 -0.000701481 -0.000302218 -0.00342038 0.000715434 -0.0043362 -0.00587916 0.00479077 0.00518239 0.00257568 0.00320979 0.000791281
internal_weight=33605 18135 15402 14174 10162 15470 1302 4012 2413 595 1818 14798 11665 10437 9404 3133 1422 1033 396 2733 2627 8860 6537 2323
internal_count=33605 18135 15402 14174 10162 15470 1302 4012 2413 595 1818 14798 11665 10437 9404 3133 1422 1033 396 2733 2627 8860 6537 2323
is_linear=0
shrinkage=0.03


Tree=129
num_leaves=25
num_cat=0
split_feature=1 2 8 12 22 0 22 3 22 0 22 22 3 6 2 22 7 22 3 3 22 22 9 22
split_gain=97.7726 35.534 19.1007 16.9019 17.9787 20.0072 20.0181 15.626 15.6844 15.5893 13.6955 17.5411 17.3745 13.5059 13.5018 13.2091 13.0107 12.8277 12.6881 11.739 11.1121 26.3596 22.479 11.079
threshold=25.315000000000001 38.305000000000007 539.00000000000011 0.76500000000000012 33.500000000000007 9.4850000000000012 344.50000000000006 24.105000000000004 149.50000000000003 4.6050000000000013 190.50000000000003 95.500000000000014 21.645000000000003 15.881350000000001 30.655000000000005 61.500000000000007 76.966650000000016 186.50000000000003 15.135000000000003 23.495000000000001 128.50000000000003 116.50000000000001 1.3 130.50000000000003
decision_type=2 2 2 2 2 2 2 2 2 2 2 2 2 2 2 2 2 2 2 2 2 2 2 2
left_child=3 2 9 4 14 6 -6 10 -9 15 11 -4 -12 -7 18 16 -2 23 -1 -11 21 -3 -23 -17
right_child=1 20 7 -5 5 13 -8 8 -10 19 12 -13 -14 -15 -16 17 -18 -19 -20 -21 -22 22 -24 -25
leaf_value=-0.0066411569655280226 0.002800279942193641 0.0035062020244033031 -0.00099951320171867892 0.00064413268668016613 -0.00042517765000114785 -0.009911698686164894 -0.0049220909003047323 -0.0017559842823564348 -0.012166593275288795 0.0017627710903580368 0.0010137693387131193 0.0025599111271022161 -0.0063849680129343823 -0.0031661488869471643 -0.009318537278563398 0.0028991762677100601 -0.0040767909301292265 0.0012053590172302247 -0.0021500445768860258 -0.0033606125782124881 0.0021108315254444831 0.028735525462776423 0.0093287927096708575 0.0063128519196427244
leaf_weight=781 483 1169 2352 2262 7446 346 1012 458 182 808 561 2650 582 1172 393 2485 508 2226 2058 802 991 60 513 1305
leaf_count=781 483 1169 2352 2262 7446 346 1012 458 182 808 561 2650 582 1172 393 2485 508 2226 2058 802 991 60 513 1305
internal_value=1.18067e-12 0.00149456 0.000935171 -0.00175203 -0.0021624 -0.0015324 -0.000963233 -0.000255413 -0.0047165 0.00187263 0.000209208 0.000886227 -0.00275357 -0.00470367 -0.00410697 0.00248428 -0.000725 0.00301294 -0.00338554 -0.000789374 0.00464705 0.00608987 0.0113609 0.0040746
internal_weight=33605 18135 15402 15470 13208 9976 8458 6785 640 8617 6145 5002 1143 1518 3232 7007 991 6016 2839 1610 2733 1742 573 3790
internal_count=33605 18135 15402 15470 13208 9976 8458 6785 640 8617 6145 5002 1143 1518 3232 7007 991 6016 2839 1610 2733 1742 573 3790
is_linear=0
shrinkage=0.03


Tree=130
num_leaves=25
num_cat=0
split_feature=2 22 8 12 22 22 13 2 3 7 12 22 6 2 5 3 1 2 25 2 3 24 6 26
split_gain=92.1194 30.5938 30.1128 20.8808 17.4951 22.5282 16.9054 18.4753 16.3623 25.0123 14.9914 12.8103 12.6142 12.8439 11.8071 11.1881 11.0216 12.4 13.1676 10.7327 10.5051 19.6277 11.6844 10.4274
threshold=33.07500000000001 69.500000000000014 785.00000000000011 0.69000000000000006 25.500000000000004 328.50000000000006 0.11000000000000001 35.005000000000003 22.425000000000004 75.322650000000024 0.76500000000000012 172.50000000000003 17.823850000000004 30.805000000000003 0.65155000000000007 28.845000000000002 19.135000000000002 31.055000000000003 -1.267059139784946 28.395000000000003 23.775000000000002 3.5000000000000004 17.947700000000001 -0.22161290322580643
decision_type=2 2 2 2 2 2 2 2 2 2 2 2 2 2 2 2 2 2 2 2 2 2 2 2
left_child=2 6 4 20 16 8 7 -2 10 -10 -6 15 13 -7 -11 -5 -1 -18 -19 -14 -3 -22 -23 -4
right_child=1 3 23 11 5 12 -8 -9 9 14 -12 -13 19 -15 -16 -17 17 18 -20 -21 21 22 -24 -25
leaf_value=-0.014363990838397038 0.0018591021062336992 0.0020234762741317179 -0.0026602028855226231 0.003966644286815783 0.00032812665132153109 0.00025378056025431717 -0.0064199397723275747 -0.0043320564478543117 -0.0049677280860603015 0.0027513363816268599 0.0034923593149968446 -0.00030010858698190101 -0.0025335183569585879 -0.0093222183327126354 -0.0019072451142487712 0.011712496575557577 -0.0017638977896731031 -0.01281839440201423 -0.00093321902362125295 -0.0089967228303773003 0.0018741388763132954 -0.013538522066808162 -0.0031431052789395284 -0.0061172134448179219
leaf_weight=73 1546 2820 3038 5612 6810 965 426 603 1208 1022 1680 632 466 145 940 173 2332 201 144 459 734 130 387 1059
leaf_count=73 1546 2820 3038 5612 6810 965 426 603 1208 1022 1680 632 466 145 940 173 2332 201 144 459 734 130 387 1059
internal_value=-1.33668e-12 0.00196968 -0.00125255 0.00268906 -0.000679237 -0.000240759 -0.00096037 0.00012189 0.00026756 -0.0015716 0.000954265 0.00375524 -0.00315329 -0.000997138 0.000519396 0.00419828 -0.00286286 -0.00254923 -0.00785763 -0.00574067 0.00100846 -0.00127959 -0.00575704 -0.00355378
internal_weight=33605 13063 20542 10488 16445 13695 2575 2149 11660 3170 8490 6417 2035 1110 1962 5785 2750 2677 345 925 4071 1251 517 4097
internal_count=33605 13063 20542 10488 16445 13695 2575 2149 11660 3170 8490 6417 2035 1110 1962 5785 2750 2677 345 925 4071 1251 517 4097
is_linear=0
shrinkage=0.03


Tree=131
num_leaves=25
num_cat=0
split_feature=1 2 8 22 22 12 22 0 22 2 24 3 7 22 8 2 6 3 22 22 22 9 3 3
split_gain=87.0373 32.0148 17.8873 18.2966 22.2458 15.4181 16.5584 18.7387 18.3897 14.5606 14.523 13.9357 22.235 13.5313 17.3154 12.7407 12.5313 12.3826 10.8871 12.4588 21.7278 20.8806 10.695 10.667
threshold=25.315000000000001 38.305000000000007 785.00000000000011 186.50000000000003 54.500000000000007 0.76500000000000012 33.500000000000007 9.4850000000000012 338.50000000000006 34.625000000000007 2.5000000000000004 23.655000000000005 79.153350000000017 312.50000000000006 496.50000000000006 30.495000000000001 15.881350000000001 15.135000000000003 83.500000000000014 128.50000000000003 116.50000000000001 1.3 21.645000000000003 24.155000000000005
decision_type=2 2 2 2 2 2 2 2 2 2 2 2 2 2 2 2 2 2 2 2 2 2 2 2
left_child=5 2 3 4 9 6 15 8 -8 -2 -5 13 -13 14 -12 17 -9 -1 -3 20 -20 -22 -18 -6
right_child=1 18 -4 10 23 -7 7 16 -10 -11 11 12 -14 -15 -16 -17 22 -19 19 -21 21 -23 -24 -25
leaf_value=-0.006353465207160779 -0.00022330098324068012 -0.013274991442599603 -0.0025942159937882374 0.0016819644592331955 0.0030159399254154743 0.00063552250510462004 -0.00029884511388136734 -0.0095260846809311784 -0.004202179443579865 -0.0081706936327240725 0.0047531750543854572 -0.011887648247552018 0.00024677345475185362 -0.0071070907837657744 -0.0019007269778403705 -0.0083561968752651518 -0.00033363479599087139 -0.0018578533130956523 0.0037567087406960974 0.0019285119668694302 0.027665383251849564 0.0089613423442872434 -0.0060761037399711896 0.00064923268662538797
leaf_weight=765 1043 31 1228 1599 6537 2262 7178 346 1280 259 521 291 255 261 1085 492 622 1975 1138 991 60 513 550 2323
leaf_count=765 1043 31 1228 1599 6537 2262 7178 346 1280 259 521 291 255 261 1085 492 622 1975 1138 991 60 513 550 2323
internal_value=1.39877e-12 0.00141013 0.000879159 0.00118008 0.00185734 -0.00165305 -0.00204499 -0.00144039 -0.00088956 -0.00180423 -0.000535332 -0.00200465 -0.00622047 -0.000771738 0.000257855 -0.00391117 -0.00450949 -0.00311302 0.00440244 0.00460525 0.0061556 0.0109199 -0.00302848 0.00239541
internal_weight=33605 18135 15402 14174 10162 15470 13208 9976 8458 1302 4012 2413 546 1867 1606 3232 1518 2740 2733 2702 1711 573 1172 8860
internal_count=33605 18135 15402 14174 10162 15470 13208 9976 8458 1302 4012 2413 546 1867 1606 3232 1518 2740 2733 2702 1711 573 1172 8860
is_linear=0
shrinkage=0.03


Tree=132
num_leaves=25
num_cat=0
split_feature=1 1 8 22 22 3 7 2 3 24 22 24 24 22 22 3 16 24 6 3 7 8 22 26
split_gain=81.8934 30.2925 16.3959 16.343 21.1825 32.8932 20.9281 14.9451 14.7956 14.4838 14.1993 13.5046 13.2234 13.2184 18.2519 19.2344 17.1686 16.6188 13.6353 12.7409 19.7342 13.1655 12.6068 19.9785
threshold=25.315000000000001 30.885000000000002 785.00000000000011 186.50000000000003 93.500000000000014 23.245000000000001 75.322650000000024 24.835000000000004 24.705000000000002 2.5000000000000004 129.50000000000003 2.5000000000000004 2.5000000000000004 46.500000000000007 346.50000000000006 21.775000000000002 39.000000000000007 2.5000000000000004 15.881350000000001 23.575000000000003 79.153350000000017 559.00000000000011 294.50000000000006 0.085793548387096991
decision_type=2 2 2 2 2 2 2 2 2 2 2 2 2 2 2 2 2 2 2 2 2 2 2 2
left_child=7 2 3 4 -2 9 8 -1 -7 -6 -8 -5 -3 16 15 17 -9 -15 -17 21 -21 -13 23 -19
right_child=1 12 -4 11 5 6 10 13 -10 -11 -12 19 -14 14 -16 18 -18 22 -20 20 -22 -23 -24 -25
leaf_value=-0.0052550218739931482 0.00027623247220689008 0.0065195667940530586 -0.0025157529160787814 0.0016315055393271399 0.0028010124078950826 -0.0001445010833051577 -0.0006260139168981386 -0.0038352215327807629 -0.0077144870783116036 0.0075212159936251929 0.0057293792574119951 0.00066976074594758716 0.0024988714064877945 -0.0013239717847154165 -0.0041080569531688968 -0.011842065392832817 -0.00018707797105996888 0.0016699792539496261 -0.0022150098606447885 -0.010513455132917205 0.0005233474663385836 -0.0055152397962890311 -0.00053989948272145649 0.0082034581380555326
leaf_weight=947 4578 1210 1224 1599 979 1123 490 3389 293 1454 893 1422 1880 2552 1225 145 1766 2023 1525 337 257 396 1366 532
leaf_count=947 4578 1210 1224 1599 979 1123 490 3389 293 1454 893 1422 1880 2552 1225 145 1766 2023 1525 337 257 396 1366 532
internal_value=2.36406e-12 0.00136782 0.000812159 0.00110688 0.00176652 0.00307053 0.000852794 -0.00160346 -0.00171089 0.00562188 0.00347765 -0.000506455 0.00407332 -0.00136535 -0.000693961 -0.000180359 -0.00258544 0.000560224 -0.00305089 -0.00192378 -0.00573827 -0.000677467 0.00178656 0.00303037
internal_weight=33605 18135 15045 13821 9810 5232 2799 15470 1416 2433 1383 4011 3090 14523 9368 8143 5155 6473 1670 2412 594 1818 3921 2555
internal_count=33605 18135 15045 13821 9810 5232 2799 15470 1416 2433 1383 4011 3090 14523 9368 8143 5155 6473 1670 2412 594 1818 3921 2555
is_linear=0
shrinkage=0.03


Tree=133
num_leaves=25
num_cat=0
split_feature=1 8 22 22 3 2 22 22 22 25 0 7 26 2 22 1 26 3 6 3 22 3 3 6
split_gain=77.197 33.279 16.117 21.9469 18.7789 16.4472 14.7668 16.4322 14.5901 14.3008 14.1316 13.4808 13.4428 13.0326 12.8947 11.343 12.5842 10.1287 14.1506 27.1867 13.605 21.3901 10.0776 14.0569
threshold=28.115000000000006 672.50000000000011 35.500000000000007 310.50000000000006 23.245000000000001 30.655000000000005 44.500000000000007 176.50000000000003 56.500000000000007 -1.267059139784946 2.4150000000000005 79.153350000000017 -0.12882096774193563 30.845000000000002 192.50000000000003 33.005000000000003 0.40403333333333336 21.945000000000004 17.728850000000005 19.475000000000005 318.50000000000006 20.785000000000004 20.665000000000003 16.639450000000004
decision_type=2 2 2 2 2 2 2 2 2 2 2 2 2 2 2 2 2 2 2 2 2 2 2 2
left_child=1 2 5 4 12 -1 -3 -8 -2 -7 15 14 -4 17 -6 16 -10 18 19 -9 21 -20 23 -5
right_child=8 6 3 22 11 9 7 13 10 -11 -12 -13 -14 -15 -16 -17 -18 -19 20 -21 -22 -23 -24 -25
leaf_value=-0.00069463734899793636 -0.013823454872686035 -0.0054351451587912871 -0.00069455052213020436 0.0026559135384547693 -0.00058463178446636985 -0.0083358168004636166 -0.000336028645294198 -0.0019604487143651084 0.0024643454926647828 -0.0009841534730110331 0.00037620714117652027 0.0031337490103165192 0.001899857174001803 -0.015183645963136641 -0.0066234665523296809 0.0067410925026905096 0.0085384187109031322 -0.0087172524524605083 0.0059751948001513068 -0.012849631954335652 -0.0051220716206075677 -0.0025840425678664352 -0.0057601100564701477 -0.0027041693181568262
leaf_weight=2519 49 1320 2319 609 641 572 2917 638 5261 408 1971 341 7992 84 632 753 326 269 455 305 462 622 550 1590
leaf_count=2519 49 1320 2319 609 641 572 2917 638 5261 408 1971 341 7992 84 632 753 326 269 455 305 462 622 550 1590
internal_value=6.60195e-12 -0.000827437 -0.000147957 0.000288305 0.000845352 -0.00197754 -0.0025735 -0.0019168 0.00249864 -0.00527512 0.00259487 -0.00216367 0.00131636 -0.00354329 -0.0035827 0.00328462 0.00281877 -0.00318786 -0.00258858 -0.0054824 -0.000815437 0.00103198 -0.00212813 -0.00121973
internal_weight=33605 25245 18173 14674 11925 3499 7072 5752 8360 980 8311 1614 10311 2835 1273 6340 5587 2751 2482 943 1539 1077 2749 2199
internal_count=33605 25245 18173 14674 11925 3499 7072 5752 8360 980 8311 1614 10311 2835 1273 6340 5587 2751 2482 943 1539 1077 2749 2199
is_linear=0
shrinkage=0.03


Tree=134
num_leaves=25
num_cat=0
split_feature=1 12 2 12 22 0 22 22 22 3 24 2 22 22 9 3 6 22 4 22 3 7 3 3
split_gain=73.014 28.3801 23.9453 13.9644 14.258 17.1708 16.306 13.0673 14.3315 12.8416 21.5318 11.8516 11.5543 30.4256 13.027 11.5238 11.4202 10.5195 15.3946 13.5328 22.0142 13.225 11.4377 10.2467
threshold=25.315000000000001 0.69000000000000006 37.955000000000005 0.76500000000000012 33.500000000000007 9.4850000000000012 344.50000000000006 56.500000000000007 298.50000000000006 23.815000000000001 3.5000000000000004 30.495000000000001 128.50000000000003 116.50000000000001 1.3 15.135000000000003 15.881350000000001 186.50000000000003 22.275000000000002 129.50000000000003 22.875000000000004 75.322650000000024 27.665000000000003 24.105000000000004
decision_type=2 2 2 2 2 2 2 2 2 2 2 2 2 2 2 2 2 2 2 2 2 2 2 2
left_child=3 7 17 4 11 6 -6 -2 9 -9 -11 15 13 -4 -15 -1 -7 19 -19 -3 -21 23 -23 -22
right_child=1 2 12 -5 5 16 -8 8 -10 10 -12 -13 -14 14 -16 -17 -18 18 -20 20 21 22 -24 -25
leaf_value=-0.0059750025356736245 -0.005044020662938898 0.0013084742870586882 0.0038479556117483691 0.00066397493139433287 -0.0003131154019586931 -0.0090529361496964802 -0.0043717272812855762 0.0012024666480371664 -0.0070066997400774593 0.0010279705310422286 -0.0064202241838620007 -0.0079058810055544076 0.0022802360475483977 0.026556666715419851 0.011377662358148745 -0.0016380908347240022 -0.0028500705561344849 0.0012145335491303404 -0.0038697533187810706 0.013027185542303343 0.0031247975975138079 0.0060648192496895702 -0.008807441750826428 -0.0045489098863445857
leaf_weight=765 483 4447 999 2262 7446 346 1012 4332 246 840 598 492 904 60 335 1975 1172 2354 694 231 357 927 49 279
leaf_count=765 483 4447 999 2262 7446 346 1012 4332 246 840 598 492 904 60 335 1975 1172 2354 694 231 357 927 49 279
internal_value=7.75375e-14 0.00129154 0.00217848 -0.00151404 -0.00188704 -0.00132601 -0.000798728 -0.000296449 8.47139e-05 0.000387051 -0.0020694 -0.00361875 0.00492183 0.00663488 0.0136833 -0.00284894 -0.0042639 0.00150336 5.68908e-05 0.00220429 0.00436582 0.00312465 0.00531816 -0.000241499
internal_weight=33605 18135 11636 15470 13208 9976 8458 6499 6016 5770 1438 3232 2298 1394 395 2740 1518 9338 3048 6290 1843 1612 976 636
internal_count=33605 18135 11636 15470 13208 9976 8458 6499 6016 5770 1438 3232 2298 1394 395 2740 1518 9338 3048 6290 1843 1612 976 636
is_linear=0
shrinkage=0.03


Tree=135
num_leaves=25
num_cat=0
split_feature=1 8 22 22 3 2 22 22 22 3 25 0 8 0 6 2 2 22 24 1 1 26 6 3
split_gain=68.9075 30.6899 14.276 20.042 17.6585 15.2974 13.6665 13.4563 15.8646 15.5697 13.4118 13.2302 13.1243 12.8125 10.9323 13.8397 10.2115 15.6653 12.1105 11.0486 9.97222 11.4829 9.93099 24.811
threshold=28.115000000000006 672.50000000000011 35.500000000000007 312.50000000000006 23.245000000000001 30.655000000000005 56.500000000000007 47.500000000000007 160.50000000000003 22.785000000000004 -1.267059139784946 2.4150000000000005 510.00000000000006 18.420000000000005 16.639450000000004 30.655000000000005 34.565000000000005 94.500000000000014 2.5000000000000004 25.315000000000001 33.005000000000003 0.40403333333333336 17.728850000000005 19.475000000000005
decision_type=2 2 2 2 2 2 2 2 2 2 2 2 2 2 2 2 2 2 2 2 2 2 2 2
left_child=1 2 5 4 13 -1 -2 -3 -9 22 -7 20 -6 16 15 -5 18 -18 19 -4 21 -8 23 -10
right_child=6 7 3 14 12 10 11 8 9 -11 -12 -13 -14 -15 -16 -17 17 -19 -20 -21 -22 -23 -24 -25
leaf_value=-0.00061391374422369569 -0.013436337614393964 -0.0050808598393886455 -0.0014693752414880253 0.0035204493857743419 2.215999644891245e-05 -0.0079954380355286899 0.0023458472323420977 -7.5400175316907303e-05 -0.0016866648272609759 -0.014906432130653411 -0.00087592107090612818 0.00030707383031504653 -0.0055271744685147376 -0.0037015109909553168 -0.0033417488402416799 -0.0050327552233441816 -0.0027553214450453515 0.0057611017641916867 0.002757381221421018 0.0019323783256539225 0.0063620927655305042 0.0081480543410542648 -0.0016137090804813497 -0.011355403565118546
leaf_weight=2519 49 1410 1501 548 998 572 5261 2589 646 100 408 1971 623 449 1855 247 988 242 5213 2010 753 326 1948 379
leaf_count=2519 49 1410 1501 548 998 572 5261 2589 646 100 408 1971 623 449 1855 247 988 242 5213 2010 753 326 1948 379
internal_value=3.43454e-12 -0.00078175 -0.000129237 0.000281354 0.000801847 -0.00185116 0.00236068 -0.00245852 -0.00180548 -0.00326308 -0.00503139 0.00245382 -0.00211062 0.00125567 -0.00208031 0.000863039 0.00147928 -0.00107973 0.00184007 0.000478083 0.0031212 0.0026844 -0.00287144 -0.00526174
internal_weight=33605 25245 18173 14674 12024 3499 8360 7072 5662 3073 980 8311 1621 10403 2650 795 9954 1230 8724 3511 6340 5587 2973 1025
internal_count=33605 25245 18173 14674 12024 3499 8360 7072 5662 3073 980 8311 1621 10403 2650 795 9954 1230 8724 3511 6340 5587 2973 1025
is_linear=0
shrinkage=0.03


Tree=136
num_leaves=25
num_cat=0
split_feature=1 12 22 0 22 22 11 22 12 2 22 22 3 22 8 10 5 24 1 22 22 2 24 1
split_gain=64.8351 29.0226 16.3401 17.3757 13.596 12.8588 12.6773 13.2752 12.5648 15.3316 12.4194 17.4796 19.8101 14.3845 20.0721 13.6648 13.4801 11.8629 11.1483 12.4133 26.8021 9.98805 9.86961 9.76993
threshold=28.115000000000006 0.69000000000000006 46.500000000000007 9.4850000000000012 298.50000000000006 56.500000000000007 12.500000000000002 160.50000000000003 0.66500000000000015 31.325000000000003 310.50000000000006 50.500000000000007 22.075000000000003 196.50000000000003 496.50000000000006 85.000000000000014 0.85305000000000009 2.5000000000000004 31.015000000000004 128.50000000000003 116.50000000000001 34.565000000000005 2.5000000000000004 19.135000000000002
decision_type=2 2 2 2 2 2 2 2 2 2 2 2 2 2 2 2 2 2 2 2 2 2 2 2
left_child=1 2 -1 4 -4 -2 7 18 9 -6 11 15 17 -14 -15 -3 -16 -13 -7 20 -20 -19 -8 -17
right_child=5 10 3 -5 8 6 22 -9 -10 -11 -12 12 13 14 16 23 -18 21 19 -21 -22 -23 -24 -25
leaf_value=-0.0037962047100911591 -0.013033247366927717 0.0036373349020039163 -0.00011802582611312873 -0.0044943637510688013 -0.0031444665330984719 0.0025631008039368789 0.0029668728921142498 -0.0012557818181075393 0.0024511528646924841 -0.013601810787905655 -0.0019249575145508149 0.00093377799013606895 0.0023182722986286926 0.0023017608931033304 -0.0022992618737256386 -0.019119470199120456 -0.0095244492995161037 0.0051079629735625897 0.0045312604014422194 0.0024023084296189985 0.014332267281113949 -0.00059482299002047516 -0.00049271591402412886 -0.0016216301739452575
leaf_weight=2758 49 485 7031 1259 1473 2744 1222 521 322 138 1924 1526 1181 646 842 29 321 2029 864 716 354 320 1890 2961
leaf_count=2758 49 485 7031 1259 1473 2744 1222 521 322 138 1924 1526 1181 646 842 29 321 2029 864 716 354 320 1890 2961
internal_value=-2.81549e-12 -0.000758298 -0.001747 -0.00119415 -0.000730636 0.00228986 0.0023802 0.0032867 -0.00295891 -0.00404025 0.000288203 0.000700014 0.00157759 -0.000257027 -0.0019383 -0.00103367 -0.00429349 0.0029932 0.00379261 0.00553707 0.00737983 0.00433108 0.000865773 -0.00179134
internal_weight=33605 25245 12981 10223 8964 8360 8311 5199 1933 1611 12264 10340 6865 2990 1809 3475 1163 3875 4678 1934 1218 2349 3112 2990
internal_count=33605 25245 12981 10223 8964 8360 8311 5199 1933 1611 12264 10340 6865 2990 1809 3475 1163 3875 4678 1934 1218 2349 3112 2990
is_linear=0
shrinkage=0.03


Tree=137
num_leaves=25
num_cat=0
split_feature=1 8 22 22 3 10 26 22 22 22 3 6 22 16 1 3 0 2 6 22 22 2 22 2
split_gain=61.0033 27.8092 13.0576 17.4662 16.829 14.5787 13.0177 12.5801 22.2973 22.4746 15.1116 23.4875 18.0094 14.6701 17.4701 14.0185 12.3402 12.2414 13.0121 12.1077 13.8805 12.3218 11.9764 11.9739
threshold=28.115000000000006 672.50000000000011 344.50000000000006 50.500000000000007 23.245000000000001 85.000000000000014 -0.19772688172043004 198.50000000000003 93.500000000000014 74.500000000000014 21.365000000000006 16.455100000000005 296.50000000000006 41.000000000000007 23.365000000000006 19.985000000000003 2.4150000000000005 30.535000000000004 16.639450000000004 44.500000000000007 176.50000000000003 30.765000000000004 69.500000000000014 29.865000000000006
decision_type=2 2 2 2 2 2 2 2 2 2 2 2 2 2 2 2 2 2 2 2 2 2 2 2
left_child=1 2 3 5 7 -1 -6 8 9 -5 12 -12 15 14 -14 -9 22 18 -4 -3 -21 -22 -2 -7
right_child=16 19 17 4 6 23 -8 10 -10 -11 11 -13 13 -15 -16 -17 -18 -19 -20 20 21 -23 -24 -25
leaf_value=0.0035282148808131672 -0.0028120164936990479 -0.00492290285778224 0.0038008432947217599 0.0027280985488293647 0.0070026349127942393 6.6969511425814894e-05 -0.0029292353035314648 0.013257113424557689 0.0050903764613555507 -0.0029341138598475446 -0.0064863144358695253 8.5636797936261395e-05 0.0045325630545853092 0.0034617111815941222 -0.0039500040718514935 0.003391380752362384 0.00015149899434241569 -0.013290994208591925 -0.0043260888523437855 -0.00028418148706831872 -0.0028616473424086866 -0.013796239050570876 0.0031607018188362923 -0.0031392184571435631
leaf_weight=485 318 1320 236 1755 129 1669 1498 148 1670 985 616 2382 283 681 959 1044 1979 101 713 2917 2739 96 6063 2819
leaf_count=485 318 1320 236 1755 129 1669 1498 148 1670 985 616 2382 283 681 959 1044 1979 101 713 2917 2739 96 6063 2819
internal_value=2.14127e-12 -0.000735549 -0.000114414 8.4719e-05 0.000697707 -0.00141293 -0.00214177 0.00113673 0.00235797 0.000692595 0.00025571 -0.0012647 0.00171902 -7.6918e-05 -0.00201718 0.00461632 0.00222116 -0.0033618 -0.00230506 -0.00233169 -0.00173704 -0.00323192 0.00286305 -0.0019469
internal_weight=33605 25245 18173 17123 12150 4973 1627 10523 4410 2740 6113 2998 3115 1923 1242 1192 8360 1050 949 7072 5752 2835 6381 4488
internal_count=33605 25245 18173 17123 12150 4973 1627 10523 4410 2740 6113 2998 3115 1923 1242 1192 8360 1050 949 7072 5752 2835 6381 4488
is_linear=0
shrinkage=0.03


Tree=138
num_leaves=25
num_cat=0
split_feature=1 12 22 0 22 7 22 3 12 2 22 22 3 22 8 5 10 24 0 2 1 2 25 22
split_gain=57.398 26.3607 14.4527 16.17 12.1349 11.9353 12.2236 11.6064 11.3922 14.2836 11.354 15.7461 18.2136 13.1314 18.7769 12.7424 12.0713 11.0939 10.9979 9.40938 9.25788 10.1987 8.67228 15.2548
threshold=28.115000000000006 0.69000000000000006 46.500000000000007 9.4850000000000012 298.50000000000006 73.832350000000005 56.500000000000007 25.195000000000004 0.66500000000000015 31.325000000000003 310.50000000000006 50.500000000000007 22.075000000000003 196.50000000000003 496.50000000000006 0.85305000000000009 85.000000000000014 2.5000000000000004 2.4150000000000005 34.565000000000005 19.135000000000002 29.235000000000003 0.037951612903225691 94.500000000000014
decision_type=2 2 2 2 2 2 2 2 2 2 2 2 2 2 2 2 2 2 2 2 2 2 2 2
left_child=1 2 -1 4 22 7 -7 -2 9 -6 11 16 17 -14 -15 -16 -3 -13 -8 -19 -18 -22 23 -4
right_child=5 10 3 -5 8 6 18 -9 -10 -11 -12 12 13 14 15 -17 20 19 -20 -21 21 -23 -24 -25
leaf_value=-0.0035829832569972356 -0.0020181379860787275 0.0034223683890070495 -0.0014932320306241019 -0.0043194596275851725 -0.0029588307182466028 -0.012572404616607391 0.0030771112446533141 -0.023433911374211313 0.0023576324348379887 -0.013052467217355075 -0.0018322331124363321 0.00087636011261215275 0.0022119837982835272 0.0022460203491609519 -0.0021940017094847527 -0.0092187056468503777 -0.01854789513259612 0.0049157476452562068 0.0004690432154034172 -0.00061937399615999314 0.0016172980825500678 -0.0025044965331878239 -0.0023857041287652795 0.0016451477221066783
leaf_weight=2758 256 485 2338 1259 1473 49 6121 25 322 138 1924 1526 1181 646 842 321 29 2029 1909 320 711 2250 1241 3452
leaf_count=2758 256 485 2338 1259 1473 49 6121 25 322 138 1924 1526 1181 646 842 321 29 2029 1909 320 711 2250 1241 3452
internal_value=-1.0035e-12 -0.000713482 -0.00165575 -0.00113581 -0.000688669 0.00215453 0.00236593 -0.00392346 -0.00279381 -0.00382346 0.000283874 0.000677625 0.00151055 -0.000248586 -0.00185496 -0.00413289 -0.000967844 0.00286792 0.00245709 0.00416171 -0.00167997 -0.00151476 -0.000109911 0.000377871
internal_weight=33605 25245 12981 10223 8964 8360 8079 281 1933 1611 12264 10340 6865 2990 1809 1163 3475 3875 8030 2349 2990 2961 7031 5790
internal_count=33605 25245 12981 10223 8964 8360 8079 281 1933 1611 12264 10340 6865 2990 1809 1163 3475 3875 8030 2349 2990 2961 7031 5790
is_linear=0
shrinkage=0.03


Tree=139
num_leaves=25
num_cat=0
split_feature=2 22 8 12 22 12 3 6 22 22 3 7 24 1 2 6 24 22 2 16 2 12 22 22
split_gain=54.1851 22.8604 20.9342 13.7158 12.4483 14.2418 17.2623 12.8771 12.3469 15.4712 13.896 21.816 11.4003 10.9671 10.7961 13.3027 10.6072 10.3442 10.7359 12.1512 10.3141 10.2776 10.3387 16.2137
threshold=33.07500000000001 95.500000000000014 785.00000000000011 0.79000000000000015 172.50000000000003 0.69000000000000006 21.775000000000002 17.947700000000001 344.50000000000006 25.500000000000004 22.525000000000002 75.322650000000024 3.5000000000000004 22.005000000000006 30.535000000000004 16.639450000000004 2.5000000000000004 51.500000000000007 34.675000000000004 36.500000000000007 32.195000000000007 0.76500000000000012 296.50000000000006 84.500000000000014
decision_type=2 2 2 2 2 2 2 2 2 2 2 2 2 2 2 2 2 2 2 2 2 2 2 2
left_child=2 3 8 17 5 6 -3 -8 9 20 13 -12 -6 16 15 -10 -11 18 19 -2 -1 22 23 -15
right_child=1 4 -4 -5 12 -7 7 -9 14 10 11 -13 -14 21 -16 -17 -18 -19 -20 -21 -22 -23 -24 -25
leaf_value=-0.0020770125155146176 -0.0085303437874105076 0.0057845554035888154 -0.002879357933954651 0.0029549695948313131 0.0020970904867507489 0.0039908564030173713 -0.0029472392211069179 0.0017373193144839454 0.0036990594368435884 -0.0013162742697258856 -0.0049925189855085225 0.00035552239645189154 -0.0054626394225688272 -0.0014047547264850885 -0.012843122899850443 -0.0043859225961656936 0.0082421803345617203 -0.00017350605107832384 -0.013525654345576186 0.00049364503884490203 -0.017815625147930787 0.002426379896906554 -0.0020134043803578011 0.0019673780369008969
leaf_weight=2712 208 607 4097 1074 409 4301 811 1514 236 154 1085 1869 320 2121 101 818 325 3344 96 379 38 1976 1761 3249
leaf_count=2712 208 607 4097 1074 409 4301 811 1514 236 154 1085 1869 320 2121 101 818 325 3344 96 379 38 1976 1761 3249
internal_value=1.17994e-12 0.00151063 -0.000960637 -5.72926e-05 0.00251515 0.00289174 0.00127944 0.000103265 -0.000482619 -0.000256692 0.000190194 -0.00160881 -0.00122131 0.00074457 -0.00347347 -0.00257562 0.00516911 -0.000860662 -0.00422501 -0.00270395 -0.00229449 0.000511853 -1.8662e-05 0.00063548
internal_weight=33605 13063 20542 5101 7962 7233 2932 2325 16445 15290 12540 2954 729 9586 1155 1054 479 4027 683 587 2750 9107 7131 5370
internal_count=33605 13063 20542 5101 7962 7233 2932 2325 16445 15290 12540 2954 729 9586 1155 1054 479 4027 683 587 2750 9107 7131 5370
is_linear=0
shrinkage=0.03


Tree=140
num_leaves=25
num_cat=0
split_feature=2 22 8 12 0 3 8 22 22 3 7 22 24 22 1 16 2 22 3 22 3 22 6 5
split_gain=50.9827 21.5094 19.697 13.028 12.0212 12.887 11.9349 11.6172 14.564 17.2526 25.8827 16.2406 14.718 16.6557 15.6832 23.0429 14.9345 14.3691 25.1561 13.5189 13.0007 12.9533 12.8474 12.0841
threshold=33.07500000000001 95.500000000000014 785.00000000000011 0.76500000000000012 2.7750000000000004 23.615000000000006 521.00000000000011 344.50000000000006 36.500000000000007 21.435000000000006 75.322650000000024 194.50000000000003 2.5000000000000004 294.50000000000006 23.125000000000004 33.500000000000007 31.285000000000004 91.500000000000014 19.985000000000003 75.500000000000014 23.575000000000003 282.50000000000006 15.881350000000001 0.65155000000000007
decision_type=2 2 2 2 2 2 2 2 2 2 2 2 2 2 2 2 2 2 2 2 2 2 2 2
left_child=2 3 7 -2 6 -6 -3 8 -1 12 11 20 -10 17 -15 16 -16 19 -19 -14 -11 22 -13 -12
right_child=1 4 -4 -5 5 -7 -8 -9 9 10 23 21 13 14 15 -17 -18 18 -20 -21 -22 -23 -24 -25
leaf_value=-0.0018277513782538038 -0.0010609529238053341 0.0045941348221943332 -0.0027929771970147208 0.0022307278282039399 0.0036978673811554189 -0.001562608897472412 0.0019222757040288255 -0.0033692694338425602 -0.00044146901620066835 0.002099588478978294 0.0029521491530323679 -0.013536295802111057 0.0037084326198170616 0.006938428774476051 -0.0048651941985649576 0.0018846527923404009 -0.021538136633379119 0.018048821293667191 0.0048723454844943536 -0.0041093770289057051 -0.0088591918520283253 0.00095588360251424014 -0.0046549580967671263 -0.00097599592524407885
leaf_weight=3913 3543 2649 4097 1558 650 1180 3483 1155 2263 707 1515 163 819 240 354 671 56 151 956 263 113 332 1456 1318
leaf_count=3913 3543 2649 4097 1558 650 1180 3483 1155 2263 707 1515 163 819 240 354 671 56 151 956 263 113 332 1456 1318
internal_value=5.82703e-13 0.00146531 -0.000931818 -5.55739e-05 0.0024397 0.000305866 0.00307651 -0.000468141 -0.000248991 0.000294007 -0.000891723 -0.00295322 0.00144503 0.00266131 1.06778e-06 -0.00153914 -0.00714247 0.00426669 0.00666968 0.00180817 0.000589415 -0.00444217 -0.00554913 0.00112465
internal_weight=33605 13063 20542 5101 7962 1830 6132 16445 15290 11377 5604 2771 5773 3510 1321 1081 410 2189 1107 1082 820 1951 1619 2833
internal_count=33605 13063 20542 5101 7962 1830 6132 16445 15290 11377 5604 2771 5773 3510 1321 1081 410 2189 1107 1082 820 1951 1619 2833
is_linear=0
shrinkage=0.03


Tree=141
num_leaves=25
num_cat=0
split_feature=12 2 22 22 5 22 22 0 10 22 3 2 2 22 3 3 2 3 6 6 22 3 22 22
split_gain=48.3576 30.0864 16.9165 20.6024 13.3056 12.2776 16.7678 14.5167 11.1566 10.7345 10.4485 10.6626 10.0398 9.16815 25.8898 11.7001 13.148 10.8166 16.5478 12.3808 11.3612 10.6602 8.9452 25.2385
threshold=0.69000000000000006 37.315000000000005 56.500000000000007 176.50000000000003 0.96325000000000005 310.50000000000006 50.500000000000007 15.555000000000001 85.000000000000014 82.500000000000014 22.725000000000005 30.065000000000001 34.625000000000007 94.500000000000014 19.435000000000006 17.155000000000005 31.285000000000004 22.625000000000004 14.099000000000002 17.947700000000001 130.50000000000003 21.745000000000001 128.50000000000003 116.50000000000001
decision_type=2 2 2 2 2 2 2 2 2 2 2 2 2 2 2 2 2 2 2 2 2 2 2 2
left_child=2 5 -1 13 -5 6 8 10 -2 -3 -8 -12 -10 15 -15 -4 -17 18 -16 -19 -20 -22 23 -11
right_child=1 9 3 4 -6 -7 7 -9 12 22 11 -13 -14 14 17 16 -18 19 20 -21 21 -23 -24 -25
leaf_value=-0.0031132409800304359 0.0032141605533147228 -0.0056267270016330242 0.0038707062613104223 -0.0013731505425563007 -0.0052498670437629239 -0.001715003570231349 0.0026325290947953545 -0.0029748177774252017 -0.0013316128430387048 0.0034724828685855787 -0.0040088787467018848 0.0011288078865021478 -0.011851488259687487 0.010825314448790865 -0.0021423771287437283 -0.0089170697939328167 -0.0011227073944950769 -0.0037011896942964416 0.0022229716452130724 0.00098027504517485286 0.015157950669663014 0.0050365026279354961 0.0022394824821203372 0.012123254578529851
leaf_weight=3360 500 103 361 4711 959 1925 5389 616 2916 1177 407 3406 84 241 501 220 1699 792 813 1420 137 296 1163 409
leaf_count=3360 500 103 361 4711 959 1925 5389 616 2916 1177 407 3406 84 241 501 220 1699 792 813 1420 137 296 1163 409
internal_value=2.36475e-12 0.00105361 -0.00122921 -0.00070819 -0.00202884 0.000524471 0.000848167 0.00148374 -0.000934694 0.00388166 0.0017822 0.000580411 -0.00162617 0.000447381 0.00127879 -0.00108417 -0.00201628 0.00069766 0.00246216 -0.000695909 0.00431358 0.0082389 0.00423792 0.00570336
internal_weight=33605 18095 15510 12150 5670 15243 13318 9818 3500 2852 9202 3813 3000 6480 4200 2280 1919 3959 1747 2212 1246 433 2749 1586
internal_count=33605 18095 15510 12150 5670 15243 13318 9818 3500 2852 9202 3813 3000 6480 4200 2280 1919 3959 1747 2212 1246 433 2749 1586
is_linear=0
shrinkage=0.03


Tree=142
num_leaves=25
num_cat=0
split_feature=12 2 22 22 3 6 7 22 3 22 3 22 22 0 3 0 22 3 6 3 3 10 22 3
split_gain=45.4996 28.3083 15.9969 17.1451 14.8638 21.9346 20.2633 21.414 16.3864 16.0302 14.1682 11.552 15.7768 13.6587 11.3315 11.484 10.6254 20.2383 13.1148 10.5289 10.523 10.4972 10.1001 9.83102
threshold=0.69000000000000006 37.315000000000005 46.500000000000007 186.50000000000003 21.085000000000004 17.947700000000001 75.562100000000015 298.50000000000006 20.315000000000001 266.50000000000006 24.205000000000002 310.50000000000006 50.500000000000007 15.555000000000001 19.475000000000005 5.0550000000000006 94.500000000000014 19.435000000000006 17.947700000000001 22.325000000000003 24.545000000000005 85.000000000000014 82.500000000000014 22.725000000000005
decision_type=2 2 2 2 2 2 2 2 2 2 2 2 2 2 2 2 2 2 2 2 2 2 2 2
left_child=2 11 -1 16 6 19 7 8 -5 10 -7 12 21 23 -8 -16 -4 -18 20 -6 -19 -2 -3 -14
right_child=1 22 3 4 5 9 14 -9 -10 -11 -12 -13 13 -15 15 -17 17 18 -20 -21 -22 -23 -24 -25
leaf_value=-0.0032631085137336804 0.0031177356785602752 -0.005457925170962925 -0.0012285585129604138 0.010574339802842586 -0.0067140939373192456 0.00086138222404602517 -0.0017635044157917556 -0.0014861682259494683 0.0017132880964305108 -0.0082751836292445664 -0.013490628479895265 -0.0016635534746598714 0.0025535532121323382 -0.0028855732209922278 -0.0042561592586486379 -0.014817733786867134 0.0091316979680441425 -0.00064849581806362988 0.0021948033661621518 -0.01733526500440348 -0.01053741210962043 -0.0015773842669749864 0.0041107822207691489 0.00056299838019179969
leaf_weight=2760 500 103 2880 288 672 998 840 1191 540 265 66 1925 5389 616 274 140 266 1917 2215 96 102 3000 2749 3813
leaf_count=2760 500 103 2880 288 672 998 840 1191 540 265 66 1925 5389 616 274 140 266 1917 2215 96 102 3000 2749 3813
internal_value=-1.56783e-12 0.001022 -0.00119233 -0.000744068 -0.00203374 -0.00400558 -0.00077038 0.00108993 0.00479539 -0.00167317 -2.88741e-05 0.000508737 0.000822722 0.00143922 -0.00376556 -0.00782771 0.000194348 0.00110501 0.000600734 -0.00804174 -0.00114808 -0.000906653 0.00376521 0.00172873
internal_weight=33605 18095 15510 12750 5370 2097 3273 2019 828 1329 1064 15243 13318 9818 1254 414 7380 4500 4234 768 2019 3500 2852 9202
internal_count=33605 18095 15510 12750 5370 2097 3273 2019 828 1329 1064 15243 13318 9818 1254 414 7380 4500 4234 768 2019 3500 2852 9202
is_linear=0
shrinkage=0.03


Tree=143
num_leaves=25
num_cat=0
split_feature=12 2 26 22 22 22 0 0 10 22 22 2 1 3 7 22 3 3 1 5 24 22 22 9
split_gain=42.8106 26.6353 15.2042 11.9153 10.8692 14.8444 12.8515 10.515 9.87683 9.6495 9.5032 9.44643 9.39962 9.3216 11.3434 12.0274 15.1834 10.4257 8.90654 8.77924 8.76501 8.41653 23.7469 9.66335
threshold=0.69000000000000006 37.315000000000005 -0.13883333333333356 46.500000000000007 310.50000000000006 50.500000000000007 15.555000000000001 9.8650000000000002 85.000000000000014 340.50000000000006 82.500000000000014 34.625000000000007 21.885000000000002 22.135000000000002 75.322650000000024 180.50000000000003 24.445000000000004 23.695000000000004 19.135000000000002 0.65155000000000007 2.5000000000000004 128.50000000000003 116.50000000000001 1.3
decision_type=2 2 2 2 2 2 2 2 2 2 2 2 2 2 2 2 2 2 2 2 2 2 2 2
left_child=2 4 7 -4 5 8 13 -1 -2 -5 -3 18 -11 20 15 16 -15 -17 -10 -16 -7 22 -12 -24
right_child=1 10 3 9 -6 6 -8 -9 11 12 21 -13 -14 14 19 17 -18 -19 -20 -21 -22 -23 23 -25
leaf_value=-0.0016902351089254234 0.0030242036311759145 -0.005294187406317593 -0.0027439436370308534 0.00056683352639290614 -0.0016136468442623706 0.0010380998196980764 -0.0027990060286435447 -0.005106372292628056 -0.017787045450110374 -0.00069661365025676782 0.0032449849009976352 -0.011448621996678413 -0.012570715042669326 0.0028075709766678843 0.0028718634250268901 -0.0028841109103524779 -0.0065071788694008644 -0.015992121982814397 -0.0010781709953854174 -0.00060938219543143655 0.0038452931864354362 0.0020489745375115512 0.022545420168298146 0.0096870416001137768
leaf_weight=6840 500 103 1380 6120 1925 1666 616 920 29 150 1177 84 100 837 2293 734 194 59 2887 911 2508 1163 62 347
leaf_count=6840 500 103 1380 6120 1925 1666 616 920 29 150 1177 84 100 837 2293 734 194 59 2887 911 2508 1163 62 347
internal_value=3.52409e-12 0.000991338 -0.00115656 -0.000216669 0.000493475 0.00079804 0.00139605 -0.00209524 -0.000879453 0.000330841 0.00365225 -0.00153006 -0.00544625 0.00167687 0.000806903 -0.00108165 0.00105484 -0.00385936 -0.00124434 0.00188203 0.00272484 0.00398746 0.00540893 0.0116362
internal_weight=33605 18095 15510 7750 15243 13318 9818 7760 3500 6370 2852 3000 250 9202 5028 1824 1031 793 2916 3204 4174 2749 1586 409
internal_count=33605 18095 15510 7750 15243 13318 9818 7760 3500 6370 2852 3000 250 9202 5028 1824 1031 793 2916 3204 4174 2749 1586 409
is_linear=0
shrinkage=0.03


Tree=144
num_leaves=25
num_cat=0
split_feature=12 2 22 22 5 22 22 0 10 22 2 3 2 3 22 3 2 6 3 22 6 3 3 1
split_gain=40.2805 25.0611 14.6336 18.0452 12.0052 10.2269 13.9671 12.092 9.29311 8.94156 8.88815 8.87142 9.81882 8.68649 11.7953 18.8146 10.7893 10.5599 18.763 10.2219 9.8788 9.64184 9.01676 8.38017
threshold=0.69000000000000006 37.315000000000005 56.500000000000007 176.50000000000003 0.96325000000000005 310.50000000000006 50.500000000000007 15.555000000000001 85.000000000000014 82.500000000000014 34.625000000000007 22.725000000000005 30.065000000000001 16.545000000000005 95.500000000000014 19.945000000000004 31.285000000000004 14.099000000000002 22.625000000000004 130.50000000000003 17.947700000000001 21.615000000000006 21.745000000000001 19.135000000000002
decision_type=2 2 2 2 2 2 2 2 2 2 2 2 2 2 2 2 2 2 2 2 2 2 2 2
left_child=2 5 -1 13 -5 6 8 11 -2 -3 23 -8 -13 -4 16 -16 -15 21 19 -19 -20 -17 -21 -10
right_child=1 9 3 4 -6 -7 7 -9 10 -11 -12 12 -14 14 15 17 -18 18 20 22 -22 -23 -24 -25
leaf_value=-0.0028741682968832587 0.0029334775330818958 -0.0051353618314091878 0.0062090415473194539 -0.0012504256678718599 -0.0049328274073174392 -0.0015652374660292362 0.0024100967954039892 -0.0027150358667169311 -0.017253434018328271 0.0038678349896680776 -0.011105163325264584 -0.0038847683407555061 0.0010454341072646334 -0.0071709908593602378 0.0074586288616005402 -0.0016987485828807898 -0.00076311960892833813 0.0019824145088819085 -0.0032868033984592465 0.01426973007767072 0.00092098431030833091 -0.013243618299623569 0.0048901720239459909 -0.0010458258731662709
leaf_weight=3360 500 103 227 4711 959 1925 5389 616 29 2749 84 407 3406 271 388 302 1857 730 779 134 1413 83 296 2887
leaf_count=3360 500 103 227 4711 959 1925 5389 616 29 2749 84 407 3406 271 388 302 1857 730 779 134 1413 83 296 2887
internal_value=-1.35815e-13 0.000961598 -0.00112186 -0.000637276 -0.00187325 0.00047867 0.000774099 0.00135417 -0.00085307 0.00354268 -0.00148416 0.00162657 0.000519184 0.000444203 0.000234924 0.00117077 -0.00157916 0.000517925 0.00105839 0.00414379 -0.000574393 -0.00418764 0.0078131 -0.00120701
internal_weight=33605 18095 15510 12150 5670 15243 13318 9818 3500 2852 3000 9202 3813 6480 6253 4125 2128 3737 3352 1160 2192 385 430 2916
internal_count=33605 18095 15510 12150 5670 15243 13318 9818 3500 2852 3000 9202 3813 6480 6253 4125 2128 3737 3352 1160 2192 385 430 2916
is_linear=0
shrinkage=0.03


Tree=145
num_leaves=25
num_cat=0
split_feature=1 8 0 3 12 22 22 16 26 2 16 22 3 26 0 25 2 2 2 22 22 3 7 22
split_gain=37.9468 20.4593 11.121 10.6366 10.9854 12.7502 21.5193 17.4037 16.9715 14.6617 14.1456 12.8758 11.894 15.9392 12.4167 11.6969 11.6255 11.5071 11.1391 10.1434 16.5591 13.275 9.83107 9.57922
threshold=28.175000000000004 672.50000000000011 2.4150000000000005 24.305000000000003 0.79000000000000015 50.500000000000007 296.50000000000006 39.000000000000007 -0.17141720430107546 31.955000000000002 33.500000000000007 86.500000000000014 21.915000000000003 -0.18964516129032263 6.3250000000000011 -0.8996666666666665 28.155000000000005 29.945000000000004 29.835000000000004 10.500000000000002 6.5000000000000009 15.625000000000002 79.153350000000017 310.50000000000006
decision_type=2 2 2 2 2 2 2 2 2 2 2 2 2 2 2 2 2 2 2 2 2 2 2 2
left_child=1 3 -2 4 5 18 7 11 -9 10 17 -7 16 -14 -15 -10 -13 -8 19 20 -1 -22 -5 -12
right_child=2 -3 -4 22 -6 6 9 8 15 -11 23 12 13 14 -16 -17 -18 -19 -20 -21 21 -23 -24 -25
leaf_value=0.0017404539803743597 0.002382346197600587 -0.0019432706472710141 -0.00021525727014621961 -0.0093113560935060655 0.0016790991777094534 -0.00014307745700831132 -0.0021057120289901549 -0.01030932273299268 0.0020537738539934979 -0.0093826647954405682 0.0063017843805654493 0.013477110914140939 0.010330403402571709 0.0027032388704329993 -0.0025603447934631801 -0.0016605137320353004 0.0045367077108614028 -0.0091996370662915678 -0.0029812868609264452 0.0022330684337010455 -0.016341313266562758 -0.0028335176403463886 9.5015797497970715e-06 -0.00051764591587141339
leaf_weight=333 6291 7082 1941 212 3131 1436 721 155 1291 224 216 150 184 1309 583 1866 1028 288 2452 935 109 164 196 1308
leaf_count=333 6291 7082 1941 212 3131 1436 721 155 1291 224 216 150 184 1309 583 1866 1028 288 2452 935 109 164 196 1308
internal_value=-1.23813e-12 -0.000574214 0.00176986 -4.41355e-05 6.5138e-05 -0.000277413 0.000259887 0.00104742 -0.000617464 -0.00202587 -0.00137529 0.00222313 0.00326735 0.00190109 0.00108132 -0.000141621 0.00567513 -0.00413054 -0.00172515 0.000273582 -0.00274972 -0.00822674 -0.00483369 0.000448888
internal_weight=33605 25373 8232 18291 17883 14752 10759 8002 3312 2757 2533 4690 3254 2076 1892 3157 1178 1009 3993 1541 606 273 408 1524
internal_count=33605 25373 8232 18291 17883 14752 10759 8002 3312 2757 2533 4690 3254 2076 1892 3157 1178 1009 3993 1541 606 273 408 1524
is_linear=0
shrinkage=0.03


Tree=146
num_leaves=25
num_cat=0
split_feature=12 2 22 0 22 12 2 22 22 0 3 3 2 1 3 10 2 6 22 3 22 3 2 3
split_gain=36.1096 22.9855 13.4897 14.4412 9.95681 10.1847 12.991 9.45312 11.4175 12.8574 11.299 9.52013 9.36288 8.80352 8.47455 8.4108 8.3763 8.25273 15.9227 15.4294 14.3095 13.3096 15.2676 9.56288
threshold=0.69000000000000006 37.315000000000005 39.500000000000007 9.4850000000000012 298.50000000000006 0.66500000000000015 31.325000000000003 328.50000000000006 50.500000000000007 3.8750000000000004 22.135000000000002 20.665000000000003 26.195000000000004 22.495000000000001 28.845000000000002 85.000000000000014 34.625000000000007 17.947700000000001 105.50000000000001 21.715000000000003 162.50000000000003 20.035000000000004 30.105000000000004 22.875000000000004
decision_type=2 2 2 2 2 2 2 2 2 2 2 2 2 2 2 2 2 2 2 2 2 2 2 2
left_child=2 7 -1 4 17 6 -6 8 15 13 -11 -9 -12 -10 -3 -2 -17 19 -19 -4 -21 22 -20 -22
right_child=1 14 3 -5 5 -7 -8 11 9 10 12 -13 -14 -15 -16 16 -18 18 21 20 23 -23 -24 -25
leaf_value=-0.0031611397375747446 0.0027949348880094474 0.0029693396496110157 0.0003059220180149594 -0.0036251131258362868 -0.0024712382121874175 0.0025485311071417344 -0.012097322799154032 -0.0011373270276875676 0.021199535142098155 0.0017413548464475009 -0.011808082927993045 -0.0096389303506690654 -0.0016388576886883944 0.001748927182056286 0.0098575717292873084 -0.0011387141384329878 -0.010747636300511657 -0.0012900094232006136 0.02356502760974866 -0.0019393388659546729 -0.0067621835555021345 0.0016905267697755416 0.0045638130110229316 -0.020852982014909666
leaf_weight=2340 500 2681 3270 1353 1473 322 138 1163 21 1116 86 132 1552 7673 171 2916 84 1908 53 1245 238 2982 135 53
leaf_count=2340 500 2681 3270 1353 1473 322 138 1163 21 1116 86 132 1552 7673 171 2916 84 1908 53 1245 238 2982 135 53
internal_value=8.29943e-13 0.000910452 -0.00106219 -0.000689261 -0.000353117 -0.00232226 -0.00329582 0.000447955 0.000675597 0.00117238 -0.000586656 -0.0020039 -0.00217277 0.00180202 0.00338234 -0.000807378 -0.00140776 3.19865e-05 0.00087532 -0.000859076 -0.00333925 0.00217862 0.00992054 -0.00932855
internal_weight=33605 18095 15510 13170 11817 1933 1611 15243 13948 10448 2754 1295 1638 7694 2852 3500 3000 9884 5078 4806 1536 3170 188 291
internal_count=33605 18095 15510 13170 11817 1933 1611 15243 13948 10448 2754 1295 1638 7694 2852 3500 3000 9884 5078 4806 1536 3170 188 291
is_linear=0
shrinkage=0.03


Tree=147
num_leaves=25
num_cat=0
split_feature=2 22 2 16 8 26 2 22 22 1 0 2 6 2 3 24 22 6 24 3 26 22 3 3
split_gain=34.1857 16.9985 15.7668 16.4724 14.6133 12.2963 10.5038 9.53798 11.3849 13.9451 12.2805 10.1657 12.2259 10.1597 10.0571 9.60991 9.2857 9.26582 9.10905 9.07323 14.4829 9.82143 9.53014 8.90519
threshold=33.07500000000001 69.500000000000014 35.725000000000001 36.500000000000007 785.00000000000011 -0.036016666666666891 34.405000000000008 344.50000000000006 25.500000000000004 22.005000000000006 15.555000000000001 30.535000000000004 16.639450000000004 31.905000000000005 14.985000000000001 2.5000000000000004 51.500000000000007 16.455100000000005 2.5000000000000004 19.475000000000005 -0.23144516129032253 33.500000000000007 17.335000000000004 29.600000000000005
decision_type=2 2 2 2 2 2 2 2 2 2 2 2 2 2 2 2 2 2 2 2 2 2 2 2
left_child=4 2 3 16 7 -3 -5 8 13 15 -11 12 -9 -1 -14 -10 -2 -12 -4 21 -21 22 -6 -7
right_child=1 5 18 6 19 23 -8 11 9 10 17 -13 14 -15 -16 -17 -18 -19 -20 20 -22 -23 -24 -25
leaf_value=-0.0016078381053170623 -0.0087930738166258609 0.00066975838832706105 0.00015708365978892234 0.0040913066469751309 -0.0067832053204395747 0.0026367712042787684 -0.00098638301388513519 0.0038942269888848071 -0.00093464867957994673 0.00026802795775073853 -0.012701554461450238 -0.012084343649578362 0.0027110740001185124 -0.012803150864690542 -0.0055414104622331104 0.0081633683766166761 -0.0016471140078984474 -0.0024539877847147484 -0.011769711189557325 -0.0031175422135585966 -0.01280325341091024 0.0001981645415012528 0.0011718319896046989 0.019305575224892072
leaf_weight=2675 223 5048 85 785 425 5411 688 236 154 11296 90 101 167 75 651 325 615 675 179 1740 151 1582 199 29
leaf_count=2675 223 5048 85 785 425 5411 688 236 154 11296 90 101 167 75 651 325 615 675 179 1740 151 1582 199 29
internal_value=2.46996e-12 0.00119989 -0.00098416 -0.000190734 -0.00076303 0.00173611 0.00171965 -0.000363647 -0.000165074 0.000218279 1.89091e-05 -0.00299237 -0.00212113 -0.00191316 -0.00385661 0.00523833 -0.00354872 -0.00365958 -0.00792964 -0.00236612 -0.00389096 -0.00105901 -0.00424626 0.00272563
internal_weight=33605 13063 2575 2311 20542 10488 1473 16445 15290 12540 12061 1155 1054 2750 818 479 838 765 264 4097 1891 2206 624 5440
internal_count=33605 13063 2575 2311 20542 10488 1473 16445 15290 12540 12061 1155 1054 2750 818 479 838 765 264 4097 1891 2206 624 5440
is_linear=0
shrinkage=0.03


Tree=148
num_leaves=25
num_cat=0
split_feature=12 1 22 22 3 8 7 22 3 22 3 24 3 6 0 22 22 25 6 22 22 3 22 3
split_gain=33.0385 20.6741 12.321 15.6714 17.7146 19.5666 15.4375 17.4673 17.1555 13.9004 14.3677 10.9156 9.38792 10.0193 9.37124 9.86529 13.9648 9.17902 8.8284 8.66474 25.6055 8.49009 9.75672 12.9617
threshold=0.69000000000000006 30.535000000000004 56.500000000000007 192.50000000000003 21.195000000000004 645.00000000000011 75.562100000000015 298.50000000000006 20.315000000000001 266.50000000000006 23.815000000000001 3.5000000000000004 19.475000000000005 17.947700000000001 12.585000000000003 312.50000000000006 50.500000000000007 -0.81448655913978496 17.728850000000005 128.50000000000003 116.50000000000001 16.545000000000005 94.500000000000014 22.625000000000004
decision_type=2 2 2 2 2 2 2 2 2 2 2 2 2 2 2 2 2 2 2 2 2 2 2 2
left_child=2 14 -1 21 6 9 7 8 -5 10 -6 -7 -8 -14 15 16 -2 -18 -9 20 -3 -4 -23 -24
right_child=1 19 3 4 5 11 12 18 -10 -11 -12 -13 13 -15 -16 -17 17 -19 -20 -21 -22 22 23 -25
leaf_value=-0.0026239159820002638 -0.00069869846184807322 0.0025364206167167468 0.0060654502897420767 0.010307244028548487 0.0028857681391259221 -0.0045141368196816431 -0.0013514595550508603 0.0036720426033504984 0.0013948390694101611 -0.0080839005814500372 -0.0087991563549710324 -0.011044884472715399 -0.010412306200753131 -0.00053930344118678067 -0.0024985802695435752 -0.0014375159996780184 0.0023631257596004487 0.00043253687582701797 -0.0026293800584089211 0.0013542334825995012 0.011431657068162262 -0.0015473879527600491 0.0025376170326478517 -0.00062625559132373112
leaf_weight=3360 3458 1196 227 284 585 569 827 253 616 194 113 387 262 143 921 1825 5211 3857 957 1242 385 2070 2290 2373
leaf_count=3360 3458 1196 227 284 585 569 827 253 616 194 113 387 262 143 921 1825 5211 3857 957 1242 385 2070 2290 2373
internal_value=4.00553e-13 0.000870875 -0.00101602 -0.000571369 -0.00181906 -0.00417604 -0.000515743 0.00104227 0.0042072 -0.000980277 0.000994083 -0.00715786 -0.00318409 -0.00692628 0.000434899 0.000623161 0.000923395 0.00154197 -0.00131181 0.00322944 0.00470256 0.000359023 0.000166634 0.000927523
internal_weight=33605 18095 15510 12150 5190 1848 3342 2110 900 892 698 956 1232 405 15272 14351 12526 9068 1210 2823 1581 6960 6733 4663
internal_count=33605 18095 15510 12150 5190 1848 3342 2110 900 892 698 956 1232 405 15272 14351 12526 9068 1210 2823 1581 6960 6733 4663
is_linear=0
shrinkage=0.03


Tree=149
num_leaves=25
num_cat=0
split_feature=8 2 22 22 3 25 22 0 14 1 2 14 22 22 22 7 3 0 22 22 9 2 3 3
split_gain=31.315 20.208 14.484 19.6505 14.4417 16.6495 21.748 14.6178 13.8087 13.9854 11.4246 11.6094 10.9267 10.9501 15.3137 12.2219 14.6653 10.6823 10.6101 17.9267 13.4437 10.6997 10.4207 10.1257
threshold=645.00000000000011 38.305000000000007 296.50000000000006 54.500000000000007 24.595000000000002 -0.94790322580645159 101.50000000000001 2.0450000000000004 0.14500000000000005 24.525000000000002 34.625000000000007 0.13000000000000003 246.50000000000003 125.50000000000001 115.50000000000001 79.153350000000017 22.875000000000004 11.705000000000002 128.50000000000003 116.50000000000001 1.3 40.385000000000012 19.815000000000001 25.265000000000004
decision_type=2 2 2 2 2 2 2 2 2 2 2 2 2 2 2 2 2 2 2 2 2 2 2 2
left_child=1 2 3 10 5 6 -5 -6 -4 -10 11 -1 13 14 -8 16 -15 23 19 21 -21 -3 -14 -2
right_child=17 18 8 4 7 -7 12 -9 9 -11 -12 -13 22 15 -16 -17 -18 -19 -20 20 -22 -23 -24 -25
leaf_value=0.0010760743360438186 -0.00102737575359424 0.0042248960836017927 0.00020412790054030231 0.00089049257127496201 0.00097799117412039724 0.0005768555442422559 0.0072828227143362156 -0.0042971164369843117 -0.002071673008817128 -0.0090328627356572305 -0.007287104163239369 -0.0019624072427474422 0.013967710311614697 0.012094707783866473 -0.0017530297833513423 0.018008759765480043 0.0043615071103773034 -0.0047899041774052253 0.0006933763605526975 0.022780627351254225 0.0076085712684687444 -0.0028511810535656683 0.0012153523083973268 -0.013936709430407392
leaf_weight=1990 9522 792 1725 2439 1198 5746 375 781 1033 347 246 2624 62 338 307 101 636 763 961 60 424 254 826 55
leaf_count=1990 9522 792 1725 2439 1198 5746 375 781 1033 347 246 2624 62 338 307 101 636 763 961 60 424 254 826 55
internal_value=-3.01533e-12 0.000610526 0.000304359 0.00063643 0.00125269 0.0016833 0.00293381 -0.0011038 -0.00158529 -0.00382206 -0.000987777 -0.000651922 0.00481799 0.00618878 0.00321536 0.00807518 0.0070451 -0.00137368 0.00316384 0.00471555 0.0094894 0.00250661 0.00210572 -0.00110151
internal_weight=33605 23265 20774 17669 12809 10830 5084 1979 3105 1380 4860 4614 2645 1757 682 1075 974 10340 2491 1530 484 1046 888 9577
internal_count=33605 23265 20774 17669 12809 10830 5084 1979 3105 1380 4860 4614 2645 1757 682 1075 974 10340 2491 1530 484 1046 888 9577
is_linear=0
shrinkage=0.03


Tree=150
num_leaves=25
num_cat=0
split_feature=8 22 22 0 3 26 3 9 2 6 1 6 22 22 3 22 1 22 3 26 3 7 3 22
split_gain=29.7024 17.6844 25.1263 17.7981 17.5744 14.2068 15.9066 13.8733 14.8296 13.139 10.9586 10.5087 9.19944 10.0216 20.6457 10.2682 11.4199 8.80594 11.0683 10.7206 18.8022 8.85991 8.72539 20.5412
threshold=559.00000000000011 296.50000000000006 88.500000000000014 3.2350000000000008 21.435000000000006 -0.12882096774193563 21.085000000000004 1.8500000000000003 31.105000000000004 16.639450000000004 24.385000000000002 15.881350000000001 34.500000000000007 202.50000000000003 21.325000000000003 340.50000000000006 22.795000000000005 186.50000000000003 22.975000000000005 0.099055913978494489 23.815000000000001 79.153350000000017 23.385000000000002 126.50000000000001
decision_type=2 2 2 2 2 2 2 2 2 2 2 2 2 2 2 2 2 2 2 2 2 2 2 2
left_child=1 2 9 10 -5 6 -2 -3 -9 -1 -4 -8 -7 22 15 16 -15 18 -6 20 21 -19 23 -14
right_child=5 7 3 4 17 12 11 8 -10 -11 -12 -13 13 14 -16 -17 -18 19 -20 -21 -22 -23 -24 -25
leaf_value=0.0030946731401001503 -0.0010106081544256273 0.00040516130143394385 0.013308783449920947 0.0074271645763952692 0.0074540726769029989 -0.0027670851295464672 -0.0083647894392405355 -0.003054596070538811 -0.015551363834417723 -0.00086476758984587257 0.0028816623171041868 -0.0030767203280196559 0.00037352030316809085 0.009506746400636621 -0.005201133094814952 -0.004917154031004756 0.00071363189174655718 0.0024398462006452251 1.026464373217774e-05 -0.0053755682522654237 -0.0055063075289901158 0.016146160897580863 -0.0012931067713786025 0.0053330806485106996
leaf_weight=880 4858 1380 92 276 216 1050 420 941 94 5280 6485 1737 2872 150 827 250 1168 438 1072 563 331 47 1160 1018
leaf_count=880 4858 1380 92 276 216 1050 420 941 94 5280 6485 1737 2872 150 827 250 1168 438 1072 563 331 47 1160 1018
internal_value=-2.99635e-12 0.000825737 0.0011938 0.00215982 0.000220683 -0.00096336 -0.00196251 -0.00156401 -0.00418957 -0.000299133 0.00302752 -0.00410639 -0.000138282 0.000232469 -0.0013658 0.000657044 0.00171437 -0.000525095 0.00125861 -0.00219109 6.04707e-06 0.00376809 0.00099046 0.00167142
internal_weight=33605 18095 15680 9520 2943 15510 7015 2415 1035 6160 6577 2157 8495 7445 2395 1568 1318 2667 1288 1379 816 485 5050 3890
internal_count=33605 18095 15680 9520 2943 15510 7015 2415 1035 6160 6577 2157 8495 7445 2395 1568 1318 2667 1288 1379 816 485 5050 3890
is_linear=0
shrinkage=0.03


Tree=151
num_leaves=25
num_cat=0
split_feature=8 2 22 22 5 2 2 1 3 22 22 9 2 0 14 22 3 22 2 22 3 3 26 13
split_gain=28.1033 18.4016 13.4818 15.2737 12.787 12.0337 10.9838 10.6639 10.6043 10.0759 16.7812 12.6176 10.0823 9.94641 9.85537 9.51288 10.0723 9.40392 9.12296 11.1909 9.3893 10.44 9.06142 9.05676
threshold=645.00000000000011 38.305000000000007 328.50000000000006 54.500000000000007 0.76575000000000015 29.485000000000003 35.175000000000004 23.125000000000004 22.975000000000005 128.50000000000003 116.50000000000001 1.3 40.385000000000012 11.705000000000002 0.13000000000000003 33.500000000000007 25.265000000000004 83.500000000000014 29.105000000000004 10.500000000000002 14.335000000000003 17.585000000000004 0.14885483870967767 0.070000000000000021
decision_type=2 2 2 2 2 2 2 2 2 2 2 2 2 2 2 2 2 2 2 2 2 2 2 2
left_child=1 2 3 6 7 -4 14 -5 -6 10 12 -12 17 15 -1 -2 -17 -3 19 20 23 -22 -11 -16
right_child=13 9 5 4 8 -7 -8 -9 -10 22 11 -13 -14 -15 18 16 -18 -19 -20 -21 21 -23 -24 -25
leaf_value=0.00081215793124839012 -0.0034181201315413093 -0.012417359560728073 -0.00040846850527343571 0.011030483878616775 0.00084630460888064749 -0.0057365101854156813 -0.01058504346373061 0.0014230101064726009 -0.0025117138679904331 0.0011903719823815415 0.022022244262509049 0.0073237240408659246 -0.0028110897173742053 -0.0045977869539588464 -0.0032377099178054112 -0.00057733883675927758 -0.013458411526273598 0.0047064461835818619 -0.0030468810170581431 0.0040975732262322449 0.0036570632940179908 -0.0083834625332159553 -0.013950267036923685 -0.026434969460325579
leaf_weight=2091 1306 30 1073 105 1995 592 104 10679 1470 924 60 424 254 763 33 8216 55 762 1906 422 172 104 37 28
leaf_count=2091 1306 30 1073 105 1995 592 104 10679 1470 924 60 424 254 763 33 8216 55 762 1906 422 172 104 37 28
internal_value=-1.25293e-12 0.000578371 0.000286208 0.0005118 0.00100714 -0.00230288 -0.000940471 0.00151655 -0.000578309 0.0030149 0.00452704 0.00914585 0.00238984 -0.00130134 -0.000729572 -0.00103871 -0.000662995 0.00405782 -0.00193924 0.000842276 -0.00323409 -0.000879946 0.000607434 -0.0138856
internal_weight=33605 23265 20774 19109 14249 1665 4860 10784 3465 2491 1530 484 1046 10340 4756 9577 8271 792 2665 759 337 276 961 61
internal_count=33605 23265 20774 19109 14249 1665 4860 10784 3465 2491 1530 484 1046 10340 4756 9577 8271 792 2665 759 337 276 961 61
is_linear=0
shrinkage=0.03


Tree=152
num_leaves=25
num_cat=0
split_feature=8 4 0 0 22 2 22 22 3 8 26 22 3 3 6 22 3 22 22 22 22 22 3 2
split_gain=26.7981 16.548 13.0561 12.7386 12.64 11.6499 10.3178 9.58455 24.021 12.2581 10.9813 14.6765 13.1756 12.2501 11.6154 11.007 13.9046 10.2182 9.5665 9.52188 9.68191 9.51789 20.0894 9.50496
threshold=559.00000000000011 12.905000000000003 13.285000000000002 3.2350000000000008 34.500000000000007 31.285000000000004 47.500000000000007 160.50000000000003 22.525000000000002 597.50000000000011 -0.17141720430107546 192.50000000000003 21.325000000000003 19.105000000000004 17.728850000000005 298.50000000000006 20.125000000000004 330.50000000000006 8.5000000000000018 344.50000000000006 11.500000000000002 94.500000000000014 19.435000000000006 29.315000000000001
decision_type=2 2 2 2 2 2 2 2 2 2 2 2 2 2 2 2 2 2 2 2 2 2 2 2
left_child=1 19 4 6 5 18 -3 21 10 -10 13 -12 15 -9 -15 16 -13 -16 -2 20 -1 -6 -23 -22
right_child=2 3 -4 -5 7 -7 -8 8 9 -11 11 12 -14 14 17 -17 -18 -19 -20 -21 23 22 -24 -25
leaf_value=-0.0050926771945846473 0.0014351814038873897 -0.00032488905539932534 -0.004682286776220586 -0.00025916640783149526 -0.00074301492887544733 -0.011461193245773049 0.0023519335803347335 0.0010852834258505435 -0.0017766631155326548 -0.010100968644525808 0.0080708008736293663 0.012331998358594672 -0.0031129211077889005 -0.007325726081421108 0.00015760706782465422 -0.00054572619806232897 0.0021266560313923637 -0.012388584160071331 -0.0035218711930756169 -0.0049151579691166496 0.0037575072726414149 0.0099781352335864115 0.00085446697600352389 -0.00039851010095660856
leaf_weight=345 464 1546 786 3234 3577 134 8013 572 270 388 214 147 888 570 509 1198 658 66 1431 428 566 232 3406 3963
leaf_count=345 464 1546 786 3234 3577 134 8013 572 270 388 214 147 888 570 509 1198 658 66 1431 428 566 232 3406 3963
internal_value=-3.77634e-12 0.000784328 -0.000915049 0.00136837 -0.000713946 -0.0029126 0.001919 -0.000362541 -0.00130838 -0.00668522 -0.000574671 0.000489933 -7.12247e-05 -0.00249989 -0.00429091 0.00127727 0.00399024 -0.00128248 -0.00230811 -0.000624898 -0.000248158 0.000355853 0.0014363 0.000120877
internal_weight=33605 18095 15510 12793 14724 2029 9559 12695 5480 658 4822 3105 2891 1717 1145 2003 805 575 1895 5302 4874 7215 3638 4529
internal_count=33605 18095 15510 12793 14724 2029 9559 12695 5480 658 4822 3105 2891 1717 1145 2003 805 575 1895 5302 4874 7215 3638 4529
is_linear=0
shrinkage=0.03


Tree=153
num_leaves=25
num_cat=0
split_feature=8 2 22 3 22 2 6 22 3 7 22 5 22 22 3 1 8 8 22 16 3 26 25 8
split_gain=25.6776 20.969 20.2547 10.4355 9.45012 12.4729 14.9337 12.3757 15.867 16.8153 13.7365 10.0734 9.74135 24.5669 20.7892 19.9222 19.8069 18.1502 17.1681 16.7944 11.4941 15.6323 11.2083 9.76477
threshold=785.00000000000011 36.095000000000006 69.500000000000014 25.195000000000004 338.50000000000006 30.185000000000006 16.639450000000004 46.500000000000007 23.245000000000001 75.322650000000024 176.50000000000003 0.65155000000000007 198.50000000000003 125.50000000000001 21.005000000000006 22.895000000000003 597.50000000000011 597.50000000000011 294.50000000000006 41.000000000000007 22.365000000000006 -0.14730215053763449 -0.75809677419354815 496.50000000000006
decision_type=2 2 2 2 2 2 2 2 2 2 2 2 2 2 2 2 2 2 2 2 2 2 2 2
left_child=1 4 -3 -2 7 6 -6 -1 12 10 -10 -11 13 -9 15 -14 23 22 -17 -20 21 -19 -15 -16
right_child=3 2 -4 -5 5 -7 -8 8 9 11 -12 -13 14 17 16 18 -18 20 19 -21 -22 -23 -24 -25
leaf_value=-0.0011918267270324366 -0.0018508585827470114 -0.009001629725082878 0.0022398284984226366 -0.021280335818231102 0.0051813989432061142 -0.0093230392905160678 -0.0029046326849526847 0.00080041075816579684 -0.0022818217676869291 0.0017010652211995041 -0.01003694712240249 -0.0024152631690238218 0.010025693315091802 0.01587091768551285 0.0028639808929887094 0.0050610414866778053 -0.0045528829957616878 -0.0067667005583341537 -0.0024543833018986906 0.0042127273449979038 -0.0014059901940975499 0.0080093877990214338 0.0066992425984677443 -0.00099804805637920824
leaf_weight=5059 5145 148 5697 25 257 201 1027 4838 653 1326 300 897 266 168 836 765 1132 77 1106 491 381 395 419 1996
leaf_count=5059 5145 148 5697 25 257 201 1027 4838 653 1326 300 897 266 168 836 765 1132 77 1106 491 381 395 419 1996
internal_value=7.05734e-13 0.000353602 0.00195519 -0.00194481 -6.07962e-05 -0.00237399 -0.00128617 0.000101966 0.000509874 -0.00138917 -0.0047231 4.00906e-05 0.00097851 0.00182426 0.000173051 0.00224217 -0.00119871 0.00526409 0.00136562 -0.00040457 0.00247009 0.00559888 0.00932419 0.000142014
internal_weight=33605 28435 5845 5170 22590 1485 1284 21105 16046 3176 953 2223 12870 6278 6592 2628 3964 1440 2362 1597 853 472 587 2832
internal_count=33605 28435 5845 5170 22590 1485 1284 21105 16046 3176 953 2223 12870 6278 6592 2628 3964 1440 2362 1597 853 472 587 2832
is_linear=0
shrinkage=0.03


Tree=154
num_leaves=25
num_cat=0
split_feature=12 1 26 2 5 0 22 3 22 1 22 22 22 22 22 1 3 24 2 25 4 1 6 22
split_gain=24.737 15.8477 9.98794 8.93633 8.40285 8.39014 8.18115 12.7937 9.48585 7.59146 7.53815 7.36393 7.30034 21.56 6.9718 8.53235 7.72643 7.72827 6.96241 7.05657 6.91615 6.67648 6.67485 6.36556
threshold=0.69000000000000006 30.535000000000004 -0.13883333333333356 38.815000000000005 0.33685000000000004 12.585000000000003 10.500000000000002 15.385000000000003 312.50000000000006 26.535000000000004 54.500000000000007 46.500000000000007 128.50000000000003 116.50000000000001 340.50000000000006 21.885000000000002 22.725000000000005 3.5000000000000004 28.975000000000005 -2.0472258064516122 30.545000000000005 20.495000000000001 17.947700000000001 244.50000000000003
decision_type=2 2 2 2 2 2 2 2 2 2 2 2 2 2 2 2 2 2 2 2 2 2 2 2
left_child=2 5 3 4 10 6 7 -2 21 -10 -1 18 13 -3 16 -16 -13 -18 19 -4 -14 -8 -20 -19
right_child=1 12 11 -5 -6 -7 8 -9 9 -11 -12 14 20 -15 15 -17 17 23 22 -21 -22 -23 -24 -25
leaf_value=-0.0027032622017502165 -0.013461758449868581 0.0021830533911255719 0.0070643846746072294 -0.012892760696510474 -0.0025650539040520471 -0.0024038233909246297 0.015922588550796112 -0.0010957028963910953 -0.00097074941423272096 -0.012600201290244093 0.00022813545199714002 0.0011895443544221228 0.0016276543219192737 0.010345408804714679 -7.2272732900455591e-05 -0.01138532830858603 0.00047739857355771594 -0.0028848677542477421 0.0020978648436255753 -0.0012954369711287779 -0.0083525326581333163 0.00098746058385977336 -0.0048392472493428472 -0.015203567742370068
leaf_weight=1091 86 1196 121 63 3749 921 27 605 1773 52 2857 4365 1176 385 150 100 1043 672 150 365 66 11808 744 40
leaf_count=1091 86 1196 121 63 3749 921 27 605 1773 52 2857 4365 1176 385 150 100 1043 672 150 365 66 11808 744 40
internal_value=4.00497e-13 0.000753563 -0.000879157 -0.00163996 -0.00154786 0.000371855 0.000549988 -0.00263475 0.00071109 -0.00130211 -0.000581934 -0.000117371 0.00281855 0.00417072 0.000313052 -0.00459749 0.000513646 -0.00116743 -0.00210418 0.000785918 0.00109731 0.00102153 -0.0036753 -0.00357693
internal_weight=33605 18095 15510 7760 7697 15272 14351 691 13660 1825 3948 7750 2823 1581 6370 250 6120 1755 1380 486 1242 11835 894 712
internal_count=33605 18095 15510 7760 7697 15272 14351 691 13660 1825 3948 7750 2823 1581 6370 250 6120 1755 1380 486 1242 11835 894 712
is_linear=0
shrinkage=0.03


Tree=155
num_leaves=25
num_cat=0
split_feature=8 3 22 2 0 0 22 3 1 22 3 24 22 4 3 22 22 3 24 6 2 4 4 7
split_gain=23.409 16.7696 16.8999 14.8055 12.2047 11.3408 14.0893 13.0567 11.7553 11.4236 11.1902 10.1316 9.89219 8.6427 8.54793 8.56155 12.085 31.9232 8.42597 8.30878 8.47026 8.17089 8.02107 7.7739
threshold=597.50000000000011 18.575000000000003 312.50000000000006 29.105000000000004 12.955000000000002 3.2350000000000008 106.50000000000001 22.975000000000005 24.385000000000002 196.50000000000003 22.875000000000004 2.5000000000000004 125.50000000000001 20.955000000000002 26.115000000000006 38.500000000000007 160.50000000000003 22.495000000000001 3.5000000000000004 17.792250000000006 40.545000000000009 11.155000000000003 21.825000000000003 75.322650000000024
decision_type=2 2 2 2 2 2 2 2 2 2 2 2 2 2 2 2 2 2 2 2 2 2 2 2
left_child=1 3 5 11 14 6 19 -7 -8 10 12 -1 -10 -11 15 -2 -17 -18 -19 -3 -21 -5 -6 -12
right_child=4 2 -4 21 22 7 8 -9 9 13 23 -13 -14 -15 -16 16 17 18 -20 20 -22 -23 -24 -25
leaf_value=-0.0016799231217100737 -0.0025889210677731375 0.0020285466888041977 -0.0025259033676031644 -0.0044348853179382855 -0.0022593782871048449 0.0016821407726272455 0.010504859487061835 -0.0017497607904860435 0.0035596700699628146 0.0021568376547600222 0.0010158594314716831 0.0033630815876397268 0.012094355624263789 -0.001495594257877832 -0.015793951223878302 0.00052104807417258808 -0.00077120350515505443 -0.0054121323648680334 -0.014188254918574977 -0.00046661064278233973 -0.016507190207019448 -0.0011149844385818354 -0.0086342093663106453 0.003984685333653544
leaf_weight=577 1885 1795 1088 973 461 2008 169 1983 248 1802 1240 947 241 862 34 5758 4104 201 193 2388 30 2123 289 2206
leaf_count=577 1885 1795 1088 973 461 2008 169 1983 248 1802 1240 947 241 862 34 5758 4104 201 193 2388 30 2123 289 2206
internal_value=1.20426e-12 0.000625966 0.00108417 -0.000966825 -0.00100154 0.00134651 0.00184427 -2.30611e-05 0.0026921 0.00249202 0.00351904 0.00145376 0.00776593 0.000975007 -0.00077274 -0.000730674 -0.000389138 -0.00155429 -0.0097111 0.00048226 -0.000665625 -0.00215835 -0.00471581 0.00291639
internal_weight=33605 20680 16060 4620 12925 14972 10981 3991 6768 6599 3935 1524 489 2664 12175 12141 10256 4498 394 4213 2418 3096 750 3446
internal_count=33605 20680 16060 4620 12925 14972 10981 3991 6768 6599 3935 1524 489 2664 12175 12141 10256 4498 394 4213 2418 3096 750 3446
is_linear=0
shrinkage=0.03


Tree=156
num_leaves=25
num_cat=0
split_feature=12 2 26 2 5 22 22 9 2 26 21 6 3 3 0 22 3 22 2 1 3 2 25 22
split_gain=22.4742 14.4321 9.20858 8.54504 7.80378 7.77076 18.4947 9.49686 10.1863 9.23274 8.2453 7.65111 13.4035 7.3985 7.31182 7.71964 12.3646 8.43923 7.18744 7.11545 6.81008 6.79095 8.71441 6.69781
threshold=0.69000000000000006 37.955000000000005 -0.13883333333333356 38.815000000000005 0.89045000000000007 128.50000000000003 116.50000000000001 1.3 42.360000000000007 0.14885483870967767 4.5000000000000009 17.728850000000005 20.315000000000001 15.135000000000003 14.045000000000002 10.500000000000002 14.335000000000003 312.50000000000006 24.515000000000004 26.535000000000004 27.665000000000003 40.385000000000012 -2.4386209677419344 46.500000000000007
decision_type=2 2 2 2 2 2 2 2 2 2 2 2 2 2 2 2 2 2 2 2 2 2 2 2
left_child=2 14 3 4 13 6 21 10 -9 -7 -8 12 18 -1 15 16 -2 20 -6 -19 -17 -3 -23 -4
right_child=1 5 23 -5 11 9 7 8 -10 -11 -12 -13 -14 -15 -16 17 -18 19 -20 -21 -22 22 -24 -25
leaf_value=-0.005480961612786113 -0.015005924756423785 0.0034630776229051274 -0.0020013357772638656 -0.012572178154119422 -0.007166652460646343 0.0015816611468171815 0.033990127122402188 0.0098518303589649487 -0.0059458294750324315 -0.010597683636005968 0.011432358997208732 -0.0016075023625710936 -0.012848181341002128 -0.00075330132699460235 -0.0024639520581391291 0.0010159862990244842 -0.0012620387802275107 -0.00088955871744116597 0.00027728455346077681 -0.012147430512839213 -0.0095637189319187944 -0.019599203215911985 -0.00041407046876970285 0.00030397435414875637
leaf_weight=314 65 785 1380 63 219 844 25 293 42 60 35 919 179 5816 766 12445 629 1785 250 52 55 24 190 6370
leaf_count=314 65 785 1380 63 219 844 25 293 42 60 35 919 179 5816 766 12445 629 1785 250 52 55 24 190 6370
internal_value=7.6275e-13 0.00071827 -0.000837981 -0.0015685 -0.00147844 0.00293963 0.00434448 0.00983987 0.00787123 0.000773298 0.0208314 -0.00336777 -0.0058642 -0.000995469 0.000395127 0.00054083 -0.00254929 0.000690411 -0.00319867 -0.00120824 0.000969436 0.00217163 -0.00256567 -0.00010652
internal_weight=33605 18095 15510 7760 7697 2298 1394 395 335 904 60 1567 648 6130 15797 15031 694 14337 469 1837 12500 999 214 7750
internal_count=33605 18095 15510 7760 7697 2298 1394 395 335 904 60 1567 648 6130 15797 15031 694 14337 469 1837 12500 999 214 7750
is_linear=0
shrinkage=0.03


Tree=157
num_leaves=25
num_cat=0
split_feature=20 22 22 3 6 7 22 3 3 2 22 6 26 3 2 25 22 24 8 22 12 22 2 6
split_gain=21.3999 12.9918 27.4052 17.4953 18.051 14.3077 14.2458 16.2969 13.5077 12.7762 12.5466 12.5303 11.4704 11.0962 10.8791 10.877 17.114 10.5505 10.2463 10.061 9.64795 9.49382 9.4642 10.8048
threshold=0.51000000000000012 186.50000000000003 93.500000000000014 21.435000000000006 17.823850000000004 75.562100000000015 264.50000000000006 23.975000000000005 22.695000000000004 38.925000000000004 330.50000000000006 17.823850000000004 0.39994731182795706 20.785000000000004 29.015000000000004 -0.74782258064516116 129.50000000000003 3.5000000000000004 510.00000000000006 298.50000000000006 0.66500000000000015 145.50000000000003 30.685000000000006 17.728850000000005
decision_type=2 2 2 2 2 2 2 2 2 2 2 2 2 2 2 2 2 2 2 2 2 2 2 2
left_child=9 2 20 5 17 10 7 18 15 -1 13 21 -7 14 -3 16 -4 -5 -6 -16 -2 -10 23 -12
right_child=1 3 8 4 6 12 -8 -9 11 -11 22 -13 -14 -15 19 -17 -18 -19 -20 -21 -22 -23 -24 -25
leaf_value=0.00077730464473266465 -0.0020509655239743991 0.007584830401908783 0.0031573125623130097 -0.0040023453741541114 0.0053776569276291408 -0.002995928050001461 -0.0066957466633048961 -0.010852693645991384 -0.00045385924526589064 0.0042394874378740696 0.0038350024977333282 0.0014302310614444189 0.011722680686079725 -0.00050456178304520327 0.0059860772826474083 0.0011305280032006624 0.011221760101090387 -0.010486826325547951 -0.00083419270047501836 -0.000558458574909082 -1.2033371742598965e-06 -0.0061305668539006451 -0.011541591128496842 -0.0032122143916925136
leaf_weight=9270 4650 441 1111 522 300 1733 414 125 872 1070 277 2796 49 957 334 1379 301 398 1175 576 3720 381 86 668
leaf_count=9270 4650 441 1111 522 300 1733 414 125 872 1070 277 2796 49 957 334 1379 301 398 1175 576 3720 381 86 668
internal_value=2.94145e-12 -0.000504701 1.12078e-05 -0.00147887 -0.003326 -0.000420592 -0.0017356 -0.000452166 0.00141987 0.00113558 0.00073785 0.000313019 -0.00259121 0.00196695 0.00371768 0.00302563 0.00487643 -0.00680759 0.000429234 0.0018436 -0.00113996 -0.00217998 -0.00201362 -0.00114652
internal_weight=33605 23265 15210 8055 2934 5121 2014 1600 6840 10340 3339 4049 1782 2308 1351 2791 1412 920 1475 910 8370 1253 1031 945
internal_count=33605 23265 15210 8055 2934 5121 2014 1600 6840 10340 3339 4049 1782 2308 1351 2791 1412 920 1475 910 8370 1253 1031 945
is_linear=0
shrinkage=0.03


Tree=158
num_leaves=25
num_cat=0
split_feature=8 2 22 22 22 0 26 9 22 3 26 22 22 3 1 26 3 2 3 17 8 24 1 2
split_gain=20.5819 12.8787 13.8087 8.51091 23.1099 8.25197 8.08021 8.65889 7.93681 7.85689 8.89107 7.61239 10.0082 13.6419 10.0037 13.7907 8.18686 7.53521 7.52205 10.1641 9.23082 7.9104 7.44167 6.90677
threshold=672.50000000000011 36.835000000000008 82.500000000000014 127.50000000000001 116.50000000000001 14.045000000000002 0.33800000000000013 1.6500000000000001 266.50000000000006 24.345000000000002 -0.22272580645161286 54.500000000000007 160.50000000000003 22.785000000000004 23.405000000000005 -0.069593661573288015 25.265000000000004 32.255000000000003 25.065000000000001 21.000000000000004 473.50000000000006 2.5000000000000004 23.405000000000005 40.385000000000012
decision_type=2 2 2 2 2 2 2 2 2 2 2 2 2 2 2 2 2 2 2 2 2 2 2 2
left_child=1 5 -3 4 23 6 7 -1 -8 10 -9 -2 14 -14 15 -13 -16 -11 19 -5 -20 -22 -10 -4
right_child=11 2 3 18 -6 -7 8 9 22 17 -12 12 13 -15 16 -17 -18 -19 20 -21 21 -23 -24 -25
leaf_value=0.0010229436439850722 -0.003184618181339896 -0.0053755627014002777 0.0025574335846643825 0.0093880988523896251 0.0087948337360076213 -0.0025293476276044267 0.0026511471144386942 0.0090214656524720688 0.003577424091371623 -0.014034468458083114 -0.00029000209693450896 0.0073463892620823914 -0.0017111245528430071 -0.012869060949203284 -0.00013825650548033477 -0.0055172309997215049 -0.013045520089877149 -0.0026086239747739898 0.0020228593386311601 0.0010667981943443888 0.0011849125471978801 -0.0061826672691124981 -0.0094275339100876772 -0.0027638511349556637
leaf_weight=5615 1620 224 1578 175 557 1021 1787 93 66 57 12109 343 2973 102 2576 96 45 586 522 539 206 361 99 255
leaf_count=5615 1620 224 1578 175 557 1021 1787 93 66 57 12109 343 2973 102 2576 96 45 586 522 539 206 361 99 255
internal_value=4.13786e-12 0.000406651 0.0018817 0.0022694 0.00344333 0.000102668 0.000234321 4.0226e-05 0.00206987 -0.000389354 -0.000219033 -0.0013555 -0.000872511 -0.00208124 0.000342144 0.00453339 -0.000359862 -0.00362149 0.000713257 0.00310633 -0.000855756 -0.00350591 -0.00422555 0.00181716
internal_weight=33605 25850 4417 4193 2390 21433 20412 18460 1952 12845 12202 7755 6135 3075 3060 439 2621 643 1803 714 1089 567 165 1833
internal_count=33605 25850 4417 4193 2390 21433 20412 18460 1952 12845 12202 7755 6135 3075 3060 439 2621 643 1803 714 1089 567 165 1833
is_linear=0
shrinkage=0.03


Tree=159
num_leaves=25
num_cat=0
split_feature=8 2 22 3 26 26 3 9 16 22 22 22 22 2 22 3 22 3 22 3 8 26 16 2
split_gain=19.6269 15.5053 18.7594 9.73184 12.3563 9.44696 8.731 10.6075 9.49955 11.0226 9.7386 11.7325 8.85511 19.2779 15.7529 17.0581 23.7447 16.6274 16.284 16.5041 20.1369 18.69 12.0581 14.0299
threshold=785.00000000000011 36.095000000000006 67.500000000000014 19.475000000000005 -0.23144516129032253 -0.21771182795698918 24.645000000000003 1.6500000000000001 36.500000000000007 156.50000000000003 141.50000000000003 172.50000000000003 34.500000000000007 30.655000000000005 196.50000000000003 21.435000000000006 294.50000000000006 20.075000000000003 128.50000000000003 22.365000000000006 597.50000000000011 -0.12749838709677433 39.000000000000007 31.105000000000004
decision_type=2 2 2 2 2 2 2 2 2 2 2 2 2 2 2 2 2 2 2 2 2 2 2 2
left_child=1 6 -3 5 -5 -2 7 -1 10 -10 -8 -12 13 -9 18 16 17 -16 -14 21 -21 -20 23 -18
right_child=3 2 -4 4 -6 -7 8 12 9 -11 11 -13 14 -15 15 -17 22 -19 19 20 -22 -23 -24 -25
leaf_value=0.0012561139304660583 0.00099969320372298972 -0.010585447715764695 0.0019217365886340986 -0.0023978801287189342 -0.01053194869775325 -0.0029377950764815004 -0.008120026304699839 -0.00068918991624096644 -0.0030520448427308689 -0.018808664386508179 0.0061076136961278008 -0.0027831698081080707 0.0001075593993966602 -0.0072980895376567557 0.012011933851677875 -0.0028291592307667177 -0.0018582095909499129 0.0021826715625099377 -0.00034346389398790981 0.0049184664463028036 -0.0022573219109076371 0.0116516052314833 0.0013899580700498764 -0.010016397535511238
leaf_weight=5194 1624 110 5735 2538 180 828 157 2237 99 67 204 387 5070 483 179 2776 1509 1150 172 769 649 365 906 217
leaf_count=5194 1624 110 5735 2538 180 828 157 2237 99 67 204 387 5070 483 179 2776 1509 1150 172 769 649 365 906 217
internal_value=3.53686e-13 0.000309146 0.00168636 -0.0017003 -0.00293656 -0.000329932 -4.71977e-05 7.39119e-05 -0.00291938 -0.00941164 -0.00147858 0.00028573 -0.000298637 -0.00186276 1.05038e-05 -0.00102595 0.000237797 0.00350655 0.00100447 0.00333046 0.0016342 0.00780961 -0.00141273 -0.00288389
internal_weight=33605 28435 5845 5170 2718 2452 22590 21676 914 166 748 591 16482 2720 13762 6737 3961 1329 7025 1955 1418 537 2632 1726
internal_count=33605 28435 5845 5170 2718 2452 22590 21676 914 166 748 591 16482 2720 13762 6737 3961 1329 7025 1955 1418 537 2632 1726
is_linear=0
shrinkage=0.03


Tree=160
num_leaves=25
num_cat=0
split_feature=8 22 22 5 3 22 8 3 3 10 14 1 7 22 2 7 3 22 6 3 22 24 22 2
split_gain=18.7255 12.9772 19.3218 14.1484 17.3943 13.2698 13.2159 18.4601 12.0824 11.6343 10.9098 12.7954 10.4528 8.11045 10.6049 7.92304 7.83235 23.1242 11.6656 10.4245 10.0717 9.85554 9.67956 9.18341
threshold=645.00000000000011 296.50000000000006 88.500000000000014 0.60585000000000011 21.515000000000004 186.50000000000003 496.50000000000006 23.815000000000001 22.975000000000005 85.000000000000014 0.14500000000000005 24.525000000000002 75.322650000000024 284.50000000000006 31.625000000000004 79.153350000000017 21.435000000000006 194.50000000000003 14.099000000000002 22.625000000000004 162.50000000000003 3.5000000000000004 54.500000000000007 23.285000000000004
decision_type=2 2 2 2 2 2 2 2 2 2 2 2 2 2 2 2 2 2 2 2 2 2 2 2
left_child=1 2 9 12 -5 8 7 15 -6 -1 -3 -12 13 -4 -15 -7 22 18 -18 -20 -21 -19 -2 -24
right_child=16 10 3 4 5 6 -8 -9 -10 -11 11 -13 -14 14 -16 -17 17 21 19 20 -22 -23 23 -25
leaf_value=0.0028477533236767323 -0.0022327562286230201 0.00025724468901089099 0.00071828777831215058 0.0054192650242358134 0.0061269543568398879 0.0032574270512214358 -0.0048162316828492587 -0.0047201980836715611 -0.00013602076320012876 -0.00081093618008682518 -0.0016471973253714483 -0.0083056496197098772 0.0031762740871995867 0.017588679847846171 0.0025024855179342858 0.016137596249048199 -0.010756911343049475 -0.0039807542777122226 0.0020281558900544549 -0.0013185827786056984 -0.010480812207693939 -0.011109926846868458 -0.0045854261292250856 0.00050085932384820746
leaf_weight=880 2137 1725 3634 470 349 350 1003 334 1348 7040 1033 347 4499 59 145 49 103 401 911 1166 119 309 342 4852
leaf_count=880 2137 1725 3634 470 349 350 1003 334 1348 7040 1033 347 4499 59 145 49 103 401 911 1166 119 309 342 4852
internal_value=3.60111e-13 0.000472112 0.000750177 0.00149727 6.56438e-06 -0.000734469 -0.00257856 0.00048335 0.001152 -0.000404415 -0.00133329 -0.00332146 0.00219514 0.00104504 0.00686565 0.0048392 -0.00106225 -0.00235103 -0.000889515 -0.0004267 -0.00216707 -0.00708345 -0.000533276 0.000165952
internal_weight=33605 23265 20160 12240 3903 3433 1736 733 1697 7920 3105 1380 8337 3838 204 399 10340 3009 2299 2196 1285 710 7331 5194
internal_count=33605 23265 20160 12240 3903 3433 1736 733 1697 7920 3105 1380 8337 3838 204 399 10340 3009 2299 2196 1285 710 7331 5194
is_linear=0
shrinkage=0.03


Tree=161
num_leaves=25
num_cat=0
split_feature=8 2 22 3 3 9 16 22 22 22 22 2 22 22 3 22 3 3 8 26 8 22 4 16
split_gain=17.7617 13.8585 17.5564 9.23593 8.36256 9.51672 8.88748 10.328 9.19419 10.8615 8.13887 13.209 12.7257 16.8734 15.6335 21.3493 15.6442 15.2917 18.5347 17.4661 11.0404 15.5402 11.1471 10.9121
threshold=785.00000000000011 36.095000000000006 67.500000000000014 25.195000000000004 24.645000000000003 1.6500000000000001 36.500000000000007 156.50000000000003 141.50000000000003 172.50000000000003 26.500000000000004 30.615000000000006 196.50000000000003 128.50000000000003 21.435000000000006 294.50000000000006 20.075000000000003 22.365000000000006 597.50000000000011 -0.12749838709677433 597.50000000000011 264.50000000000006 17.415000000000003 39.000000000000007
decision_type=2 2 2 2 2 2 2 2 2 2 2 2 2 2 2 2 2 2 2 2 2 2 2 2
left_child=1 4 -3 -2 5 -1 8 -8 -6 -10 11 -7 13 -12 15 16 -14 19 -19 -15 21 22 -16 -17
right_child=3 2 -4 -5 6 10 7 -9 9 -11 12 -13 14 17 20 23 -18 18 -20 -21 -22 -23 -24 -25
leaf_value=0.0011954991230397546 -0.0015291054237115582 -0.01027569629759951 0.001823817493446338 -0.019807759914547203 -0.0079132551117874327 -0.0010327371362668927 -0.0029774161558033842 -0.018229451191180676 0.0058557829890838438 -0.0026986181672324981 -1.1366769086916959e-05 -0.0077547452356437801 0.011584390197781709 -0.00035234575157140402 0.0048338669345111525 -0.0027297410352407248 0.00205017607409998 0.0047359144711953006 -0.0021484983642498126 0.011243326912519254 -0.0055710398931970977 -0.006180632589288926 -0.0013668194486333783 0.0013359444293683852
leaf_weight=5194 5145 110 5735 25 157 1771 99 67 204 387 5710 309 179 172 340 1726 1150 769 649 365 841 473 1122 906
leaf_count=5194 5145 110 5735 25 157 1771 99 67 204 387 5710 309 179 172 340 1726 1150 769 649 365 841 473 1122 906
internal_value=-1.01075e-12 0.00029409 0.00159611 -0.00161749 -4.27988e-05 7.57279e-05 -0.00285372 -0.00913336 -0.00146012 0.00025417 -0.000277147 -0.00203134 -2.37988e-05 0.000812244 -0.000975004 0.000234825 0.00333432 0.00321778 0.00158501 0.00752926 -0.00270128 -0.001454 7.52006e-05 -0.00133023
internal_weight=33605 28435 5845 5170 22590 21676 914 166 748 591 16482 2080 14402 7665 6737 3961 1329 1955 1418 537 2776 1935 1462 2632
internal_count=33605 28435 5845 5170 22590 21676 914 166 748 591 16482 2080 14402 7665 6737 3961 1329 1955 1418 537 2776 1935 1462 2632
is_linear=0
shrinkage=0.03


Tree=162
num_leaves=25
num_cat=0
split_feature=8 0 22 22 26 2 3 22 1 22 22 3 2 4 22 16 2 3 3 3 7 22 16 25
split_gain=16.8155 10.2965 10.1094 16.0778 8.953 8.56216 15.5005 11.8597 8.51626 8.27352 15.0587 13.0651 8.25968 7.82033 11.4868 10.5719 11.3448 9.13757 8.31948 7.55984 7.43925 11.954 7.23151 6.85075
threshold=672.50000000000011 14.045000000000002 50.500000000000007 192.50000000000003 0.35129032258064524 29.865000000000006 17.525000000000002 13.500000000000002 29.555000000000003 10.500000000000002 6.5000000000000009 15.625000000000002 28.285000000000004 21.205000000000002 296.50000000000006 39.000000000000007 31.405000000000005 20.465000000000003 22.815000000000001 28.845000000000002 75.322650000000024 282.50000000000006 33.500000000000007 -0.96566666666666678
decision_type=2 2 2 2 2 2 2 2 2 2 2 2 2 2 2 2 2 2 2 2 2 2 2 2
left_child=1 2 5 4 19 9 7 -7 13 10 22 -12 -11 14 17 16 -16 -5 -15 -4 21 -19 -1 -24
right_child=-2 -3 3 8 -6 6 -8 -9 -10 12 11 -13 -14 18 15 -17 -18 20 -20 -21 -22 -23 23 -25
leaf_value=-0.0022464219499046781 -0.0012252194576175492 -0.002525072604698809 0.0011108680575034179 0.0072200520461534754 0.0039147670087025296 -0.013917978949312652 -5.8055851675867287e-07 -0.0033771795165566565 -0.017388127861150467 0.0089736732485471288 -0.013933206982309779 -0.0015269104376609023 0.0015517804948600891 -0.00062059102974942437 -0.0015382454345247985 0.00092411320121123046 -0.0088202324056070747 -0.002903158787812572 -0.0049008381717292925 0.0073806764048376036 0.0025916751042629705 0.004565556193824637 0.0092330443546503639 -0.0024932560122256438
leaf_weight=168 7755 1062 10432 255 1234 105 2005 1129 26 160 124 199 862 1520 1410 1554 223 688 559 176 1467 268 162 62
leaf_count=168 7755 1062 10432 255 1234 105 2005 1129 26 160 124 199 862 1520 1410 1554 223 688 559 176 1467 268 162 62
internal_value=-6.45683e-13 0.000367566 0.000491496 0.000795123 0.00149623 -0.000717397 -0.00162871 -0.00427409 -0.000246603 0.000981936 -0.00149343 -0.0062897 0.00271372 -0.000190501 0.000369911 -0.000847118 -0.00253266 0.00181826 -0.00177146 0.00121489 0.00124977 -0.000809419 0.0024586 0.00598737
internal_weight=33605 25850 24788 19812 11842 4976 3239 1234 7970 1737 715 323 1022 7944 5865 3187 1633 2678 2079 10608 2423 956 392 224
internal_count=33605 25850 24788 19812 11842 4976 3239 1234 7970 1737 715 323 1022 7944 5865 3187 1633 2678 2079 10608 2423 956 392 224
is_linear=0
shrinkage=0.03


Tree=163
num_leaves=25
num_cat=0
split_feature=20 0 22 2 22 3 8 22 3 1 2 22 6 22 3 3 6 3 22 25 3 22 3 16
split_gain=16.3713 11.0166 11.2223 13.9155 13.2823 11.4039 13.9773 10.594 17.0289 11.41 10.3821 9.9719 13.5424 10.5252 10.5004 9.83397 9.26017 9.78289 10.9769 9.84135 8.66494 15.6621 9.54682 8.59696
threshold=0.51000000000000012 12.955000000000002 33.500000000000007 31.285000000000004 192.50000000000003 21.945000000000004 597.50000000000011 94.500000000000014 19.435000000000006 20.765000000000004 38.925000000000004 298.50000000000006 15.881350000000001 278.50000000000006 19.005000000000006 21.005000000000006 17.823850000000004 23.385000000000002 158.50000000000003 -0.31401881720430108 22.725000000000005 126.50000000000001 21.715000000000003 39.000000000000007
decision_type=2 2 2 2 2 2 2 2 2 2 2 2 2 2 2 2 2 2 2 2 2 2 2 2
left_child=10 2 3 -2 7 11 -7 9 -9 -4 -1 12 13 14 -6 -14 17 19 -19 -10 21 -18 -23 -13
right_child=1 -3 4 -5 5 6 -8 8 16 -11 -12 23 15 -15 -16 -17 20 18 -20 -21 -22 22 -24 -25
leaf_value=0.00067026919944901625 -0.0015178289878164818 -0.0032297632766890038 0.021667018608589259 -0.010615532287774839 0.0047745836106413558 -0.0015021635606999833 -0.0077061695053818125 0.0089263669526587416 0.0025458414681615261 -0.00048945785221730844 0.0037912628869264972 -0.002734390828924794 0.0049328454405647036 0.0043592941383675107 -0.0054176421886126831 0.00038641205904084549 0.0012749310546372912 -0.0020537272102591339 -0.01495292909300098 -0.0018784247556032513 0.0012124714730033998 0.017163436012901365 0.0063898908490388597 0.00078755402705019595
leaf_weight=9270 2787 1209 21 160 108 1135 459 259 1193 5384 1070 1969 795 179 577 928 542 686 65 729 2782 100 285 913
leaf_count=9270 2787 1209 21 160 108 1135 459 259 1193 5384 1070 1969 795 179 577 928 542 686 65 729 2782 100 285 913
internal_value=-2.7499e-13 -0.000441438 -0.000288596 -0.00201177 -2.28473e-05 -0.00105577 -0.00328864 0.00058279 0.00138541 -0.000403373 0.000993235 -0.000404971 0.000947117 -0.00211807 -0.00381069 0.00248416 0.00107938 -0.000266734 -0.00317017 0.000867751 0.00204949 0.00456146 0.00918821 -0.00161866
internal_weight=33605 23265 22056 2947 19109 7063 1594 12046 6641 5405 10340 5469 2587 864 685 1723 6382 2673 751 1922 3709 927 385 2882
internal_count=33605 23265 22056 2947 19109 7063 1594 12046 6641 5405 10340 5469 2587 864 685 1723 6382 2673 751 1922 3709 927 385 2882
is_linear=0
shrinkage=0.03


Tree=164
num_leaves=25
num_cat=0
split_feature=8 0 22 22 16 2 22 26 22 1 2 3 22 4 22 16 1 3 3 2 26 3 25 22
split_gain=15.5862 9.38226 9.09995 14.4831 8.52107 9.56539 9.07271 8.40542 8.05079 8.0427 7.26596 10.5364 9.96029 7.21382 10.6712 9.64074 11.1897 8.47311 7.924 7.51815 7.11981 6.94274 6.91356 6.63828
threshold=672.50000000000011 14.045000000000002 50.500000000000007 192.50000000000003 39.000000000000007 29.105000000000004 10.500000000000002 0.35129032258064524 6.5000000000000009 29.555000000000003 29.615000000000006 17.095000000000002 13.500000000000002 21.205000000000002 296.50000000000006 39.000000000000007 26.815000000000001 19.815000000000001 22.465000000000003 27.705000000000002 -0.16487492925863029 28.845000000000002 -1.5143548387096768 54.500000000000007
decision_type=2 2 2 2 2 2 2 2 2 2 2 2 2 2 2 2 2 2 2 2 2 2 2 2
left_child=1 2 4 7 5 6 8 21 -1 13 22 12 -12 14 17 16 19 -5 -15 -16 -21 -4 -6 -2
right_child=23 -3 3 9 10 -7 -8 -9 -10 -11 11 -13 -14 18 15 -17 -18 -19 -20 20 -22 -23 -24 -25
leaf_value=0.0016282226336294446 -0.0028876607107648751 -0.0024073586926241747 0.0010533879677437606 0.010607753425707763 0.0082516672424877511 -0.0031417376264692913 0.0038400406543098917 0.0037690837513503061 -0.0077006433207852639 -0.016886592254830666 -0.01642849150825949 0.0010878288751685556 -0.0024799171232899545 -0.00022906586145518304 0.0026699069107041485 0.00088268974148967248 -0.024175859955804686 0.001438417650699233 -0.0040365866719908579 0.00097975425733349934 -0.0041864105847765872 0.0070618498414809104 0.00060937497359881147 -0.00072854886745289281
leaf_weight=176 1620 1062 10432 94 197 1735 420 1234 158 26 51 1530 477 1280 248 1554 21 2584 799 311 1053 176 232 6135
leaf_count=176 1620 1062 10432 94 197 1735 420 1234 158 26 51 1530 477 1280 248 1554 21 2584 799 311 1053 176 232 6135
internal_value=1.58061e-12 0.000353875 0.000472175 0.000760244 -0.000674774 -0.00191572 0.000905415 0.00142568 -0.00278483 -0.000228473 0.000567173 -0.000173176 -0.00382722 -0.000173953 0.000364289 -0.000808736 -0.00241834 0.00176027 -0.00169237 -0.00213489 -0.00300849 0.00115308 0.00411877 -0.00117958
internal_weight=33605 25850 24788 19812 4976 2489 754 11842 334 7970 2487 2058 528 7944 5865 3187 1633 2678 2079 1612 1364 10608 429 7755
internal_count=33605 25850 24788 19812 4976 2489 754 11842 334 7970 2487 2058 528 7944 5865 3187 1633 2678 2079 1612 1364 10608 429 7755
is_linear=0
shrinkage=0.03


Tree=165
num_leaves=25
num_cat=0
split_feature=20 0 22 2 22 3 8 22 3 1 2 22 6 2 3 3 2 15 3 6 24 3 22 3
split_gain=15.1356 10.0686 10.1541 13.3387 12.1671 10.6442 13.2122 9.71773 16.1859 10.7724 9.40817 9.30196 11.5364 13.6997 16.0456 10.0478 10.5467 8.67085 8.54488 12.4055 10.5921 10.034 8.89007 14.1588
threshold=0.51000000000000012 12.955000000000002 33.500000000000007 31.865000000000006 192.50000000000003 21.945000000000004 597.50000000000011 94.500000000000014 19.435000000000006 20.765000000000004 38.925000000000004 316.50000000000006 15.881350000000001 30.615000000000006 20.625000000000004 19.005000000000006 31.325000000000003 0.03500000000000001 23.385000000000002 14.099000000000002 4.5000000000000009 23.855000000000004 129.50000000000003 21.715000000000003
decision_type=2 2 2 2 2 2 2 2 2 2 2 2 2 2 2 2 2 2 2 2 2 2 2 2
left_child=10 2 3 -2 7 11 -7 9 -9 -4 -1 12 15 14 -14 -6 -17 -15 19 -10 -20 -22 -21 -24
right_child=1 -3 4 -5 5 6 -8 8 18 -11 -12 -13 13 17 -16 16 -18 -19 20 22 21 -23 23 -25
leaf_value=0.00064757112757132384 -0.0016416918123331216 -0.0030901092884170352 0.021054386688130242 -0.016690320753518284 0.0036615092570385084 -0.0014344760441772088 -0.0074662951480108765 0.0086747415732766741 -0.0022614832533217706 -0.00047403811075773998 0.0036185694136809136 -0.0019080118347710028 0.0076932082252725116 0.0012243216975790559 0.0011929386363938904 -0.004866408360196659 0.0058847180885382953 -0.005188677280467735 0.0007361098427385598 0.0011556571647395931 0.0044004263285896744 -0.0056528414475991769 0.011337134444187732 0.0031898655337712018
leaf_weight=9270 2893 1209 21 54 218 1135 459 259 511 5384 1070 2175 528 462 969 702 93 322 2384 1458 110 476 228 1215
leaf_count=9270 2893 1209 21 54 218 1135 459 259 511 5384 1070 2175 528 462 969 702 93 322 2384 1458 110 476 228 1215
internal_value=3.07634e-12 -0.000424451 -0.000278333 -0.00191744 -2.55492e-05 -0.00101415 -0.00317137 0.000554104 0.00132282 -0.000390394 0.000955015 -0.000385409 0.000619952 0.00180309 0.00348562 -0.00204416 -0.00360873 -0.00140959 0.00102445 0.00204862 -0.000152128 -0.00376571 0.00280783 0.00447717
internal_weight=33605 23265 22056 2947 19109 7063 1594 12046 6641 5405 10340 5469 3294 2281 1497 1013 795 784 6382 3412 2970 586 2901 1443
internal_count=33605 23265 22056 2947 19109 7063 1594 12046 6641 5405 10340 5469 3294 2281 1497 1013 795 784 6382 3412 2970 586 2901 1443
is_linear=0
shrinkage=0.03


Tree=166
num_leaves=25
num_cat=0
split_feature=8 22 22 22 3 8 3 22 8 1 3 2 14 3 25 6 1 5 1 7 22 22 22 7
split_gain=14.616 10.9432 13.1926 12.9537 18.2424 13.8758 13.3856 16.2232 14.349 13.0667 11.2429 10.9441 10.8778 10.2327 9.53115 8.56103 8.1708 8.05282 8.02107 13.1772 9.78583 8.79411 18.414 10.1706
threshold=645.00000000000011 328.50000000000006 88.500000000000014 196.50000000000003 21.985000000000003 496.50000000000006 24.025000000000002 125.50000000000001 496.50000000000006 23.835000000000004 22.365000000000006 29.485000000000003 0.13000000000000003 23.735000000000003 -1.5092324561403505 17.947700000000001 29.555000000000003 0.8852000000000001 30.805000000000003 75.322650000000024 168.50000000000003 128.50000000000003 118.50000000000001 78.197250000000011
decision_type=2 2 2 2 2 2 2 2 2 2 2 2 2 2 2 2 2 2 2 2 2 2 2 2
left_child=1 2 12 6 9 16 7 -4 14 15 -10 -3 -1 17 -9 -5 -6 -7 19 20 -8 22 23 -20
right_child=-2 11 3 4 5 13 18 8 10 -11 -12 -13 -14 -15 -16 -17 -18 -19 21 -21 -22 -23 -24 -25
leaf_value=0.00086637698155298242 -0.00093847848295601705 -0.0001197619185310364 0.001308269381616543 0.0039855921361240821 0.00095932875980251568 -0.0015088837946839952 -0.0032545510825354117 0.030191814014129341 0.0096404508640989661 0.0008718980468949536 0.0031425342448345023 -0.0052008727789330262 -0.0013710933475254768 -0.012810829222011938 0.010430394681788033 0.01308014022116263 -0.016345200457423926 -0.0064705345901674627 0.0033444309730136872 0.0011501944491902082 -0.016690968258513343 7.8845906733925039e-05 0.0095041904101461593 -0.0034287936624049589
leaf_weight=3520 10340 1073 1756 394 1388 1123 505 25 297 2391 1241 592 4400 98 181 122 25 399 727 1049 54 1283 347 275
leaf_count=3520 10340 1073 1756 394 1388 1123 505 25 297 2391 1241 592 4400 98 181 122 25 399 727 1049 54 1283 347 275
internal_value=-1.79983e-12 0.000417102 0.000597745 0.00116188 0.000108089 -0.00151954 0.0019706 0.00334375 0.00539323 0.00180626 0.00439733 -0.00192638 -0.000376662 -0.00341462 0.0128286 0.00613585 0.000653162 -0.00280961 0.000837097 -0.00083228 -0.00455252 0.00185699 0.00354814 0.00148551
internal_weight=33605 23265 21600 13680 5940 3033 7740 3500 1744 2907 1538 1665 7920 1620 206 516 1413 1522 4240 1608 559 2632 1349 1002
internal_count=33605 23265 21600 13680 5940 3033 7740 3500 1744 2907 1538 1665 7920 1620 206 516 1413 1522 4240 1608 559 2632 1349 1002
is_linear=0
shrinkage=0.03


Tree=167
num_leaves=25
num_cat=0
split_feature=8 2 22 3 26 3 24 22 22 2 3 2 25 3 22 22 22 2 1 1 22 3 26 16
split_gain=14.0063 9.97203 16.2118 8.80739 11.2546 8.29799 8.84835 8.23221 10.3052 9.4373 19.4967 9.18199 9.17866 10.0064 10.6006 16.6351 11.3239 16.8682 11.6977 10.8865 9.93388 9.81342 10.1117 9.78869
threshold=785.00000000000011 36.095000000000006 67.500000000000014 19.475000000000005 -0.23144516129032253 24.345000000000002 3.5000000000000004 344.50000000000006 46.500000000000007 29.865000000000006 17.525000000000002 31.055000000000003 -1.2778225806451611 17.155000000000005 298.50000000000006 92.500000000000014 74.500000000000014 34.565000000000005 24.975000000000005 23.405000000000005 56.500000000000007 19.985000000000003 -0.17141720430107546 36.500000000000007
decision_type=2 2 2 2 2 2 2 2 2 2 2 2 2 2 2 2 2 2 2 2 2 2 2 2
left_child=1 5 -3 -2 -5 7 -7 8 9 -1 -11 -9 13 -10 15 16 17 23 -18 -16 -19 -17 -23 -15
right_child=3 2 -4 4 -6 6 -8 11 12 10 -12 -13 -14 14 19 21 18 20 -20 -21 -22 22 -24 -25
leaf_value=0.00063106786687144585 -0.00013269865895970391 -0.010042514332993463 0.001584435287545944 -0.0020983277919987293 -0.0098613110292547698 -0.00027889976089690949 -0.0054661144417174077 -0.0018640240713796114 0.0062608550656307093 -0.0049465247734022727 -9.5986574267741623e-07 -0.017054062228951904 8.2520247680122223e-05 0.0009766479775095609 0.0057953844438580907 0.010772238015486534 -0.010755486447402896 -0.0098762103039255877 -0.0010893084981832043 -0.0029199897854148759 -0.00039210743204412475 0.0087577148576915721 0.0023556067781364352 0.0071079736300800151
leaf_weight=2081 2452 110 5735 2538 180 713 506 1118 388 1205 1773 37 9593 481 153 169 144 131 518 822 412 257 1632 457
leaf_count=2081 2452 110 5735 2538 180 713 506 1118 388 1205 1773 37 9593 481 153 169 144 131 518 822 412 257 1632 457
internal_value=1.08954e-12 0.000261156 0.00136562 -0.00143636 -0.00261243 -2.46167e-05 -0.00243208 0.000112705 0.000253443 -0.000918959 -0.0020021 -0.00235063 0.000644759 0.00161413 0.0012658 0.00191986 6.98684e-05 0.00152787 -0.00319192 -0.00155235 -0.00268017 0.00384625 0.00322662 0.00396387
internal_weight=33605 28435 5845 5170 2718 22590 1219 21371 20216 5059 2978 1155 15157 5564 5176 4201 2143 1481 662 975 543 2058 1889 938
internal_count=33605 28435 5845 5170 2718 22590 1219 21371 20216 5059 2978 1155 15157 5564 5176 4201 2143 1481 662 975 543 2058 1889 938
is_linear=0
shrinkage=0.03


Tree=168
num_leaves=25
num_cat=0
split_feature=20 0 22 2 22 3 8 22 3 1 22 6 22 3 3 3 22 22 22 3 2 8 2 2
split_gain=13.7859 9.32383 9.19354 12.6671 10.9678 9.85316 12.3862 8.55953 15.3574 10.3027 8.50211 11.3735 9.37354 9.32614 8.78882 8.48499 8.41908 16.0694 8.34474 9.53099 8.21125 8.21041 8.15011 8.14241
threshold=0.51000000000000012 12.955000000000002 33.500000000000007 31.185000000000006 192.50000000000003 21.945000000000004 597.50000000000011 94.500000000000014 19.435000000000006 21.085000000000004 298.50000000000006 15.881350000000001 278.50000000000006 19.005000000000006 21.005000000000006 15.135000000000003 6.5000000000000009 14.500000000000002 264.50000000000006 23.975000000000005 30.105000000000004 510.00000000000006 38.925000000000004 31.185000000000006
decision_type=2 2 2 2 2 2 2 2 2 2 2 2 2 2 2 2 2 2 2 2 2 2 2 2
left_child=22 2 3 15 7 10 18 9 -9 -4 11 12 13 -6 20 16 -2 -18 19 21 -13 -7 -1 -12
right_child=1 -3 4 -5 5 6 -8 8 -10 -11 23 14 -14 -15 -16 -17 17 -19 -20 -21 -22 -23 -24 -25
leaf_value=0.00062528927928991694 0.0062166087592799048 -0.0029702601251721749 0.013777129280623857 -0.0092333351864018007 0.0045754926342568879 0.005757514602184397 -0.0071965861731144946 0.0084091483551332839 0.00095722513157929176 -0.0004813758979103255 -0.0008873816491823328 0.0073113808357434798 0.0041945459725668223 -0.0050299574300466006 0.0003162874186999676 -0.0002548162457431693 -0.011111678123678557 -0.0016375268967293714 -0.0071481374753041456 -0.0093345563329996599 0.0011676905858784079 -0.00095748270917992329 0.0033905200347706626 -0.0057812440272617342
leaf_weight=9270 67 1209 46 194 108 221 459 259 6382 5359 2534 446 179 577 928 1973 246 467 187 93 349 634 1070 348
leaf_count=9270 67 1209 46 194 108 221 459 259 6382 5359 2534 446 179 577 928 1973 246 467 187 93 349 634 1070 348
internal_value=-7.69766e-13 -0.000405084 -0.000264474 -0.00182413 -2.39436e-05 -0.000962562 -0.00303807 0.000526402 0.00124785 -0.000360027 -0.000357632 0.000890841 -0.00191818 -0.00351552 0.00229943 -0.00130201 -0.00395088 -0.00490631 -0.00135634 -0.000213868 0.00461434 0.000778207 0.00091144 -0.00147831
internal_weight=33605 23265 22056 2947 19109 7063 1594 12046 6641 5405 5469 2587 864 685 1723 2753 780 713 1135 948 795 855 10340 2882
internal_count=33605 23265 22056 2947 19109 7063 1594 12046 6641 5405 5469 2587 864 685 1723 2753 780 713 1135 948 795 855 10340 2882
is_linear=0
shrinkage=0.03


Tree=169
num_leaves=25
num_cat=0
split_feature=8 0 3 2 24 26 22 3 6 3 22 22 7 3 25 8 22 6 1 22 22 3 2 22
split_gain=13.359 8.56946 10.9009 12.7501 9.73512 8.08255 7.71293 10.4367 15.5191 9.22746 10.3295 7.14349 7.12866 12.69 7.02863 6.45621 6.44464 7.02899 8.06087 6.23535 6.25018 6.19702 7.47019 8.61415
threshold=672.50000000000011 3.0050000000000003 18.135000000000002 29.615000000000006 2.5000000000000004 0.25138709677419352 186.50000000000003 21.365000000000006 17.220550000000003 24.825000000000003 264.50000000000006 26.500000000000004 79.153350000000017 23.145000000000003 -2.2176720430107522 510.00000000000006 298.50000000000006 16.455100000000005 24.745000000000001 4.5000000000000009 10.500000000000002 25.265000000000004 35.415000000000006 82.500000000000014
decision_type=2 2 2 2 2 2 2 2 2 2 2 2 2 2 2 2 2 2 2 2 2 2 2 2
left_child=1 2 3 4 -1 19 -3 16 -9 10 12 14 13 15 -5 -10 17 -8 -19 -6 -21 22 -2 -24
right_child=21 6 -4 11 5 -7 7 8 9 -11 -12 -13 -14 -15 -16 -17 -18 18 -20 20 -22 -23 23 -25
leaf_value=-0.0013808149611459401 -0.0013340344491616146 0.00034628145591606932 0.0010085671325713724 -0.012972867068341548 0.015451109696924687 -0.00029529516690410674 -0.00018962939040320461 -0.0066313662302324413 0.0084402076308693862 -0.0090342711395642247 -0.0047341413692287768 -0.0011959952503708016 0.0086027126238978884 -0.0043826326114051219 -0.0036739519012360163 0.0010192080303109564 -0.0013284801525884223 0.01213826299043229 -0.00016067001619376241 -0.0026630732327937441 0.005815573826589775 -0.012192566409707069 -0.013935920376796274 0.0024707061025026952
leaf_weight=740 6959 3448 15338 85 50 375 211 683 156 120 345 1737 108 307 525 326 529 130 76 94 467 45 30 721
leaf_count=740 6959 3448 15338 85 50 375 211 683 156 120 345 1737 108 307 525 326 529 130 76 94 467 45 30 721
internal_value=2.72153e-13 0.000327617 0.000642213 -0.000737393 0.00121991 0.00317177 -0.000620763 -0.00173556 -0.00294086 -0.00109019 -0.000322641 -0.00217681 0.00137409 0.000384621 -0.0049697 0.00342103 0.000869963 0.00365888 0.00760079 0.00529967 0.00439491 -0.00109206 -0.00102727 0.00181531
internal_weight=33605 25850 19411 4073 1726 986 6439 2991 2045 1362 1242 2347 897 789 610 482 946 417 206 611 561 7755 7710 751
internal_count=33605 25850 19411 4073 1726 986 6439 2991 2045 1362 1242 2347 897 789 610 482 946 417 206 611 561 7755 7710 751
is_linear=0
shrinkage=0.03


Tree=170
num_leaves=25
num_cat=0
split_feature=20 0 22 2 22 3 8 22 6 2 3 2 6 3 2 15 3 22 3 1 3 6 24 3
split_gain=12.7108 8.63506 8.44166 12.0954 10.1602 9.29727 11.4943 8.07643 9.78844 12.3804 9.01811 8.93803 8.14528 8.03882 10.3676 10.0317 8.17866 7.88551 14.575 9.72959 8.21018 10.7736 9.85262 9.28218
threshold=0.51000000000000012 12.955000000000002 33.500000000000007 31.865000000000006 192.50000000000003 21.985000000000003 597.50000000000011 316.50000000000006 15.881350000000001 31.865000000000006 18.705000000000002 31.325000000000003 17.728850000000005 21.005000000000006 29.945000000000004 0.03500000000000001 20.165000000000003 94.500000000000014 19.435000000000006 20.765000000000004 23.385000000000002 14.099000000000002 4.5000000000000009 23.855000000000004
decision_type=2 2 2 2 2 2 2 2 2 2 2 2 2 2 2 2 2 2 2 2 2 2 2 2
left_child=-1 2 3 -2 17 7 -7 8 10 13 -6 -12 -9 14 16 -16 -10 19 -19 -4 21 -20 -22 -24
right_child=1 -3 4 -5 5 6 -8 12 9 -11 11 -13 -14 -15 15 -17 -18 18 20 -21 22 -23 23 -25
leaf_value=0.00087517981308429251 -0.0014855868873229568 -0.0028575796386742362 0.020036154709357237 -0.015815738123427663 0.0046002712030895057 -0.0013710575889108311 -0.0071372753281199646 0.00083679005359105446 0.011780423969870293 -0.0044759215621216607 -0.0041736489030910311 0.0055829606955184749 -0.0030640377899961314 0.00043182745735975914 0.0057987967309581631 -0.0025092887988756017 0.0042889600106591746 0.0081754791082789147 -0.0020968454913281765 -0.00042377607998686067 0.00061922844766875318 0.0026272815712953036 0.0041316378343511711 -0.0055376641600524187
leaf_weight=10340 2893 1209 21 54 163 1112 432 720 206 263 765 95 1456 960 235 295 361 259 511 5384 2384 2901 110 476
leaf_count=10340 2893 1209 21 54 163 1112 432 720 206 263 765 95 1456 960 235 295 361 259 511 5384 2384 2901 110 476
internal_value=-1.7898e-12 -0.000388969 -0.000253652 -0.00174817 -2.31667e-05 -0.000926566 -0.0029844 -0.000350864 0.000575031 0.00165299 -0.00186961 -0.00309588 -0.00177332 0.00243661 0.00419103 0.00117448 0.00701073 0.000506529 0.00119899 -0.000344283 0.000915865 0.00191977 -0.000237444 -0.00372261
internal_weight=33605 23265 22056 2947 19109 7063 1544 5519 3343 2320 1023 860 2176 2057 1097 530 567 12046 6641 5405 6382 3412 2970 586
internal_count=33605 23265 22056 2947 19109 7063 1544 5519 3343 2320 1023 860 2176 2057 1097 530 567 12046 6641 5405 6382 3412 2970 586
is_linear=0
shrinkage=0.03


Tree=171
num_leaves=25
num_cat=0
split_feature=8 0 22 2 22 1 2 0 16 22 3 13 6 2 22 22 24 2 22 22 6 6 3 3
split_gain=12.4681 7.99167 7.17313 8.88721 8.52207 10.5766 9.54132 8.89079 8.86619 8.13058 11.3068 7.55708 7.50156 9.58232 7.33927 7.32536 7.2018 6.93075 8.47503 7.32477 6.90901 6.81328 10.6744 6.75716
threshold=672.50000000000011 14.045000000000002 344.50000000000006 31.055000000000003 54.500000000000007 22.385000000000002 34.675000000000004 2.0450000000000004 39.000000000000007 186.50000000000003 23.535000000000004 0.055000000000000007 16.639450000000004 29.665000000000003 127.50000000000001 358.50000000000006 3.5000000000000004 29.105000000000004 10.500000000000002 6.5000000000000009 15.881350000000001 17.220550000000003 22.205000000000002 14.985000000000001
decision_type=2 2 2 2 2 2 2 2 2 2 2 2 2 2 2 2 2 2 2 2 2 2 2 2
left_child=1 2 4 12 6 11 8 -7 17 10 14 -6 -4 15 -9 -14 -8 18 19 -1 -16 22 -11 -17
right_child=-2 -3 3 -5 5 7 16 9 -10 21 -12 -13 13 -15 20 23 -18 -19 -20 -21 -22 -23 -24 -25
leaf_value=0.0016017216910205951 -0.0010550156432215544 -0.0022318996231487326 0.0026659952385160337 -0.016655525256258744 0.017895610085509432 0.0012446693292178959 -0.0016688081498533963 0.0011928897699786608 0.0010239660625370427 -0.0012565876270337036 -0.00097487000806118754 0.0040166262911463324 -0.0037746088907832532 -0.011773342050287421 -0.00050286545666555565 0.013468220478544632 -0.012223073476046885 -0.0024486649197042539 0.0037952915641944851 -0.0072965718735056584 0.0073101644926558598 -0.0001202515084264456 -0.0076089946745731794 1.9488466759798767e-05
leaf_weight=176 7755 1062 282 36 52 12074 129 1174 2517 811 1590 110 448 99 135 45 106 1868 420 158 415 1673 337 133
leaf_count=176 7755 1062 282 36 52 12074 129 1174 2517 811 1590 110 448 99 135 45 106 1868 420 158 415 1673 337 133
internal_value=3.65253e-12 0.000316505 0.000425687 -0.00200931 0.000532644 0.000840035 -0.000518169 0.000772139 -0.000247853 -0.000157826 0.000849801 0.00847161 -0.00148571 -0.00310058 0.00253265 -0.00172901 -0.00642946 -0.00146874 0.000958975 -0.00260765 0.00539242 -0.00134155 -0.00312136 0.00341945
internal_weight=33605 25850 24788 1043 23745 18371 5374 18209 5139 6135 3314 162 1007 725 1724 626 235 2622 754 334 550 2821 1148 178
internal_count=33605 25850 24788 1043 23745 18371 5374 18209 5139 6135 3314 162 1007 725 1724 626 235 2622 754 334 550 2821 1148 178
is_linear=0
shrinkage=0.03


Tree=172
num_leaves=25
num_cat=0
split_feature=8 4 3 0 0 3 22 2 22 1 12 22 3 22 22 11 22 22 24 4 22 22 3 7
split_gain=11.9638 10.379 7.97401 8.05422 6.94701 7.59866 6.17024 8.85415 7.46597 10.2651 7.36908 6.69249 12.4315 6.98159 6.15941 7.22126 6.0595 8.2682 7.92604 6.04916 6.03866 7.67609 9.1489 7.60046
threshold=597.50000000000011 12.905000000000003 26.115000000000006 11.705000000000002 3.2350000000000008 22.175000000000004 340.50000000000006 29.665000000000003 84.500000000000014 22.895000000000003 0.79000000000000015 264.50000000000006 23.075000000000003 125.50000000000001 198.50000000000003 -18.499999999999996 316.50000000000006 81.500000000000014 2.5000000000000004 21.825000000000003 106.50000000000001 196.50000000000003 22.845000000000002 75.322650000000024
decision_type=2 2 2 2 2 2 2 2 2 2 2 2 2 2 2 2 2 2 2 2 2 2 2 2
left_child=1 6 3 -2 20 16 8 -8 10 -10 -1 12 13 -11 -7 -16 17 -6 -19 -5 -3 22 -22 -24
right_child=2 4 -4 19 5 14 7 -9 9 11 -12 -13 -14 -15 15 -17 -18 18 -20 -21 21 -23 23 -25
leaf_value=-0.0023141737027442023 -0.00047344130214816641 0.00042914706957237141 -0.015016030112015348 -0.0015277227163130564 -0.00068471902783404548 -0.00012725424848540465 -0.0017114806336010933 -0.01094527578982926 0.015517382278506246 0.0036114518255309551 0.0015194936104173835 -0.00095756368492363238 8.9731984559675445e-05 0.01172911402509947 -0.008071876303570499 -0.0017306510887658223 -0.0037754413371520312 -0.00037755587839831905 0.0064175610211492477 -0.0066550540296765655 0.0069824995477309046 0.00073861531817352982 0.00038125515315602003 0.0034697561834148168
leaf_weight=1997 12004 4692 35 556 518 1406 481 116 42 299 583 1319 944 140 218 625 174 225 493 330 417 2999 1192 1800
leaf_count=1997 12004 4692 35 556 518 1406 481 116 42 299 583 1319 944 140 218 625 174 225 493 330 417 2999 1192 1800
internal_value=4.35078e-13 0.000447502 -0.000716002 -0.000677174 0.000873192 -0.00026044 -0.000613596 -0.00350565 -0.000289299 0.00080004 -0.00144788 0.000571273 0.00202936 0.00620023 -0.00134293 -0.00337049 0.00146617 0.00220406 0.00428817 -0.00343745 0.00124688 0.00184563 0.00281951 0.00223931
internal_weight=33605 20680 12925 12890 14759 3659 5921 597 5324 2744 2580 2702 1383 439 2249 843 1410 1236 718 886 11100 6408 3409 2992
internal_count=33605 20680 12925 12890 14759 3659 5921 597 5324 2744 2580 2702 1383 439 2249 843 1410 1236 718 886 11100 6408 3409 2992
is_linear=0
shrinkage=0.03


Tree=173
num_leaves=25
num_cat=0
split_feature=20 26 2 5 22 1 1 3 2 26 3 22 26 22 1 22 3 3 6 3 6 3 26 22
split_gain=11.486 7.65233 9.32811 8.16384 8.08158 7.98814 7.88989 7.30237 7.20488 6.88883 6.49088 5.77953 11.9788 8.74911 10.5302 6.88095 12.9967 10.4068 6.80754 6.0348 5.77462 11.628 11.3673 6.72796
threshold=0.51000000000000012 -0.12882096774193563 40.085000000000008 0.33685000000000004 328.50000000000006 19.135000000000002 21.175000000000004 24.345000000000002 38.925000000000004 0.40403333333333336 25.265000000000004 99.500000000000014 -0.11038709677419352 294.50000000000006 25.975000000000005 198.50000000000003 22.875000000000004 23.575000000000003 16.639450000000004 24.645000000000003 17.728850000000005 20.315000000000001 -0.17141720430107546 172.50000000000003
decision_type=2 2 2 2 2 2 2 2 2 2 2 2 2 2 2 2 2 2 2 2 2 2 2 2
left_child=8 2 3 -2 5 -3 -6 20 9 10 11 18 13 19 -15 16 -14 -17 -1 -13 21 -5 23 -23
right_child=1 4 -4 7 6 -7 -8 -9 -10 -11 -12 12 15 14 -16 17 -18 -19 -20 -21 -22 22 -24 -25
leaf_value=0.0020523877802793118 -0.00012030067735619127 -0.010770767485817609 -0.021017840951681136 -0.0009893138304036533 0.0026486330114186673 0.00029244734861200177 -0.004471977357996172 -0.0068155616778490498 0.0031628398562250568 0.0055161049067722094 -0.0021256497863850103 0.0087122816046256955 0.0088086076200807484 0.0046260355537625277 -0.0096724893162920059 0.00039226215449516752 0.00097580460006355346 -0.0068421239698235759 -0.00094796393125573585 0.0019648942332851755 -0.00048227820977560492 -0.0055466870051335358 -0.0023892019730704151 -0.013798308318044796
leaf_weight=904 4648 59 21 1338 181 13271 619 258 1070 246 815 400 243 127 73 2460 885 193 2754 170 2062 183 452 173
leaf_count=904 4648 59 21 1338 181 13271 619 258 1070 246 815 400 243 127 73 2460 885 193 2754 170 2062 183 452 173
internal_value=-1.72689e-12 -0.000369754 -0.00104643 -0.00100042 6.77171e-05 0.00024348 -0.00286094 -0.0019164 0.000831947 0.000562901 0.000427874 0.000681391 0.00139505 0.00480566 -0.000592926 0.00070048 0.00266319 -0.000134024 -0.000206488 0.0066999 -0.00161602 -0.00270539 -0.00554712 -0.0095566
internal_weight=33605 23265 9135 9114 14130 13330 800 4466 10340 9270 9024 8209 4551 770 200 3781 1128 2653 3658 570 4208 2146 808 356
internal_count=33605 23265 9135 9114 14130 13330 800 4466 10340 9270 9024 8209 4551 770 200 3781 1128 2653 3658 570 4208 2146 808 356
is_linear=0
shrinkage=0.03


Tree=174
num_leaves=25
num_cat=0
split_feature=8 3 22 2 6 22 0 3 2 3 22 22 3 1 26 26 1 24 3 26 26 22 1 22
split_gain=11.013 8.1024 7.61449 10.4866 11.9818 9.35967 9.33246 11.5505 8.94199 10.6475 10.8569 8.92991 12.4432 7.85828 7.65254 13.9208 6.99316 6.95846 6.87671 10.509 7.72184 6.48857 13.5056 7.99543
threshold=785.00000000000011 25.195000000000004 338.50000000000006 30.185000000000006 16.639450000000004 46.500000000000007 2.9250000000000003 23.145000000000003 30.655000000000005 17.395000000000003 15.500000000000002 266.50000000000006 20.965000000000003 20.765000000000004 -0.18537634408602119 -0.17472365591397851 19.135000000000002 2.5000000000000004 19.475000000000005 -0.23144516129032253 -0.21771182795698918 94.500000000000014 21.825000000000003 174.50000000000003
decision_type=2 2 2 2 2 2 2 2 2 2 2 2 2 2 2 2 2 2 2 2 2 2 2 2
left_child=2 18 5 4 -4 8 -7 11 16 10 -10 14 -13 -6 -8 -16 -1 -11 20 -20 21 22 -2 -23
right_child=1 -3 3 -5 13 6 7 -9 9 17 -12 12 -14 -15 15 -17 -18 -19 19 -21 -22 23 -24 -25
leaf_value=-0.0087919691577553732 -0.010551126343456821 -0.018311141176521776 0.0049308507303163279 -0.0082315707507320847 0.0039841956205629303 0.0010066623526483185 0.0083747034474714287 -0.0020866230285277827 -0.019408744431060294 0.001846168005894431 -0.0043333752356914937 0.0017242968461102539 -0.0049900444951733397 -0.0034058039328846747 -0.0055555365299470964 0.0017505926748768476 0.00048749972223960315 -0.0024808018716204893 -0.0017358664392496303 -0.0092397600247738111 -0.0023992175201461917 0.0082365905007733622 0.00079677336848028824 0.0013151794934982526
leaf_weight=75 108 25 257 201 152 15652 136 2246 46 547 658 466 532 875 258 2600 2873 861 2513 180 828 205 749 562
leaf_count=75 108 25 257 201 152 15652 136 2246 46 547 658 466 532 875 258 2600 2873 861 2513 180 828 205 749 562
internal_value=-6.95978e-13 -0.00127366 0.000231575 -0.0018598 -0.000862346 0.000346814 0.000615611 -0.000365592 -0.000816026 -0.002306 -0.00531841 0.000602703 -0.00185489 -0.00231206 0.0014219 0.00109105 0.000251421 -0.000799799 -0.00119087 -0.00223743 -4.14594e-05 0.00116065 -0.0006333 0.0031651
internal_weight=33605 5170 28435 1485 1284 26950 21890 6238 5060 2112 704 3992 998 1027 2994 2858 2948 1408 5145 2693 2452 1624 857 767
internal_count=33605 5170 28435 1485 1284 26950 21890 6238 5060 2112 704 3992 998 1027 2994 2858 2948 1408 5145 2693 2452 1624 857 767
is_linear=0
shrinkage=0.03


Tree=175
num_leaves=25
num_cat=0
split_feature=12 26 22 5 2 22 3 6 3 22 22 2 16 3 6 2 16 2 24 25 26 1 7 22
split_gain=10.8372 10.3158 9.07339 11.4594 10.138 9.23267 9.01443 10.2376 12.7478 10.898 10.2162 9.09979 8.45561 8.412 13.0841 8.30954 12.8549 9.39373 8.25142 7.95365 7.56358 7.07141 6.61655 6.96144
threshold=0.79000000000000015 0.40403333333333336 54.500000000000007 0.38585000000000008 34.675000000000004 294.50000000000006 25.195000000000004 15.881350000000001 18.405000000000005 266.50000000000006 160.50000000000003 32.505000000000003 36.500000000000007 20.545000000000005 14.099000000000002 29.785000000000004 33.500000000000007 31.105000000000004 3.5000000000000004 -2.006370967741935 -0.16983870967741957 23.035000000000004 75.562100000000015 282.50000000000006
decision_type=2 2 2 2 2 2 2 2 2 2 2 2 2 2 2 2 2 2 2 2 2 2 2 2
left_child=1 2 4 5 12 22 7 8 -5 -9 21 -11 -1 14 -12 -7 17 -17 -6 -2 -15 -10 23 -4
right_child=19 -3 3 6 18 15 -8 9 10 11 13 -13 -14 20 -16 16 -18 -19 -20 -21 -22 -23 -24 -25
leaf_value=-0.0020853383959819542 0.0038127677888120074 0.0026884264185176496 7.2567354675382513e-05 0.0041886948249458024 -0.0019520585394104872 0.00052067408468400021 -0.0041661162798420238 0.00064770327906600719 0.0083121787042242205 -0.0016510482406844908 -0.0050969360274203783 -0.01152517897296655 0.0003421073562324999 -0.013519722998665039 0.0062160090410371162 -0.00464405232711555 -0.00047244981420569115 -0.015312630091944049 -0.015578720704134966 0.00072033669969774942 -0.0054174324117607043 -0.0015875876065562194 0.0018775918209862478 0.0052526840162139049
leaf_weight=3505 908 1050 5419 225 79 1443 688 5028 73 1495 477 89 2045 163 114 369 777 93 81 4262 285 588 4105 244
leaf_count=3505 908 1050 5419 225 79 1443 688 5028 73 1495 477 89 2045 163 114 369 777 93 81 4262 285 588 4105 244
internal_value=-4.54848e-12 -0.000229719 -0.000341607 -6.13299e-05 -0.00140553 0.000532443 -0.000862683 -0.000596458 -0.00252185 -3.59053e-05 -0.00341001 -0.00220584 -0.0011909 -0.00526496 -0.00291474 -0.00102666 -0.00282875 -0.00679162 -0.00885056 0.00126346 -0.00836536 -0.00049427 0.000960525 0.000295762
internal_weight=33605 28435 27385 21675 5710 12450 9225 8537 1925 6612 1700 1584 5550 1039 591 2682 1239 462 160 5170 448 661 9768 5663
internal_count=33605 28435 27385 21675 5710 12450 9225 8537 1925 6612 1700 1584 5550 1039 591 2682 1239 462 160 5170 448 661 9768 5663
is_linear=0
shrinkage=0.03


Tree=176
num_leaves=25
num_cat=0
split_feature=9 26 0 22 2 22 2 16 2 3 24 6 22 3 26 22 1 8 22 3 16 3 2 22
split_gain=10.3165 10.1966 8.2281 8.5515 13.624 8.77913 10.3723 18.3209 14.2496 8.57629 16.6479 9.73418 9.38841 9.8436 9.28148 8.96412 9.72095 8.69079 8.3629 7.92182 7.31763 7.88435 7.67807 6.89242
threshold=1.6500000000000001 0.40403333333333336 14.045000000000002 34.500000000000007 30.655000000000005 294.50000000000006 29.015000000000004 36.500000000000007 31.105000000000004 22.725000000000005 2.5000000000000004 15.881350000000001 168.50000000000003 25.005000000000006 0.31670967741935491 282.50000000000006 26.775000000000002 496.50000000000006 102.50000000000001 24.155000000000005 36.500000000000007 13.055000000000001 29.065000000000001 16.500000000000004
decision_type=2 2 2 2 2 2 2 2 2 2 2 2 2 2 2 2 2 2 2 2 2 2 2 2
left_child=-1 2 3 4 20 9 -7 8 -8 14 -11 -12 13 18 15 -5 -17 19 -13 -14 21 23 -23 -2
right_child=1 -3 -4 5 -6 6 7 -9 -10 10 11 12 17 -15 -16 16 -18 -19 -20 -21 -22 22 -24 -25
leaf_value=0.0009596759503328659 -0.013251895971557836 0.0026077736260735297 -0.0029652136724315097 0.00022874039701706035 -0.0062759570679445011 0.00059012938482877833 -0.0043252901579579972 -9.6189054388828629e-05 -0.015109100095661623 0.001296477751263553 -0.0074510005135055655 -0.0030798740626651914 0.0046042927907393796 -0.0033510033480653291 0.0034729400988331681 0.0065060210797902879 -0.0035722958060677309 -0.0062650738142566928 0.0021363639198145388 -0.0071069895522300553 0.0012607895577975939 -9.1165975449819509e-05 -0.0043489858385590777 0.0011776011179439549
leaf_weight=7755 97 1050 1085 9828 498 1390 884 1118 126 2174 278 368 152 764 988 397 110 590 1114 79 945 1217 555 43
leaf_count=7755 97 1050 1085 9828 498 1390 884 1118 126 2174 278 368 152 764 988 397 110 590 1114 79 945 1217 555 43
internal_value=-3.34755e-12 -0.000287903 -0.000410502 -0.00029362 -0.00169699 -6.23664e-05 -0.0014254 -0.00274194 -0.0056706 0.000222348 -0.000747324 -0.00207564 -0.00158841 -0.000584885 0.00069498 0.000429414 0.0043194 -0.00433373 0.000841104 0.000599136 -0.00089884 -0.00196623 -0.00142474 -0.00881998
internal_weight=33605 25850 24800 23715 3355 20360 3518 2128 1010 16842 5519 3345 3067 2246 11323 10335 507 821 1482 231 2857 1912 1772 140
internal_count=33605 25850 24800 23715 3355 20360 3518 2128 1010 16842 5519 3345 3067 2246 11323 10335 507 821 1482 231 2857 1912 1772 140
is_linear=0
shrinkage=0.03


Tree=177
num_leaves=25
num_cat=0
split_feature=8 3 26 26 22 22 2 6 22 1 22 3 3 8 24 3 16 8 6 22 16 2 3 22
split_gain=9.92812 7.64679 8.99178 8.99094 8.5695 7.2127 9.83165 10.888 8.71552 15.1594 15.8379 17.6758 16.1954 14.1499 12.7161 12.3642 12.1391 10.4494 10.3136 9.89221 10.4817 14.7775 9.14152 11.6362
threshold=785.00000000000011 20.355000000000004 -0.23144516129032253 -0.22161290322580643 318.50000000000006 338.50000000000006 30.495000000000001 16.639450000000004 90.500000000000014 22.225000000000005 192.50000000000003 22.695000000000004 21.005000000000006 510.00000000000006 2.5000000000000004 23.245000000000001 39.000000000000007 597.50000000000011 15.881350000000001 294.50000000000006 33.500000000000007 31.235000000000003 23.615000000000006 264.50000000000006
decision_type=2 2 2 2 2 2 2 2 2 2 2 2 2 2 2 2 2 2 2 2 2 2 2 2
left_child=5 3 4 -2 -3 8 7 -7 16 17 11 14 19 22 -11 -15 -1 -10 -13 -12 21 -21 23 -14
right_child=1 2 -4 -5 -6 6 -8 -9 9 10 12 18 13 15 -16 -17 -18 -19 -20 20 -22 -23 -24 -25
leaf_value=-0.0013349441164935494 0.00072531969899404839 -0.0021857941991693707 -0.019610276855528352 -0.0026498148930815865 -0.01658086933293625 0.0039859348593242585 -0.0095347560026178453 -0.0024868469394749436 0.02437408891745976 0.00097306953041697859 0.0043428350379837973 -0.004040078253803342 0.0042723421591634074 -0.0019987728594670364 0.005640841271790588 -0.0089277735107489639 0.00077479924963282727 0.0058762409181144903 0.0010404999291398103 -0.00091179010379010704 0.0024499280680879854 -0.015034774029061098 -0.0022242748360279813 -0.0010159063569294691
leaf_weight=5400 2255 1812 28 1037 38 301 135 1049 35 855 829 381 832 2888 1362 252 4500 128 6404 674 940 74 715 681
leaf_count=5400 2255 1812 28 1037 38 301 135 1049 35 855 829 381 832 2888 1362 252 4500 128 6404 674 940 74 715 681
internal_value=1.47717e-12 -0.0012093 -0.00273686 -0.000337868 -0.00248148 0.000219873 -0.00181557 -0.00104366 0.00033203 0.000743127 0.000655241 0.0015151 -0.000326421 -0.00125742 0.00384069 -0.00255486 -0.00037597 0.00984817 0.000755209 0.00165913 0.000341121 -0.00230898 0.000571095 0.00189211
internal_weight=33605 5170 1878 3292 1850 28435 1485 1350 26950 17050 16887 9002 7885 5368 2217 3140 9900 163 6785 2517 1688 748 2228 1513
internal_count=33605 5170 1878 3292 1850 28435 1485 1350 26950 17050 16887 9002 7885 5368 2217 3140 9900 163 6785 2517 1688 748 2228 1513
is_linear=0
shrinkage=0.03


Tree=178
num_leaves=25
num_cat=0
split_feature=20 0 22 2 22 3 7 22 8 24 22 3 1 3 4 2 6 22 3 2 22 22 3 22
split_gain=9.61476 6.86894 6.53881 11.1233 8.9551 10.3175 10.3527 10.7078 9.30335 9.54432 8.80557 10.0216 8.49234 8.60156 7.45103 7.44052 8.59218 9.3235 6.93682 9.24818 7.42895 13.8642 6.80361 6.60296
threshold=0.51000000000000012 17.620000000000001 33.500000000000007 31.865000000000006 192.50000000000003 21.325000000000003 75.562100000000015 330.50000000000006 597.50000000000011 3.5000000000000004 264.50000000000006 23.385000000000002 23.035000000000004 20.075000000000003 19.675000000000004 30.685000000000006 15.881350000000001 354.50000000000006 15.135000000000003 30.105000000000004 16.500000000000004 6.5000000000000009 16.845000000000002 95.500000000000014
decision_type=2 2 2 2 2 2 2 2 2 2 2 2 2 2 2 2 2 2 2 2 2 2 2 2
left_child=-1 2 3 18 23 6 7 12 10 -10 11 14 13 -6 -7 16 -9 -18 20 -20 21 -2 -21 -4
right_child=1 -3 4 -5 5 8 -8 15 9 -11 -12 -13 -14 -15 -16 -17 17 -19 19 22 -22 -23 -24 -25
leaf_value=0.00076116656181046162 0.0058161120563882457 -0.0032715167441716687 -0.00031955257128597937 -0.015051247775554657 0.013922881072036701 0.006238933007920249 -0.0019323703250054571 0.006607509720493108 -0.0021540749269854378 -0.0078230170087213464 -0.0050115755823585137 -0.0048373235998186185 0.001391826601040896 0.0035492014835542068 0.0001875163161459921 -0.010086815082692506 -0.003957745039900748 0.003014228513197703 0.00090920293014616778 -0.009349460002216748 -0.00081547003929387696 -0.009033884495974847 -0.0017936339788825221 0.0010779669754256475
leaf_weight=10340 68 697 5555 54 101 252 1664 125 652 453 355 259 1637 250 670 83 568 248 1467 137 411 337 494 6728
leaf_count=10340 68 697 5555 54 101 252 1664 125 652 453 355 259 1637 250 670 83 568 248 1467 137 411 337 494 6728
internal_value=3.38087e-13 -0.000338296 -0.000247705 -0.00155997 -4.89916e-05 -0.000879825 -3.32058e-05 0.001016 -0.0023788 -0.00447808 -0.000868574 0.000376783 0.00229976 0.00653422 0.00184148 -0.00147631 -0.000716824 -0.00183881 -0.00130996 -0.000397107 -0.00365696 -0.00654055 -0.00343412 0.000445937
internal_weight=33605 23265 22568 2968 19600 7317 4676 3012 2641 1105 1536 1181 1988 351 922 1024 941 816 2914 2098 816 405 631 12283
internal_count=33605 23265 22568 2968 19600 7317 4676 3012 2641 1105 1536 1181 1988 351 922 1024 941 816 2914 2098 816 405 631 12283
is_linear=0
shrinkage=0.03


Tree=179
num_leaves=25
num_cat=0
split_feature=8 0 22 2 3 22 22 2 6 2 22 3 3 25 3 2 23 7 3 3 2 22 21 22
split_gain=9.31326 6.78612 6.36454 8.11828 8.73467 16.1059 6.16351 7.67274 6.25177 8.21639 6.93728 6.26313 5.78169 5.87136 5.71888 5.57522 5.5116 5.40448 8.5594 5.24076 6.1965 7.90188 5.11319 12.1047
threshold=672.50000000000011 14.045000000000002 10.500000000000002 31.405000000000005 15.385000000000003 6.5000000000000009 344.50000000000006 31.055000000000003 16.639450000000004 29.665000000000003 358.50000000000006 14.985000000000001 24.825000000000003 -2.7926570458404067 28.845000000000002 27.705000000000002 4.5000000000000009 76.966650000000016 17.705000000000002 25.265000000000004 35.415000000000006 82.500000000000014 4.5000000000000009 118.50000000000001
decision_type=2 2 2 2 2 2 2 2 2 2 2 2 2 2 2 2 2 2 2 2 2 2 2 2
left_child=1 2 3 4 5 -1 14 8 -8 10 15 -12 13 -3 -4 16 -10 -6 -19 20 -2 -22 23 -16
right_child=19 12 6 -5 17 -7 7 -9 9 -11 11 -13 -14 -15 22 -17 -18 18 -20 -21 21 -23 -24 -25
leaf_value=0.010282292032021689 -0.0011316320624883355 0.006218309496944568 0.00053344579157905416 -0.020000954466787253 0.0016346449295043584 -0.013448371747269844 0.0024938585371660823 -0.015391505188308655 -0.0024758973871991477 -0.010801345024991667 0.013184260056664546 0.00023649556121151699 -0.0094849759472758859 -0.0021237149499893147 0.0027431741499287241 -0.0066915551045139392 0.009338656475146612 0.0013926241126111043 -0.0083027617643529079 -0.011120005205273628 -0.013349289590492844 0.002364404191819343 0.002576542106427012 0.032156270876526831
leaf_weight=33 6959 83 22575 22 492 117 282 36 169 99 45 133 87 892 34 234 45 168 160 45 30 721 124 20
leaf_count=33 6959 83 22575 22 492 117 282 36 169 99 45 133 87 892 34 234 45 168 160 45 30 721 124 20
internal_value=3.26918e-12 0.000273546 0.000374157 -0.00198024 -0.00157153 -0.00822763 0.000472306 -0.00178277 -0.00129626 -0.00277048 -0.00150042 0.00350981 -0.00207479 -0.00141357 0.000575679 -0.0034911 8.47142e-06 -0.000353946 -0.00333683 -0.000911821 -0.00085224 0.00173669 0.00593194 0.0136369
internal_weight=33605 25850 24788 992 970 150 23796 1043 1007 725 626 178 1062 975 22753 448 214 820 328 7755 7710 751 178 54
internal_count=33605 25850 24788 992 970 150 23796 1043 1007 725 626 178 1062 975 22753 448 214 820 328 7755 7710 751 178 54
is_linear=0
shrinkage=0.03


Tree=180
num_leaves=25
num_cat=0
split_feature=8 4 3 22 3 6 1 3 22 3 24 24 22 22 0 3 2 1 26 2 3 25 22 22
split_gain=8.95627 8.53693 8.05009 21.4213 12.944 11.0884 9.30562 7.59387 8.10277 9.0714 7.15524 7.07504 6.137 6.35736 5.95725 6.96236 5.82496 8.05473 5.66852 6.64543 6.02077 6.70028 5.35129 7.36914
threshold=597.50000000000011 12.905000000000003 21.775000000000002 162.50000000000003 23.245000000000001 14.099000000000002 26.085000000000004 26.115000000000006 122.50000000000001 23.815000000000001 3.5000000000000004 3.5000000000000004 38.500000000000007 8.5000000000000018 3.2350000000000008 22.175000000000004 23.745000000000001 20.765000000000004 0.17383709677419359 27.135000000000002 24.765000000000004 -1.6525806451612901 316.50000000000006 81.500000000000014
decision_type=2 2 2 2 2 2 2 2 2 2 2 2 2 2 2 2 2 2 2 2 2 2 2 2
left_child=1 -1 12 5 11 -4 -7 8 -8 -10 -11 -5 13 -2 -3 22 -14 -18 20 -20 21 -17 23 -16
right_child=2 14 3 4 -6 6 7 -9 9 10 -12 -13 16 -15 15 18 17 -19 19 -21 -22 -23 -24 -25
leaf_value=-0.00057514942220844806 0.0016723433700854072 0.0011193061270546743 -0.012573331832536496 -0.002147404566628033 -0.015606064178142696 0.0092299410118721423 0.001668412009826038 -0.014173235846213562 -0.00023561049771997784 -0.0023266771514214011 -0.011700463264929847 -0.0072634709072969105 -0.0029936666555221863 -0.002590242150927674 -0.00065754939450357152 0.0052125283974352506 0.0084161386524127524 0.00030643236599538155 -0.01364288523008949 -0.0028313314630324022 -0.0032554319316658413 -0.00041655801837686853 -0.0035495668576612811 0.0040371940082213438
leaf_weight=5921 399 11100 64 582 100 96 1137 35 756 168 130 418 476 1494 518 237 112 6958 57 500 489 966 174 718
leaf_count=5921 399 11100 64 582 100 96 1137 35 756 168 130 418 476 1494 518 237 112 6958 57 500 489 966 174 718
internal_value=1.13619e-12 0.000387189 -0.000619502 -0.00185149 -0.00531502 -0.00025472 8.48114e-05 -0.000309588 -8.81237e-05 -0.00198298 -0.00641591 -0.00428592 -0.000164507 -0.00169179 0.000773259 -0.000276516 0.00021863 0.000434903 -0.00131269 -0.00393772 -0.000448541 0.000692414 0.00137622 0.00206966
internal_weight=33605 20680 12925 3486 1100 2386 2322 2226 2191 1054 298 1000 9439 1893 14759 3659 7546 7070 2249 557 1692 1203 1410 1236
internal_count=33605 20680 12925 3486 1100 2386 2322 2226 2191 1054 298 1000 9439 1893 14759 3659 7546 7070 2249 557 1692 1203 1410 1236
is_linear=0
shrinkage=0.03


Tree=181
num_leaves=25
num_cat=0
split_feature=9 26 0 22 2 22 2 16 3 24 6 22 3 22 25 6 3 3 2 3 22 15 22 2
split_gain=8.72509 9.16058 6.92589 7.12157 12.5464 7.61064 10.2989 13.5072 8.08524 15.2218 8.62939 8.38598 10.5228 8.2067 12.0789 10.6454 13.5617 10.2398 7.98578 7.44216 9.32073 9.4819 7.76982 9.86426
threshold=1.6500000000000001 0.40403333333333336 14.045000000000002 34.500000000000007 30.655000000000005 296.50000000000006 29.785000000000004 36.500000000000007 22.725000000000005 2.5000000000000004 15.881350000000001 196.50000000000003 24.705000000000002 92.500000000000014 -0.68974999999999975 16.639450000000004 19.055000000000003 20.075000000000003 31.285000000000004 19.905000000000005 346.50000000000006 0.025000000000000005 354.50000000000006 27.765000000000004
decision_type=2 2 2 2 2 2 2 2 2 2 2 2 2 2 2 2 2 2 2 2 2 2 2 2
left_child=-1 2 3 4 -2 8 19 18 13 -10 -11 12 -12 -5 17 16 -16 -15 -8 20 21 -7 -22 -24
right_child=1 -3 -4 5 -6 6 7 -9 9 10 11 -13 -14 14 15 -17 -18 -19 -20 -21 22 -23 23 -25
leaf_value=0.00088255856831285476 -0.00078847522561083553 0.0024798618879917607 -0.0027248224643681251 -0.00026213518960218029 -0.0059485717108353955 0.0084780104522444843 -0.00534993365581613 -0.00095168337192719004 0.0012093293434470146 -0.0070762592211630355 0.00062814365926024032 -0.0051235909811155472 -0.0033319614468761672 0.0068886452103607302 0.0056265766918018384 0.0017852372946690811 -0.0023527645097208873 0.0020399089787401436 -0.015097791228132941 -0.0043197583720059095 -0.0048179574827868282 0.0012069833715499341 0.011670410503523753 -0.0009468218213212001
leaf_weight=7755 2857 1050 1085 4974 498 207 474 875 2174 278 1600 497 970 479 218 2004 1589 2158 90 298 364 733 68 310
leaf_count=7755 2857 1050 1085 4974 498 207 474 875 2174 278 1600 497 970 479 218 2004 1589 2158 90 298 364 733 68 310
internal_value=-3.58536e-12 -0.000264768 -0.000380972 -0.000273737 -0.00155442 -6.27015e-05 -0.00135381 -0.00328519 0.000197868 -0.000744975 -0.00201513 -0.00155637 -0.000866526 0.00065344 0.00135972 0.000279629 -0.00139012 0.00292066 -0.00690544 4.98564e-05 0.000824021 0.00280816 -0.00168957 0.00132294
internal_weight=33605 25850 24800 23715 3355 20360 3419 1439 16941 5519 3345 3067 2570 11422 6448 3811 1807 2637 564 1980 1682 940 742 378
internal_count=33605 25850 24800 23715 3355 20360 3419 1439 16941 5519 3345 3067 2570 11422 6448 3811 1807 2637 564 1980 1682 940 742 378
is_linear=0
shrinkage=0.03


Tree=182
num_leaves=25
num_cat=0
split_feature=8 0 22 2 3 22 22 2 6 2 22 3 3 2 3 7 3 25 2 1 21 22 1 2
split_gain=8.51076 6.13957 5.92209 7.61295 8.1611 15.1749 5.6412 7.23402 5.89203 7.69027 6.3969 5.85382 5.42417 5.41251 5.33294 5.08202 8.06483 5.00041 4.91635 4.84821 4.8329 11.39 4.74676 15.2675
threshold=672.50000000000011 14.045000000000002 10.500000000000002 31.405000000000005 15.385000000000003 6.5000000000000009 344.50000000000006 31.055000000000003 16.639450000000004 29.665000000000003 358.50000000000006 14.985000000000001 25.195000000000004 26.945000000000004 28.845000000000002 76.966650000000016 17.585000000000004 -3.7185483870967744 28.925000000000004 23.245000000000001 4.5000000000000009 118.50000000000001 22.535000000000004 29.355000000000004
decision_type=2 2 2 2 2 2 2 2 2 2 2 2 2 2 2 2 2 2 2 2 2 2 2 2
left_child=1 2 3 4 5 -1 14 8 19 10 13 -12 17 -10 22 -6 18 -3 -17 -8 21 -16 23 -4
right_child=-2 12 6 -5 15 -7 7 -9 9 -11 11 -13 -14 -15 20 16 -18 -19 -20 -21 -22 -23 -24 -25
leaf_value=0.010015016338279979 -0.0008716512492738137 0.011528086038306355 0.0050558667014405003 -0.019364736418832431 0.0015871747511952956 -0.013019564216717695 0.0072925293018384499 -0.014919477819154659 0.0027648617211028493 -0.01043381249456257 0.012728526428962746 0.00021099071529574859 -0.010892449484752684 -0.0051261757148841729 0.0026466811004587833 0.004418763983919616 -0.0077965708444574875 -0.0018020605511854092 -0.008313233767236982 -0.00074649174949702093 0.0024610001576553671 0.031178302377462386 0.00041195165256047227 -0.0023750567148726983
leaf_weight=33 7755 26 707 22 492 117 112 36 101 99 45 133 58 347 34 124 169 978 35 170 124 20 21484 384
leaf_count=33 7755 26 707 22 492 117 112 36 101 99 45 133 58 347 34 124 169 978 35 170 124 20 21484 384
internal_value=-1.19036e-12 0.000261495 0.000357193 -0.0019139 -0.0015181 -0.00795196 0.00045187 -0.00170554 -0.00123314 -0.00266432 -0.0014356 0.00337554 -0.00197217 -0.00334717 0.000550765 -0.000341179 -0.00323371 -0.00145686 0.00161612 0.00244631 0.00572313 0.0132139 0.000509982 0.0024404
internal_weight=33605 25850 24788 992 970 150 23796 1043 1007 725 626 178 1062 448 22753 820 328 1004 159 282 178 54 22575 1091
internal_count=33605 25850 24788 992 970 150 23796 1043 1007 725 626 178 1062 448 22753 820 328 1004 159 282 178 54 22575 1091
is_linear=0
shrinkage=0.03


Tree=183
num_leaves=25
num_cat=0
split_feature=9 26 5 22 3 22 6 22 3 6 3 22 22 22 2 1 22 1 22 8 6 3 16 3
split_gain=8.12872 8.5432 6.38024 8.60319 8.46712 8.39401 8.21771 10.332 9.88967 9.18316 13.2092 7.1578 12.0467 6.8121 8.12997 6.67005 6.5779 6.27636 6.53898 6.26924 6.08616 5.96459 5.7546 8.66856
threshold=1.6500000000000001 0.40403333333333336 0.40265000000000006 56.500000000000007 23.355000000000004 176.50000000000003 17.947700000000001 178.50000000000003 21.435000000000006 14.099000000000002 19.105000000000004 266.50000000000006 125.50000000000001 316.50000000000006 30.965000000000003 23.245000000000001 55.500000000000007 22.225000000000005 192.50000000000003 597.50000000000011 18.100050000000003 21.585000000000004 39.000000000000007 20.165000000000003
decision_type=2 2 2 2 2 2 2 2 2 2 2 2 2 2 2 2 2 2 2 2 2 2 2 2
left_child=-1 2 3 -2 6 -6 7 16 9 10 -9 12 -8 15 22 -5 -4 -14 -19 -7 -20 -13 23 -15
right_child=1 -3 4 13 5 19 11 8 -10 -11 -12 21 17 14 -16 -17 -18 18 20 -21 -22 -23 -24 -25
leaf_value=0.00085186308712712985 -0.0011878855747761319 0.0023949696208633085 -0.0021097431052476165 0.0039994375097873753 -0.0018663550165749561 -0.0060737633126146402 -0.00059021337832343087 0.00091072807263117275 -0.0050114358886789862 0.00029483913379998989 -0.0083606385587275071 -0.00046081124384781476 0.019095907639712095 -0.0010462652062842284 -0.0079925274099738979 0.00054715564029429568 0.001274908717606034 0.0072193356450402828 0.0080658871103078122 -0.021426130387788782 0.00062209105167725771 -0.0072738501618616275 0.00225428314136696 -0.010990941458107794
leaf_weight=7755 4025 1050 774 533 1182 302 1110 243 965 1169 321 505 24 1097 149 9158 1555 305 120 26 561 150 441 85
leaf_count=7755 4025 1050 774 533 1182 302 1110 243 965 1169 321 505 24 1097 149 9158 1555 305 120 26 561 150 441 85
internal_value=7.1664e-13 -0.000255559 -0.000367779 5.33196e-06 -0.000988348 -0.00304463 -0.000590376 -0.00131376 -0.0025774 -0.00122204 -0.00436606 0.000720063 0.00156696 0.000424306 -0.00128597 0.000737029 0.000150082 0.00393772 0.00356876 -0.00729072 0.00193377 -0.00202105 -0.000670267 -0.00176141
internal_weight=33605 25850 24800 15488 9312 1510 7802 5027 2698 1733 564 2775 2120 11463 1772 9691 2329 1010 986 328 681 655 1623 1182
internal_count=33605 25850 24800 15488 9312 1510 7802 5027 2698 1733 564 2775 2120 11463 1772 9691 2329 1010 986 328 681 655 1623 1182
is_linear=0
shrinkage=0.03


Tree=184
num_leaves=25
num_cat=0
split_feature=8 0 3 6 7 3 22 2 3 22 22 2 22 3 2 7 3 1 2 22 3 22 2 22
split_gain=7.88131 5.75581 5.86026 7.02694 6.84945 5.88568 5.54492 7.17548 7.19524 14.1047 5.40077 6.67283 5.21376 6.23342 5.25168 6.78515 4.9393 5.03669 17.7677 7.61348 19.302 8.86318 7.88069 7.21327
threshold=672.50000000000011 11.705000000000002 20.965000000000003 16.639450000000004 79.153350000000017 25.265000000000004 10.500000000000002 31.405000000000005 15.385000000000003 6.5000000000000009 344.50000000000006 31.055000000000003 358.50000000000006 14.505000000000001 28.345000000000002 76.966650000000016 28.845000000000002 22.535000000000004 28.285000000000004 14.500000000000002 16.845000000000002 21.500000000000004 29.315000000000001 14.500000000000002
decision_type=2 2 2 2 2 2 2 2 2 2 2 2 2 2 2 2 2 2 2 2 2 2 2 2
left_child=1 6 4 -4 -3 -5 7 8 9 -1 16 12 14 -14 -12 -16 17 18 -8 20 -19 22 -21 -20
right_child=-2 2 3 5 -6 -7 10 -9 -10 -11 11 -13 13 -15 15 -17 -18 19 23 21 -22 -23 -24 -25
leaf_value=0.0097474855980412538 -0.0008387990434188733 0.0034473793806316464 -0.0072409402658594408 -0.00068307720360020335 -0.012099805944599211 -0.0095047438809195087 0.0085172389556717187 -0.018782175179909575 -0.0003523493693508347 -0.012502433844680048 -0.00021175081649366136 -0.014737030725707026 0.016003278313347927 0.00068253356034236618 -0.0031539176451464766 -0.013615177125902845 0.0055297958773947997 -0.016161225801333785 -0.0056795519870953461 0.0067236755063587962 0.0098408964845610718 0.00044404897025981677 -0.0054283102534958315 0.0015391890510707152
leaf_weight=33 7755 286 231 849 28 74 314 22 817 115 356 34 26 296 248 72 178 30 158 55 179 20481 379 589
leaf_count=33 7755 286 231 849 28 74 314 22 817 115 356 34 26 296 248 72 178 30 158 55 179 20481 379 589
internal_value=-9.38537e-13 0.00025164 -0.00157274 -0.00256147 0.00206101 -0.00139034 0.000361483 -0.00184112 -0.0014549 -0.0075413 0.000454407 -0.00166743 -0.00122218 0.00191961 -0.00271871 -0.0055077 0.000552325 0.000512389 0.00252934 0.000411083 0.00610853 0.00035415 -0.00388831 1.23335e-05
internal_weight=33605 25850 1468 1154 314 923 24382 987 965 148 23395 1032 998 322 676 320 22363 22185 1061 21124 209 20915 434 747
internal_count=33605 25850 1468 1154 314 923 24382 987 965 148 23395 1032 998 322 676 320 22363 22185 1061 21124 209 20915 434 747
is_linear=0
shrinkage=0.03


Tree=185
num_leaves=25
num_cat=0
split_feature=12 22 22 3 6 25 22 25 5 6 3 26 3 1 22 3 24 6 1 16 3 2 1 22
split_gain=7.68256 7.99377 17.6738 12.3811 9.5794 8.14097 8.07413 7.41939 7.33407 8.46214 8.87267 7.56972 7.92662 6.93637 7.4482 9.48491 8.50708 7.11936 6.73654 6.56063 6.8245 6.50375 10.3219 8.79206
threshold=0.79000000000000015 92.500000000000014 186.50000000000003 22.695000000000004 15.881350000000001 -1.0383064516129028 129.50000000000003 -2.006370967741935 0.49940000000000007 16.639450000000004 19.005000000000006 -0.17141720430107546 21.195000000000004 24.385000000000002 338.50000000000006 21.365000000000006 3.5000000000000004 17.792250000000006 23.325000000000003 39.000000000000007 24.705000000000002 34.565000000000005 28.065000000000001 82.500000000000014
decision_type=2 2 2 2 2 2 2 2 2 2 2 2 2 2 2 2 2 2 2 2 2 2 2 2
left_child=1 19 3 5 -5 6 18 -2 -4 10 -10 -12 -13 14 15 16 -11 -17 -3 20 -1 -21 23 -23
right_child=7 2 8 4 -6 -7 -8 -9 9 13 11 12 -14 -15 -16 17 -18 -19 -20 21 -22 22 -24 -25
leaf_value=-0.0012694789437482277 0.0035259880383787055 0.019902075207368895 1.3895033143183851e-05 -0.0042187965668777595 0.00067836421623553695 0.0015374976277649538 0.0099569046330071718 0.0005392228268323565 0.0015689314011251554 0.00081650628960358172 -0.0081555144753909115 0.0017986366196050189 -0.0054951853016346371 -0.0022417958604270746 -0.0044173886476253921 -0.0052301837565595062 0.0077997857014862936 0.0013968910666175582 0.003093427992800908 0.0013199411768658963 -0.013543246017269245 -0.0026021369036743633 0.0011606145969813998 -0.012808836409175354
leaf_weight=7319 908 22 5703 387 5058 1913 217 4262 228 327 403 213 362 1460 220 231 302 396 873 1945 41 256 451 108
leaf_count=7319 908 22 5703 387 5058 1913 217 4262 228 327 403 213 362 1460 220 231 302 396 873 1945 41 256 451 108
internal_value=-1.4121e-12 -0.000193415 0.000180486 0.00118522 0.000330302 0.00272406 0.00476534 0.00106378 -0.000683919 -0.00164472 -0.00376045 -0.00500288 -0.0027933 -0.000775653 0.000674596 0.0015665 0.00416937 -0.00104466 0.0035066 -0.000870096 -0.00133785 0.000377254 -0.00187247 -0.0056305
internal_weight=33605 28435 18315 8470 5445 3025 1112 5170 9845 4142 1206 978 575 2936 1476 1256 629 627 895 10120 7360 2760 815 364
internal_count=33605 28435 18315 8470 5445 3025 1112 5170 9845 4142 1206 978 575 2936 1476 1256 629 627 895 10120 7360 2760 815 364
is_linear=0
shrinkage=0.03


Tree=186
num_leaves=25
num_cat=0
split_feature=20 2 26 3 22 26 22 1 22 3 3 6 22 3 22 3 3 8 22 7 22 24 6 3
split_gain=7.42127 5.72213 5.47312 5.93957 5.48603 11.2104 10.1173 9.81598 7.08855 10.2431 7.69685 5.62445 5.43701 11.7293 11.4082 12.9994 7.95408 13.191 11.8262 10.2253 9.29277 9.19982 7.47555 10.5491
threshold=0.51000000000000012 38.925000000000004 0.40403333333333336 24.825000000000003 99.500000000000014 -0.11038709677419352 294.50000000000006 25.975000000000005 198.50000000000003 22.875000000000004 23.115000000000006 16.639450000000004 186.50000000000003 23.975000000000005 95.500000000000014 19.945000000000004 21.325000000000003 597.50000000000011 264.50000000000006 75.562100000000015 330.50000000000006 2.5000000000000004 14.099000000000002 22.725000000000005
decision_type=2 2 2 2 2 2 2 2 2 2 2 2 2 2 2 2 2 2 2 2 2 2 2 2
left_child=1 2 3 4 11 6 -6 -8 9 -7 -10 -1 14 16 -2 -16 19 18 -18 20 -14 -19 -17 -24
right_child=12 -3 -4 -5 5 8 7 -9 10 -11 -12 -13 13 -15 15 22 17 21 -20 -21 -22 -23 23 -25
leaf_value=0.0018003154793941351 -0.00068860169936772113 0.0027459743070023385 0.0048439602218653503 -0.0017266951373210797 0.0074192303199725404 0.0081976282808776616 0.0043596833447859746 -0.009445424353933498 0.00054160914989955975 0.001089090601809239 -0.0040232524510580474 -0.00093718629524701554 0.0021013733776152855 -0.0097626201864411833 0.0058051568830025293 -0.0033890205004412379 0.0011758397116071952 -0.0011727082736337849 -0.0047131691802187025 -0.0018742824932919443 -0.0013697644416276876 -0.0063019007826720357 0.002735468687285652 -4.1689747017588202e-06
leaf_weight=898 8550 1070 246 1129 454 243 127 73 2252 732 390 2726 2146 133 465 395 1277 524 404 1757 1026 788 1864 3936
leaf_count=898 8550 1070 246 1129 454 243 127 73 2252 732 390 2726 2146 133 465 395 1277 524 404 1757 1026 788 1864 3936
internal_value=2.85296e-12 0.000668728 0.00042896 0.000308604 0.000599656 0.00132811 0.00494265 -0.000679181 0.000674557 0.00286076 -0.000132235 -0.000258854 -0.000297213 -0.000927417 3.65348e-05 0.000967453 -0.000779086 -0.00199899 -0.000239484 -3.83334e-05 0.000978616 -0.00425335 0.000604333 0.000876294
internal_weight=33605 10340 9270 9024 7895 4271 654 200 3617 975 2642 3624 23265 8055 15210 6660 7922 2993 1681 4929 3172 1312 6195 5800
internal_count=33605 10340 9270 9024 7895 4271 654 200 3617 975 2642 3624 23265 8055 15210 6660 7922 2993 1681 4929 3172 1312 6195 5800
is_linear=0
shrinkage=0.03


Tree=187
num_leaves=25
num_cat=0
split_feature=8 0 22 2 3 22 3 25 22 2 6 3 22 22 3 2 3 2 22 2 22 23 7 3
split_gain=7.22579 5.37229 5.05037 6.77078 7.19166 13.4907 4.90981 4.9363 4.86739 6.45088 6.45738 6.76561 5.62746 4.72847 9.86548 5.74669 4.69231 5.20522 7.28754 4.97183 7.03264 4.72449 4.60242 7.61906
threshold=672.50000000000011 14.045000000000002 10.500000000000002 31.405000000000005 15.385000000000003 6.5000000000000009 24.825000000000003 -2.7926570458404067 344.50000000000006 30.535000000000004 16.639450000000004 14.985000000000001 358.50000000000006 81.500000000000014 20.545000000000005 26.195000000000004 25.265000000000004 35.415000000000006 82.500000000000014 36.635000000000012 128.50000000000003 2.5000000000000004 76.966650000000016 17.705000000000002
decision_type=2 2 2 2 2 2 2 2 2 2 2 2 2 2 2 2 2 2 2 2 2 2 2 2
left_child=1 2 3 4 5 -1 7 -3 -4 10 -10 12 -12 -9 -15 -16 17 -2 -19 20 -20 -18 -6 -24
right_child=16 6 8 -5 22 -7 -8 13 9 -11 11 -13 -14 14 15 -17 21 18 19 -21 -22 -23 23 -25
leaf_value=0.0095074192502281867 -0.0010028523778963627 0.0057586605620222634 0.00050976006161083996 -0.018224148767238314 0.0015463556101760454 -0.012211333853670228 -0.0086771271562460679 -0.0085770925867566187 0.0034964422250124746 -0.0089125039381312433 -0.00063685796813725841 -0.0037622168233162443 0.011752947165383672 0.011087714222048154 -0.0063722627295133213 -0.00047240802437838305 -0.001768076565116644 -0.012861630951520054 0.0072021558815437668 -0.0001908185027886152 -0.0027148857585647525 -0.021330387376248837 0.0014206972428863602 -0.0077266308792895873
leaf_weight=33 6959 83 22753 22 492 117 87 86 234 98 101 561 49 55 204 547 25 30 265 371 85 20 168 160
leaf_count=33 6959 83 22753 22 492 117 87 86 234 98 101 561 49 55 204 547 25 30 265 371 85 20 168 160
internal_value=-2.46747e-12 0.000240948 0.000330466 -0.00176682 -0.00139357 -0.00743321 -0.00184849 -0.00123916 0.000417897 -0.00158609 -0.000826312 -0.00224899 0.00341048 -0.00189031 -0.00117683 -0.00207503 -0.000803159 -0.000746782 0.00162605 0.00222887 0.00479373 -0.0104624 -0.000288752 -0.00304141
internal_weight=33605 25850 24788 992 970 150 1062 975 23796 1043 945 711 150 892 806 751 7755 7710 751 721 350 45 820 328
internal_count=33605 25850 24788 992 970 150 1062 975 23796 1043 945 711 150 892 806 751 7755 7710 751 721 350 45 820 328
is_linear=0
shrinkage=0.03


Tree=188
num_leaves=25
num_cat=0
split_feature=9 26 3 22 2 22 1 5 25 2 22 26 8 3 22 22 3 24 22 3 6 22 24 3
split_gain=6.88728 7.83357 6.40245 5.32942 10.5638 7.77356 14.5416 9.29006 6.34103 5.88981 6.90601 7.87573 7.24715 5.26729 5.91924 11.9935 5.23631 16.7033 8.93207 12.1808 8.92773 9.90788 6.75274 6.22534
threshold=1.8500000000000003 0.40403333333333336 28.415000000000003 34.500000000000007 30.655000000000005 196.50000000000003 27.355000000000004 0.9678500000000001 -1.7866666666666668 30.805000000000003 328.50000000000006 0.28357719298245637 672.50000000000011 15.135000000000003 6.5000000000000009 14.500000000000002 24.155000000000005 3.5000000000000004 101.50000000000001 18.465000000000003 16.639450000000004 176.50000000000003 4.5000000000000009 20.665000000000003
decision_type=2 2 2 2 2 2 2 2 2 2 2 2 2 2 2 2 2 2 2 2 2 2 2 2
left_child=2 3 -1 4 13 16 7 9 -6 -7 11 12 -11 14 -2 -16 18 -18 -5 -20 21 23 -22 -21
right_child=1 -3 -4 5 8 6 -8 -9 -10 10 -12 -13 -14 -15 15 -17 17 -19 19 20 22 -23 -24 -25
leaf_value=0.00053037915923588477 0.005693798191200655 0.0022457633713118931 0.0055393983837058571 -0.00027283277088092494 -0.01006833720420088 2.9866821717003894e-05 -0.012059212068727771 -0.0035262079840965815 -0.0026515932941287958 4.1782250014968385e-05 -0.010351092216788968 -0.0086514935825152857 -0.0094971322221681469 -6.1616288005797342e-07 -0.0090341588062536893 -0.00082900400143608936 0.00121932902971282 -0.0045982764402642748 0.015324016208882983 0.0038046793652793229 0.0017891860624897893 -0.005258011737370334 0.0057753180312124838 -0.00039026389088150579
leaf_weight=10105 65 1050 235 5452 189 5253 105 987 230 885 89 128 78 1849 250 447 1063 763 57 437 1947 292 476 1173
leaf_count=10105 65 1050 235 5452 189 5253 105 987 230 885 89 128 78 1849 250 447 1063 763 57 437 1947 292 476 1173
internal_value=-2.81482e-13 -0.00028632 0.000644221 -0.000406 -0.00157522 -0.000221338 -0.000973041 -0.000816161 -0.00599709 -0.000400365 -0.00231562 -0.00166012 -0.00073084 -0.000865625 -0.00296458 -0.00377203 0.000263788 -0.00121158 0.000537737 0.00154623 0.00136465 -0.000173751 0.00257226 0.000748364
internal_weight=33605 23265 10340 22215 3030 19185 7525 7420 419 6433 1180 1091 963 2611 762 697 11660 1826 9834 4382 4325 1902 2423 1610
internal_count=33605 23265 10340 22215 3030 19185 7525 7420 419 6433 1180 1091 963 2611 762 697 11660 1826 9834 4382 4325 1902 2423 1610
is_linear=0
shrinkage=0.03


Tree=189
num_leaves=25
num_cat=0
split_feature=8 3 26 26 22 3 0 22 1 1 22 3 22 2 6 1 22 1 22 3 3 24 8 3
split_gain=6.86854 7.31581 8.52369 7.07158 7.06816 6.09632 6.06157 5.91547 10.8405 10.4431 6.32568 9.4226 5.47339 8.21387 9.23058 6.96142 6.47639 14.2825 11.8536 15.2921 13.4162 11.5808 11.4786 10.9921
threshold=785.00000000000011 20.315000000000001 -0.23144516129032253 -0.22161290322580643 318.50000000000006 25.195000000000004 11.705000000000002 103.50000000000001 21.825000000000003 23.495000000000001 246.50000000000003 18.465000000000003 338.50000000000006 30.185000000000006 16.639450000000004 20.765000000000004 90.500000000000014 22.335000000000004 196.50000000000003 22.695000000000004 21.005000000000006 2.5000000000000004 496.50000000000006 23.245000000000001
decision_type=2 2 2 2 2 2 2 2 2 2 2 2 2 2 2 2 2 2 2 2 2 2 2 2
left_child=12 3 4 7 5 -3 -5 8 -2 -10 11 -9 16 14 -14 -16 -1 -18 19 21 -20 -19 -22 -24
right_child=1 2 -4 6 -6 -7 -8 10 9 -11 -12 -13 13 -15 15 -17 17 18 20 -21 22 -23 23 -25
leaf_value=-0.00032972899270611045 -0.0097317205645451564 -0.0017446283784510223 -0.017834210370783695 -0.0014667824447982291 -0.01469521917781094 -0.016660961348935962 -0.0094567714428945258 0.018831928567733705 0.0049235923528627651 -0.0017785522391359217 0.00052486164319185161 0.0037344769069945797 0.0043773048279801535 -0.0072294277714742622 0.0039461711176524035 -0.0030093489688761263 0.0087496561594693455 0.00070603105186397175 0.0014703384470875103 0.00055863966662115453 0.00082660452372985862 0.0050623619647239566 -0.0016716274890922432 -0.0076446411201859044
leaf_weight=9900 109 1811 32 940 40 25 94 41 299 697 680 402 257 201 152 875 193 896 2501 6902 1679 1419 3156 304
leaf_count=9900 109 1811 32 940 40 25 94 41 299 697 680 402 257 201 152 875 193 896 2501 6902 1679 1419 3156 304
internal_value=2.48152e-12 -0.00100585 -0.00248142 -0.000142763 -0.00221954 -0.00194774 -0.00219315 0.000808806 -0.000749551 0.000233437 0.00234219 0.00513176 0.000182882 -0.00159024 -0.000707473 -0.0019799 0.000280584 0.00063496 0.000542053 0.00126634 -0.000331733 0.00337628 -0.00120875 -0.00219642
internal_weight=33605 5170 1908 3262 1876 1836 1034 2228 1105 996 1123 443 28435 1485 1284 1027 26950 17050 16857 9217 7640 2315 5139 3460
internal_count=33605 5170 1908 3262 1876 1836 1034 2228 1105 996 1123 443 28435 1485 1284 1027 26950 17050 16857 9217 7640 2315 5139 3460
is_linear=0
shrinkage=0.03


Tree=190
num_leaves=25
num_cat=0
split_feature=8 0 3 22 26 26 3 1 4 6 2 1 15 12 3 22 26 25 24 22 2 22 22 22
split_gain=6.63641 5.2336 6.19812 6.33287 8.21674 10.1078 7.36931 6.47283 5.86877 6.8979 5.35027 5.0018 6.37595 4.87927 4.72455 4.67214 4.66463 4.47187 4.51129 4.43895 7.3677 8.6992 8.03059 7.85109
threshold=672.50000000000011 3.0050000000000003 23.355000000000004 266.50000000000006 -0.18537634408602119 -0.17472365591397851 20.165000000000003 24.275000000000002 12.905000000000003 16.639450000000004 29.745000000000001 33.155000000000008 0.025000000000000005 0.71000000000000008 21.225000000000005 296.50000000000006 0.35129032258064524 -0.43153225806451612 2.5000000000000004 344.50000000000006 29.105000000000004 10.500000000000002 101.50000000000001 6.5000000000000009
decision_type=2 2 2 2 2 2 2 2 2 2 2 2 2 2 2 2 2 2 2 2 2 2 2 2
left_child=1 8 3 4 7 10 15 -3 9 -1 -6 16 -13 -4 -9 -5 -10 -15 -19 20 21 23 -22 -11
right_child=-2 2 13 6 5 -7 -8 14 11 19 -12 12 -14 17 -16 -17 -18 18 -20 -21 22 -23 -24 -25
leaf_value=0.0016569766185752916 -0.00076970659465083399 0.018745534749811187 -0.0042432800013212481 0.013483967979749042 -0.0089779496323542998 0.00091657109626471379 -0.0036355527500613397 -0.0071170325494474837 0.00050812492173066303 0.0038537931385704918 -0.00079825177243811644 0.0067467246134150574 0.00066121176525655461 -0.000201464081834546 0.0067619576755033658 0.00055833735044498369 0.0025102014226335498 -0.00094591926695225201 -0.0099033573179716054 -0.0039880436024501307 -0.0024806310557221041 0.0052296466726931877 0.0004596610515801973 -0.0096242150198668237
leaf_weight=1197 7755 34 579 27 147 2931 733 27 12169 74 141 284 341 1124 121 371 1146 111 93 386 1819 366 1547 82
leaf_count=1197 7755 34 579 27 147 2931 733 27 12169 74 141 284 341 1124 121 371 1146 111 93 386 1819 366 1547 82
internal_value=3.63277e-12 0.000230912 -0.000510238 9.35333e-05 0.000740236 0.000389611 -0.00185115 0.00694168 0.000476766 -0.000355897 -0.00497331 0.000803559 0.00342647 -0.0019451 0.00422998 0.0014352 0.00068044 -0.000943114 -0.00502946 -0.000919633 -0.000615002 0.00270124 -0.00112928 -0.0032308
internal_weight=33605 25850 6439 4532 3401 3219 1131 182 19411 5471 288 13940 625 1907 148 398 13315 1328 204 4274 3888 522 3366 156
internal_count=33605 25850 6439 4532 3401 3219 1131 182 19411 5471 288 13940 625 1907 148 398 13315 1328 204 4274 3888 522 3366 156
is_linear=0
shrinkage=0.03


Tree=191
num_leaves=25
num_cat=0
split_feature=20 0 22 2 6 3 22 2 3 6 24 2 7 22 22 3 1 22 2 22 3 3 22 22
split_gain=6.4487 4.88768 4.90493 8.85839 7.1467 9.93388 5.62701 9.91063 5.99135 12.5026 8.39627 9.32743 8.92748 8.71369 8.29621 7.61715 7.41669 6.74078 7.98689 7.2603 11.7074 11.5476 8.87506 11.0045
threshold=0.51000000000000012 17.620000000000001 330.50000000000006 30.965000000000003 17.728850000000005 19.725000000000005 33.500000000000007 31.815000000000001 19.985000000000003 14.099000000000002 2.5000000000000004 29.945000000000004 75.562100000000015 81.500000000000014 172.50000000000003 21.745000000000001 21.495000000000001 83.500000000000014 37.395000000000003 192.50000000000003 22.725000000000005 21.155000000000005 129.50000000000003 111.50000000000001
decision_type=2 2 2 2 2 2 2 2 2 2 2 2 2 2 2 2 2 2 2 2 2 2 2 2
left_child=-1 2 6 4 -4 -6 7 -2 10 14 -8 12 13 16 15 -10 -12 18 -11 20 22 -21 23 -19
right_child=1 -3 3 -5 5 -7 8 -9 9 17 11 -13 -14 -15 -16 -17 -18 19 -20 21 -22 -23 -24 -25
leaf_value=0.00062337099252462828 -0.0010410215050173468 -0.0027513471717314545 0.0016068970807828009 -0.013221208199669245 -0.0018424322883790604 -0.011933266681417361 -0.00050032128458881158 -0.013358760827220975 -0.00080419491933571405 -0.0016139760384506158 0.016932531265541912 0.00093341715063740064 0.0024058277487362112 0.01213478464093039 -0.011787534842317525 -0.011928186841837284 -0.0038499844163957541 0.0034903947814498896 -0.014468125392993291 0.0015794522902610813 -7.363430385590087e-05 -0.0018232381121235702 0.0049392120964873608 -0.0020455388332016921
leaf_weight=10340 2908 697 490 59 926 97 2164 60 320 1309 20 2397 592 208 119 67 68 733 45 1301 4328 2895 884 578
leaf_count=10340 2908 697 490 59 926 97 2164 60 320 1309 20 2397 592 208 119 67 68 733 45 1301 4328 2895 884 578
internal_value=5.60851e-13 -0.000277054 -0.000200637 -0.00181698 -0.00137227 -0.00279924 -7.96188e-05 -0.00129003 0.000119655 -0.000240298 0.000950604 0.0019064 0.00453281 0.00878678 -0.00486017 -0.00273005 0.000873315 -4.66707e-05 -0.00204118 0.000205272 0.000831475 -0.000768209 0.00261613 0.00104969
internal_weight=33605 23265 22568 1572 1513 1023 20996 2968 18028 12579 5449 3285 888 296 506 387 88 12073 1354 10719 6523 4196 2195 1311
internal_count=33605 23265 22568 1572 1513 1023 20996 2968 18028 12579 5449 3285 888 296 506 387 88 12073 1354 10719 6523 4196 2195 1311
is_linear=0
shrinkage=0.03


Tree=192
num_leaves=25
num_cat=0
split_feature=8 4 3 22 6 1 24 3 22 22 6 3 3 2 22 6 3 1 3 22 12 5 26 24
split_gain=6.2485 8.62348 6.53741 13.2904 8.69137 9.14702 8.53853 7.73104 6.59781 11.9523 7.67353 14.159 7.2643 7.30422 6.66579 11.9759 8.45554 7.99446 6.80368 8.73933 7.24021 6.56994 6.424 5.54541
threshold=559.00000000000011 10.875000000000002 21.615000000000006 162.50000000000003 14.099000000000002 26.615000000000006 3.5000000000000004 23.735000000000003 95.500000000000014 176.50000000000003 14.099000000000002 20.235000000000003 19.105000000000004 28.735000000000003 126.50000000000001 14.099000000000002 19.105000000000004 25.775000000000002 19.855000000000004 111.50000000000001 0.66500000000000015 0.8852000000000001 -0.061258064516129078 3.5000000000000004
decision_type=2 2 2 2 2 2 2 2 2 2 2 2 2 2 2 2 2 2 2 2 2 2 2 2
left_child=1 -1 8 4 -4 -6 -5 22 -2 14 11 12 13 -11 18 16 -16 -17 -10 20 -20 -14 -8 -7
right_child=2 -3 3 6 5 23 7 -9 9 10 -12 -13 21 -15 15 17 -18 -19 19 -21 -22 -23 -24 -25
leaf_value=-0.0010170315557077832 -0.00078726151915093625 0.00068602767995504471 -0.010098139715514013 -0.0016639304370666629 0.0060263827698809362 0.00073323122520871592 -0.0072453014028905759 -0.016894993601138438 0.0052933892224962913 0.0025065193532779156 0.00063410819092163168 -0.015224696557173348 -0.0013567722545500276 -0.0074254569463443627 0.018889032556778852 0.024645163970283018 0.0013709253751815259 0.0089613019047567657 0.0012148563265800476 -0.0040324998495593215 0.015257195199041495 -0.0095600881933009824 -0.0012796191604843793 -0.0020151475468388924
leaf_weight=3265 5218 14830 77 1062 218 1666 433 53 274 426 3244 72 223 79 27 39 304 117 155 281 42 145 260 1095
leaf_count=3265 5218 14830 77 1062 218 1666 433 53 274 426 3244 72 223 79 27 39 304 117 155 281 42 145 260 1095
internal_value=-2.39422e-12 0.000378733 -0.000441856 -0.00135306 -0.000146868 0.000110348 -0.00339184 -0.00585168 -2.55409e-05 0.00070671 -5.89014e-05 -0.00243787 -0.00138328 0.000952804 0.00329521 0.00602957 0.00279989 0.0128823 0.00152442 -0.000636041 0.00420865 -0.00458906 -0.00500709 -0.000356763
internal_weight=33605 18095 15510 4864 3056 2979 1808 746 10646 5428 4189 945 873 505 1239 487 331 156 752 478 197 368 693 2761
internal_count=33605 18095 15510 4864 3056 2979 1808 746 10646 5428 4189 945 873 505 1239 487 331 156 752 478 197 368 693 2761
is_linear=0
shrinkage=0.03


Tree=193
num_leaves=25
num_cat=0
split_feature=0 22 2 16 22 1 3 8 22 22 3 3 6 7 23 2 8 2 22 7 2 22 3 3
split_gain=6.17065 7.03349 10.0292 10.0654 7.86781 9.85592 9.68069 9.43793 10.9563 11.6682 24.8325 11.289 12.6588 10.5406 8.95065 8.3192 9.46763 8.30418 7.57009 9.13009 9.63212 8.38998 7.72566 7.44272
threshold=11.705000000000002 54.500000000000007 34.675000000000004 39.000000000000007 312.50000000000006 26.535000000000004 17.155000000000005 521.00000000000011 282.50000000000006 160.50000000000003 24.705000000000002 20.885000000000002 16.455100000000005 74.830400000000012 4.5000000000000009 33.32500000000001 539.00000000000011 27.895000000000003 294.50000000000006 76.966650000000016 31.285000000000004 106.50000000000001 22.755000000000006 20.585000000000004
decision_type=2 2 2 2 2 2 2 2 2 2 2 2 2 2 2 2 2 2 2 2 2 2 2 2
left_child=1 2 3 -1 6 14 -3 18 9 -9 11 12 -11 -13 23 16 -10 -16 21 -20 -21 -8 -23 -6
right_child=-2 4 -4 -5 5 -7 7 8 15 10 -12 13 -14 -15 17 -17 -18 -19 19 20 -22 22 -24 -25
leaf_value=-0.0014184504666238113 -0.0015709926016374714 0.0044604234614180017 -0.0066144061670084259 0.00098999079126670564 -0.0011074335482050084 -0.012949184336562137 2.2335236888511084e-05 0.00036237456706278458 0.013175342506063835 -0.0010911519108463953 -0.023321477634475587 -0.0011144490048409826 0.0059096989699173718 -0.0049942718140062519 0.0079819154966577523 -0.0061379118792006162 0.0026682620341445195 0.00042445744451106293 0.0059463615031463317 -0.0012473485524827075 -0.012074396331110491 0.0042004202202751218 0.0014986958429842115 -0.0059639983992247061
leaf_weight=4175 2109 557 252 2495 2000 61 2430 7522 84 677 47 1996 354 921 155 87 951 840 87 214 113 1262 3885 331
leaf_count=4175 2109 557 252 2495 2000 61 2430 7522 84 677 47 1996 354 921 155 87 951 840 87 214 113 1262 3885 331
internal_value=-3.87971e-12 0.000105195 -0.000739502 -0.000517542 0.000343129 -0.000999442 0.000557756 0.000452385 -5.78306e-05 -0.000333522 -0.00164379 -0.00138572 0.00131263 -0.00233945 -0.000780279 0.00277206 0.00352101 0.00160175 0.00125937 -0.00269084 -0.00498881 0.00147521 0.00216114 -0.00179706
internal_weight=33605 31496 6922 6670 24574 3387 21187 20630 12639 11517 3995 3948 1031 2917 3326 1122 1035 995 7991 414 327 7577 5147 2331
internal_count=33605 31496 6922 6670 24574 3387 21187 20630 12639 11517 3995 3948 1031 2917 3326 1122 1035 995 7991 414 327 7577 5147 2331
is_linear=0
shrinkage=0.03


Tree=194
num_leaves=25
num_cat=0
split_feature=8 4 26 3 12 25 24 3 25 2 3 22 22 2 2 6 16 26 22 22 8 21 3 3
split_gain=6.05489 4.77511 4.46832 5.0731 4.46724 6.57951 4.27922 11.235 7.23391 7.05766 8.50318 7.16973 11.6005 9.43921 7.20249 5.47785 5.10432 4.83042 5.59412 7.61547 4.44923 11.3943 6.38588 4.23612
threshold=672.50000000000011 34.120000000000012 0.40403333333333336 28.845000000000002 0.79000000000000015 -2.006370967741935 4.5000000000000009 23.855000000000004 -0.35645161290322569 28.285000000000004 20.785000000000004 54.500000000000007 296.50000000000006 34.465000000000011 32.505000000000003 17.947700000000001 33.500000000000007 0.08072156196943979 10.500000000000002 338.50000000000006 559.00000000000011 4.5000000000000009 25.525000000000002 16.695000000000004
decision_type=2 2 2 2 2 2 2 2 2 2 2 2 2 2 2 2 2 2 2 2 2 2 2 2
left_child=1 2 3 4 6 -6 -1 9 20 10 17 13 -13 -11 16 -12 -14 -8 -19 -20 22 -22 -9 -7
right_child=-2 -3 -4 -5 5 23 7 8 -10 11 15 12 14 -15 -16 -17 -18 18 19 -21 21 -23 -24 -25
leaf_value=0.00016088771851566059 -0.00073521069012577459 -0.0035296644884183236 0.0022035421692384221 0.005258714451680465 0.0032698884316334264 -0.0039501182839185708 0.011215808710968885 0.00036801832517941124 -0.022088690936565399 -0.0023286447054696037 -0.0058041527412971044 0.0014589884893358095 -0.0079682494226760939 -0.015599197533805497 -0.020817253386432474 0.0061433746917721101 -0.00087993937564553111 -0.0092535093468096505 0.01446287747696042 -0.0019348249468021095 0.0016680029810090819 -0.014935247532783016 -0.0060669755540406845 0.00064711017297117992
leaf_weight=15483 7755 302 1027 176 898 189 122 306 20 667 107 1514 136 52 22 51 279 27 50 52 62 93 254 3961
leaf_count=15483 7755 302 1027 176 898 189 122 306 20 667 107 1514 136 52 22 51 279 27 50 52 62 93 254 3961
internal_value=-3.3695e-12 0.000220563 0.000264894 0.000183699 0.000147009 0.000941559 -6.08408e-05 -0.000960952 -0.00429352 -0.000165422 0.00350436 -0.000727573 0.000216168 -0.00328841 -0.00408962 -0.00194767 -0.00320286 0.00693632 0.00288906 0.00610326 -0.00379575 -0.00829395 -0.00255071 0.000437742
internal_weight=33605 25850 25548 24521 24345 5048 19297 3814 735 3079 409 2670 1951 719 437 158 415 251 129 102 715 155 560 4150
internal_count=33605 25850 25548 24521 24345 5048 19297 3814 735 3079 409 2670 1951 719 437 158 415 251 129 102 715 155 560 4150
is_linear=0
shrinkage=0.03


Tree=195
num_leaves=25
num_cat=0
split_feature=0 22 2 16 22 3 3 24 8 24 22 2 7 3 22 8 22 3 6 22 22 22 22 2
split_gain=5.7636 6.5318 9.26652 9.39988 7.42439 10.4055 9.21849 9.21188 8.25394 7.10869 6.55912 7.09603 8.41049 6.50882 12.0765 7.67966 6.55834 7.62574 9.55464 8.41096 9.46874 15.9801 7.76934 7.18536
threshold=11.705000000000002 54.500000000000007 34.675000000000004 39.000000000000007 328.50000000000006 17.155000000000005 19.905000000000005 3.5000000000000004 559.00000000000011 3.5000000000000004 340.50000000000006 28.695000000000004 75.322650000000024 22.465000000000003 162.50000000000003 597.50000000000011 95.500000000000014 20.315000000000001 14.099000000000002 204.50000000000003 126.50000000000001 110.50000000000001 172.50000000000003 31.285000000000004
decision_type=2 2 2 2 2 2 2 2 2 2 2 2 2 2 2 2 2 2 2 2 2 2 2 2
left_child=1 2 3 -1 5 9 10 -8 -7 -3 -6 -12 -13 16 -15 -16 23 -18 22 20 21 -20 -19 -10
right_child=-2 4 -4 -5 6 8 7 -9 13 -11 11 12 -14 14 15 -17 17 18 19 -21 -22 -23 -24 -25
leaf_value=-0.0013696102009217986 -0.001518292953238715 0.0015298000582366841 -0.0063594621094220892 0.00095784797209410894 0.0029321624309054059 0.00092020780335103709 -0.0016916277291504351 -0.010578381424215272 -0.0071136818381558565 0.0080142501341665534 0.00045580509291212866 -0.0013166722845075265 -0.0087177910173436759 -0.00041380670921265937 -0.0011696109909263958 -0.0078451510470613148 0.0024077078664576138 -0.0028024993408113145 0.004902357193975305 -0.00085909980200550497 0.0045716745070538819 -0.005403833927121013 -0.015032287973322367 -0.00070285474650825977
leaf_weight=4175 2109 352 252 2495 422 11901 267 173 175 268 868 424 205 2219 264 376 1726 260 251 1784 728 294 57 1560
leaf_count=4175 2109 352 252 2495 422 11901 267 173 175 268 868 424 205 2219 264 376 1726 260 251 1784 728 294 57 1560
internal_value=6.11675e-12 0.000101666 -0.000712349 -0.000498994 0.000330958 0.000500882 -0.00126924 -0.00518574 0.000390867 0.00433276 -0.000371238 -0.00130246 -0.0037288 -0.000258987 -0.00146093 -0.00509149 0.000243771 0.000785789 -4.39184e-05 0.00047017 0.00233303 -0.000657313 -0.00500155 -0.00134948
internal_weight=33605 31496 6922 6670 24574 22215 2359 440 21595 620 1919 1497 629 9694 2859 640 6835 5100 3374 3057 1273 545 317 1735
internal_count=33605 31496 6922 6670 24574 22215 2359 440 21595 620 1919 1497 629 9694 2859 640 6835 5100 3374 3057 1273 545 317 1735
is_linear=0
shrinkage=0.03


Tree=196
num_leaves=25
num_cat=0
split_feature=8 0 3 22 26 26 3 1 22 22 1 2 16 2 3 22 2 2 6 3 22 12 22 2
split_gain=5.57675 4.64145 5.95325 5.83041 7.73486 9.38285 6.74675 6.13559 5.24347 6.16581 8.72476 5.76835 5.47284 4.9564 4.85334 16.6357 8.53302 5.53252 4.75416 5.52963 4.48769 4.39709 4.35161 8.02582
threshold=672.50000000000011 3.0050000000000003 23.355000000000004 266.50000000000006 -0.18537634408602119 -0.17472365591397851 20.165000000000003 24.275000000000002 93.500000000000014 344.50000000000006 23.085000000000004 30.535000000000004 39.000000000000007 29.745000000000001 23.415000000000003 85.500000000000014 35.295000000000009 37.315000000000005 16.639450000000004 14.985000000000001 128.50000000000003 0.71000000000000008 83.500000000000014 39.375000000000007
decision_type=2 2 2 2 2 2 2 2 2 2 2 2 2 2 2 2 2 2 2 2 2 2 2 2
left_child=1 8 3 4 7 13 -5 -3 12 10 -10 18 -1 -6 15 -14 -17 -18 -11 -20 -9 -4 -16 -24
right_child=-2 2 21 6 5 -7 -8 20 9 11 -12 -13 14 -15 22 16 17 -19 19 -21 -22 -23 23 -25
leaf_value=-0.0009553475163785822 -0.00070558473752751647 0.018235056902665425 -0.0040741923001656362 0.0013839690992433166 -0.0086356705768100388 0.00089347595027445496 -0.0034678712038283262 -0.0011923732653209198 0.0067920095301952704 0.003271040335390015 0.00092227469684570955 -0.0089278610222864631 0.00082332269918662172 -0.00076281532157271943 -0.0001003817736169107 0.00074660510922138412 -0.016142764412942004 -0.002998246831319681 0.003675323723880805 -0.003486098360327281 0.0092565493574191353 -0.00094133144781924686 0.014108142227450587 0.0012747408581837531
leaf_weight=3885 7755 34 579 398 147 2931 733 73 233 199 10428 86 3468 141 119 68 97 41 121 490 75 1328 83 93
leaf_count=3885 7755 34 579 398 147 2931 733 73 233 199 10428 86 3468 141 119 68 97 41 121 490 75 1328 83 93
internal_value=6.33775e-12 0.000211675 -0.000486288 0.000105436 0.000725953 0.000385765 -0.0017605 0.0067428 0.000443203 0.000849674 0.00105056 -0.00154055 -0.000154911 -0.00478125 0.000628586 0.000331322 -0.00795149 -0.0122375 -0.000756219 -0.00206788 0.00410269 -0.00189253 0.00433078 0.00732686
internal_weight=33605 25850 6439 4532 3401 3219 1131 182 19411 11557 10661 896 7854 288 3969 3674 206 138 810 611 148 1907 295 176
internal_count=33605 25850 6439 4532 3401 3219 1131 182 19411 11557 10661 896 7854 288 3969 3674 206 138 810 611 148 1907 295 176
is_linear=0
shrinkage=0.03


Tree=197
num_leaves=25
num_cat=0
split_feature=9 26 5 3 22 6 22 3 8 22 1 22 22 3 22 22 6 3 26 3 22 2 1 25
split_gain=5.43398 6.03076 4.82523 7.63117 7.16173 6.65858 8.48417 9.58583 6.08077 6.00681 7.03345 6.37575 6.19221 6.37287 5.83909 5.72168 5.3172 6.58702 8.15874 6.83085 5.27368 6.92961 6.14403 5.3669
threshold=1.6500000000000001 0.40403333333333336 0.40265000000000006 24.065000000000001 172.50000000000003 17.947700000000001 162.50000000000003 22.265000000000004 645.00000000000011 264.50000000000006 24.525000000000002 330.50000000000006 129.50000000000003 21.195000000000004 56.500000000000007 129.50000000000003 15.881350000000001 19.105000000000004 -0.16983870967741957 20.315000000000001 316.50000000000006 30.965000000000003 23.245000000000001 -1.7113469156762873
decision_type=2 2 2 2 2 2 2 2 2 2 2 2 2 2 2 2 2 2 2 2 2 2 2 2
left_child=-1 2 14 5 -5 6 15 16 -9 12 11 -11 -7 -14 -2 -4 17 -8 -19 -20 22 -22 23 -16
right_child=1 -3 3 4 -6 9 7 8 -10 10 -12 -13 13 -15 20 -17 -18 18 19 -21 21 -23 -24 -25
leaf_value=0.00069649473284290125 -0.00096178135086257325 0.002017989129253796 -0.00061978945419949771 -0.002432511894916931 -0.010349514847944153 -0.00026739199034251358 0.0010233228433183129 -0.0040551715893876713 -0.011490280840184485 0.0046854716811526604 -0.0052713024154922346 -0.0030359909028299728 0.010274749358897989 0.0021379553468991964 0.01178034868599339 0.0030227622758249662 -0.00028440165338307338 -0.0067424462028035309 0.0094910878484027791 -0.0025520605043671835 -0.00056997234821773619 -0.0073301008614420808 0.00045932782636587177 0.0026409805202617345
leaf_weight=7755 4025 1050 1838 757 119 1208 265 379 134 191 311 194 94 1105 66 492 1414 509 51 251 1623 149 9158 467
leaf_count=7755 4025 1050 1838 757 119 1208 265 379 134 191 311 194 94 1105 66 492 1414 509 51 251 1623 149 9158 467
internal_value=1.7659e-12 -0.000208948 -0.000303234 -0.000842907 -0.003508 -0.000566162 -0.00120907 -0.00226307 -0.00599729 0.000538777 -0.00191585 0.000794657 0.00124855 0.00277587 2.12387e-05 0.000149367 -0.00149373 -0.00308294 -0.00442469 -0.000518284 0.000366406 -0.0011384 0.000641561 0.00377268
internal_weight=33605 25850 24800 9312 876 8436 5333 3003 513 3103 696 385 2407 1199 15488 2330 2490 1076 811 302 11463 1772 9691 533
internal_count=33605 25850 24800 9312 876 8436 5333 3003 513 3103 696 385 2407 1199 15488 2330 2490 1076 811 302 11463 1772 9691 533
is_linear=0
shrinkage=0.03


Tree=198
num_leaves=25
num_cat=0
split_feature=8 4 22 2 3 22 22 3 8 1 22 3 6 22 6 22 3 3 3 2 3 6 22 2
split_gain=5.19077 4.54088 4.25741 6.24897 6.74999 12.6052 4.43072 8.30485 11.2284 8.11717 7.62413 9.27165 13.9545 11.5384 13.4951 10.677 7.48105 7.45844 6.83147 6.75423 12.8878 6.79598 6.6903 6.50021
threshold=672.50000000000011 34.120000000000012 10.500000000000002 31.405000000000005 15.385000000000003 6.5000000000000009 186.50000000000003 21.985000000000003 496.50000000000006 29.555000000000003 105.50000000000001 23.355000000000004 16.639450000000004 125.50000000000001 16.455100000000005 145.50000000000003 24.395000000000003 23.735000000000003 21.515000000000004 29.235000000000003 18.815000000000001 16.639450000000004 119.50000000000001 37.805000000000007
decision_type=2 2 2 2 2 2 2 2 2 2 2 2 2 2 2 2 2 2 2 2 2 2 2 2
left_child=1 2 3 4 5 -1 10 -8 9 -9 19 13 15 22 18 -13 -17 -10 -15 20 -4 -21 -12 -24
right_child=-2 -3 6 -5 -6 -7 7 8 17 -11 11 12 -14 14 -16 16 -18 -19 -20 21 -22 -23 23 -25
leaf_value=0.0092800050948492509 -0.00068072980673240845 -0.0034528727465330789 0.0043009243495455837 -0.017483206012032248 -0.00024649709736223365 -0.011675023585919901 0.00052696664086912927 0.00080662165113788242 -0.0024247455066141476 -0.015492524236074782 0.0026940850326615685 -0.00029960384094491723 0.00157205484995958 0.0099056398013123766 0.008538554193849841 -0.0039163232500308669 -0.013868056190284816 -0.010066229832563094 0.00046490720277154562 0.0010969761417873375 -0.010745405605671943 -0.00069604331447724213 -0.0048199786059722506 0.0067773011416787854
leaf_weight=33 7755 302 602 22 826 119 5336 1537 1758 28 477 643 3452 81 545 217 99 123 465 2779 56 6032 266 52
leaf_count=33 7755 302 602 22 826 119 5336 1537 1758 28 477 643 3452 81 545 217 99 123 465 2779 56 6032 266 52
internal_value=2.50971e-12 0.000204219 0.000247449 -0.00167132 -0.00131564 -0.00712558 0.000325613 -0.000214412 -0.00136241 0.000515008 0.000626419 0.0014354 0.000682682 0.00319588 0.00519895 -0.00251869 -0.00703411 -0.00292443 0.00186546 8.84335e-05 0.00302039 -0.000130523 0.000447024 -0.00292357
internal_weight=33605 25850 25548 1000 978 152 24548 8782 3446 1565 15766 6297 4411 1886 1091 959 316 1881 546 9469 658 8811 795 318
internal_count=33605 25850 25548 1000 978 152 24548 8782 3446 1565 15766 6297 4411 1886 1091 959 316 1881 546 9469 658 8811 795 318
is_linear=0
shrinkage=0.03


Tree=199
num_leaves=25
num_cat=0
split_feature=9 26 22 1 3 3 25 22 22 22 3 25 2 3 3 1 6 0 26 2 7 3 2 3
split_gain=5.15009 5.92827 5.86837 5.71323 5.25471 4.25665 8.05546 8.56936 13.3639 8.66467 13.6739 7.6786 6.9319 9.70371 6.64712 6.1447 5.43224 5.34092 5.31362 6.82422 5.04716 8.84403 4.93815 5.92288
threshold=1.8500000000000003 0.33800000000000013 246.50000000000003 24.455000000000002 28.415000000000003 24.645000000000003 -0.96566666666666678 93.500000000000014 264.50000000000006 125.50000000000001 22.695000000000004 -0.39233333333333331 29.615000000000006 19.155000000000005 15.945000000000002 29.955000000000002 17.792250000000006 12.585000000000003 0.064790322580645224 35.415000000000006 79.153350000000017 24.025000000000002 36.635000000000012 23.655000000000005
decision_type=2 2 2 2 2 2 2 2 2 2 2 2 2 2 2 2 2 2 2 2 2 2 2 2
left_child=4 -2 -3 -4 5 6 7 12 9 10 -9 17 13 -1 -8 -12 -17 -7 19 -14 -11 -22 -20 -24
right_child=1 2 3 -5 -6 11 14 8 -10 20 15 -13 18 -15 -16 16 -18 -19 22 -21 21 -23 23 -25
leaf_value=0.0071773855993147138 -0.00041113741083407645 0.0016920498613715075 0.00023300367519668477 -0.0086671732535585754 0.004991835669852159 -0.00012023681501960136 -0.0074315570353064679 0.011312717982611895 0.00094357239457773772 0.0063758772494705825 -0.005749771699636007 -0.012872274503030854 -0.00084988569174106784 -0.0071961890065166002 -6.7236687792841294e-05 -0.0027562352904880591 0.0093700329506936578 -0.0070357192881001195 0.0022462643012495782 -0.0090879402072944985 0.023337810550513673 0.008142388526041917 -0.0073817730846681764 0.0068684967676443708
leaf_weight=247 20835 2145 185 100 235 1941 114 111 1152 328 134 46 1054 51 3407 66 67 106 881 99 50 111 105 35
leaf_count=247 20835 2145 185 100 235 1941 114 111 1152 328 134 46 1054 51 3407 66 67 106 881 99 50 111 105 35
internal_value=3.91362e-12 -0.000247591 0.00115466 -0.00288987 0.000557081 0.000453947 0.00076865 0.00161093 0.00306097 0.0058744 0.00246329 -0.000750736 0.000426615 0.00471748 -0.000305673 -0.00121569 0.00335249 -0.000478342 -0.000161553 -0.00155723 0.00851121 0.0128615 0.00141456 -0.00381921
internal_weight=33605 23265 2430 285 10340 10105 8012 4491 2019 867 378 2093 2472 298 3521 267 133 2047 2174 1153 489 161 1021 140
internal_count=33605 23265 2430 285 10340 10105 8012 4491 2019 867 378 2093 2472 298 3521 267 133 2047 2174 1153 489 161 1021 140
is_linear=0
shrinkage=0.03


Tree=200
num_leaves=25
num_cat=0
split_feature=0 22 2 16 22 1 3 23 8 22 22 3 3 6 7 2 12 2 2 7 22 7 2 22
split_gain=5.14113 5.75926 8.72535 8.24633 6.77576 9.20882 8.63825 8.5017 7.72583 10.4997 10.4267 22.4847 10.4914 11.4845 9.93629 7.78768 9.21677 7.68641 7.23738 7.84071 6.97868 8.43088 9.06773 7.41627
threshold=11.705000000000002 54.500000000000007 34.675000000000004 39.000000000000007 312.50000000000006 26.535000000000004 17.155000000000005 4.5000000000000009 521.00000000000011 282.50000000000006 160.50000000000003 24.705000000000002 20.885000000000002 16.455100000000005 74.830400000000012 33.32500000000001 0.66500000000000015 27.895000000000003 31.625000000000004 75.202200000000019 294.50000000000006 76.966650000000016 31.285000000000004 106.50000000000001
decision_type=2 2 2 2 2 2 2 2 2 2 2 2 2 2 2 2 2 2 2 2 2 2 2 2
left_child=1 2 3 -1 6 7 -3 -6 20 10 -10 12 13 -12 -14 16 -11 -9 -18 -20 23 -22 -23 -8
right_child=-2 4 -4 -5 5 -7 8 17 9 15 11 -13 14 -15 -16 -17 18 -19 19 -21 21 22 -24 -25
leaf_value=-0.0012767589553101769 -0.0014339635215084392 0.0041970601994282489 -0.0061480765516864176 0.00090321355871150484 -0.0017137013477829478 -0.012485386566946007 -1.7636588687040513e-05 0.0077370339337879063 0.00033729055941749905 0.000739035003593918 -0.0010018840485577095 -0.022186629469407367 -0.0010436368874570598 0.0056663573529744929 -0.0048106014218489666 -0.0059010003553703425 0.011751852062387535 0.00046611904700590197 0.0013748129958953666 0.012078863251954315 0.0056482125662572292 -0.0012297069491757618 -0.011734761011300493 0.0019932255521765124
leaf_weight=4175 2109 557 252 2495 2331 61 2430 155 7522 541 677 47 1996 354 921 87 156 840 257 81 87 214 113 5147
leaf_count=4175 2109 557 252 2495 2331 61 2430 155 7522 541 677 47 1996 354 921 87 156 840 257 81 87 214 113 5147
internal_value=-6.45587e-13 9.60195e-05 -0.000668342 -0.000461312 0.000311325 -0.000934593 0.0005105 -0.000722747 0.000410965 -5.06595e-05 -0.000320545 -0.00155915 -0.00131359 0.0012877 -0.002233 0.00271964 0.00344427 0.00159877 0.00640689 0.00393998 0.00114109 -0.00265167 -0.00485989 0.00134833
internal_weight=33605 31496 6922 6670 24574 3387 21187 3326 20630 12639 11517 3995 3948 1031 2917 1122 1035 995 494 338 7991 414 327 7577
internal_count=33605 31496 6922 6670 24574 3387 21187 3326 20630 12639 11517 3995 3948 1031 2917 1122 1035 995 494 338 7991 414 327 7577
is_linear=0
shrinkage=0.03


Tree=201
num_leaves=25
num_cat=0
split_feature=12 25 22 22 3 6 8 2 4 22 2 16 2 22 3 6 3 6 7 2 22 2 22 24
split_gain=4.89528 6.34435 5.29542 11.6497 9.87212 8.24647 7.49945 6.78954 5.72496 9.76764 8.50869 9.25187 12.1098 8.88508 6.82849 6.39766 6.22956 9.29507 9.29283 7.28326 6.01781 5.78708 5.78344 5.62418
threshold=0.79000000000000015 -2.006370967741935 92.500000000000014 192.50000000000003 22.695000000000004 15.881350000000001 510.00000000000006 33.935000000000009 21.305000000000003 294.50000000000006 31.955000000000002 33.500000000000007 29.445000000000004 310.50000000000006 22.525000000000002 16.639450000000004 20.505000000000006 14.099000000000002 76.966650000000016 30.105000000000004 282.50000000000006 31.185000000000006 236.50000000000003 3.5000000000000004
decision_type=2 2 2 2 2 2 2 2 2 2 2 2 2 2 2 2 2 2 2 2 2 2 2 2
left_child=2 -2 -1 4 6 23 -4 8 9 16 11 12 -11 -13 15 22 17 -5 20 -19 -18 -17 -10 -6
right_child=1 -3 3 7 5 -7 -8 -9 14 10 -12 13 -14 -15 -16 21 18 19 -20 -21 -22 -23 -24 -25
leaf_value=-0.00070514745622315305 0.0031260044839137515 0.00036408861391164986 0.0068837368262272018 -0.00025498998057293259 -0.0010647308697406953 0.00049108890065616779 0.0018090126275013697 -0.010472937297947224 -0.0052858342188578777 -0.00029314888048065162 -0.006485405495451518 0.0066165762680163286 -0.0052457525051209436 5.6758553727486106e-05 -0.0043910710051422936 0.0013674437322071995 -0.0022791071217409093 0.010476134961695006 0.0022272721713277586 0.0020852411676377776 0.002781426177436987 -0.0072846702983602879 -0.00018072433454927974 -0.008423596635300689
leaf_weight=10120 908 4262 288 304 231 5211 2913 62 415 1196 251 219 707 1227 650 962 1097 212 1325 166 262 75 385 157
leaf_count=10120 908 4262 288 304 231 5211 2913 62 415 1196 251 219 707 1227 650 962 1097 212 1325 166 262 75 385 157
internal_value=1.46255e-12 0.00084916 -0.000154393 0.000149928 0.000936679 0.000176926 0.0022656 -0.000577703 -0.000512802 -7.16702e-05 -0.00115792 -0.000758638 -0.00213313 0.00105026 -0.0017484 -0.00081332 0.0010901 0.0036504 0.000439526 0.00679125 -0.00130349 0.000741688 -0.002829 -0.00404242
internal_weight=33605 5170 28435 18315 8800 5599 3201 9515 9453 6966 3600 3349 1903 1446 2487 1837 3366 682 2684 378 1359 1037 800 388
internal_count=33605 5170 28435 18315 8800 5599 3201 9515 9453 6966 3600 3349 1903 1446 2487 1837 3366 682 2684 378 1359 1037 800 388
is_linear=0
shrinkage=0.03


Tree=202
num_leaves=25
num_cat=0
split_feature=0 6 3 2 22 2 24 3 26 2 25 22 6 1 22 15 3 1 2 16 1 24 14 25
split_gain=4.85163 5.51323 7.23194 5.27575 5.25799 11.6782 12.358 8.21441 8.56773 8.24579 8.41349 6.8202 7.13974 6.32652 9.14512 7.16458 6.68899 6.37005 6.08312 5.73282 5.19491 5.10942 4.80432 4.62812
threshold=11.705000000000002 16.455100000000005 21.615000000000006 26.195000000000004 36.500000000000007 31.015000000000004 2.5000000000000004 16.035000000000004 -0.16861290322580658 29.235000000000003 -2.0472258064516122 13.500000000000002 18.100050000000003 20.765000000000004 330.50000000000006 0.03500000000000001 18.855000000000004 24.525000000000002 29.485000000000003 36.500000000000007 19.135000000000002 3.5000000000000004 0.11000000000000001 -0.33032258064516123
decision_type=2 2 2 2 2 2 2 2 2 2 2 2 2 2 2 2 2 2 2 2 2 2 2 2
left_child=4 3 -3 -2 5 7 -7 8 -1 10 -10 12 -11 16 23 18 21 -17 -16 -9 -12 -6 -20 -15
right_child=1 2 -4 -5 13 6 -8 19 9 11 20 -13 -14 14 15 17 -18 -19 22 -21 -22 -23 -24 -25
leaf_value=-0.010703255302493183 -0.0074956632282279813 0.0019793705401752364 -0.0021060199288200267 -0.00073381765894195504 0.0023850051910361092 0.00055213127945571614 -0.0072349095485475055 -0.00027776558792891423 0.005068728205220527 -0.017289162795482711 -0.00962142336226645 -0.0024038787562191189 -0.0027945799493279892 0.0005477353326704895 0.00095783107091896495 -0.0038714287816596932 -0.0029678738384425422 -0.019350322410464287 -0.012291179954924661 0.0027210285522492736 -0.00053670076298936741 0.010881324761586248 -0.0021892205134990844 -0.00055932836422637529
leaf_weight=94 232 611 1078 188 124 300 472 1444 249 66 63 365 57 20400 888 558 85 25 46 952 562 131 537 4078
leaf_count=94 232 611 1078 188 124 300 472 1444 249 66 63 365 57 20400 888 558 85 25 46 952 562 131 537 4078
internal_value=-1.21182e-12 -0.001393 -0.00062812 -0.00446893 9.32768e-05 -0.000841149 -0.00420886 -0.000166208 -0.00194338 -0.00133881 0.000405421 -0.00446269 -0.0105722 0.000254068 0.00020196 -0.00172077 0.00432037 -0.00453519 -0.000605338 0.000913742 -0.00145244 0.00674978 -0.00298629 0.0003633
internal_weight=33605 2109 1689 420 31496 4624 772 3852 1456 1362 874 488 123 26872 26532 2054 340 583 1471 2396 625 255 583 24478
internal_count=33605 2109 1689 420 31496 4624 772 3852 1456 1362 874 488 123 26872 26532 2054 340 583 1471 2396 625 255 583 24478
is_linear=0
shrinkage=0.03


Tree=203
num_leaves=25
num_cat=0
split_feature=9 26 5 3 22 6 22 3 22 1 22 22 1 8 4 22 4 6 3 3 22 22 4 1
split_gain=4.63619 5.0541 4.32366 7.45413 6.60076 6.10544 7.5588 8.9606 5.56879 6.58656 5.96893 5.87033 5.95971 5.52201 5.36235 5.36174 5.0174 4.70458 10.3966 5.17916 5.83543 5.47555 4.26217 3.9613
threshold=1.6500000000000001 0.40403333333333336 0.40265000000000006 24.065000000000001 172.50000000000003 17.947700000000001 162.50000000000003 22.265000000000004 264.50000000000006 24.525000000000002 330.50000000000006 129.50000000000003 22.385000000000002 645.00000000000011 17.085000000000004 129.50000000000003 12.465000000000002 14.099000000000002 19.605000000000004 21.085000000000004 176.50000000000003 294.50000000000006 34.120000000000012 21.255000000000006
decision_type=2 2 2 2 2 2 2 2 2 2 2 2 2 2 2 2 2 2 2 2 2 2 2 2
left_child=22 2 16 5 -5 6 15 17 11 10 -10 -7 -13 -9 -14 -4 -2 18 -8 21 -21 -19 -1 -12
right_child=1 -3 3 4 -6 8 7 13 9 -11 23 12 14 -15 -16 -17 -18 19 -20 20 -22 -23 -24 -25
leaf_value=0.00070849832315473366 -0.00093085310660185802 0.0018456553349105109 -0.00059463327461053354 -0.0023916571796098953 -0.0099922758498534308 -0.00025121428231945393 -0.00065987256922342473 -0.0038867889527877419 0.0045655843426951285 -0.0050691459904374505 0.0040866693195596967 0.016389923816812892 0.0069266361141434073 -0.010972062581672277 0.0014774063528209093 0.0029314834600961881 0.00033195440704148274 0.0032849425207201297 -0.0086033534010382905 0.0085305754823440851 -0.0026526049317221168 -0.001425548259330369 -0.0069478323763575069 -0.0055337347150619257
leaf_weight=7689 3730 1050 1838 757 119 1208 399 379 191 311 53 28 195 134 976 492 11758 464 236 44 921 426 66 141
leaf_count=7689 3730 1050 1838 757 119 1208 399 379 191 311 53 28 195 134 976 492 11758 464 236 44 921 426 66 141
internal_value=-2.08688e-12 -0.000193001 -0.000279316 -0.00079017 -0.00342416 -0.000516654 -0.00113228 -0.00212714 0.000541396 -0.00182204 0.000800944 0.0012248 0.00271189 -0.00573752 0.00238484 0.000149937 2.78304e-05 -0.00138332 -0.0036121 -0.000620363 -0.0021427 0.00103026 0.000643338 -0.00290548
internal_weight=33605 25850 24800 9312 876 8436 5333 3003 3103 696 385 2407 1199 513 1171 2330 15488 2490 635 1855 965 890 7755 194
internal_count=33605 25850 24800 9312 876 8436 5333 3003 3103 696 385 2407 1199 513 1171 2330 15488 2490 635 1855 965 890 7755 194
is_linear=0
shrinkage=0.03


Tree=204
num_leaves=25
num_cat=0
split_feature=0 6 3 22 2 16 22 3 3 24 24 8 3 24 3 22 22 22 1 6 25 1 1 6
split_gain=4.53078 5.09296 6.71161 5.05698 11.6054 7.35715 6.02807 9.75666 8.43104 8.45581 7.0173 6.30005 6.31177 8.92319 8.65786 8.4072 8.34465 8.66127 12.76 8.00281 7.14822 7.35437 6.64862 6.3728
threshold=11.705000000000002 16.455100000000005 21.615000000000006 56.500000000000007 35.005000000000003 39.000000000000007 328.50000000000006 17.155000000000005 19.905000000000005 3.5000000000000004 4.5000000000000009 559.00000000000011 21.775000000000002 3.5000000000000004 24.705000000000002 206.50000000000003 95.500000000000014 74.500000000000014 27.915000000000003 14.099000000000002 -1.2930645161290319 23.125000000000004 27.155000000000005 14.099000000000002
decision_type=2 2 2 2 2 2 2 2 2 2 2 2 2 2 2 2 2 2 2 2 2 2 2 2
left_child=3 -2 -3 4 5 -1 7 10 -8 -10 -5 -9 16 -14 15 19 17 22 -19 -15 21 -18 23 -13
right_child=1 2 -4 6 -6 -7 8 11 9 -11 -12 12 13 14 -16 -17 20 18 -20 -21 -22 -23 -24 -25
leaf_value=-0.0011732041117919491 -0.0043025204234124559 0.0019009330562411528 -0.0020347424778941084 0.0025692324835837874 -0.0081094413926223238 0.00083265017407430444 -0.00028553850260950111 0.00081524401614200149 -0.0015421727845141809 -0.010056423479785357 0.010667710672883737 -0.0036423060920245261 3.1842871877421257e-05 -0.016712917936965822 -0.0091058269056586809 -0.0063672080143496717 0.019270015083667304 -0.005483622965875257 0.0050148132493346926 -0.00047588790907092941 0.00058077303684028682 0.0033028132849812711 -0.0038434361268594431 0.0040861990738158297
leaf_weight=4356 420 611 1078 431 181 2645 1919 11772 267 173 124 122 2475 28 176 320 27 626 125 1124 3273 675 206 451
leaf_count=4356 420 611 1078 431 181 2645 1919 11772 267 173 124 122 2475 28 176 320 27 626 125 1124 3273 675 206 451
internal_value=9.58309e-13 -0.00134615 -0.000611002 9.01397e-05 -0.000609291 -0.000415386 0.000296741 0.00045158 -0.00114433 -0.00488982 0.00437862 0.000349734 -0.000219438 -0.001107 -0.00281735 -0.00206547 0.00044531 -0.00143734 -0.00373621 -0.000870538 0.00116995 0.00391694 0.000778904 0.00244069
internal_weight=33605 2109 1689 31496 7182 7001 24314 21955 2359 440 555 21400 9628 4123 1648 1472 5505 1530 751 1152 3975 702 779 573
internal_count=33605 2109 1689 31496 7182 7001 24314 21955 2359 440 555 21400 9628 4123 1648 1472 5505 1530 751 1152 3975 702 779 573
is_linear=0
shrinkage=0.03


Tree=205
num_leaves=25
num_cat=0
split_feature=22 2 3 3 2 7 3 22 22 3 8 24 22 3 16 2 22 22 1 6 3 22 22 3
split_gain=4.4169 7.75907 7.36507 6.31671 11.0442 11.1192 9.98682 7.0212 6.15543 9.67968 11.7177 9.91084 8.45604 12.7826 8.95143 9.03861 12.6044 9.98483 9.00476 8.23733 9.00655 14.9636 9.37109 8.29941
threshold=25.500000000000004 32.195000000000007 13.865 16.845000000000002 29.105000000000004 73.832350000000005 14.335000000000003 15.500000000000002 196.50000000000003 21.985000000000003 496.50000000000006 2.5000000000000004 103.50000000000001 18.305000000000003 39.000000000000007 34.405000000000008 74.500000000000014 54.500000000000007 28.065000000000001 16.639450000000004 23.575000000000003 145.50000000000003 178.50000000000003 24.155000000000005
decision_type=2 2 2 2 2 2 2 2 2 2 2 2 2 2 2 2 2 2 2 2 2 2 2 2
left_child=1 3 -2 4 5 -1 -7 -6 12 -10 -11 -12 14 -14 -4 16 17 -16 -17 20 22 -22 -15 -21
right_child=2 -3 8 -5 7 6 -8 -9 9 10 11 -13 13 19 15 18 -18 -19 -20 23 21 -23 -24 -25
leaf_value=-0.010377166230705214 0.0070782451904104916 -0.014527721147077451 -0.00091098224891380359 0.00041164769685802757 -0.0088572498937688187 -0.0028717249148854334 0.0037167710918396724 -0.002524394432979363 0.00010496487863974566 0.00022671211744553329 -0.00062746927525601066 -0.0050631948197477974 0.017772998494527688 0.0017452864727605202 0.0022980484786103489 -0.0030941287790384108 -0.003792759649454489 0.0083068006528607963 0.0010112493657456316 0.0026722975593190886 -0.00035419181883880688 -0.0089243987095184059 -0.003770047068932659 0.00050900363017731143
leaf_weight=87 136 38 6152 1639 279 363 482 362 7597 1427 735 1183 41 1586 1186 726 244 315 1424 3161 622 260 336 3224
leaf_count=87 136 38 6152 1639 279 363 482 362 7597 1427 735 1183 41 1586 1186 726 244 315 1424 3161 622 260 336 3224
internal_value=-1.62097e-13 -0.00105112 0.000112539 -0.000891681 -0.00224969 -0.000164985 0.000886447 -0.00528082 8.11903e-05 -0.000487115 -0.00183182 -0.00336337 0.000403772 0.00105932 -0.000198466 0.000926926 0.00253106 0.00355905 -0.000375032 0.000984742 -0.000370671 -0.00288056 0.000781107 0.00157998
internal_weight=33605 3250 30355 3212 1573 932 845 641 30219 10942 3345 1918 19277 9230 10047 3895 1745 1501 2150 9189 2804 882 1922 6385
internal_count=33605 3250 30355 3212 1573 932 845 641 30219 10942 3345 1918 19277 9230 10047 3895 1745 1501 2150 9189 2804 882 1922 6385
is_linear=0
shrinkage=0.03


Tree=206
num_leaves=25
num_cat=0
split_feature=8 3 23 2 22 2 22 22 21 1 22 4 22 2 3 22 1 22 1 6 2 22 1 2
split_gain=4.49545 4.01132 4.35928 4.16114 6.43939 4.58089 6.94238 4.32503 6.69156 4.66225 5.25453 3.92643 3.94027 5.69193 5.90428 11.9516 4.24203 4.9241 5.32185 5.70313 6.01347 5.10564 3.88591 3.84339
threshold=672.50000000000011 25.265000000000004 2.5000000000000004 35.415000000000006 82.500000000000014 36.635000000000012 128.50000000000003 107.50000000000001 4.5000000000000009 30.325000000000003 97.500000000000014 34.120000000000012 10.500000000000002 31.405000000000005 15.385000000000003 6.5000000000000009 20.145000000000003 346.50000000000006 24.635000000000002 16.639450000000004 29.665000000000003 358.50000000000006 23.455000000000002 27.465000000000003
decision_type=2 2 2 2 2 2 2 2 2 2 2 2 2 2 2 2 2 2 2 2 2 2 2 2
left_child=11 3 -3 -2 -5 6 -6 9 -9 10 -7 12 13 14 15 -1 -14 -18 19 22 21 23 -19 -21
right_child=1 2 -4 4 5 7 -8 8 -10 -11 -12 -13 16 -15 -16 -17 17 18 -20 20 -22 -23 -24 -25
leaf_value=0.0092645685719749474 -0.00081032544953993509 -0.0012128430370241402 -0.020003834224306044 -0.012078366788104176 0.0069617131441199534 0.0038468449983721305 -0.0028914847950286724 0.0079468322595809843 -0.0030478560886880814 -0.015158666411621701 -0.0076322659747401142 -0.0032106247160118072 0.0063514644743946306 -0.016706372338601134 -0.00027628876335668594 -0.011139935065773042 0.00036306655389961552 0.0055624242714090669 -0.017198281863704323 -2.4743892293233069e-05 -0.010032380638003815 0.0023865546604716461 -0.0016996240875999189 -0.0064718203296838762
leaf_weight=33 6959 25 20 30 265 76 85 106 94 27 68 302 104 22 826 119 23542 140 20 137 96 171 126 212
leaf_count=33 6959 25 20 30 265 76 85 106 94 27 68 302 104 22 826 119 23542 140 20 137 96 171 126 212
internal_value=-1.86926e-12 -0.000633498 -0.00956439 -0.000581372 0.00154018 0.00210683 0.00456879 -0.000215774 0.00277933 -0.00371882 -0.00157385 0.000190049 0.000230248 -0.00161568 -0.00127621 -0.00671001 0.000305445 0.000279721 -0.00189557 -0.00154857 -0.0031338 -0.00186022 0.00212251 -0.00394102
internal_weight=33605 7755 45 7710 751 721 350 371 200 171 144 25850 25548 1000 978 152 24548 24444 902 882 616 520 266 349
internal_count=33605 7755 45 7710 751 721 350 371 200 171 144 25850 25548 1000 978 152 24548 24444 902 882 616 520 266 349
is_linear=0
shrinkage=0.03


Tree=207
num_leaves=25
num_cat=0
split_feature=12 25 2 22 3 22 24 22 2 22 3 6 6 2 2 16 2 2 3 3 3 7 24 22
split_gain=4.28868 5.86829 4.79865 8.28873 5.58227 5.15349 6.62153 4.64124 10.9036 8.48667 12.3099 18.4951 12.2477 10.0487 8.56784 8.18044 17.0809 8.1549 8.00941 7.66599 6.81189 14.8717 10.2806 8.01171
threshold=0.79000000000000015 -2.006370967741935 39.265000000000008 146.50000000000003 23.245000000000001 190.50000000000003 3.5000000000000004 294.50000000000006 32.855000000000011 92.500000000000014 20.315000000000001 15.881350000000001 14.099000000000002 29.315000000000001 24.515000000000004 33.500000000000007 30.495000000000001 30.105000000000004 20.315000000000001 22.695000000000004 25.005000000000006 79.153350000000017 2.5000000000000004 196.50000000000003
decision_type=2 2 2 2 2 2 2 2 2 2 2 2 2 2 2 2 2 2 2 2 2 2 2 2
left_child=7 -2 4 -4 -3 -6 -7 9 15 -1 12 13 14 -12 -11 16 18 -14 -9 -15 21 23 -22 -13
right_child=1 2 3 -5 5 6 -8 8 -10 10 11 20 17 19 -16 -17 -18 -19 -20 -21 22 -23 -24 -25
leaf_value=-0.00065744741991125466 0.0029845638232468986 0.00070261179347844496 0.0045828731609366619 -0.0075038423617209858 -0.00069167889134335453 -0.0019472026456752651 -0.011946162612688157 -0.00033660252526010226 -0.014885646380922374 -0.0033930950815061808 -0.0061723489322370656 0.0014355986701982157 0.010158176995038902 0.00093145538882880995 0.0027286804566899214 0.00061030654914904711 -0.0088158901121598177 0.0033017967440459356 -0.0063812104902540639 -0.0043764892058597094 0.001662640737947109 0.005643352959798946 -0.0025461481997526925 -0.00043033783758596991
leaf_weight=10120 908 2686 427 58 832 166 93 1602 51 300 545 4865 268 629 655 1728 299 374 225 401 856 571 1340 3606
leaf_count=10120 908 2686 427 58 832 166 93 1602 51 300 545 4865 268 629 655 1728 299 374 225 401 856 571 1340 3606
internal_value=3.81727e-12 0.000794808 0.00032829 0.00313745 -3.24306e-05 -0.00184208 -0.00553756 -0.000144511 -0.00110513 8.41262e-06 0.00047604 0.00016648 0.00295969 -0.00287811 0.00080561 -0.000922769 -0.00216884 0.00616396 -0.00108101 -0.00113504 0.000593177 0.000957171 -0.000905564 0.000641293
internal_weight=33605 5170 4262 485 3777 1091 259 28435 3905 24530 14410 12813 1597 1575 955 3854 2126 642 1827 1030 11238 9042 2196 8471
internal_count=33605 5170 4262 485 3777 1091 259 28435 3905 24530 14410 12813 1597 1575 955 3854 2126 642 1827 1030 11238 9042 2196 8471
is_linear=0
shrinkage=0.03


Tree=208
num_leaves=25
num_cat=0
split_feature=0 3 26 6 22 2 24 3 7 2 25 1 22 1 3 22 6 16 16 24 22 17 1 6
split_gain=4.28743 4.53605 5.73915 4.88759 4.49846 11.1604 11.4541 7.09086 7.74486 8.19653 7.62254 6.17213 8.48783 6.43071 6.25063 5.80128 6.63031 5.29683 5.29275 4.93574 4.55855 5.45477 4.88305 4.84326
threshold=12.585000000000003 21.435000000000006 -0.082898245614035193 16.639450000000004 36.500000000000007 31.015000000000004 2.5000000000000004 16.035000000000004 73.832350000000005 29.235000000000003 -2.0472258064516122 20.765000000000004 346.50000000000006 24.635000000000002 18.855000000000004 13.500000000000002 18.100050000000003 33.500000000000007 36.500000000000007 3.5000000000000004 358.50000000000006 43.000000000000007 22.005000000000006 16.639450000000004
decision_type=2 2 2 2 2 2 2 2 2 2 2 2 2 2 2 2 2 2 2 2 2 2 2 2
left_child=4 2 -2 -3 5 7 -7 8 -1 10 -10 14 -13 20 19 16 -11 -17 -9 -6 23 -22 -23 -14
right_child=1 3 -4 -5 11 6 -8 18 9 15 -12 12 13 -15 -16 17 -18 -19 -20 -21 21 22 -24 -25
leaf_value=-0.011509254629441005 -0.0012800509177847759 -0.0072828664412011102 0.0045855655485659884 -0.0017561253945482919 0.0022860875882719069 0.00051350057595409449 -0.0069802571950902679 -0.00026392023883298682 0.0048686644959764136 -0.016453848711468957 -0.0013018031865016173 0.00028643930089119205 -7.8116024277456434e-06 -0.019307227157056329 -0.0025574421857811184 -0.0092751781286944338 -0.0024859438674818529 -0.0006894448562068682 0.0026119829637135002 0.010606163643647153 0.0024422462226576318 -0.0011570555139624049 -0.014592024481722286 -0.0056257394394004174
leaf_weight=70 503 169 214 974 124 300 473 1451 253 66 626 25702 207 20 91 82 57 306 955 133 299 80 35 415
leaf_count=70 503 169 214 974 124 300 473 1451 253 66 626 25702 207 20 91 82 57 306 955 133 299 80 35 415
internal_value=-1.34779e-13 -0.00139991 0.000470635 -0.00257329 8.20232e-05 -0.000781226 -0.00407194 -0.000123253 -0.0017726 -0.00128226 0.000474224 0.000229762 0.000178136 -0.00245786 0.00419933 -0.00430369 -0.00998092 -0.00250396 0.000877596 0.00659181 -0.00213258 0.000306634 -0.00524596 -0.00375611
internal_weight=33605 1860 717 1143 31745 4639 773 3866 1460 1390 879 27106 26758 1056 348 511 123 388 2406 257 1036 414 115 622
internal_count=33605 1860 717 1143 31745 4639 773 3866 1460 1390 879 27106 26758 1056 348 511 123 388 2406 257 1036 414 115 622
is_linear=0
shrinkage=0.03


Tree=209
num_leaves=25
num_cat=0
split_feature=8 3 23 2 22 2 22 22 21 1 22 1 2 22 22 6 22 25 0 3 22 3 26 26
split_gain=4.18325 3.74591 4.08822 3.73812 6.00847 4.31139 6.53741 4.05704 6.30495 4.37283 4.96886 3.8337 5.39538 4.52934 4.72735 4.02194 4.18876 5.58647 3.70462 5.95179 5.76448 6.19357 5.69538 8.84135
threshold=672.50000000000011 25.265000000000004 2.5000000000000004 35.415000000000006 82.500000000000014 36.635000000000012 128.50000000000003 107.50000000000001 4.5000000000000009 30.325000000000003 97.500000000000014 24.845000000000002 31.585000000000004 296.50000000000006 37.500000000000007 17.728850000000005 131.50000000000003 -0.65118562535370672 3.0050000000000003 22.975000000000005 266.50000000000006 20.165000000000003 -0.18537634408602119 -0.16861290322580658
decision_type=2 2 2 2 2 2 2 2 2 2 2 2 2 2 2 2 2 2 2 2 2 2 2 2
left_child=18 3 -3 11 -5 6 -6 9 -9 10 -7 12 -2 14 -13 16 17 -16 -1 20 22 -22 -20 -24
right_child=1 2 -4 4 5 7 -8 8 -10 -11 -12 13 -14 -15 15 -17 -18 -19 19 -21 21 -23 23 -25
leaf_value=0.00039017787503021502 -0.00066590392319288403 -0.0011537521155551077 -0.019351156522985545 -0.011704885471612215 0.0067079785828882792 0.0037000374019293017 -0.0028535177687949993 0.0076610400103348892 -0.003011312886002533 -0.014727660262336333 -0.0074626753023852976 -0.016167640177533027 0.0027676857724277808 -0.0092522730401990855 -0.0077244617408141489 -0.00094444732092346072 -0.017805491900918159 0.0033657342621365625 0.0071420355792355342 -0.0016465837223073666 0.0013504104411443602 -0.0033539732337929135 -0.0044760411517523789 0.0011885267927581095
leaf_weight=19411 4748 25 20 30 265 76 85 106 94 27 68 20 451 74 120 1462 22 62 127 2342 398 686 274 2612
leaf_count=19411 4748 25 20 30 265 76 85 106 94 27 68 20 451 74 120 1462 22 62 127 2342 398 686 274 2612
internal_value=2.87534e-12 -0.000611105 -0.00924149 -0.000560733 0.00145009 0.00199746 0.0043859 -0.000255793 0.00264503 -0.00364857 -0.00157124 -0.000777737 -0.000368049 -0.00198795 -0.00166911 -0.00149506 -0.00544108 -0.00394648 0.000183331 -0.000440228 0.000249371 -0.00162672 0.00092434 0.000650727
internal_weight=33605 7755 45 7710 751 721 350 371 200 171 144 6959 5199 1760 1686 1666 204 182 25850 6439 4097 1084 3013 2886
internal_count=33605 7755 45 7710 751 721 350 371 200 171 144 6959 5199 1760 1686 1666 204 182 25850 6439 4097 1084 3013 2886
is_linear=0
shrinkage=0.03


Tree=210
num_leaves=25
num_cat=0
split_feature=12 25 2 22 3 22 24 4 5 3 8 24 22 26 22 3 6 3 6 3 3 2 24 22
split_gain=3.99964 5.5285 4.49549 7.79752 5.34406 5.11035 5.01476 4.46286 4.93938 5.56628 6.02263 5.18533 4.98698 5.16403 4.62926 8.04487 9.08817 7.17627 7.47299 8.97673 5.49714 6.23289 5.47177 4.94417
threshold=0.79000000000000015 -2.006370967741935 39.265000000000008 146.50000000000003 24.105000000000004 164.50000000000003 3.5000000000000004 12.465000000000002 0.40265000000000006 24.645000000000003 496.50000000000006 2.5000000000000004 95.500000000000014 -1.0281268817204301 176.50000000000003 22.875000000000004 15.881350000000001 20.815000000000001 14.099000000000002 19.105000000000004 21.515000000000004 28.785000000000004 3.5000000000000004 338.50000000000006
decision_type=2 2 2 2 2 2 2 2 2 2 2 2 2 2 2 2 2 2 2 2 2 2 2 2
left_child=7 -2 4 -4 -3 -6 -7 -1 12 10 -10 -11 -9 -14 -12 16 17 18 19 -16 21 22 -18 -24
right_child=1 2 3 -5 5 6 -8 8 9 11 14 -13 13 -15 15 -17 20 -19 -20 -21 -22 -23 23 -25
leaf_value=-0.00081052620599362266 0.002892970938934526 0.00047194928640098923 0.0044356642745269478 -0.0072874371900126852 -0.001040580513880405 -0.003047750007526408 -0.014288085185248276 -0.00025882807315958902 0.0020833575714806359 0.00091282816712401609 0.0002809183381388256 -0.0043175226363026059 -0.0033697743461713991 0.0010652665187631445 0.0013994296639883135 -0.005251153999743732 0.0011743124338520548 -0.0073733011219198532 0.0044600889448095891 -0.0067226113623714652 -0.0011880209376180521 -0.001175788855411802 0.0081503404962006698 -0.0031909826053306456
leaf_weight=6791 908 3144 427 58 482 93 58 5474 887 239 3196 596 244 7473 212 409 379 272 144 290 1136 397 256 40
leaf_count=6791 908 3144 427 58 482 93 58 5474 887 239 3196 596 244 7473 212 409 379 272 144 290 1136 397 256 40
internal_value=4.58963e-13 0.000767558 0.000314748 0.00303373 -3.43926e-05 -0.0025493 -0.00736523 -0.000139556 7.0967e-05 -0.000495171 -0.000240299 -0.00282045 0.000433757 0.000925037 -0.000546507 -0.00129458 -0.000776913 -0.00328558 -0.00156444 -0.00329259 0.000266093 0.00180702 0.00356135 0.00661773
internal_weight=33605 5170 4262 485 3777 633 151 28435 21644 8453 7618 835 13191 7717 6731 3535 3126 918 646 502 2208 1072 675 296
internal_count=33605 5170 4262 485 3777 633 151 28435 21644 8453 7618 835 13191 7717 6731 3535 3126 918 646 502 2208 1072 675 296
is_linear=0
shrinkage=0.03


Tree=211
num_leaves=25
num_cat=0
split_feature=0 22 2 1 22 2 3 3 22 22 1 3 16 12 16 22 25 22 22 13 16 25 22 17
split_gain=3.88955 4.26079 12.224 6.40645 7.98192 6.22677 8.13388 7.68556 6.61146 10.5902 6.0517 5.96876 5.51076 5.29125 5.27668 5.91197 5.27455 5.13382 7.21881 4.70172 4.39901 4.40639 4.29006 5.14262
threshold=12.585000000000003 34.500000000000007 32.195000000000007 20.765000000000004 346.50000000000006 30.065000000000001 17.095000000000002 15.135000000000003 6.5000000000000009 14.500000000000002 24.635000000000002 18.855000000000004 33.500000000000007 0.63500000000000012 36.500000000000007 25.500000000000004 -1.5899166666666666 346.50000000000006 358.50000000000006 0.070000000000000021 36.500000000000007 -2.006370967741935 358.50000000000006 43.000000000000007
decision_type=2 2 2 2 2 2 2 2 2 2 2 2 2 2 2 2 2 2 2 2 2 2 2 2
left_child=1 2 5 11 -5 7 20 8 -1 19 22 17 16 -11 -9 -16 -8 -3 -19 -10 21 -7 -6 -24
right_child=-2 3 -4 4 10 6 12 14 9 13 -12 -13 -14 -15 15 -17 -18 18 -20 -21 -22 -23 23 -25
leaf_value=0.0074571543866847403 -0.0013333691236465152 0.012121630351304223 -0.013410900377558018 0.0002689737225734544 -0.0036512097940702361 -0.024275249503552913 -0.011222763736319693 0.00026951723571001134 -0.002963024541694561 -0.0022649457156519856 -0.01873706190660596 -0.0023593925247589317 0.00037116666597417845 0.0046873083500803946 0.0023357285135040045 0.010688382926100231 -0.001080952276148506 0.00037941424343769731 0.016659739902243016 -0.01035375862889729 -0.0044238140153214679 -0.0068927138053945132 0.0023636825083767415 -0.0051013084047716916
leaf_weight=59 1860 95 68 25957 622 21 79 1467 136 303 20 91 822 146 471 91 111 134 30 180 393 35 299 115
leaf_count=59 1860 95 68 25957 622 21 79 1467 136 303 20 91 822 146 471 91 111 134 30 180 393 35 299 115
internal_value=4.19168e-12 7.81246e-05 -0.000790385 0.000217211 0.000164959 -0.000591452 -0.00218417 0.000224166 -0.00221918 -0.00296546 -0.00239176 0.00424995 -0.000693167 -4.30185e-06 0.00121644 0.0036882 -0.00529781 0.00657216 0.00335752 -0.00717294 -0.00554473 -0.0134112 -0.00207622 0.000290074
internal_weight=33605 31745 4382 27363 27013 4314 1461 2853 824 765 1056 350 1012 449 2029 562 190 259 164 316 449 56 1036 414
internal_count=33605 31745 4382 27363 27013 4314 1461 2853 824 765 1056 350 1012 449 2029 562 190 259 164 316 449 56 1036 414
is_linear=0
shrinkage=0.03


Tree=212
num_leaves=25
num_cat=0
split_feature=8 4 22 2 7 3 3 2 22 1 22 1 6 2 22 1 2 22 3 22 22 2 24 2
split_gain=3.86468 3.6452 3.76873 5.16458 5.24638 5.16376 7.06472 5.86384 4.53325 3.89521 4.26777 4.39066 5.05763 5.71172 4.45994 3.84599 8.13516 6.75839 20.7941 6.29973 6.06718 9.18802 5.98902 4.66084
threshold=672.50000000000011 34.120000000000012 10.500000000000002 31.405000000000005 76.966650000000016 14.335000000000003 17.705000000000002 29.185000000000006 4.5000000000000009 20.145000000000003 346.50000000000006 24.635000000000002 16.639450000000004 29.665000000000003 358.50000000000006 22.335000000000004 28.285000000000004 14.500000000000002 16.845000000000002 27.500000000000004 21.500000000000004 29.315000000000001 2.5000000000000004 24.155000000000005
decision_type=2 2 2 2 2 2 2 2 2 2 2 2 2 2 2 2 2 2 2 2 2 2 2 2
left_child=1 2 3 4 -1 -6 7 -7 -8 -4 15 12 -12 14 -14 16 22 18 -17 -18 21 -19 -11 -22
right_child=-2 -3 9 -5 5 6 8 -9 -10 10 11 -13 13 -15 -16 17 19 20 -20 -21 23 -23 -24 -25
leaf_value=0.00054931065944671025 -0.00058737533159955912 -0.0031004115792117788 0.0060820812350497223 -0.015964983727105638 -0.012938518091663718 0.0036235006456485815 -0.0024403380792111505 -0.011511748521071341 -0.012461665168332007 0.00020079551620975786 0.0020109694780678141 -0.015660894703119991 -0.0036425030358448584 -0.0096622105807909978 0.0022714342690367054 -0.013104463554918766 -0.0018278899983422989 0.0068357243357409893 0.009865093520216521 0.0049850015403524808 -0.0098220039795084702 -0.0048555536458751497 0.0085385471763333391 0.00030238057206413889
leaf_weight=581 7755 302 104 22 50 157 86 27 77 115 266 20 349 96 171 44 434 71 183 170 41 409 238 21837
leaf_count=581 7755 302 104 22 50 157 86 27 77 115 266 20 349 96 171 44 434 71 183 170 41 409 238 21837
internal_value=-6.53866e-12 0.000176213 0.000214945 -0.00159035 -0.001267 -0.00392512 -0.00262635 0.00140257 -0.00717434 0.000288487 0.000263837 -0.0017613 -0.00144611 -0.00293895 -0.00169773 0.000341429 0.00220419 0.000262498 0.00541284 8.96457e-05 0.000210207 -0.00312622 0.00582228 0.000283407
internal_weight=33605 25850 25548 1000 978 397 347 184 163 24548 24444 902 882 616 520 23542 957 22585 227 604 22358 480 353 21878
internal_count=33605 25850 25548 1000 978 397 347 184 163 24548 24444 902 882 616 520 23542 957 22585 227 604 22358 480 353 21878
is_linear=0
shrinkage=0.03


Tree=213
num_leaves=25
num_cat=0
split_feature=9 26 4 25 3 22 22 22 3 24 22 8 22 3 22 26 2 2 22 1 3 8 3 22
split_gain=3.75773 4.3798 3.64931 3.64238 3.76513 4.03744 4.47347 3.84952 3.63556 13.6917 11.7832 7.00922 10.0285 6.98857 8.2618 7.424 5.4665 6.69186 6.61051 7.22142 5.99476 4.85103 4.8013 4.74697
threshold=1.6500000000000001 0.40403333333333336 34.120000000000012 -1.8455967741935482 16.305000000000003 282.50000000000006 296.50000000000006 264.50000000000006 22.625000000000004 2.5000000000000004 264.50000000000006 645.00000000000011 162.50000000000003 24.495000000000001 172.50000000000003 0.39394731182795689 40.385000000000012 32.695000000000007 83.500000000000014 28.985000000000003 23.655000000000005 496.50000000000006 24.705000000000002 34.500000000000007
decision_type=2 2 2 2 2 2 2 2 2 2 2 2 2 2 2 2 2 2 2 2 2 2 2 2
left_child=2 8 3 -1 -5 7 -7 -6 23 -10 11 13 22 15 -15 16 17 20 19 -19 21 -11 -13 -2
right_child=1 -3 -4 4 5 6 -8 -9 9 10 -12 12 -14 14 -16 -17 -18 18 -20 -21 -22 -23 -24 -25
leaf_value=0.0016991418139301777 -0.0010677826736566975 0.0017240380924203368 -0.0064450353041121903 -0.0041193848734888423 0.00022828771541112873 0.0069286205302379637 0.0012494368004939082 -0.0038041950624558142 0.00088271459630887992 0.0055313496047850038 -0.01094826377993233 -0.001813599772393567 -0.01223127705360747 -0.0022066242004254236 -0.013096886182676499 -0.011045660847140586 -0.010819234128261135 0.0060283453965230896 0.0034720404527689435 -0.011330007594710183 -0.0063659269458091836 -0.0013395106591374041 -0.0090273713496571879 0.00017534117316779721
leaf_weight=2116 3370 1050 66 173 4363 154 659 224 2371 119 129 615 118 976 67 51 37 34 790 59 164 415 96 15389
leaf_count=2116 3370 1050 66 173 4363 154 659 224 2371 119 129 615 118 976 67 51 37 34 790 59 164 415 96 15389
internal_value=-2.40341e-12 -0.000173757 0.000579191 0.000639485 0.000237146 0.000376716 0.0023252 3.13668e-05 -0.000254107 -0.000894183 -0.00204215 -0.00171769 -0.00413182 -0.000979746 -0.00290619 0.000224138 0.000579367 0.000846127 0.00258143 -0.00498394 -0.00134911 0.000191636 -0.00278761 -4.79824e-05
internal_weight=33605 25850 7755 7689 5573 5400 813 4587 24800 6041 3670 3541 829 2712 1043 1669 1618 1581 883 93 698 534 711 18759
internal_count=33605 25850 7755 7689 5573 5400 813 4587 24800 6041 3670 3541 829 2712 1043 1669 1618 1581 883 93 698 534 711 18759
is_linear=0
shrinkage=0.03


Tree=214
num_leaves=25
num_cat=0
split_feature=22 2 16 2 22 22 22 22 22 3 6 22 3 3 8 9 22 22 24 7 22 26 3 22
split_gain=3.69759 8.06903 6.06374 9.17432 6.43398 5.81384 4.97872 4.87327 4.56929 10.9117 11.6134 8.91597 13.5183 12.0477 9.94675 9.56717 10.0918 10.1991 8.82775 8.55826 8.36203 10.1917 8.25812 8.10183
threshold=338.50000000000006 30.495000000000001 36.500000000000007 28.155000000000005 354.50000000000006 356.50000000000006 360.50000000000006 352.50000000000006 95.500000000000014 19.475000000000005 14.099000000000002 196.50000000000003 22.695000000000004 21.365000000000006 496.50000000000006 1.6500000000000001 129.50000000000003 114.50000000000001 3.5000000000000004 76.966650000000016 298.50000000000006 0.16159999999999983 23.735000000000003 174.50000000000003
decision_type=2 2 2 2 2 2 2 2 2 2 2 2 2 2 2 2 2 2 2 2 2 2 2 2
left_child=8 2 3 4 7 -5 -4 -2 -1 23 -11 12 15 20 -15 -12 17 -17 -16 -18 -13 -22 -20 -10
right_child=1 -3 6 5 -6 -7 -8 -9 9 10 11 13 -14 14 18 16 19 -19 22 -21 21 -23 -24 -25
leaf_value=-0.00037764885238802926 8.7223878363147382e-05 -0.0082229195607694833 0.00033736079918368877 -0.009741105943881603 0.0069312609852520083 -0.0025468883359542069 0.0075263943425927533 -0.0086935717765899267 0.0076891311712073617 -0.003407735220437825 0.010254512802458595 0.0024048517958514199 0.00025654592580590541 0.00054620318771398963 -0.0010610524629372329 0.0033112912050538897 0.0036255945532906965 -0.0023113205315762153 -0.0037482526667643699 0.012963823078670682 0.00037373460430664766 -0.0072230575185312776 -0.014890574532827095 0.001800554114075552
leaf_weight=12350 348 141 578 178 106 234 102 68 245 794 148 1710 7026 1588 1877 568 988 594 1203 97 923 192 63 1484
leaf_count=12350 348 141 578 178 106 234 102 68 245 794 148 1710 7026 1588 1877 568 988 594 1203 97 923 192 63 1484
internal_value=-4.1732e-12 -0.00134059 -0.000739342 -0.00230833 0.000333151 -0.00565507 0.00141572 -0.0013481 7.3869e-05 0.00035983 0.000138475 0.000304328 0.000920033 -0.000463347 -0.00138903 0.00286644 0.00237983 0.000437082 -0.0023668 0.00446044 0.00108688 -0.000934413 -0.00430273 0.00263497
internal_weight=33605 1755 1614 934 522 412 680 416 31850 19500 17771 16977 9421 7556 4731 2395 2247 1162 3143 1085 2825 1115 1266 1729
internal_count=33605 1755 1614 934 522 412 680 416 31850 19500 17771 16977 9421 7556 4731 2395 2247 1162 3143 1085 2825 1115 1266 1729
is_linear=0
shrinkage=0.03


Tree=215
num_leaves=25
num_cat=0
split_feature=3 21 22 26 3 24 25 26 22 22 9 25 22 22 22 3 2 3 1 3 6 22 22 22
split_gain=3.67686 4.42434 10.6594 3.58996 3.83817 14.7716 9.05012 6.60199 6.30649 5.76152 5.25177 6.94453 7.70177 11.5583 8.74128 12.2937 6.46202 9.24406 5.79631 5.31437 5.07231 4.89408 4.87966 4.69609
threshold=28.845000000000002 4.5000000000000009 118.50000000000001 0.40403333333333336 24.645000000000003 2.5000000000000004 -1.0258091397849463 -0.036016666666666891 142.50000000000003 128.50000000000003 1.8500000000000003 -0.96566666666666678 93.500000000000014 264.50000000000006 125.50000000000001 22.695000000000004 29.615000000000006 19.155000000000005 29.955000000000002 15.945000000000002 17.792250000000006 118.50000000000001 226.50000000000003 6.5000000000000009
decision_type=2 2 2 2 2 2 2 2 2 2 2 2 2 2 2 2 2 2 2 2 2 2 2 2
left_child=3 2 -2 4 10 -6 7 8 9 21 11 12 16 14 15 -14 17 23 -17 -13 -20 -7 -10 -1
right_child=1 -3 -4 -5 5 6 -8 -9 22 -11 -12 19 13 -15 -16 18 -18 -19 20 -21 -22 -23 -24 -25
leaf_value=0.014193011353723705 0.0012447842911762349 0.0011790820908912968 0.028846054784953595 0.001705199070249836 0.0014140864933182087 -0.0062156077164803149 -0.0089004529030485575 -0.00043034054340881315 0.00068842355067907782 -0.011723923804524999 -0.00021615381817970095 -0.0066819285744752141 0.01042516178586772 0.00087471321961402288 0.0081088061576589151 -0.0058578450341166847 -0.00022144151468124674 -0.0071387504243894534 -0.0029202720108415549 -9.7139938913647859e-05 0.0087973813737617489 0.0027133986593919318 -0.0072886315618331228 0.0045471374262721943
leaf_weight=60 34 124 20 1048 1358 249 187 1075 296 130 20911 114 111 1152 489 134 2174 51 66 3407 67 71 90 187
leaf_count=60 34 124 20 1048 1358 249 187 1075 296 130 20911 114 111 1152 489 134 2174 51 66 3407 67 71 90 187
internal_value=-1.07807e-12 0.00430028 0.0114675 -2.28992e-05 -7.88319e-05 -0.00102373 -0.00260169 -0.00198533 -0.00398487 -0.0063981 3.4074e-05 0.000687158 0.00146921 0.00284389 0.00546036 0.0020342 0.000346442 0.00448933 -0.00145417 -0.000310337 0.00298261 -0.00423448 -0.00117151 0.00689026
internal_weight=33605 178 54 33427 32379 3456 2098 1911 836 450 28923 8012 4491 2019 867 378 2472 298 267 3521 133 320 386 247
internal_count=33605 178 54 33427 32379 3456 2098 1911 836 450 28923 8012 4491 2019 867 378 2472 298 267 3521 133 320 386 247
is_linear=0
shrinkage=0.03


Tree=216
num_leaves=25
num_cat=0
split_feature=0 6 3 2 7 26 22 1 16 22 2 22 2 3 1 3 25 2 22 22 22 2 22 2
split_gain=3.69561 4.23484 5.72887 4.71523 3.79171 3.76215 5.11432 5.36335 4.59893 6.48326 16.8953 8.72611 8.75882 6.78521 9.05317 6.32605 5.99029 5.33468 6.72877 5.15529 12.3358 11.7501 9.06731 7.48663
threshold=11.705000000000002 16.455100000000005 21.615000000000006 26.195000000000004 79.153350000000017 0.33800000000000013 266.50000000000006 23.405000000000005 33.500000000000007 294.50000000000006 31.105000000000004 82.500000000000014 34.515000000000008 18.305000000000003 23.535000000000004 21.225000000000005 -1.7113469156762873 34.565000000000005 101.50000000000001 282.50000000000006 298.50000000000006 31.625000000000004 266.50000000000006 32.455000000000005
decision_type=2 2 2 2 2 2 2 2 2 2 2 2 2 2 2 2 2 2 2 2 2 2 2 2
left_child=5 3 4 -2 -3 8 -7 -8 9 11 15 12 -1 14 16 -11 -13 18 -16 22 21 -21 -10 -22
right_child=1 2 -4 -5 -6 6 7 -9 19 10 -12 13 -14 -15 17 -17 -18 -19 -20 20 23 -23 -24 -25
leaf_value=-0.00090014026446416857 -0.006773026082465031 0.0023924461509566347 -0.0018607877175205307 -0.00038047169860293885 -0.0072753807031907709 0.0016806736583703506 0.002870693792230808 -0.0082207234210165386 0.00021004780540424809 -0.00095349258929274851 -0.012711263159662485 0.023951281896047293 -0.0072038772838629124 0.00034574964031817024 -0.0057495197998269371 -0.010088196908235286 0.0076964258586333404 0.012351936331699386 0.012883002742060593 0.013885165793600223 0.001002373630187376 0.0032191763128463359 -0.0041838171089964129 -0.0053724734976422044
leaf_weight=3903 232 572 1078 188 39 2052 65 99 13852 1750 125 25 209 5810 103 71 111 26 21 118 2102 438 436 180
leaf_count=3903 232 572 1078 188 39 2052 65 99 13852 1750 125 25 209 5810 103 71 111 26 21 118 2102 438 436 180
internal_value=1.07101e-12 -0.00121577 -0.000545405 -0.0039116 0.00177535 8.14091e-05 0.00127323 -0.00382473 -8.79185e-06 -0.000455098 -0.00204203 -0.000152574 -0.00122054 0.000567812 0.00507894 -0.00130965 0.0106845 -3.38091e-06 -0.00259401 0.000307943 0.00147583 0.00548282 7.59685e-05 0.000499537
internal_weight=33605 2109 1689 420 611 31496 2216 164 29280 12154 1946 10208 4112 6096 286 1821 136 150 124 17126 2838 556 14288 2282
internal_count=33605 2109 1689 420 611 31496 2216 164 29280 12154 1946 10208 4112 6096 286 1821 136 150 124 17126 2838 556 14288 2282
is_linear=0
shrinkage=0.03


Tree=217
num_leaves=25
num_cat=0
split_feature=0 22 6 3 22 2 16 2 22 22 22 22 2 3 25 16 2 25 8 3 22 3 6 22
split_gain=3.49047 4.84499 4.77989 5.20773 3.79247 7.67119 6.09884 7.86209 5.87606 5.29 5.10892 4.68843 12.7462 11.364 7.45866 6.08381 6.22808 8.47385 5.63557 5.70942 8.52607 9.41411 7.7055 6.34662
threshold=18.420000000000005 112.50000000000001 16.455100000000005 21.405000000000005 338.50000000000006 30.145000000000003 36.500000000000007 28.155000000000005 354.50000000000006 360.50000000000006 356.50000000000006 56.500000000000007 35.005000000000003 17.155000000000005 -1.8094439728353138 36.500000000000007 29.065000000000001 -2.3841935483870969 559.00000000000011 21.775000000000002 124.50000000000001 25.065000000000001 14.099000000000002 95.500000000000014
decision_type=2 2 2 2 2 2 2 2 2 2 2 2 2 2 2 2 2 2 2 2 2 2 2 2
left_child=4 -2 -3 -4 11 6 7 8 -6 -8 -9 12 15 14 -13 16 17 -1 -15 23 -21 22 -22 -20
right_child=1 2 3 -5 5 -7 9 10 -10 -11 -12 13 -14 18 -16 -17 -18 -19 19 20 21 -23 -24 -25
leaf_value=0.0057631051966018278 -0.0095649645231497375 -0.0056602303493478948 0.0041255336348203567 -0.0016580304491777191 -0.0012723514826179746 -0.0064645212508461945 0.00074274449256064596 -0.0091426740933345588 0.0066795991251045574 0.0092996313673845456 -0.0022726545548444814 0.0095549397269884748 -0.0083102742197193411 0.00065526368757701085 0.0021984914871618936 0.00063152633903904324 -0.0020869471743016521 -0.00056405485974222872 -0.0013524723844656886 0.00075678470117912966 -0.015557673291380827 -0.011846775877462743 -0.0015874381961473998 0.00087077777932091497
leaf_weight=224 67 174 191 526 411 226 536 173 105 74 223 180 185 12652 399 3214 2381 1274 1551 1443 36 86 2741 4533
leaf_count=224 67 174 191 526 411 226 536 173 105 74 223 180 185 12652 399 3214 2381 1274 1551 1443 36 86 2741 4533
internal_value=3.22332e-12 -0.00178484 -0.00119981 -0.00011736 5.23748e-05 -0.00130707 -0.000541248 -0.00209437 0.000345778 0.00178079 -0.00527395 0.000129281 -0.000536461 0.000334406 0.00448547 -0.000333704 -0.00113346 0.000382063 0.000230098 -0.00028763 -0.00112355 -0.00207128 -0.00176854 0.000304002
internal_weight=33605 958 891 717 32647 1748 1522 912 516 610 396 30899 7278 23621 579 7093 3879 1498 23042 10390 4306 2863 2777 6084
internal_count=33605 958 891 717 32647 1748 1522 912 516 610 396 30899 7278 23621 579 7093 3879 1498 23042 10390 4306 2863 2777 6084
is_linear=0
shrinkage=0.03


Tree=218
num_leaves=25
num_cat=0
split_feature=3 21 22 22 0 3 22 22 16 3 22 2 6 3 8 21 3 26 22 24 22 2 16 25
split_gain=3.41548 4.1637 10.0294 3.54725 3.34662 6.46321 5.94716 5.64377 5.55057 6.61079 5.43464 8.77334 7.71212 6.83015 11.0191 10.1118 8.83491 9.91604 6.82327 6.29203 7.56641 5.93982 11.2988 7.87944
threshold=28.845000000000002 4.5000000000000009 118.50000000000001 148.50000000000003 3.0050000000000003 24.765000000000004 196.50000000000003 95.500000000000014 39.000000000000007 25.125000000000004 328.50000000000006 30.965000000000003 16.639450000000004 21.775000000000002 521.00000000000011 4.5000000000000009 25.065000000000001 0.024039784946236389 154.50000000000003 3.5000000000000004 222.50000000000003 29.945000000000004 33.500000000000007 -2.177682795698924
decision_type=2 2 2 2 2 2 2 2 2 2 2 2 2 2 2 2 2 2 2 2 2 2 2 2
left_child=4 2 -2 -3 7 6 -6 8 9 -1 13 12 -12 19 -15 -16 17 -17 -18 -9 -21 23 -23 -22
right_child=1 3 -4 -5 5 -7 -8 10 -10 -11 11 -13 -14 14 15 16 18 -19 -20 20 21 22 -24 -25
leaf_value=-0.00085769253954435956 0.0011814814285539528 -0.0066638945904560383 0.027954713903367519 0.0044257501548091906 0.0005004850172200695 -0.00308333025763779 -0.0011414017750405554 0.00088189152857272085 0.00049880747191114805 -0.016015677207077927 0.0026007118558643719 -0.0090291045947346535 -0.0016546165075589704 0.0014477099768236744 0.0015646658870200969 -0.0028476123641930306 -0.0052732391496417372 0.00077737172082351926 -0.021668693536520005 0.0063975715555354765 0.01516309363922725 -0.0055806634488916838 0.003033133312579124 0.0029823334096902095
leaf_weight=6400 34 37 20 87 4253 807 3724 2688 4052 26 540 113 1321 3755 1182 1476 265 1258 25 483 54 217 372 416
leaf_count=6400 34 37 20 87 4253 807 3724 2688 4052 26 540 113 1321 3755 1182 1476 265 1258 25 483 54 217 372 416
internal_value=7.46331e-13 0.00414461 0.0110975 0.00111674 -2.20702e-05 -0.000524848 -0.000266017 0.000157145 -0.000370726 -0.000919023 0.000547617 -0.000912691 -0.000419862 0.000784074 0.000266464 -0.00078812 -0.00170776 -0.00117964 -0.00668664 0.00175823 0.00328587 0.00186665 -0.000140371 0.00438183
internal_weight=33605 178 54 124 33427 8784 7977 24643 10478 6426 14165 1974 1861 12191 7961 4206 3024 2734 290 4230 1542 1059 589 470
internal_count=33605 178 54 124 33427 8784 7977 24643 10478 6426 14165 1974 1861 12191 7961 4206 3024 2734 290 4230 1542 1059 589 470
is_linear=0
shrinkage=0.03


Tree=219
num_leaves=25
num_cat=0
split_feature=20 22 2 3 22 22 24 3 21 0 22 22 3 24 22 3 2 3 22 23 2 6 3 4
split_gain=3.34475 4.52316 4.66295 9.53742 8.90778 8.34843 7.05516 5.75744 5.85702 3.91338 3.85033 3.78897 11.4166 6.2397 5.89888 12.9173 7.90229 5.42516 4.99386 5.27024 6.9204 4.64443 8.01321 4.9406
threshold=0.53500000000000014 10.500000000000002 29.525000000000002 17.095000000000002 13.500000000000002 14.500000000000002 3.5000000000000004 22.325000000000003 11.500000000000002 9.4850000000000012 338.50000000000006 176.50000000000003 22.785000000000004 3.5000000000000004 103.50000000000001 19.435000000000006 40.545000000000009 24.155000000000005 110.50000000000001 4.5000000000000009 36.365000000000002 14.099000000000002 22.265000000000004 23.585000000000004
decision_type=2 2 2 2 2 2 2 2 2 2 2 2 2 2 2 2 2 2 2 2 2 2 2 2
left_child=1 -1 6 4 -4 -5 9 8 -8 -3 -7 14 -13 -14 16 -16 -2 -15 19 21 -21 -17 -23 -24
right_child=11 2 3 5 -6 10 7 -9 -10 -11 -12 12 13 17 15 18 -18 -19 -20 20 -22 22 23 -25
leaf_value=-0.0024190455795126079 -0.00034983251327340778 0.0012318479374504993 -0.01925665864060002 0.0093108067016460377 -0.0026889744948360625 0.00043085301619207787 0.007976235179238322 -0.00093993833429750892 0.0017276122479393363 -0.0034052722185239897 -0.0058721574607658441 -0.00040831735259924548 -0.0018530691549790953 -0.0064261294258833529 0.0087625332172054458 -0.0061075281482189893 -0.013097600361162967 -0.020509418073213763 0.00024585872555848461 0.0050124924808838652 -0.0077900192848985739 0.020753362574163943 0.0030168447695303195 0.012696778706539872
leaf_weight=500 8196 866 31 95 505 9912 352 155 219 202 88 6891 363 279 181 30 44 27 4167 76 76 31 261 58
leaf_count=500 8196 866 31 95 505 9912 352 155 219 202 88 6891 363 279 181 30 44 27 4167 76 76 31 261 58
internal_value=1.65618e-12 0.000378583 0.000491164 0.000252422 -0.00364718 0.000459474 0.00190591 0.00418773 0.00557965 0.00035479 0.000375387 -0.000236614 -0.000771564 -0.00451317 7.16339e-05 0.000898229 -0.000417903 -0.00766877 0.000595305 0.00333242 -0.00138876 0.00522089 0.0061919 0.00477683
internal_weight=33605 12925 12425 10631 536 10095 1794 726 571 1068 10000 20680 7560 669 13120 4880 8240 306 4699 532 152 380 350 319
internal_count=33605 12925 12425 10631 536 10095 1794 726 571 1068 10000 20680 7560 669 13120 4880 8240 306 4699 532 152 380 350 319
is_linear=0
shrinkage=0.03


Tree=220
num_leaves=25
num_cat=0
split_feature=0 3 2 6 4 3 3 6 25 26 22 1 16 22 2 22 2 3 1 2 22 6 24 2
split_gain=3.19892 3.92049 4.95888 6.9263 4.89515 4.90697 4.14729 4.38396 4.12713 3.49215 4.80717 5.05405 4.23758 5.95675 15.8199 7.49184 8.21816 6.20478 8.43976 5.97609 5.59271 8.33381 5.56023 5.01252
threshold=11.705000000000002 25.195000000000004 26.195000000000004 17.220550000000003 12.385000000000003 21.045000000000005 22.525000000000002 17.947700000000001 -2.5141270514997163 0.33800000000000013 266.50000000000006 23.405000000000005 33.500000000000007 294.50000000000006 31.105000000000004 82.500000000000014 34.515000000000008 18.305000000000003 23.535000000000004 29.015000000000004 330.50000000000006 16.639450000000004 4.5000000000000009 34.565000000000005
decision_type=2 2 2 2 2 2 2 2 2 2 2 2 2 2 2 2 2 2 2 2 2 2 2 2
left_child=9 2 3 -2 -4 -6 7 -5 -3 12 -11 -12 13 15 19 16 -1 18 22 20 21 -15 -17 -20
right_child=1 8 4 6 5 -7 -8 -9 -10 10 11 -13 -14 14 -16 17 -18 -19 23 -21 -22 -23 -24 -25
leaf_value=-0.00082880135383506042 -0.0064080519700834507 -0.019259747293777763 -0.0029792295076804293 -0.00054350678754735342 0.005084914986509829 0.00010883908827323466 -0.0077048717944417141 0.0088716437606266331 -0.0038313209018866778 0.0016190186381826025 0.0027809891196397636 -0.0079858624675508694 0.00029287413563092298 -0.00082084388921170365 -0.0122847783395648 0.0064667791628506876 -0.0069348828071972317 0.00030554799453624669 -0.0025865477469802322 -0.0031827609080145921 -0.00092966674378580725 0.010622924216623817 0.019985396037074294 0.011901086506505424
leaf_weight=3903 293 20 320 309 234 750 60 52 71 2052 65 99 17126 126 125 98 209 5810 124 805 785 105 38 26
leaf_count=3903 293 20 320 309 234 750 60 52 71 2052 65 99 17126 126 125 98 209 5810 124 805 785 105 38 26
internal_value=2.49118e-12 -0.00113112 -0.000856454 -0.0028662 0.000243977 0.00129217 -0.000401212 0.000812692 -0.00722218 7.57411e-05 0.001224 -0.00371851 -1.11628e-05 -0.000439576 -0.0019607 -0.000149597 -0.00113915 0.0005179 0.00483177 -0.00125202 0.000277748 0.00438087 0.010244 -7.53578e-05
internal_weight=33605 2109 2018 714 1304 984 421 361 91 31496 2216 164 29280 12154 1946 10208 4112 6096 286 1821 1016 231 136 150
internal_count=33605 2109 2018 714 1304 984 421 361 91 31496 2216 164 29280 12154 1946 10208 4112 6096 286 1821 1016 231 136 150
is_linear=0
shrinkage=0.03


Tree=221
num_leaves=25
num_cat=0
split_feature=20 22 2 3 22 22 24 3 21 4 3 1 22 22 3 24 22 3 2 3 22 23 2 6
split_gain=3.18202 4.25258 4.41623 8.93707 8.39388 7.86014 6.63385 5.3874 5.47758 3.82346 3.77186 4.17964 3.6244 3.48266 10.8181 5.85552 5.43688 12.0497 7.42653 5.11236 4.71022 4.95985 6.51121 4.37066
threshold=0.53500000000000014 10.500000000000002 29.525000000000002 17.095000000000002 13.500000000000002 14.500000000000002 3.5000000000000004 22.325000000000003 11.500000000000002 26.365000000000006 15.625000000000002 21.345000000000002 338.50000000000006 176.50000000000003 22.785000000000004 3.5000000000000004 103.50000000000001 19.435000000000006 40.545000000000009 24.155000000000005 110.50000000000001 4.5000000000000009 36.365000000000002 14.099000000000002
decision_type=2 2 2 2 2 2 2 2 2 2 2 2 2 2 2 2 2 2 2 2 2 2 2 2
left_child=1 10 6 4 -4 -5 9 8 -8 -3 -1 -12 -7 16 -15 -16 18 -18 -2 -17 21 23 -23 -19
right_child=13 2 3 5 -6 12 7 -9 -10 -11 11 -13 -14 14 15 19 17 20 -20 -21 -22 22 -24 -25
leaf_value=-0.0087483191020576879 -0.00033924692806020857 0.00097468003954292255 -0.018681321879548411 0.009035093813056224 -0.0025986384079978329 0.00041873297087970671 0.0077319717523906461 -0.00089227755593075859 0.001689143717601538 -0.0048161384085922141 0.011157786271170429 -0.0019881759619161375 -0.005696560888847505 -0.00039006115560534825 -0.001808952748109702 -0.0062364863898255853 0.0084539231120606181 -0.0059334687497466796 -0.012697315344544635 -0.019907746565424732 0.00022635303119118201 0.0048530563089604437 -0.0075651949240924093 0.005997949495023515
leaf_weight=71 8196 953 31 95 505 9912 352 155 219 115 23 406 88 6891 363 279 181 30 44 27 4167 76 76 350
leaf_count=71 8196 953 31 95 505 9912 352 155 219 115 23 406 88 6891 363 279 181 30 44 27 4167 76 76 350
internal_value=3.18154e-12 0.000369259 0.00047842 0.000246081 -0.00352879 0.00044651 0.00185523 0.00406787 0.00541432 0.000351137 -0.0023434 -0.00128338 0.000364918 -0.000230787 -0.000743657 -0.00438586 6.47393e-05 0.000858305 -0.000405237 -0.00744277 0.000565731 0.00322398 -0.00135607 0.005056
internal_weight=33605 12925 12425 10631 536 10095 1794 726 571 1068 500 429 10000 20680 7560 669 13120 4880 8240 306 4699 532 152 380
internal_count=33605 12925 12425 10631 536 10095 1794 726 571 1068 500 429 10000 20680 7560 669 13120 4880 8240 306 4699 532 152 380
is_linear=0
shrinkage=0.03


Tree=222
num_leaves=25
num_cat=0
split_feature=3 21 22 22 0 3 6 3 22 16 3 22 2 6 3 8 21 3 26 22 26 3 22 3
split_gain=3.13913 3.88538 9.48662 3.33722 3.06622 6.12152 5.57462 9.82265 5.01376 5.16437 6.25417 4.86335 8.17736 7.38564 6.62158 8.95687 10.2815 7.97549 10.4857 6.33983 5.28809 5.06762 4.79829 7.41715
threshold=28.845000000000002 4.5000000000000009 118.50000000000001 148.50000000000003 3.0050000000000003 24.765000000000004 14.099000000000002 19.205000000000002 95.500000000000014 39.000000000000007 25.125000000000004 328.50000000000006 30.965000000000003 16.639450000000004 21.985000000000003 521.00000000000011 4.5000000000000009 25.065000000000001 0.024039784946236389 154.50000000000003 0.14885483870967767 19.295000000000005 266.50000000000006 21.195000000000004
decision_type=2 2 2 2 2 2 2 2 2 2 2 2 2 2 2 2 2 2 2 2 2 2 2 2
left_child=4 2 -2 -3 8 6 7 -6 9 10 -1 14 13 -13 -10 -16 -17 18 -18 -19 -20 -15 -8 -24
right_child=1 3 -4 -5 5 -7 22 -9 11 -11 -12 12 -14 21 15 16 17 19 20 -21 -22 -23 23 -25
leaf_value=-0.00081637666914098465 0.0010459183315363 -0.006498302646434387 0.027084628382697699 0.0042580319568514824 0.0011732631956372411 -0.0029923466365216612 0.00041887530217696539 -0.0052182640525680604 0.0016327815604588243 0.00049158541243238404 -0.015559845137266584 0.002568738291242577 -0.0086988942628619219 -0.00071557404292759026 0.0012586358553989356 0.0016014140586359871 -0.0031165715071195216 -0.0051412912889049868 0.0020049326531355396 -0.020945262408256532 -0.0025495694631032305 -0.0055190558404823349 0.00030022265381544867 -0.0041093369919452715
leaf_weight=6400 34 37 20 87 377 807 5679 508 4648 4052 26 540 113 1079 3658 1129 1287 265 867 25 312 242 825 588
leaf_count=6400 34 37 20 87 377 807 5679 508 4648 4052 26 540 113 1079 3658 1129 1287 265 867 25 312 242 825 588
internal_value=1.14265e-12 0.0039734 0.0106899 0.00104848 -2.11585e-05 -0.000502413 -0.000250517 -0.00249555 0.000150385 -0.000347152 -0.00087603 0.000518418 -0.000863005 -0.00038721 0.000742102 0.000193265 -0.000809857 -0.00179764 -0.00124421 -0.0065037 0.00079967 -0.00159555 2.96371e-05 -0.00153475
internal_weight=33605 178 54 124 33427 8784 7977 885 24643 10478 6426 14165 1974 1861 12191 7543 3885 2756 2466 290 1179 1321 7092 1413
internal_count=33605 178 54 124 33427 8784 7977 885 24643 10478 6426 14165 1974 1861 12191 7543 3885 2756 2466 290 1179 1321 7092 1413
is_linear=0
shrinkage=0.03


Tree=223
num_leaves=25
num_cat=0
split_feature=4 3 8 3 26 26 22 22 22 3 2 24 9 8 1 23 3 22 5 2 24 3 3 26
split_gain=3.02969 5.0988 4.80795 5.17622 7.66023 9.40296 6.27679 9.0217 7.67882 7.2845 9.65961 6.40724 6.27478 6.04067 5.45656 4.38245 4.34485 3.97894 3.95535 4.28255 5.42175 4.23353 4.22744 4.76298
threshold=10.785000000000002 26.585000000000004 559.00000000000011 20.315000000000001 -0.17141720430107546 -0.23144516129032253 94.500000000000014 77.500000000000014 174.50000000000003 17.455000000000002 33.275000000000013 2.5000000000000004 2.8500000000000005 672.50000000000011 30.735000000000003 4.5000000000000009 18.465000000000003 318.50000000000006 0.46385000000000004 28.445000000000004 2.5000000000000004 18.955000000000002 22.135000000000002 0.17057903225806481
decision_type=2 2 2 2 2 2 2 2 2 2 2 2 2 2 2 2 2 2 2 2 2 2 2 2
left_child=1 -1 18 6 5 14 7 -4 11 -9 -11 -8 -10 -12 17 -14 -13 -5 19 20 -2 -21 -20 -24
right_child=2 -3 3 4 -6 -7 8 9 12 10 13 16 15 -15 -16 -17 -18 -19 22 21 -22 -23 23 -25
leaf_value=-0.00055728969282600868 -7.9853571244430823e-05 -0.0082391581364871947 0.00020420049171411593 -0.0014208823488161043 -0.00027297011218414813 -0.0093993214497834071 0.00073416129842775668 0.00064124000858524087 0.0057205631877345897 -0.013299897055141627 -0.0069952773510980381 0.015366332184147232 -0.00088270493838788465 0.0020255594056936264 -0.017040713945669788 0.0024279395607507167 0.0058759393116030768 -0.011243823975520697 0.00086554950159412178 -0.00062944185763004696 0.0054119711140666561 0.00097770722210674703 -0.00016779145686015795 -0.0028618191148435659
leaf_weight=4969 275 79 3313 1590 5430 163 216 217 197 120 154 52 1246 118 21 506 263 38 1946 1831 393 7590 2048 830
leaf_count=4969 275 79 3313 1590 5430 163 216 217 197 120 154 52 1246 118 21 506 263 38 1946 1831 393 7590 2048 830
internal_value=1.73961e-12 -0.000677509 0.000119763 -0.000287202 -0.000836598 -0.00252561 0.00033428 -0.000412692 0.00151558 -0.00376863 -0.00620981 0.00471375 0.000644247 -0.00308183 -0.00184616 7.34515e-05 0.00744261 -0.00165016 0.000492097 0.000829937 0.00315112 0.000665353 -0.000214467 -0.000944735
internal_weight=33605 5048 28557 13644 7242 1812 6402 3922 2480 609 392 531 1949 272 1649 1752 315 1628 14913 10089 668 9421 4824 2878
internal_count=33605 5048 28557 13644 7242 1812 6402 3922 2480 609 392 531 1949 272 1649 1752 315 1628 14913 10089 668 9421 4824 2878
is_linear=0
shrinkage=0.03


Tree=224
num_leaves=25
num_cat=0
split_feature=22 1 22 1 2 23 6 17 1 17 1 22 2 25 3 3 22 22 8 2 25 1 6 3
split_gain=3.08662 6.02349 5.13592 7.38005 5.21175 5.62737 5.42751 4.39829 4.44865 4.21506 3.4065 3.38747 7.16326 7.50588 6.39118 5.79372 5.89817 7.81625 6.69256 6.92874 4.24514 6.5269 6.25618 8.5322
threshold=346.50000000000006 24.635000000000002 358.50000000000006 20.765000000000004 28.345000000000002 5.5000000000000009 16.639450000000004 43.000000000000007 22.005000000000006 43.000000000000007 21.635000000000002 25.500000000000004 31.055000000000003 -1.267059139784946 13.555000000000001 15.515000000000002 6.5000000000000009 10.500000000000002 672.50000000000011 28.225000000000005 -0.33032258064516123 21.495000000000001 16.639450000000004 19.105000000000004
decision_type=2 2 2 2 2 2 2 2 2 2 2 2 2 2 2 2 2 2 2 2 2 2 2 2
left_child=11 2 4 -4 5 6 -2 10 -9 -6 -5 12 15 -14 -13 16 -1 -18 19 -19 21 -16 23 -22
right_child=1 -3 3 7 9 -7 -8 8 -10 -11 -12 14 13 -15 20 -17 17 18 -20 -21 22 -23 -24 -25
leaf_value=0.0047093114414747108 0.0046314779345961177 -0.017029144591228531 0.01572376180626452 0.012824671733379363 -0.0044025162809613935 0.0082561944537711419 -0.0037110654471465949 -0.0007871059658807806 -0.013586452379822731 -0.014795278488862805 0.0012668417704076091 0.0097804129855226605 -0.0086734961670947869 0.00029053360922262069 0.0042721003173637256 0.00054197706232621073 -0.0091497221060356567 0.0097717704874042775 -0.0057562239969265643 -0.0010606636417158429 0.0026737354126534383 0.00024559210143633594 0.00022382534782492111 -0.0026835249777370524
leaf_weight=96 89 22 30 25 245 55 332 81 35 41 280 62 202 144 368 1976 158 62 240 372 314 23475 3092 1809
leaf_count=96 89 22 30 25 245 55 332 81 35 41 280 62 202 144 368 1976 158 62 240 372 314 23475 3092 1809
internal_value=-3.39432e-12 -0.00147197 -0.00118981 0.00134759 -0.00269161 -0.000768449 -0.00194744 0.000323162 -0.00464898 -0.00589239 0.0022142 5.61595e-05 -0.000862473 -0.0049428 0.000158685 -0.000376318 -0.00233165 -0.00314407 -0.00173622 0.000486827 0.000138156 0.000307738 -0.000637177 -0.00189117
internal_weight=33605 1235 1213 451 762 476 421 421 116 286 305 32370 3250 346 29120 2904 928 832 674 434 29058 23843 5215 2123
internal_count=33605 1235 1213 451 762 476 421 421 116 286 305 32370 3250 346 29120 2904 928 832 674 434 29058 23843 5215 2123
is_linear=0
shrinkage=0.03


Tree=225
num_leaves=25
num_cat=0
split_feature=22 2 16 2 22 22 22 22 6 16 22 22 3 6 22 26 22 22 3 22 2 25 3 22
split_gain=2.94576 6.80168 5.4313 7.04741 5.49718 4.8897 4.78357 4.5158 4.5108 3.96654 3.73544 3.49574 9.20114 11.9779 11.6244 10.5687 9.04374 16.2365 12.2405 8.21704 8.85228 11.4518 6.7847 9.07087
threshold=338.50000000000006 30.145000000000003 36.500000000000007 28.155000000000005 354.50000000000006 360.50000000000006 356.50000000000006 352.50000000000006 17.823850000000004 36.500000000000007 346.50000000000006 103.50000000000001 19.475000000000005 16.639450000000004 298.50000000000006 0.049096774193548492 282.50000000000006 160.50000000000003 24.255000000000006 174.50000000000003 30.575000000000003 -2.0174999999999996 21.985000000000003 126.50000000000001
decision_type=2 2 2 2 2 2 2 2 2 2 2 2 2 2 2 2 2 2 2 2 2 2 2 2
left_child=11 2 3 4 7 10 8 -2 -5 -3 -4 -1 19 16 22 -16 17 -14 -19 -13 21 -21 23 -15
right_child=1 9 5 6 -6 -7 -8 -9 -10 -11 -12 12 13 14 15 -17 -18 18 -20 20 -22 -23 -24 -25
leaf_value=-0.00030309718892892562 0.00017982686946072199 -0.016844270713627339 0.0040982294343657006 -0.0056534554385965045 0.006451064974249709 0.0089426950031672794 -0.0020509653905578344 -0.0082727935490343324 -0.016404791423404702 -0.0045904112445897226 -0.0011346130861155286 0.0083465970896687055 0.00026328672294536064 -0.0018546836173029715 -0.00081493390463876722 -0.0081536917984767511 0.0018003874906090166 -0.0032253993283423905 -0.021920444858260453 0.010853692026551258 -0.0031103998617649639 0.0017551692442774717 0.00050793888259154671 0.0030181088661265184
leaf_weight=13390 348 27 190 124 106 74 223 68 49 199 347 189 1986 407 849 223 798 2102 32 141 279 1064 8175 2215
leaf_count=13390 348 27 190 124 106 74 223 68 49 199 347 189 1986 407 849 223 798 2102 32 141 279 1064 8175 2215
internal_value=-1.01652e-13 -0.00119656 -0.000478531 -0.00193724 0.000352189 0.00171311 -0.00495512 -0.00120185 -0.00869863 -0.00605437 0.000716858 6.59328e-05 0.00033361 0.000122169 0.000638007 -0.00234156 -0.00112274 -0.00168892 -0.00350574 0.00245522 0.0017049 0.00281981 0.000933839 0.00226173
internal_weight=33605 1755 1529 918 522 611 396 416 173 226 537 31850 18460 16787 11869 1072 4918 4120 2134 1673 1484 1205 10797 2622
internal_count=33605 1755 1529 918 522 611 396 416 173 226 537 31850 18460 16787 11869 1072 4918 4120 2134 1673 1484 1205 10797 2622
is_linear=0
shrinkage=0.03


Tree=226
num_leaves=25
num_cat=0
split_feature=8 3 23 2 22 2 22 22 21 1 22 3 22 6 26 22 3 26 1 2 3 2 25 0
split_gain=3.02638 3.18087 3.65529 3.15243 5.10323 3.94098 5.8467 3.93172 6.04901 3.99366 4.44822 3.60079 7.31733 7.6421 5.35094 5.08366 4.65457 4.25321 4.78241 6.11357 8.09136 4.47268 7.6763 4.66745
threshold=672.50000000000011 25.265000000000004 2.5000000000000004 35.415000000000006 82.500000000000014 36.635000000000012 128.50000000000003 108.50000000000001 4.5000000000000009 30.465000000000003 97.500000000000014 19.985000000000003 318.50000000000006 17.728850000000005 -0.23144516129032253 58.500000000000007 21.985000000000003 -0.22161290322580643 23.865000000000006 31.455000000000002 15.625000000000002 27.385000000000002 -1.2308064516129031 10.785000000000002
decision_type=2 2 2 2 2 2 2 2 2 2 2 2 2 2 2 2 2 2 2 2 2 2 2 2
left_child=-1 3 -3 11 -5 6 -6 9 -9 10 -7 17 13 14 16 -15 -13 18 19 20 -2 22 -19 -24
right_child=1 2 -4 4 5 7 -8 8 -10 -11 -12 12 -14 15 -16 -17 -18 21 -20 -21 -22 -23 23 -25
leaf_value=0.00015593425134371867 -0.008132237343764958 -0.00082513560578227044 -0.018032070967834442 -0.010750351563096045 0.0063571997446552758 0.0033535998620625052 -0.0026850907460731618 0.0078645449588921942 -0.0027612310959808923 -0.015157823971189234 -0.0068109364460150782 -0.0026194272056817591 -0.011299874819259145 -0.0075433755748284355 -0.013874238402439423 -0.00026810379724343409 -0.013786177913063658 0.0055269864844563216 -0.001263604432044116 0.010598474515801561 0.002105597696216252 -0.0018190459220730508 0.00027446014179317949 -0.0077180913375213553
leaf_weight=25850 74 25 20 30 265 77 85 99 94 23 78 365 67 90 52 2186 37 230 602 70 1137 1635 332 82
leaf_count=25850 74 25 20 30 265 77 85 99 94 23 78 365 67 90 52 2186 37 230 602 70 1137 1635 332 82
internal_value=-2.70363e-12 -0.000519781 -0.00847266 -0.000473363 0.00137323 0.00187767 0.00416121 -0.000276608 0.0026893 -0.00349245 -0.00176146 -0.000672643 -0.00150508 -0.0012647 -0.00481859 -0.00055579 -0.00364721 -0.000113218 0.000941839 0.00197828 0.00148 -0.000984948 0.00113268 -0.00130861
internal_weight=33605 7755 45 7710 751 721 350 371 193 178 155 6959 2797 2730 454 2276 402 4162 1883 1281 1211 2279 644 414
internal_count=33605 7755 45 7710 751 721 350 371 193 178 155 6959 2797 2730 454 2276 402 4162 1883 1281 1211 2279 644 414
is_linear=0
shrinkage=0.03


Tree=227
num_leaves=25
num_cat=0
split_feature=9 26 22 1 3 3 3 0 22 26 3 3 24 1 1 7 3 22 2 1 2 2 24 23
split_gain=2.91391 3.40061 4.39571 5.43142 3.63672 4.90104 3.96695 8.79925 8.21363 4.29445 4.58226 3.58363 10.9454 5.05069 4.82932 3.76112 5.5363 5.27892 5.27285 4.46815 3.74493 4.63942 3.55363 3.53346
threshold=1.6500000000000001 0.33800000000000013 266.50000000000006 24.455000000000002 27.275000000000002 25.685000000000006 22.015000000000004 10.525 82.500000000000014 0.42787096774193573 20.585000000000004 24.645000000000003 4.5000000000000009 28.665000000000003 30.885000000000002 78.472250000000017 13.555000000000001 290.50000000000006 29.705000000000002 20.635000000000002 35.355000000000011 36.435000000000009 2.5000000000000004 1.5000000000000002
decision_type=2 2 2 2 2 2 2 2 2 2 2 2 2 2 2 2 2 2 2 2 2 2 2 2
left_child=-1 11 4 -4 5 6 8 -8 -3 10 -10 15 14 -14 -13 -2 -17 19 -19 -18 -21 -22 -16 -23
right_child=1 2 3 -5 -6 -7 7 -9 9 -11 -12 12 13 -15 22 16 17 18 -20 20 21 23 -24 -25
leaf_value=0.00051003091664476429 -8.3619818478365975e-05 0.00036071902230778416 -0.00061531808910824889 -0.012596331108051041 -0.0061329574164420619 0.0067116006109397856 0.0006769409393645266 -0.0088948512937089327 0.015048161784393919 -0.0044561832980252796 0.0054979987559201889 -0.0026946537087481834 -0.019087701729283882 -0.0053353974327251729 0.0032018438602031615 -0.016638305564613445 0.011424831600327577 -0.003011187072084471 -0.013753481840884143 -0.0018985825124124037 0.012555739287322816 -0.010278431081467055 -0.00083989767083484268 0.0053398030134849247
leaf_weight=7755 20958 619 140 45 58 150 959 95 54 32 278 485 26 318 379 23 28 163 55 487 39 22 405 32
leaf_count=7755 20958 619 140 45 58 150 959 95 54 32 278 485 26 318 379 23 28 163 55 487 39 22 405 32
internal_value=9.79799e-13 -0.000153009 0.000915208 -0.00352962 0.00128149 0.00147812 0.00109274 -0.000185792 0.00246361 0.00603969 0.00705134 -0.000263845 -0.00162833 -0.00637482 -0.00034166 -0.000162918 -0.00212042 -0.00171617 -0.0057214 -0.000280086 -0.000845151 0.0046712 0.00111395 -0.00102318
internal_weight=33605 25850 2430 185 2245 2187 2037 1054 983 364 332 23420 1613 344 1269 21807 849 826 218 608 580 93 784 54
internal_count=33605 25850 2430 185 2245 2187 2037 1054 983 364 332 23420 1613 344 1269 21807 849 826 218 608 580 93 784 54
is_linear=0
shrinkage=0.03


Tree=228
num_leaves=25
num_cat=0
split_feature=3 21 22 22 0 22 6 2 3 26 22 1 11 3 22 2 1 3 24 25 13 2 22 22
split_gain=2.88324 3.6742 8.89598 3.13906 2.8037 4.83545 4.0295 3.83071 3.30236 3.24163 4.68312 5.25718 3.57866 5.30736 5.36789 4.85407 4.13967 4.03407 12.6257 7.77471 6.16658 5.02071 4.52927 8.12683
threshold=28.845000000000002 4.5000000000000009 118.50000000000001 148.50000000000003 18.420000000000005 112.50000000000001 16.639450000000004 27.235000000000003 21.405000000000005 0.33800000000000013 266.50000000000006 24.455000000000002 -53.999999999999993 13.555000000000001 290.50000000000006 29.705000000000002 20.635000000000002 24.705000000000002 2.5000000000000004 -1.0258091397849463 0.070000000000000021 35.005000000000003 94.500000000000014 190.50000000000003
decision_type=2 2 2 2 2 2 2 2 2 2 2 2 2 2 2 2 2 2 2 2 2 2 2 2
left_child=4 2 -2 -3 9 -6 7 -7 -8 12 -11 -12 13 -1 16 -16 -15 22 -19 20 -20 -22 -14 -24
right_child=1 3 -4 -5 5 6 8 -9 -10 10 11 -13 17 14 15 -17 -18 18 19 -21 21 -23 23 -25
leaf_value=-0.016139156760890845 0.001000495826935067 -0.0063556007464491832 0.026215592105872928 0.0040764915180424672 -0.0093922601430329357 -0.0071069647347276376 0.003607643786107458 0.0021164641785012049 -0.0011544022291741971 0.0014966622561795886 -0.00078260414028430685 -0.013155016283970325 -0.00035293823493879201 0.011082086654912147 -0.0030259754285388799 -0.013340877343392506 -0.00070312403733478615 0.001351853628869995 -0.0010266854098690502 -0.0085415769265017524 -0.015636715142486185 -0.0042177868843364229 0.0013246594451155136 -8.9951176577551158e-05
leaf_weight=23 34 37 20 87 67 154 177 55 505 2137 136 40 10652 28 162 55 639 1227 1365 177 39 311 5917 9561
leaf_count=23 34 37 20 87 67 154 177 55 505 2137 136 40 10652 28 162 55 639 1227 1365 177 39 311 5917 9561
internal_value=1.61778e-12 0.00380801 0.0103394 0.00096369 -2.02778e-05 -0.0016198 -0.00103534 -0.00467975 8.14953e-05 2.69162e-05 0.00110927 -0.00359452 -5.61013e-05 -0.00191197 -0.0015418 -0.00564035 -0.000208393 1.44842e-06 -0.00101831 -0.00255542 -0.0019376 -0.00549018 0.000123172 0.000450833
internal_weight=33605 178 54 124 33427 958 891 209 682 32469 2313 176 30156 907 884 217 667 29249 3119 1892 1715 350 26130 15478
internal_count=33605 178 54 124 33427 958 891 209 682 32469 2313 176 30156 907 884 217 667 29249 3119 1892 1715 350 26130 15478
is_linear=0
shrinkage=0.03


Tree=229
num_leaves=25
num_cat=0
split_feature=8 4 25 22 2 7 3 3 1 2 22 1 2 22 3 22 22 2 24 2 6 1 13 26
split_gain=2.85629 3.10341 3.50576 3.01472 4.73985 4.5209 4.94864 4.23255 3.65795 3.60232 3.31894 4.00392 7.60156 6.43467 18.2079 5.74607 5.30918 8.37659 5.21151 4.52703 4.27283 5.39734 4.25657 3.91636
threshold=672.50000000000011 34.120000000000012 -1.8991129032258065 10.500000000000002 31.405000000000005 75.322650000000024 15.135000000000003 17.705000000000002 20.145000000000003 27.385000000000002 346.50000000000006 22.335000000000004 28.285000000000004 14.500000000000002 16.845000000000002 27.500000000000004 21.500000000000004 29.315000000000001 2.5000000000000004 31.495000000000001 16.639450000000004 23.605000000000004 0.055000000000000007 -0.091378494623656048
decision_type=2 2 2 2 2 2 2 2 2 2 2 2 2 2 2 2 2 2 2 2 2 2 2 2
left_child=1 3 -3 4 5 -1 -7 9 -5 -8 11 12 18 14 -13 -14 17 -15 -10 20 -16 -22 -20 -17
right_child=-2 2 -4 8 -6 6 7 -9 10 -11 -12 13 15 16 19 23 -18 -19 22 -21 21 -23 -24 -25
leaf_value=0.00093460804800413839 -0.00050496363507371116 -0.010497016716424537 -0.0015016939211773205 0.0058673752853288666 -0.015198284401981666 -0.010925457366392947 0.0070891935579129491 -0.0047494119524388858 0.00045167690313056759 -0.001562535362891547 -0.0015567689984173415 -0.012085078955649144 -0.0016771923913365585 0.006556811229863636 0.021215612922395977 -0.0015817768832570628 0.00023445669477083049 -0.0046062824924493232 0.015635250491710998 0.0013822408557493001 0.017616421395912765 0.0034363942971972167 0.0060559513651732349 0.0080634038231286124
leaf_weight=486 7755 46 256 104 22 64 64 230 115 134 902 44 434 71 35 57 21878 409 54 47 40 61 184 113
leaf_count=486 7755 46 256 104 22 64 64 230 115 134 902 44 434 71 35 57 21878 409 54 47 40 61 184 113
internal_value=-6.14747e-13 0.000151489 -0.00287184 0.000187228 -0.00142741 -0.00111763 -0.00314485 -0.00198139 0.000253002 0.00123398 0.000229115 0.00029754 0.00219816 0.000217005 0.00524249 0.000154142 0.000165981 -0.00295507 0.00569558 0.00940868 0.0121825 0.00905225 0.00822941 0.00482943
internal_weight=33605 25850 302 25548 1000 978 492 428 24548 198 24444 23542 957 22585 227 604 22358 480 353 183 136 101 238 170
internal_count=33605 25850 302 25548 1000 978 492 428 24548 198 24444 23542 957 22585 227 604 22358 480 353 183 136 101 238 170
is_linear=0
shrinkage=0.03


Tree=230
num_leaves=25
num_cat=0
split_feature=9 25 5 22 22 5 3 2 22 3 6 22 2 4 3 0 26 22 5 22 1 25 22 23
split_gain=2.78586 3.33389 3.47192 3.38319 4.33534 3.13283 5.42205 7.11074 4.95835 7.06003 6.00961 10.1191 6.09736 5.00668 4.69576 5.26429 4.97319 4.69798 4.57032 4.51982 4.4756 4.45395 4.00691 3.95902
threshold=1.6500000000000001 -1.8455967741935482 0.041450000000000008 282.50000000000006 296.50000000000006 0.40265000000000006 23.355000000000004 28.595000000000002 266.50000000000006 21.195000000000004 17.947700000000001 125.50000000000001 31.455000000000002 18.085000000000004 22.395000000000003 8.9350000000000005 0.35129032258064524 262.50000000000006 0.9799500000000001 204.50000000000003 20.145000000000003 -2.5481827956989247 264.50000000000006 1.0000000180025095e-35
decision_type=2 2 2 2 2 2 2 2 2 2 2 2 2 2 2 2 2 2 2 2 2 2 2 2
left_child=1 2 -1 -3 -5 23 8 -8 10 20 12 -12 14 -13 16 -16 17 -7 21 -15 -10 -14 -9 -2
right_child=5 3 -4 4 -6 6 7 22 9 -11 11 13 18 19 15 -17 -18 -19 -20 -21 -22 -23 -24 -25
leaf_value=0.010378254653456119 0.0012288026563021769 -0.00019470053330322194 0.0013441130625135333 0.0064139131672813427 0.00085204292771142072 -0.0015030766057646412 -0.011642907939248662 -0.0015636366985793419 0.012070832526683808 -0.0047982478209644842 -0.00054277096422486687 0.0077672715695655857 -0.00529708347153004 0.0049879211786949158 -0.0020531879743169485 -0.0099186185913512845 0.0029270998021265222 0.0070720321510058144 0.0054976425791698454 0.00046974120282465499 -0.00075331877866185917 0.0010923426450295444 -0.015077541209757328 -9.0082640747995781e-05
leaf_weight=39 2408 4774 2091 154 697 2263 68 1558 25 475 1110 207 109 367 247 111 283 59 190 436 1207 990 20 13717
leaf_count=39 2408 4774 2091 154 697 2263 68 1558 25 475 1110 207 109 367 247 111 283 59 190 436 1207 990 20 13717
internal_value=3.96826e-12 0.000498699 0.00150953 0.000115932 0.00185854 -0.00014961 -0.000574879 -0.00214424 -0.000255141 -0.00169107 0.00012953 0.0014343 -0.000521016 0.00360713 -0.00127032 -0.00449191 -0.000827579 -0.00128519 0.00120139 0.00253471 -0.000493088 0.000458633 -0.00173492 0.000106871
internal_weight=33605 7755 2130 5625 851 25850 9725 1646 8079 1707 6372 2120 4252 1010 2963 358 2605 2322 1289 803 1232 1099 1578 16125
internal_count=33605 7755 2130 5625 851 25850 9725 1646 8079 1707 6372 2120 4252 1010 2963 358 2605 2322 1289 803 1232 1099 1578 16125
is_linear=0
shrinkage=0.03


Tree=231
num_leaves=25
num_cat=0
split_feature=4 3 8 3 26 26 22 22 3 2 22 9 24 8 1 23 1 3 21 2 3 7 22 3
split_gain=2.80028 4.77323 4.1571 4.92943 6.78021 8.35934 5.68309 8.58392 6.82195 9.03543 6.74471 5.96746 5.95355 5.7127 5.041 4.12356 4.10441 4.24358 3.90422 3.80653 3.78099 5.26556 4.69522 4.77221
threshold=10.785000000000002 26.585000000000004 559.00000000000011 20.315000000000001 -0.17141720430107546 -0.23144516129032253 94.500000000000014 77.500000000000014 17.455000000000002 33.275000000000013 174.50000000000003 2.8500000000000005 2.5000000000000004 672.50000000000011 30.735000000000003 4.5000000000000009 25.115000000000006 18.705000000000002 3.5000000000000004 34.155000000000008 15.625000000000002 73.832350000000005 18.500000000000004 14.095000000000001
decision_type=2 2 2 2 2 2 2 2 2 2 2 2 2 2 2 2 2 2 2 2 2 2 2 2
left_child=1 -1 -2 6 5 14 7 20 19 -10 12 -12 -8 -11 -5 -13 17 -14 -15 -9 21 -4 -23 -24
right_child=2 -3 3 4 -6 -7 10 8 9 13 11 15 16 18 -16 -17 -18 -19 -20 -21 -22 22 23 -25
leaf_value=-0.00053503484339187249 0.00046135623155654077 -0.0079676087402231702 -0.01270498693610231 -0.0015594318031229664 -0.00026915293088402209 -0.0088694954876062312 0.00062848361184377507 -0.00083946944880591823 -0.012860656086355447 -0.0067839626687895976 0.0056010785409447922 -0.00083349258456739159 0.018338469439821148 0.0044537546227648092 -0.016352323618318353 0.002377874562011805 0.0035034630392678083 0.0074589387723274789 -0.010090825240127742 0.011395764697271471 0.00083567767961815521 -0.0040121177901380947 0.0052358082145918155 -0.0010813241739442028
leaf_weight=4969 14913 79 36 1628 5430 163 216 191 120 154 197 1246 44 98 21 506 150 121 20 26 2450 296 150 381
leaf_count=4969 14913 79 36 1628 5430 163 216 191 120 154 197 1246 44 98 21 506 150 121 20 26 2450 296 150 381
internal_value=9.63144e-13 -0.000651353 0.000115139 -0.000263279 -0.000799418 -0.00238846 0.000343206 -0.000367561 -0.00364106 -0.00600346 0.00146725 0.000650634 0.00446459 -0.00297823 -0.00174782 9.39913e-05 0.00709506 0.0103601 0.00198857 0.000626503 0.000234178 -0.00147344 -0.000984523 0.000703177
internal_weight=33605 5048 28557 13644 7242 1812 6402 3922 609 392 2480 1949 531 272 1649 1752 315 165 118 217 3313 863 827 531
internal_count=33605 5048 28557 13644 7242 1812 6402 3922 609 392 2480 1949 531 272 1649 1752 315 165 118 217 3313 863 827 531
is_linear=0
shrinkage=0.03


Tree=232
num_leaves=25
num_cat=0
split_feature=22 2 6 3 22 2 3 23 22 2 6 4 22 3 6 26 22 22 3 22 17 22 22 7
split_gain=2.74486 6.49904 5.01118 5.56671 4.33935 5.94396 5.6239 4.86257 5.48442 4.20175 6.76501 3.81508 3.25442 8.83831 12.233 10.8868 11.9847 10.8754 10.1484 10.4285 8.26526 8.72575 8.09764 7.05727
threshold=338.50000000000006 30.495000000000001 16.639450000000004 20.275000000000002 358.50000000000006 28.545000000000005 14.985000000000001 5.5000000000000009 348.50000000000006 27.465000000000003 14.099000000000002 7.2250000000000005 103.50000000000001 20.315000000000001 16.639450000000004 -0.17141720430107546 110.50000000000001 264.50000000000006 23.575000000000003 162.50000000000003 43.000000000000007 172.50000000000003 298.50000000000006 74.830400000000012
decision_type=2 2 2 2 2 2 2 2 2 2 2 2 2 2 2 2 2 2 2 2 2 2 2 2
left_child=12 2 9 4 5 7 -6 8 -4 -2 -11 -7 -1 20 15 -15 -17 -16 -18 -20 22 -22 -14 -24
right_child=1 -3 3 -5 6 11 -8 -9 -10 10 -12 -13 13 14 17 16 18 -19 19 -21 21 -23 23 -25
leaf_value=-0.00029242008391104396 0.009043697999484502 -0.0073316356034310373 0.0012155653713002371 -0.013973841003753477 0.01102070475295186 -0.016345987952945215 -2.3485163169947348e-05 0.0057477287420743079 -0.0048198446206412816 -0.006843183198070619 0.0030144958657196039 -0.0050038671798756694 0.0064516655921168136 -0.005628147743276875 0.00097966934024047584 0.0061601886473363265 -0.00035987018858760108 -0.00149441464141809 -0.0028213887947110771 -0.012742039890632637 0.0046472584467743879 -0.00074816325423755639 0.00020821900917910948 0.0063569418695230487
leaf_weight=13390 67 141 260 32 50 31 244 86 283 80 289 192 520 474 9210 210 2767 1935 677 111 339 1321 672 224
leaf_count=13390 67 141 260 32 50 31 244 86 283 80 289 192 520 474 9210 210 2767 1935 677 111 339 1321 672 224
internal_value=-8.07639e-13 -0.00115504 -0.000615445 -0.00163242 -0.00128781 -0.00237222 0.00185478 -0.00088023 -0.00192996 0.00213225 0.00087733 -0.00658057 6.36449e-05 0.000321917 2.839e-05 -0.00134331 -0.000803869 0.000550118 -0.00121525 -0.00421884 0.00178994 0.000353673 0.00347369 0.0017454
internal_weight=33605 1755 1614 1178 1146 852 294 629 543 436 369 223 31850 18460 15384 4239 3765 11145 3555 788 3076 1660 1416 896
internal_count=33605 1755 1614 1178 1146 852 294 629 543 436 369 223 31850 18460 15384 4239 3765 11145 3555 788 3076 1660 1416 896
is_linear=0
shrinkage=0.03


Tree=233
num_leaves=25
num_cat=0
split_feature=22 3 8 22 24 23 3 6 3 22 26 1 2 16 2 3 22 3 8 2 22 22 22 15
split_gain=2.70231 8.85252 8.47485 8.18549 8.06021 8.03076 8.0047 7.33609 7.81553 10.17 7.52843 7.01698 6.93693 6.61196 7.08273 5.92576 11.9581 11.4946 15.2235 10.8191 9.07042 11.6661 8.17549 7.11648
threshold=196.50000000000003 21.985000000000003 496.50000000000006 105.50000000000001 2.5000000000000004 4.5000000000000009 18.465000000000003 16.639450000000004 23.385000000000002 145.50000000000003 -0.095016129032257965 29.555000000000003 31.955000000000002 39.000000000000007 40.545000000000009 25.005000000000006 130.50000000000003 22.135000000000002 496.50000000000006 35.175000000000004 125.50000000000001 118.50000000000001 138.50000000000003 0.045000000000000005
decision_type=2 2 2 2 2 2 2 2 2 2 2 2 2 2 2 2 2 2 2 2 2 2 2 2
left_child=3 5 11 13 -4 -2 -5 8 10 -10 -8 -3 -7 14 -1 16 19 -18 -19 -9 21 23 -22 -17
right_child=1 2 4 6 -6 12 7 15 9 -11 -12 -13 -14 -15 -16 20 17 18 -20 -21 22 -23 -24 -25
leaf_value=-0.00075457921182925478 -0.00043474716313291015 0.00035846327542341547 -0.00050832916840397725 0.013373872959864853 -0.0045085386605646701 0.0022651807397612157 -0.00063513849394651253 -0.0027010895945115496 -0.00043400760411986994 -0.006930704046393568 0.0035700929879781446 -0.015676369811967013 -0.0035858785648267273 0.00056003031736042298 -0.018628676924854516 0.0014902901390521992 0.0081772377290476542 0.0074507946002547844 0.0011919710002469342 0.0023939762768207715 -0.004770719653145775 0.0093071485174183108 0.00019754041652310134 -0.013943875404395933
leaf_weight=8380 5472 1402 735 46 1183 1967 1186 715 640 328 566 25 201 5250 20 369 378 442 1676 789 395 196 1215 29
leaf_count=8380 5472 1402 735 46 1183 1967 1186 715 640 328 566 25 201 5250 20 369 378 442 1676 789 395 196 1215 29
internal_value=-2.01013e-12 -0.00038604 -0.00167311 0.000187474 -0.00297561 0.000177475 0.000891465 0.000827123 -0.000471926 -0.00263537 0.000723401 7.75447e-05 0.00172272 -0.000275149 -0.000797137 0.00139666 0.00208489 0.00335817 0.00249811 -2.82126e-05 0.000147606 0.00331607 -0.00102138 0.00036569
internal_weight=33605 10985 3345 22620 1918 7640 8970 8924 2720 968 1752 1427 2168 13650 8400 6204 4000 2496 2118 1504 2204 594 1610 398
internal_count=33605 10985 3345 22620 1918 7640 8970 8924 2720 968 1752 1427 2168 13650 8400 6204 4000 2496 2118 1504 2204 594 1610 398
is_linear=0
shrinkage=0.03


Tree=234
num_leaves=25
num_cat=0
split_feature=0 3 2 6 4 3 3 6 25 22 22 22 23 3 11 2 2 3 3 22 3 24 22 2
split_gain=2.68078 3.61551 4.65217 5.51238 4.73105 4.06152 3.55104 3.99741 3.49983 3.3849 4.34722 3.24845 4.66536 3.13837 5.56423 3.40396 3.2523 3.17011 2.8899 2.7771 7.42148 7.39789 5.12279 5.14211
threshold=11.705000000000002 24.825000000000003 26.195000000000004 17.220550000000003 12.385000000000003 21.045000000000005 22.525000000000002 17.947700000000001 -2.5255645161290321 125.50000000000001 266.50000000000006 83.500000000000014 3.5000000000000004 22.915000000000003 26.000000000000004 31.055000000000003 29.665000000000003 24.155000000000005 22.135000000000002 328.50000000000006 19.905000000000005 3.5000000000000004 340.50000000000006 28.695000000000004
decision_type=2 2 2 2 2 2 2 2 2 2 2 2 2 2 2 2 2 2 2 2 2 2 2 2
left_child=19 2 3 18 -4 11 7 -5 -3 -7 13 12 -6 15 16 -11 -15 -18 -2 -1 22 -22 -21 -24
right_child=1 8 4 6 5 9 -8 -9 -10 10 -12 -13 -14 14 -16 -17 17 -19 -20 20 21 -23 23 -25
leaf_value=0.00014949128889669093 -0.0046127292769683878 -0.016509980533029073 -0.0028264106567815156 -0.00062749479597805119 0.0065780529572979588 -0.0038973328925454788 -0.0072139988178387283 0.0083629884353229912 -0.0036000868790115248 0.0035840523239800376 -0.0044098458396778862 0.0081583999260049309 -0.0059242946389713317 -0.0065824393865240869 0.0074561056626859948 0.013982400925117818 0.0036763839142488156 -0.0083708616960793732 -0.013200969361528333 0.0028044296524921096 -0.0013035511407017541 -0.0092673952236900781 0.00055881460106706042 -0.0030033811840224291
leaf_weight=29137 252 23 313 309 61 139 60 52 106 170 99 125 48 86 74 34 92 25 41 422 267 173 868 629
leaf_count=29137 252 23 313 309 61 139 60 52 106 170 99 125 48 86 74 34 92 25 41 422 267 173 868 629
internal_value=-1.72747e-12 -0.00103547 -0.000718422 -0.00265477 0.000373644 0.00142466 -0.000455725 0.000667533 -0.00590185 0.000307377 0.00131506 0.00485767 0.00107243 0.00249336 0.000413783 0.00531711 -0.00215337 0.00110219 -0.0058145 6.93362e-05 -0.000920693 -0.00443479 -0.000114959 -0.000937926
internal_weight=33605 2109 1980 714 1266 953 421 361 129 719 580 234 109 481 277 204 203 117 293 31496 2359 440 1919 1497
internal_count=33605 2109 1980 714 1266 953 421 361 129 719 580 234 109 481 277 204 203 117 293 31496 2359 440 1919 1497
is_linear=0
shrinkage=0.03


Tree=235
num_leaves=25
num_cat=0
split_feature=8 4 25 22 2 7 3 3 2 22 25 1 25 2 22 2 2 1 22 1 2 22 3 22
split_gain=2.65082 2.84561 3.299 2.82825 4.48044 4.26431 3.92916 6.20442 5.6713 4.12233 3.60386 3.41324 3.16694 3.13452 5.31674 4.84443 4.25034 6.21325 2.97472 3.88374 7.17314 6.08312 17.1074 5.49018
threshold=672.50000000000011 34.120000000000012 -1.8991129032258065 10.500000000000002 31.405000000000005 76.966650000000016 14.335000000000003 17.585000000000004 28.925000000000004 4.5000000000000009 -2.3154442558007919 20.145000000000003 -2.0472258064516122 30.265000000000004 6.5000000000000009 28.835000000000004 27.315000000000001 23.495000000000001 346.50000000000006 22.335000000000004 28.285000000000004 14.500000000000002 16.845000000000002 14.500000000000002
decision_type=2 2 2 2 2 2 2 2 2 2 2 2 2 2 2 2 2 2 2 2 2 2 2 2
left_child=1 3 -3 4 5 13 -7 8 10 -9 -8 12 -5 14 15 -1 -16 -18 19 20 -13 22 -21 -22
right_child=-2 2 -4 11 -6 6 7 9 -10 -11 -12 18 -14 -15 16 -17 17 -19 -20 21 23 -23 -24 -25
leaf_value=0.012990205595896651 -0.00048646153240761072 -0.010145994119824456 -0.0014199633499538322 0.014734652077492612 -0.014772483438930726 -0.011341429368406535 0.013625799989327789 -0.0020615322438939272 -0.0087990806582761375 -0.011372992111137136 0.0018721605577350904 0.0055548916683168213 0.002644711198428502 -0.003248583789630187 0.01139684412907809 0.0026010654998289738 -0.0071087582096792295 0.0046336911851540203 -0.0014699463436668872 -0.011703215285775845 -0.0052366707698357374 0.00015664592977737016 0.0091308553473018177 0.001684428381888241
leaf_weight=52 7755 46 256 26 22 50 30 92 37 80 108 353 78 146 20 181 121 61 902 44 132 22358 183 472
leaf_count=52 7755 46 256 26 22 50 30 92 37 80 108 353 78 146 20 181 121 61 902 44 132 22358 183 472
internal_value=-2.1115e-13 0.000145938 -0.00274909 0.00018016 -0.00138374 -0.00108256 -0.00347902 -0.00234611 0.00163086 -0.00639244 0.0044273 0.000243868 0.0056672 0.000554944 0.00183153 0.00491967 -0.00173053 -0.0031731 0.000220794 0.000285574 0.00215746 0.000206256 0.00509253 0.00017187
internal_weight=33605 25850 302 25548 1000 978 397 347 175 172 138 24548 104 581 435 233 202 182 24444 23542 957 22585 227 604
internal_count=33605 25850 302 25548 1000 978 397 347 175 172 138 24548 104 581 435 233 202 182 24444 23542 957 22585 227 604
is_linear=0
shrinkage=0.03


Tree=236
num_leaves=25
num_cat=0
split_feature=9 25 22 22 5 22 1 4 3 2 22 22 3 25 3 5 3 2 6 2 3 4 26 0
split_gain=2.60844 3.15094 3.31288 4.123 3.23509 3.01563 2.95831 2.89161 4.60784 3.85306 7.17865 5.32874 5.09064 4.81527 3.88536 3.81698 6.44554 6.32965 4.82274 5.75957 4.61367 4.24461 4.42021 4.18165
threshold=1.6500000000000001 -1.8455967741935482 282.50000000000006 296.50000000000006 0.041450000000000008 264.50000000000006 21.175000000000004 12.465000000000002 25.525000000000002 29.015000000000004 310.50000000000006 35.500000000000007 17.035000000000004 -1.2031666666666663 19.605000000000004 0.40265000000000006 23.355000000000004 28.595000000000002 17.947700000000001 31.455000000000002 22.365000000000006 29.215000000000003 -0.044623655913978516 6.3250000000000011
decision_type=2 2 2 2 2 2 2 2 2 2 2 2 2 2 2 2 2 2 2 2 2 2 2 2
left_child=1 4 5 -4 -1 6 -3 8 9 -2 11 12 -11 -12 -14 -9 18 -18 19 20 -17 22 -20 -21
right_child=7 2 3 -5 -6 -7 -8 15 -10 10 13 -13 14 -15 -16 16 17 -19 21 23 -22 -23 -24 -25
leaf_value=0.010026152791598669 0.00071368105772856582 -0.0097505410574376585 0.0062772633439964042 0.00085330665390721382 0.0013055865144663845 -0.0035872295537109798 3.0948424662035153e-05 0.00035641093301310616 -0.0068141737877899268 -0.0053312046859308234 -0.0068782826831768626 -2.4156770849789773e-06 0.00063828106023473819 -0.0013451870842478596 -0.008295617239549755 -0.00089977540252546382 -0.011542895775055512 -0.001887623468092257 0.0024679773140871834 0.00010637607191365245 -0.0044736044637299884 0.0049810729914476709 -0.00054013891904442391 0.0043064393226086399
leaf_weight=39 1462 28 154 697 2091 225 4521 12250 110 372 294 2923 354 273 50 2789 64 1352 718 823 368 226 1134 288
leaf_count=39 1462 28 154 697 2091 225 4521 12250 110 372 294 2923 354 273 50 2789 64 1352 718 823 368 226 1134 288
internal_value=-3.23897e-12 0.000482557 0.000110441 0.00183485 0.00146526 -0.000196947 -2.92586e-05 -0.000144767 -0.000732221 -0.000615424 -0.00107092 -0.000589105 -0.00279902 -0.0042142 -0.000467399 2.66079e-05 -0.000493888 -0.00232402 -8.55256e-05 -0.000662596 -0.00131636 0.00109972 0.000626075 0.00119514
internal_weight=33605 7755 5625 851 2130 4774 4549 25850 5838 5728 4266 3699 776 567 404 20012 7762 1416 6346 4268 3157 2078 1852 1111
internal_count=33605 7755 5625 851 2130 4774 4549 25850 5838 5728 4266 3699 776 567 404 20012 7762 1416 6346 4268 3157 2078 1852 1111
is_linear=0
shrinkage=0.03


Tree=237
num_leaves=25
num_cat=0
split_feature=3 21 22 22 2 3 24 25 26 22 22 22 22 22 16 7 22 20 22 22 25 22 3 3
split_gain=2.56527 3.4159 8.17975 2.98058 2.96442 2.5835 10.7462 8.59077 7.79406 5.78101 5.2307 4.65257 4.42113 4.41281 3.99575 3.85721 6.6677 3.47984 6.19386 9.61877 9.68777 6.94419 6.59422 6.45723
threshold=28.845000000000002 4.5000000000000009 118.50000000000001 156.50000000000003 39.715000000000011 24.645000000000003 2.5000000000000004 -1.0258091397849463 -0.036016666666666891 142.50000000000003 128.50000000000003 226.50000000000003 170.50000000000003 118.50000000000001 30.000000000000004 75.322650000000024 145.50000000000003 0.53500000000000014 101.50000000000001 198.50000000000003 -1.6236908602150535 127.50000000000001 22.205000000000002 22.325000000000003
decision_type=2 2 2 2 2 2 2 2 2 2 2 2 2 2 2 2 2 2 2 2 2 2 2 2
left_child=5 2 -2 -3 -5 17 -7 8 9 10 13 -11 15 -8 -9 16 -10 18 -1 20 22 -22 -20 -23
right_child=1 3 -4 4 -6 6 7 14 12 11 -12 -13 -14 -15 -16 -17 -18 -19 19 -21 21 23 -24 -25
leaf_value=-0.00027921192488999268 0.00093446040841038604 -0.0035819057299567455 0.02511319630569778 0.011700217283584854 -0.001844614336808333 0.0012400670453409611 -0.0058658636634305386 -0.0028761097944439633 -0.00039666824380507799 0.0007740349805917011 -0.011120768603967287 -0.0070151940938861417 -0.011538327441647135 0.0026127507935055122 -0.011772325084548839 0.0018074398490378891 -0.011050342603237368 -0.00016123030054428071 0.021006983025900778 0.00039775550049300849 -0.00077353127124833167 0.014645490592912487 0.0064350193566937832 0.0030694824863236126
leaf_weight=4697 34 65 20 33 26 1452 249 76 445 296 130 90 29 71 113 672 60 19516 31 3913 499 46 284 758
leaf_count=4697 34 65 20 33 26 1452 249 76 445 296 130 90 29 71 113 672 60 19516 31 3913 499 46 284 758
internal_value=9.22685e-13 0.0035919 0.00988955 0.000849382 0.00573131 -1.9127e-05 -0.000768634 -0.00207595 -0.0015096 -0.0037357 -0.00604621 -0.00104211 3.35408e-05 -0.00398467 -0.00819501 0.000318659 -0.00166245 7.36793e-05 0.000521909 0.00120223 0.00314779 0.00200642 0.00786909 0.00373179
internal_weight=33605 178 54 124 59 33427 3683 2231 2042 836 450 386 1206 320 189 1177 505 29744 10228 5531 1618 1303 315 804
internal_count=33605 178 54 124 59 33427 3683 2231 2042 836 450 386 1206 320 189 1177 505 29744 10228 5531 1618 1303 315 804
is_linear=0
shrinkage=0.03


Tree=238
num_leaves=25
num_cat=0
split_feature=0 3 2 6 4 3 25 3 6 22 22 3 11 22 2 25 2 3 2 25 22 22 3 3
split_gain=2.49963 3.3192 4.30369 5.24341 4.42204 3.84199 3.35059 3.27276 3.67506 3.25204 4.00329 3.44643 5.6615 3.09846 3.07997 2.78603 2.71308 2.72078 2.69854 9.44909 7.2731 7.52171 7.86018 7.2981
threshold=11.705000000000002 24.825000000000003 26.195000000000004 17.220550000000003 12.625000000000002 20.965000000000003 -2.5255645161290321 22.525000000000002 17.947700000000001 125.50000000000001 266.50000000000006 22.915000000000003 26.000000000000004 132.50000000000003 31.055000000000003 -1.4291827956989243 29.665000000000003 24.155000000000005 28.735000000000003 -1.3274957555178266 328.50000000000006 36.500000000000007 21.585000000000004 17.275000000000002
decision_type=2 2 2 2 2 2 2 2 2 2 2 2 2 2 2 2 2 2 2 2 2 2 2 2
left_child=18 2 3 -2 -4 13 -3 8 -5 -7 11 14 16 15 -11 -6 -13 -18 19 -1 21 22 23 -20
right_child=1 6 4 7 5 9 -8 -9 -10 10 -12 12 -14 -15 -16 -17 17 -19 20 -21 -22 -23 -24 -25
leaf_value=0.0026558370840631795 -0.0056401836560362054 -0.016042071197829817 -0.002625667385940209 -0.000577152482374092 0.0041962114839839771 -0.0037736456543743181 -0.0034104187844786792 -0.0069018541304394602 0.008043222814493883 0.0038041895819654645 -0.0041528372456686516 -0.0064065112364204485 0.0074186585999208767 0.0094987739968928498 0.013809945164248346 -0.0067138305936868372 0.0030937246088093766 -0.0080935941120609638 -0.0028245281370624939 -0.000123571675151952 -0.0023450350827526759 0.00025023093459451261 -0.019179801837202502 7.9818926570264336e-05
leaf_weight=1549 293 23 331 309 111 139 106 60 52 172 99 85 73 82 33 26 90 25 1380 3805 1195 21758 22 1787
leaf_count=1549 293 23 331 309 111 139 106 60 52 172 99 85 73 82 33 26 90 25 1380 3805 1195 21758 22 1787
internal_value=2.86444e-12 -0.000999877 -0.000696095 -0.00255851 0.000354272 0.0014092 -0.00566257 -0.000413786 0.000664564 0.00034565 0.00133799 0.00247522 0.00026778 0.00488639 0.00541487 0.00212569 -0.00234229 0.000661699 6.69527e-05 0.000680557 -5.87163e-05 5.0802e-05 -0.00130987 -0.00118573
internal_weight=33605 2109 1980 714 1266 935 129 421 361 716 577 478 273 219 205 137 200 115 31496 5354 26142 24947 3189 3167
internal_count=33605 2109 1980 714 1266 935 129 421 361 716 577 478 273 219 205 137 200 115 31496 5354 26142 24947 3189 3167
is_linear=0
shrinkage=0.03


Tree=239
num_leaves=25
num_cat=0
split_feature=8 4 25 3 22 6 22 22 3 26 2 25 1 1 22 1 22 22 22 3 2 1 2 3
split_gain=2.51966 2.66013 3.08169 2.65457 7.03577 5.71663 5.69982 5.56175 5.38871 3.95408 3.94444 6.79175 3.93811 4.82647 5.32142 4.30341 4.25662 5.29104 6.06779 3.9223 6.0438 5.05313 4.50874 4.3566
threshold=672.50000000000011 34.120000000000012 -1.8991129032258065 19.985000000000003 318.50000000000006 17.728850000000005 58.500000000000007 172.50000000000003 21.745000000000001 -0.22161290322580643 27.385000000000002 -1.2308064516129031 23.975000000000005 21.825000000000003 18.500000000000004 20.495000000000001 342.50000000000006 47.500000000000007 50.500000000000007 15.625000000000002 29.485000000000003 23.645000000000003 30.425000000000004 17.335000000000004
decision_type=2 2 2 2 2 2 2 2 2 2 2 2 2 2 2 2 2 2 2 2 2 2 2 2
left_child=1 -1 -3 9 5 7 -7 8 -5 19 11 -11 13 14 15 -12 17 -15 -19 20 -2 22 23 -21
right_child=3 2 -4 4 -6 6 -8 -9 -10 10 12 -13 -14 16 -16 -17 -18 18 -20 21 -22 -23 -24 -25
leaf_value=0.00017537017531497597 -0.010625341662671416 -0.0098059428915502917 -0.0013722007531578129 -0.00056561638322925748 -0.010716267280669798 -0.0076902928729090953 -0.00014148956541141711 -0.0095948373902275969 -0.0098926565447759671 0.0053086833349307591 -0.010083231276550673 -0.001121017795901381 0.00087523353827108135 -0.0063540830653128688 0.0016088772350761652 0.00015171059157485916 -0.011592532599724138 0.014021607039536794 -0.0019216279619076273 -0.0021942601581201111 0.0056879121221173855 -0.0005405918123969057 0.0089389609555233143 0.0029564596330568012
leaf_weight=25548 60 46 256 332 67 93 2811 116 67 230 76 414 431 290 377 72 62 23 326 180 31 778 93 826
leaf_count=25548 60 46 256 332 67 93 2811 116 67 230 76 414 431 290 377 72 62 23 326 180 31 778 93 826
internal_value=-4.99961e-12 0.000142282 -0.00265681 -0.000474275 -0.0010885 -0.00089983 -0.000383238 -0.0038128 -0.00213181 2.72915e-05 -0.000817083 0.0011753 -0.00159143 -0.00245859 -0.000283535 -0.00510407 -0.00408755 -0.00335937 -0.000870928 0.00101454 -0.00506808 0.00130944 0.0026191 0.00203486
internal_weight=33605 25850 302 7755 3486 3419 2904 515 399 4269 2301 644 1657 1226 525 148 701 639 349 1968 91 1877 1099 1006
internal_count=33605 25850 302 7755 3486 3419 2904 515 399 4269 2301 644 1657 1226 525 148 701 639 349 1968 91 1877 1099 1006
is_linear=0
shrinkage=0.03


Tree=240
num_leaves=25
num_cat=0
split_feature=23 2 3 0 2 22 2 24 3 26 2 22 25 23 16 22 16 22 3 22 4 23 22 3
split_gain=2.46721 4.26039 4.69875 4.28104 3.81315 3.75918 12.1833 7.73554 5.09797 9.27042 10.2601 5.661 4.98793 4.59352 4.5135 4.42209 4.25121 4.09166 4.08771 4.02108 6.27551 6.20679 8.45774 11.5461
threshold=1.0000000180025095e-35 41.225000000000001 27.275000000000002 2.4850000000000008 29.865000000000006 36.500000000000007 31.545000000000005 2.5000000000000004 16.385000000000002 -0.16861290322580658 29.235000000000003 16.500000000000004 -2.5141270514997163 4.5000000000000009 39.000000000000007 37.500000000000007 33.500000000000007 8.5000000000000018 14.505000000000001 198.50000000000003 21.305000000000003 4.5000000000000009 312.50000000000006 20.075000000000003
decision_type=2 2 2 2 2 2 2 2 2 2 2 2 2 2 2 2 2 2 2 2 2 2 2 2
left_child=1 3 -3 4 -1 6 8 -8 9 -2 12 13 -11 17 -14 -7 -13 -12 -18 -17 21 22 -21 -24
right_child=5 2 -4 -5 -6 15 7 -9 -10 10 11 16 14 -15 -16 19 18 -19 -20 20 -22 -23 23 -25
leaf_value=0.0027996641011823983 -0.010401007251040834 -0.0018086656310002912 0.016090190297056158 -0.00089890010739786816 0.00050677371248677376 0.007846562286623969 0.00046147027288328158 -0.01004882136608542 0.00042692306627515925 0.0093740994804065222 0.00049886074781950028 -0.0087674755126830525 -0.00054803767784492084 -0.0027120578037791469 0.006614959940236682 0.00030938044538630092 0.0067879207376069549 -0.013952224586666983 -0.0021564545151242683 0.00036845445311160053 -0.0017977874016691924 0.0012806594409798127 -0.0010034684056632181 -0.0068547432977682007
leaf_weight=880 106 22 33 1347 2528 65 91 205 2193 59 21 66 658 86 90 15405 58 110 222 2895 2411 2235 1434 385
leaf_count=880 106 22 33 1347 2528 65 91 205 2193 59 21 66 658 86 90 15405 58 110 222 2895 2411 2235 1434 385
internal_value=-6.56959e-13 0.000628939 0.00893065 0.000532915 0.00109883 -0.00010506 -0.00096284 -0.00681762 -0.000490501 -0.00185358 -0.00119225 -0.00430052 0.00097622 -0.0080991 0.00031382 3.19157e-05 -0.00191817 -0.0116356 -0.000303691 1.14048e-05 -0.000479013 -2.14564e-05 -0.000638815 -0.00224192
internal_weight=33605 4810 55 4755 3408 28795 3965 296 3669 1476 1370 563 807 217 748 24830 346 131 280 24765 9360 6949 4714 1819
internal_count=33605 4810 55 4755 3408 28795 3965 296 3669 1476 1370 563 807 217 748 24830 346 131 280 24765 9360 6949 4714 1819
is_linear=0
shrinkage=0.03


Tree=241
num_leaves=25
num_cat=0
split_feature=22 2 6 22 2 3 23 22 2 6 1 11 4 25 22 1 8 22 17 16 2 3 22 22
split_gain=2.37789 5.69717 5.00463 5.34585 6.32456 5.14856 4.76465 3.86113 3.74175 6.38932 3.17392 3.25607 3.01098 2.94392 6.57294 11.0414 8.55079 6.65595 6.30997 6.21398 6.64493 5.28562 10.0385 13.7621
threshold=338.50000000000006 30.495000000000001 16.639450000000004 358.50000000000006 28.545000000000005 14.985000000000001 5.5000000000000009 348.50000000000006 27.465000000000003 14.099000000000002 20.975000000000005 -53.999999999999993 7.2250000000000005 -0.33032258064516123 105.50000000000001 22.335000000000004 597.50000000000011 110.50000000000001 38.000000000000007 39.000000000000007 40.545000000000009 25.065000000000001 125.50000000000001 118.50000000000001
decision_type=2 2 2 2 2 2 2 2 2 2 2 2 2 2 2 2 2 2 2 2 2 2 2 2
left_child=13 2 8 4 6 -5 7 10 -2 -10 -4 -12 -6 14 19 16 -16 18 -17 20 -1 -19 23 -23
right_child=1 -3 3 5 12 -7 -8 -9 9 -11 11 -13 -14 -15 15 17 -18 21 -20 -21 -22 22 -24 -25
leaf_value=-0.00074235185725357979 0.008698207914565147 -0.0068580758520847855 0.0081058130087039888 0.01068822426572442 -0.015670358179317365 0.00012107135238007596 0.0053558246191959214 -0.0046867944188555373 -0.0065112587634357623 0.0030687898583580536 -0.0099304371164180335 0.00035560427725586918 -0.0056386842215547291 -0.0005931828189330475 0.021737064096265503 0.0062401381576566821 0.0048582290076717204 0.00068948294065916313 0.00019797732006658666 0.00053358655343971404 -0.018055360844358801 -0.0019619333953439662 -0.0019462176703542429 0.0083790318208778972
leaf_weight=8322 67 141 40 50 31 244 86 284 80 289 32 206 205 5207 31 350 210 9935 280 5250 20 241 1781 223
leaf_count=8322 67 141 40 50 31 244 86 284 80 289 32 206 205 5207 31 350 210 9935 280 5250 20 241 1781 223
internal_value=1.29705e-12 -0.00107506 -0.000569848 -0.00158616 -0.00275164 0.00191821 -0.00122027 -0.00222658 0.00217605 0.000991815 0.000286737 -0.00102739 -0.0069564 5.92378e-05 0.000186744 0.000667616 0.00702937 0.00054793 0.00355473 -0.000274987 -0.00078386 0.000392405 -0.000922279 0.00300797
internal_weight=33605 1755 1614 1178 884 294 648 562 436 369 278 238 236 31850 26643 13051 241 12810 630 13592 8342 12180 2245 464
internal_count=33605 1755 1614 1178 884 294 648 562 436 369 278 238 236 31850 26643 13051 241 12810 630 13592 8342 12180 2245 464
is_linear=0
shrinkage=0.03


Tree=242
num_leaves=25
num_cat=0
split_feature=9 25 22 22 5 22 6 1 26 22 1 22 3 3 3 24 2 7 3 1 22 24 2 2
split_gain=2.36238 2.99312 3.2179 3.75175 3.02316 2.83156 2.85219 4.66374 2.76079 3.84611 4.37444 3.97838 3.51372 4.34707 3.31834 12.1753 5.19681 4.26355 4.48941 4.57028 4.92311 4.25745 3.74298 3.25896
threshold=1.6500000000000001 -1.8455967741935482 282.50000000000006 296.50000000000006 0.041450000000000008 264.50000000000006 17.792250000000006 25.145000000000003 0.33800000000000013 246.50000000000003 24.425000000000004 318.50000000000006 27.275000000000002 25.685000000000006 24.155000000000005 4.5000000000000009 32.755000000000003 78.472250000000017 13.555000000000001 20.145000000000003 290.50000000000006 2.5000000000000004 29.705000000000002 40.385000000000012
decision_type=2 2 2 2 2 2 2 2 2 2 2 2 2 2 2 2 2 2 2 2 2 2 2 2
left_child=1 4 5 -4 -1 -3 7 -7 14 12 11 -11 13 -10 17 21 -17 23 -19 -20 -21 -16 -22 -2
right_child=8 2 3 -5 -6 6 -8 -9 9 10 -12 -13 -14 -15 15 16 -18 18 19 20 22 -23 -24 -25
leaf_value=0.0096927511835327509 -1.5842903094446666e-05 -4.3903218130225867e-05 0.0060337552939528022 0.00085975605155170294 0.0012626561188553906 0.0023056005916247766 0.001432205475430237 -0.0091895910296201089 0.0010811760173020301 0.0041517049093132037 -0.0073528247134800034 -0.0048601063380115913 -0.0060236994047039019 0.0063823314867175211 0.001322694815137887 -0.016048740016726348 -0.0046278457349752267 -0.015317353691257859 0.010497461677743838 -0.00084200275471578477 -0.0038120075988007482 -0.0016055772362748735 -0.01297771151219918 -0.0073955849992732199
leaf_weight=39 20281 4549 154 697 2091 45 72 108 1937 105 104 76 58 150 868 39 445 23 26 560 148 921 55 54
leaf_count=39 20281 4549 154 697 2091 45 72 108 1937 105 104 76 58 150 868 39 445 23 26 560 148 921 55 54
internal_value=-4.35101e-12 0.000459234 9.6556e-05 0.00179606 0.00141701 -0.000206393 -0.00349158 -0.00580865 -0.00013777 0.000824724 -0.00244959 0.00036774 0.00125977 0.00146219 -0.000237636 -0.00132685 -0.00554812 -0.000120561 -0.00225226 -0.00187141 -0.00229289 -0.000184817 -0.00629533 -3.544e-05
internal_weight=33605 7755 5625 851 2130 4774 225 153 25850 2430 285 181 2145 2087 23420 2273 484 21147 812 789 763 1789 203 20335
internal_count=33605 7755 5625 851 2130 4774 225 153 25850 2430 285 181 2145 2087 23420 2273 484 21147 812 789 763 1789 203 20335
is_linear=0
shrinkage=0.03


Tree=243
num_leaves=25
num_cat=0
split_feature=4 3 5 3 2 6 3 22 8 22 22 3 25 2 20 22 21 2 2 6 1 2 1 22
split_gain=2.32032 4.50737 3.70184 4.49911 5.78267 4.73636 5.27644 4.82521 4.01408 3.82182 3.81812 4.44933 8.29273 5.19115 5.50018 4.57657 4.16607 4.06332 3.7041 4.32501 3.67042 4.33157 3.59036 4.28634
threshold=10.785000000000002 26.585000000000004 0.40265000000000006 22.365000000000006 26.735000000000003 14.099000000000002 19.475000000000005 176.50000000000003 496.50000000000006 264.50000000000006 100.50000000000001 24.025000000000002 -1.6525806451612901 31.365000000000006 0.49000000000000005 262.50000000000006 6.5000000000000009 41.925000000000004 30.925000000000004 15.881350000000001 31.095000000000002 40.225000000000001 26.895000000000003 96.500000000000014
decision_type=2 2 2 2 2 2 2 2 2 2 2 2 2 2 2 2 2 2 2 2 2 2 2 2
left_child=1 -1 -2 5 8 6 -4 -8 -5 10 20 12 16 -13 17 18 -12 -15 19 -14 22 -22 -6 -24
right_child=2 -3 3 4 9 -7 7 -9 -10 -11 11 13 15 14 -16 -17 -18 -19 -20 -21 21 -23 23 -25
leaf_value=-0.00047987977171718804 0.00037015775185975108 -0.0077024985883432642 0.00017841524912814267 0.0014648325340417415 0.0048986020928312992 0.00051853713408381861 -0.0011347548896741546 -0.0073042854901895302 -0.0087321127082129382 -0.0045943860672020397 0.0050457765345231853 -0.0064882620747189921 -0.014512061515580052 0.00066238317590066253 -0.0026150702541258334 0.0097057610727456761 0.018483582139015197 0.012552745209799872 0.00117115687172111 -0.0013074716888825748 0.004854771508835256 -0.0069216001562641136 -0.0043137566662545118 -0.013767955585175918
leaf_weight=4969 17809 79 597 46 29 5440 237 220 142 232 154 166 23 616 754 43 24 27 842 760 85 42 215 54
leaf_count=4969 17809 79 597 46 29 5440 237 220 142 232 154 166 23 616 754 43 24 27 842 760 85 42 215 54
internal_value=1.47271e-12 -0.000592912 0.000104809 -0.000334864 -0.00109323 0.000161915 -0.00167872 -0.00410477 -0.00623712 -0.000855391 -0.000629139 -0.000294867 0.000702417 -0.00147272 -0.000876744 4.55671e-05 0.00685762 0.00116167 -0.000210056 -0.00169535 -0.0033104 0.000960223 -0.00513043 -0.00621163
internal_weight=33605 5048 28557 10748 4254 6494 1054 457 188 4066 3834 3409 1846 1563 1397 1668 178 643 1625 783 425 127 298 269
internal_count=33605 5048 28557 10748 4254 6494 1054 457 188 4066 3834 3409 1846 1563 1397 1668 178 643 1625 783 425 127 298 269
is_linear=0
shrinkage=0.03


Tree=244
num_leaves=25
num_cat=0
split_feature=23 2 3 0 2 23 22 3 3 8 24 22 2 3 20 22 7 24 6 4 22 3 12 25
split_gain=2.31333 3.95222 4.32108 3.91316 3.6234 3.55036 8.51388 12.2064 7.58014 5.92597 5.69099 5.37857 11.1018 6.07782 5.6748 8.45639 6.2945 4.89263 4.65088 4.52656 4.39903 5.25379 4.16604 4.13637
threshold=1.0000000180025095e-35 41.225000000000001 27.275000000000002 2.4850000000000008 29.865000000000006 4.5000000000000009 312.50000000000006 20.035000000000004 22.425000000000004 597.50000000000011 3.5000000000000004 25.500000000000004 29.015000000000004 17.395000000000003 0.53500000000000014 12.500000000000002 73.984100000000012 3.5000000000000004 17.823850000000004 12.465000000000002 16.500000000000004 14.675000000000002 0.79000000000000015 -2.0980349462365586
decision_type=2 2 2 2 2 2 2 2 2 2 2 2 2 2 2 2 2 2 2 2 2 2 2 2
left_child=1 3 -3 4 -1 6 11 18 17 -10 -9 12 14 20 -2 -16 -17 -7 -8 22 -14 -22 -19 -15
right_child=5 2 -4 -5 -6 8 7 10 9 -11 -12 -13 13 23 15 16 -18 19 -20 -21 21 -23 -24 -25
leaf_value=0.0027155530898477667 0.0050542450210746574 -0.0016938470371744849 0.015470623467329211 -0.00085238942690297364 0.00048043960464633819 0.00028566338534322832 0.00052019976524766151 -0.0037760622205728553 -0.00018536605088251772 -0.0034444707793045383 -0.010709969624644145 6.0540513478596353e-05 -0.0095662524230834666 -0.0057599281775610927 0.0024300444687198972 -0.01195229513203039 -0.0016475131462572671 -0.00080919201960970061 -0.0028419653066124001 0.0027911054267270195 0.0035988309977179975 -0.0059381651676540057 0.0059716885108988911 6.3680891210817967e-05
leaf_weight=880 222 22 33 1347 2528 3841 857 261 2521 627 180 15405 198 151 358 76 179 662 652 1811 67 232 93 402
leaf_count=880 222 22 33 1347 2528 3841 857 261 2521 627 180 15405 198 151 358 76 179 662 652 1811 67 232 93 402
internal_value=-1.08148e-12 0.000609009 0.00860484 0.000516524 0.00105758 -0.000101731 -0.000336484 -0.00221564 0.00037097 -0.000834495 -0.00660623 -0.000124549 -0.00163718 -0.00369029 0.000944574 -0.000543758 -0.00471874 0.00096326 -0.000932505 0.00197754 -0.00609789 -0.00380111 2.60688e-05 -0.00152649
internal_weight=33605 4810 55 4755 3408 28795 19240 1950 9555 3148 441 17290 1885 1050 835 613 255 6407 1509 2566 497 299 755 553
internal_count=33605 4810 55 4755 3408 28795 19240 1950 9555 3148 441 17290 1885 1050 835 613 255 6407 1509 2566 497 299 755 553
is_linear=0
shrinkage=0.03


Tree=245
num_leaves=25
num_cat=0
split_feature=8 22 2 16 3 1 1 25 3 24 25 22 7 22 3 14 26 22 26 22 22 22 1 22
split_gain=2.27164 2.63323 4.02481 4.19893 4.56972 4.89874 3.29201 2.85382 2.78383 7.59819 14.6454 4.87972 6.44259 4.78979 4.64725 5.68867 4.64319 7.16805 5.96713 5.62108 5.43286 4.79931 10.8867 6.0349
threshold=672.50000000000011 10.500000000000002 31.405000000000005 33.500000000000007 14.335000000000003 20.635000000000002 20.145000000000003 -2.0472258064516122 23.245000000000001 2.5000000000000004 -0.96566666666666678 190.50000000000003 75.322650000000024 70.500000000000014 24.595000000000002 0.14500000000000005 -0.036016666666666891 142.50000000000003 -0.14730215053763449 128.50000000000003 174.50000000000003 127.50000000000001 31.575000000000003 117.50000000000001
decision_type=2 2 2 2 2 2 2 2 2 2 2 2 2 2 2 2 2 2 2 2 2 2 2 2
left_child=1 2 3 4 -1 -6 7 -3 -8 -10 13 12 -12 -11 15 -15 17 19 20 -16 -19 22 -18 -24
right_child=-2 6 -4 -5 5 -7 8 -9 9 10 11 -13 -14 14 16 -17 21 18 -20 -21 -22 -23 23 -25
leaf_value=-0.013349956014170879 -0.00045032763789567556 0.014129658909514545 -0.014064007680863142 0.0002187486990474461 0.0092798081805397364 -0.0040072360735646656 0.00037880076695941481 0.0026529444274134358 0.00088783664719440335 -0.0088433542805884408 -0.0054985611515471697 -0.0072202383437860356 0.0022344330622508083 0.0029610131743120411 -0.0033114081467056329 -0.00082777024148591419 -0.0059120027638133611 0.0039556898205854374 -0.015391544917259704 -0.011018113768318804 -0.0028213063174965633 -0.0016584287705839519 0.0018747897745153876 0.0091680893329127381
leaf_weight=41 7755 26 22 678 28 231 17470 78 2852 58 251 384 158 755 277 676 125 217 22 123 209 674 351 144
leaf_count=41 7755 26 22 678 28 231 17470 78 2852 58 251 384 158 755 277 676 125 217 22 123 209 674 351 144
internal_value=-1.00151e-12 0.000135098 -0.00137428 -0.00108883 -0.00404395 -0.0025708 0.000195838 0.00552212 0.000173453 -0.000319596 -0.00109799 -0.00479151 -0.00251124 -0.00029133 -0.000152506 0.0011712 -0.00103683 -0.00276223 -0.000155987 -0.00568122 0.000630826 9.38754e-05 0.0019988 0.00399648
internal_weight=33605 25850 1000 978 300 259 24850 104 24746 7276 4424 793 409 3631 3573 1431 2142 848 448 400 426 1294 620 495
internal_count=33605 25850 1000 978 300 259 24850 104 24746 7276 4424 793 409 3631 3573 1431 2142 848 448 400 426 1294 620 495
is_linear=0
shrinkage=0.03


Tree=246
num_leaves=25
num_cat=0
split_feature=22 2 1 16 1 15 2 7 23 2 22 17 22 22 3 6 22 26 22 3 22 17 22 2
split_gain=2.24881 5.41395 4.24226 4.59614 7.38388 4.10184 3.69961 6.67074 4.44179 3.02159 4.63908 3.50724 3.29155 2.95371 8.31039 11.0672 9.64001 9.4496 10.6594 8.947 9.42912 7.44768 7.87302 7.5677
threshold=338.50000000000006 31.235000000000003 20.145000000000003 36.500000000000007 23.755000000000006 0.03500000000000001 28.155000000000005 73.984100000000012 4.5000000000000009 29.485000000000003 360.50000000000006 21.000000000000004 346.50000000000006 103.50000000000001 20.315000000000001 16.639450000000004 264.50000000000006 -0.17141720430107546 110.50000000000001 23.575000000000003 162.50000000000003 43.000000000000007 172.50000000000003 29.705000000000002
decision_type=2 2 2 2 2 2 2 2 2 2 2 2 2 2 2 2 2 2 2 2 2 2 2 2
left_child=13 2 5 4 6 -2 8 -8 -4 10 12 -11 -5 -1 21 17 -17 -16 -19 -20 -21 23 -23 -15
right_child=1 -3 3 9 -6 -7 7 -9 -10 11 -12 -13 -14 14 15 16 -18 18 19 20 -22 22 -24 -25
leaf_value=-0.00028160809186841986 0.017904281631228515 -0.014131477996041732 -0.0020840689392156659 0.0049866545558153808 -0.019397805167928984 0.0017821711927120175 0.004548170360030781 -0.0060374541756910011 0.0046400947144114163 -0.0087049839998823847 0.011765623253020571 -0.00028410642736665938 -0.00073293500508583831 0.0061398482471660965 -0.0052776688400396621 0.00091969705910891354 -0.0014096265756990704 0.0057846403282102461 -0.00036791459782565541 -0.0026624759380823272 -0.012095786092953907 0.0044421788967014663 -0.00068283259611820728 0.0016163966422944162
leaf_weight=13390 20 28 344 136 23 49 64 329 119 53 41 278 271 535 474 9210 1935 210 2767 677 111 339 1321 881
leaf_count=13390 20 28 344 136 23 49 64 329 119 53 41 278 271 535 474 9210 1935 210 2767 677 111 339 1321 881
internal_value=1.85477e-12 -0.00104547 -0.000833307 -0.00113663 -0.00262359 0.00645525 -0.00217288 -0.00431359 -0.000355828 0.000541212 0.00214721 -0.00163246 0.00117828 5.76076e-05 0.000303658 1.90324e-05 0.000515279 -0.00128568 -0.000783101 -0.00117107 -0.00399128 0.00172716 0.000363781 0.00332547
internal_weight=33605 1755 1727 1658 879 69 856 393 463 779 448 331 407 31850 18460 15384 11145 4239 3765 3555 788 3076 1660 1416
internal_count=33605 1755 1727 1658 879 69 856 393 463 779 448 331 407 31850 18460 15384 11145 4239 3765 3555 788 3076 1660 1416
is_linear=0
shrinkage=0.03


Tree=247
num_leaves=25
num_cat=0
split_feature=20 2 3 24 3 3 22 24 22 22 22 22 22 25 8 3 2 3 26 4 1 26 2 4
split_gain=2.25044 3.55264 6.28701 5.99835 4.56597 3.87607 6.61648 4.11422 3.91932 4.65267 9.12516 8.17677 9.69189 9.20727 7.9764 7.60331 5.45175 4.90327 4.84712 4.23942 3.95394 3.94634 3.91474 4.44618
threshold=0.53500000000000014 28.785000000000004 18.575000000000003 2.5000000000000004 22.695000000000004 24.345000000000002 246.50000000000003 3.5000000000000004 338.50000000000006 101.50000000000001 196.50000000000003 125.50000000000001 114.50000000000001 -1.153774759479343 473.50000000000006 22.015000000000004 35.115000000000002 22.585000000000004 0.17383709677419359 24.045000000000005 25.555000000000003 0.18182258064516132 30.685000000000006 18.455000000000002
decision_type=2 2 2 2 2 2 2 2 2 2 2 2 2 2 2 2 2 2 2 2 2 2 2 2
left_child=1 3 -3 -1 -5 8 -7 -8 9 16 11 12 15 14 -13 -11 21 -14 20 -18 -12 -4 -20 -24
right_child=-2 2 5 4 -6 6 7 -9 -10 10 18 13 17 -15 -16 -17 19 -19 22 -21 -22 -23 23 -25
leaf_value=-0.00081736185066210961 -0.00019408547795879649 -0.0015186784461854882 -4.653209041974715e-05 0.0043005114217676476 -0.0026849231710366441 -0.00017304360756672995 -0.0022956368567178115 -0.013637535112716679 -0.0053854682745150054 0.022157633677124977 0.003632178299022988 0.02159420715877786 0.001153805888716306 0.003465079645270752 0.007838514371178865 0.0034019254914826225 -0.0026234352008032143 -0.0069028837544008572 0.00012664099793961017 0.0057157485812144764 0.00055670391299810157 0.0028762844340121277 -0.0015989437112911241 -0.0098972339582784723
leaf_weight=480 20680 1736 1359 686 96 2943 63 53 90 21 504 48 128 503 181 264 783 145 446 59 1484 599 164 90
leaf_count=480 20680 1736 1359 686 96 2943 63 53 90 21 504 48 128 503 181 264 783 145 446 59 1484 599 164 90
internal_value=1.27237e-12 0.000310537 0.000146928 0.00182256 0.00344296 0.000438204 -0.000450043 -0.00747771 0.000833828 0.000916409 0.00157584 0.00364993 0.000914315 0.00573528 0.0107218 0.00478393 -2.04512e-05 -0.00312539 0.000580458 -0.0020391 0.0013364 0.000847629 -0.00156642 -0.00453928
internal_weight=33605 12925 11663 1262 782 9927 3059 116 6868 6778 3978 1290 558 732 229 285 2800 273 2688 842 1988 1958 700 254
internal_count=33605 12925 11663 1262 782 9927 3059 116 6868 6778 3978 1290 558 732 229 285 2800 273 2688 842 1988 1958 700 254
is_linear=0
shrinkage=0.03


Tree=248
num_leaves=25
num_cat=0
split_feature=0 3 26 2 8 3 22 3 22 1 26 11 25 11 1 2 2 22 2 23 2 25 22 1
split_gain=2.27005 3.19615 4.07057 3.66458 3.79528 4.16433 3.6665 4.43176 5.31404 3.28636 3.16656 3.2737 2.74756 2.69681 2.98779 2.59702 2.59146 4.99201 2.82641 2.62078 2.53289 8.14782 6.65076 7.44675
threshold=12.585000000000003 21.435000000000006 -0.082898245614035193 26.735000000000003 496.50000000000006 22.785000000000004 268.50000000000006 23.655000000000005 122.50000000000001 24.045000000000005 -0.21222580645161285 26.000000000000004 -1.2930645161290319 26.000000000000004 25.875000000000004 23.285000000000004 32.805000000000007 117.50000000000001 28.835000000000004 3.5000000000000004 28.835000000000004 -1.8991129032258065 312.50000000000006 26.535000000000004
decision_type=2 2 2 2 2 2 2 2 2 2 2 2 2 2 2 2 2 2 2 2 2 2 2 2
left_child=20 2 10 4 9 -6 7 8 -5 -3 15 -12 -10 14 -8 -2 17 19 -19 -4 21 -1 -22 -24
right_child=1 3 16 6 5 -7 13 -9 12 -11 11 -13 -14 -15 -16 -17 -18 18 -20 -21 22 -23 23 -25
leaf_value=0.0031305409494761876 -0.0017159493635033683 0.01077699756938964 0.0023097600415349006 -0.0039660491552964156 -0.0047526488689528124 -0.017315620161019837 -0.0048169770575343419 -0.0028786208796865989 0.011017627649072726 -0.0044567780096370444 -0.00017289122267227086 -0.0069879212005641948 0.002880590270426094 0.0039159243706275108 -0.016921385102905331 0.0044424976055716095 0.014025220024798597 0.0098782297257672645 0.0010655465687772162 -0.010352257494664481 7.3237314237993852e-05 0.00011857495114407705 -0.0013942827226082421 -0.011954380915079625
leaf_weight=974 118 25 28 98 274 26 78 279 44 26 140 116 247 22 24 129 21 77 57 31 23996 4752 1961 62
leaf_count=974 118 25 28 98 274 26 78 279 44 26 140 116 247 22 24 129 21 77 57 31 23996 4752 1961 62
internal_value=-1.23926e-12 -0.00101863 0.000551519 -0.00200358 -0.00455522 -0.00584144 -0.000872745 6.69666e-06 0.00207611 0.00301076 -0.00092287 -0.00326095 0.00411093 -0.00561038 -0.00766507 0.00150041 0.00401702 0.00292805 0.00612955 -0.00434316 5.96837e-05 0.000630914 -6.6027e-05 -0.00171792
internal_weight=33605 1860 717 1143 351 300 792 668 389 51 503 256 291 124 102 247 214 193 134 59 31745 5726 26019 2023
internal_count=33605 1860 717 1143 351 300 792 668 389 51 503 256 291 124 102 247 214 193 134 59 31745 5726 26019 2023
is_linear=0
shrinkage=0.03


Tree=249
num_leaves=25
num_cat=0
split_feature=9 4 25 22 22 2 26 2 2 21 22 3 1 22 2 22 3 22 3 2 22 1 26 22
split_gain=2.19588 2.83786 2.93077 3.02882 3.49178 3.12909 3.07943 3.40677 2.84981 3.22535 3.27366 3.20275 2.94746 5.81525 4.24921 3.81998 3.59623 3.39729 9.17445 5.72826 3.61755 3.62647 3.58291 3.43073
threshold=1.6500000000000001 34.120000000000012 -1.8455967741935482 282.50000000000006 294.50000000000006 32.695000000000007 -0.22067956989247314 32.005000000000003 28.695000000000004 11.500000000000002 12.500000000000002 17.275000000000002 27.675000000000004 69.500000000000014 36.635000000000012 73.500000000000014 25.195000000000004 51.500000000000007 19.345000000000002 30.925000000000004 310.50000000000006 26.475000000000005 0.20223938879456707 82.500000000000014
decision_type=2 2 2 2 2 2 2 2 2 2 2 2 2 2 2 2 2 2 2 2 2 2 2 2
left_child=1 2 8 -4 5 -5 7 -6 -1 10 11 -10 16 14 -14 -15 17 19 -19 -12 23 -22 -21 -20
right_child=-2 -3 3 4 6 -7 -8 -9 9 -11 12 -13 13 15 -16 -17 -18 18 20 22 21 -23 -24 -25
leaf_value=0.0051130615196922522 -0.00013282634010915802 -0.0057515007614644927 -0.00016188289495548908 0.016886703797749113 0.0016251835953444242 0.0042583610800824862 0.0014356127208538455 -0.015885090563446284 -0.014541922632604835 -0.0043355081533832896 0.0058627839756179474 -0.001213718666261885 -0.0029113048561976861 0.010527490816544742 -0.017365251816809178 0.0010039362309998475 -0.0095999903180636458 0.015216434677884749 7.5057324382566635e-05 -0.004545071144892397 0.0016065963192732403 -0.012437060248592625 0.0029543035911604207 0.0070833682882378707
leaf_weight=175 25850 66 4722 21 20 111 679 20 20 93 149 86 109 40 22 724 20 68 93 147 59 23 94 194
leaf_count=175 25850 66 4722 21 20 111 679 20 20 93 149 86 109 40 22 724 20 68 93 147 59 23 94 194
internal_value=-1.49979e-12 0.000442754 0.000495924 0.000135021 0.00178247 0.00626742 0.000959086 -0.00712995 0.00144645 0.00111587 0.00139021 -0.00372847 0.00170168 0.000501209 -0.00533869 0.00150255 0.00297018 0.00327417 0.00509064 0.0012388 0.00322464 -0.00233248 -0.00162 0.00481238
internal_weight=33605 7755 7689 5573 851 132 719 40 2116 1941 1848 106 1742 895 131 764 847 827 437 390 369 82 241 287
internal_count=33605 7755 7689 5573 851 132 719 40 2116 1941 1848 106 1742 895 131 764 847 827 437 390 369 82 241 287
is_linear=0
shrinkage=0.03


Tree=250
num_leaves=25
num_cat=0
split_feature=22 3 6 2 24 16 2 22 1 22 22 2 2 16 3 2 2 22 6 1 3 22 2 25
split_gain=2.19296 7.30089 5.21335 5.45023 4.55788 4.16506 3.66179 3.53294 5.25169 3.00969 5.72652 5.96674 4.81976 5.88315 6.97843 3.52742 3.37448 2.99167 9.71032 8.46485 11.188 9.27312 8.37729 8.0629
threshold=330.50000000000006 20.585000000000004 17.220550000000003 27.315000000000001 3.5000000000000004 41.000000000000007 30.655000000000005 358.50000000000006 21.705000000000002 322.50000000000006 318.50000000000006 29.105000000000004 32.355000000000011 41.000000000000007 19.905000000000005 28.975000000000005 31.145000000000003 103.50000000000001 16.639450000000004 24.785000000000004 21.115000000000006 264.50000000000006 29.945000000000004 -1.6717642897566496
decision_type=2 2 2 2 2 2 2 2 2 2 2 2 2 2 2 2 2 2 2 2 2 2 2 2
left_child=9 2 3 -2 -3 -5 -7 -4 -9 10 17 -12 13 14 15 -11 -15 -1 -19 20 22 -21 23 -20
right_child=1 4 7 5 -6 6 -8 8 -10 12 11 -13 -14 16 -16 -17 -18 18 19 21 -22 -23 -24 -25
leaf_value=-0.00027124190121606052 0.008660398209115577 -0.002356548032321667 -0.0023526868080459484 -0.0012446631114415864 -0.012214478114440749 0.0055332608484100869 -0.0024566467495068258 0.0080521637704581584 -0.0011190643232079473 0.0091290171422215901 0.0045752108359779671 -0.0067059418530708709 -0.011097374864772934 0.013267677170113616 -0.0039852702588541429 0.0010965352655874321 0.0040101878082431435 -0.00074338062599938652 0.016671523647683279 0.00082404979962564227 0.00061147814869860783 -0.001669017307615886 0.00015223404093122727 0.0053954971540873054
leaf_weight=13390 86 92 1051 415 78 205 69 78 201 86 53 207 23 63 152 115 81 5280 62 7823 1387 1621 269 718
leaf_count=13390 86 92 1051 415 78 205 69 78 201 86 53 207 23 63 152 115 81 5280 62 7823 1387 1621 269 718
internal_value=-1.46778e-12 -0.000899341 -0.000416374 0.00153944 -0.0068796 0.000650616 0.0035212 -0.00155604 0.00144493 6.53048e-05 2.71053e-05 -0.00440632 0.00232863 0.00294995 0.000865258 0.00453332 0.00806034 6.48366e-05 0.00032708 0.00080284 0.00237959 0.000396131 0.0047174 0.0062918
internal_weight=33605 2275 2105 775 170 689 274 1330 279 31330 30810 260 520 497 353 201 144 30550 17160 11880 2436 9444 1049 780
internal_count=33605 2275 2105 775 170 689 274 1330 279 31330 30810 260 520 497 353 201 144 30550 17160 11880 2436 9444 1049 780
is_linear=0
shrinkage=0.03


Tree=251
num_leaves=25
num_cat=0
split_feature=0 3 25 2 6 4 3 22 22 3 26 3 22 23 21 2 2 3 6 1 26 3 2 22
split_gain=2.23108 2.9334 3.55835 3.46798 4.54347 3.62339 3.72429 2.88518 3.27896 3.14812 3.78774 3.34426 2.82711 4.33642 2.81278 2.80278 2.80128 2.71431 3.45374 2.67547 2.58643 3.15916 2.46406 8.99424
threshold=11.705000000000002 25.195000000000004 -2.5141270514997163 26.195000000000004 17.220550000000003 12.385000000000003 21.045000000000005 125.50000000000001 266.50000000000006 22.915000000000003 -0.14730215053763449 24.155000000000005 83.500000000000014 3.5000000000000004 5.5000000000000009 29.665000000000003 31.055000000000003 22.525000000000002 17.947700000000001 22.335000000000004 -0.18537634408602119 19.105000000000004 29.865000000000006 35.500000000000007
decision_type=2 2 2 2 2 2 2 2 2 2 2 2 2 2 2 2 2 2 2 2 2 2 2 2
left_child=22 3 -3 4 19 -5 12 -8 9 16 14 15 13 -7 -11 -12 -9 18 -6 20 21 -2 -1 -24
right_child=1 2 -4 5 17 6 7 8 -10 10 11 -13 -14 -15 -16 -17 -18 -19 -20 -21 -22 -23 23 -25
leaf_value=0.00048300034815627836 -0.0013032509486656635 -0.017390764039009809 -0.0030648524303671341 -0.002559872796115087 -0.00061299105853198927 0.0061959826137076637 -0.003799881673684077 0.0032640396942459869 -0.003991661034431309 0.011455807413658476 -0.0057801378720129526 -0.012507837823504814 0.0074984757909178738 -0.0058575521974125874 0.0013397729465174017 0.0028296048424798189 0.012697064743158133 -0.0062999382684938614 0.0077437802561773697 -0.008848570427293645 0.0014790332775143249 -0.011629034164361656 -0.0021055066169301082 7.5277849233168018e-05
leaf_weight=8993 60 20 71 320 309 61 140 170 100 32 63 28 125 48 109 74 34 60 52 114 71 48 1855 20648
leaf_count=8993 60 20 71 320 309 61 140 170 100 32 63 28 125 48 109 74 34 60 52 114 71 48 1855 20648
internal_value=-3.61351e-13 -0.000944639 -0.0062134 -0.000707049 -0.00238774 0.000213208 0.00111502 8.41082e-05 0.000975516 0.00194947 2.49794e-05 -0.00306047 0.00441924 0.000888004 0.00363561 -0.00112962 0.00483621 -0.000391292 0.000590754 -0.00525636 -0.00296859 -0.00589249 6.32539e-05 -0.000104492
internal_weight=33605 2109 91 2018 714 1304 984 750 610 510 306 165 234 109 141 137 204 421 361 293 179 108 31496 22503
internal_count=33605 2109 91 2018 714 1304 984 750 610 510 306 165 234 109 141 137 204 421 361 293 179 108 31496 22503
is_linear=0
shrinkage=0.03


Tree=252
num_leaves=25
num_cat=0
split_feature=8 3 23 2 22 26 1 2 22 22 6 1 0 2 22 4 1 5 24 25 22 22 22 23
split_gain=2.24728 2.63441 3.31977 2.69792 4.67703 3.79302 3.59175 4.49276 3.91119 3.58288 3.639 3.73943 3.71402 3.33841 4.88665 4.6033 4.18263 3.17892 3.14609 3.03313 2.93814 2.88095 3.27 2.79653
threshold=672.50000000000011 25.265000000000004 2.5000000000000004 35.415000000000006 82.500000000000014 -1.0281268817204301 24.845000000000002 31.585000000000004 37.500000000000007 296.50000000000006 17.728850000000005 25.695000000000004 1.3950000000000002 36.435000000000009 108.50000000000001 21.035000000000004 30.325000000000003 0.96325000000000005 4.5000000000000009 -2.7926570458404067 44.500000000000007 122.50000000000001 117.50000000000001 4.5000000000000009
decision_type=2 2 2 2 2 2 2 2 2 2 2 2 2 2 2 2 2 2 2 2 2 2 2 2
left_child=-1 3 -3 6 -5 -6 7 23 -8 10 12 -12 -10 15 16 -7 -15 19 -17 -13 -9 22 -16 -2
right_child=1 2 -4 4 5 13 8 20 9 -11 11 17 -14 14 21 18 -18 -19 -20 -21 -22 -23 -24 -25
leaf_value=0.0001343719721208122 -0.00092751070820865783 -0.00039738358184695241 -0.016795599556819071 -0.010303654976421966 -0.0057127472126324262 0.0019834731846909829 -0.014952456319704651 -0.0027107325041862695 -0.0020546424311749241 -0.0080690786252710714 0.0017031722365148038 0.0078240058985021375 -0.010498898772280408 -0.00080690836777668753 0.0025529259082395584 0.0070632932403047258 -0.013266419004815231 0.005373563661964403 0.019415843448042869 -0.0023675330225573872 0.0037580583189241587 0.00023353778817893371 0.01316494551420744 0.00068151862481987931
leaf_weight=25850 3384 25 20 30 56 162 20 76 131 74 393 27 73 181 56 72 28 54 25 988 375 92 49 1364
leaf_count=25850 3384 25 20 30 56 162 20 76 131 74 393 27 73 181 56 72 28 54 25 988 375 92 49 1364
internal_value=2.52434e-12 -0.000447907 -0.00768548 -0.000405664 0.00130263 0.00178555 -0.000590019 -0.00019347 -0.00176142 -0.0016098 -0.00132289 -0.000799149 -0.00507636 0.00241699 0.000719265 0.00507829 -0.00247613 -0.00171909 0.0102469 -0.00209643 0.00266797 0.0041093 0.0075052 -0.000465271
internal_weight=33605 7755 45 7710 751 721 6959 5199 1760 1740 1666 1462 204 665 406 259 209 1069 97 1015 451 197 105 4748
internal_count=33605 7755 45 7710 751 721 6959 5199 1760 1740 1666 1462 204 665 406 259 209 1069 97 1015 451 197 105 4748
is_linear=0
shrinkage=0.03


Tree=253
num_leaves=25
num_cat=0
split_feature=23 2 3 0 2 23 22 3 3 8 24 22 2 3 20 22 7 24 6 4 22 3 25 5
split_gain=2.19116 3.59696 4.06946 3.69749 3.34056 3.27651 7.98235 10.9997 7.29146 5.3698 5.14436 4.89316 10.0807 5.68018 5.20983 7.97651 5.95661 4.4574 4.24645 4.15979 4.08883 4.92136 3.87564 3.90952
threshold=1.0000000180025095e-35 41.225000000000001 27.275000000000002 2.4850000000000008 29.865000000000006 4.5000000000000009 312.50000000000006 20.075000000000003 22.425000000000004 597.50000000000011 3.5000000000000004 25.500000000000004 29.015000000000004 17.395000000000003 0.53500000000000014 12.500000000000002 73.984100000000012 3.5000000000000004 17.220550000000003 12.465000000000002 16.500000000000004 14.675000000000002 -2.0980349462365586 0.30475000000000008
decision_type=2 2 2 2 2 2 2 2 2 2 2 2 2 2 2 2 2 2 2 2 2 2 2 2
left_child=1 3 -3 4 -1 6 11 18 17 -10 -9 12 14 20 -2 -16 -17 -7 -8 -19 -14 -22 23 -15
right_child=5 2 -4 -5 -6 8 7 10 9 -11 -12 -13 13 22 15 16 -18 19 -20 -21 21 -23 -24 -25
leaf_value=0.0026223609911632429 0.0048357955336639962 -0.0017736304339698767 0.014883601586334406 -0.00082617609443911503 0.00047625771696504978 0.000289242804159153 0.0011029173082748641 -0.0036598193046282132 -0.00020927420389404993 -0.0033116715997804592 -0.010344482009378927 5.7226432622374079e-05 -0.0091898394423311179 -0.010256727753182896 0.0023602248234908464 -0.011619487907247324 -0.0015951021783594977 3.3373310747602645e-05 -0.0021729336197570184 0.0026840241950366944 0.0035303266921146675 -0.0057000216242510037 0.00011256870354956656 -0.00060044159102757026
leaf_weight=880 222 22 33 1347 2528 3841 569 254 2521 627 175 15405 198 77 358 76 179 755 952 1811 67 232 402 74
leaf_count=880 222 22 33 1347 2528 3841 569 254 2521 627 175 15405 198 77 358 76 179 755 952 1811 67 232 402 74
internal_value=1.58374e-12 0.00059271 0.00822071 0.000504479 0.00103042 -9.90081e-05 -0.000324526 -0.00214408 0.000355097 -0.000827191 -0.00638666 -0.000119314 -0.00156207 -0.00351849 0.000898087 -0.000527967 -0.00458276 0.000935999 -0.000947451 0.00190412 -0.005846 -0.00363168 -0.00142667 -0.00552451
internal_weight=33605 4810 55 4755 3408 28795 19240 1950 9555 3148 429 17290 1885 1050 835 613 255 6407 1521 2566 497 299 553 151
internal_count=33605 4810 55 4755 3408 28795 19240 1950 9555 3148 429 17290 1885 1050 835 613 255 6407 1521 2566 497 299 553 151
is_linear=0
shrinkage=0.03


Tree=254
num_leaves=25
num_cat=0
split_feature=9 25 22 22 2 7 2 2 24 7 1 22 3 22 2 24 6 3 22 22 22 26 3 22
split_gain=2.17529 2.71255 2.56495 5.70993 7.34736 5.89077 5.45943 5.07453 5.07453 3.55951 3.10475 3.29927 3.02626 8.48234 7.76742 6.10231 6.05146 7.11297 10.2637 5.69572 5.00779 5.4383 8.71325 5.18672
threshold=1.6500000000000001 -0.29562365591397849 346.50000000000006 354.50000000000006 27.765000000000004 75.562100000000015 28.285000000000004 30.725000000000005 3.5000000000000004 78.197250000000011 22.005000000000006 358.50000000000006 22.625000000000004 264.50000000000006 28.285000000000004 3.5000000000000004 15.881350000000001 24.105000000000004 170.50000000000003 101.50000000000001 106.50000000000001 0.082374193548386973 27.275000000000002 99.500000000000014
decision_type=2 2 2 2 2 2 2 2 2 2 2 2 2 2 2 2 2 2 2 2 2 2 2 2
left_child=1 -1 12 6 9 7 -4 -6 -8 -5 11 -7 -2 14 -14 -16 -17 19 20 -18 23 -22 -23 -19
right_child=2 -3 3 4 5 10 8 -9 -10 -11 -12 -13 13 -15 15 16 17 18 -20 -21 21 22 -24 -25
leaf_value=0.000604613569563264 0.00012472586406726903 -0.0014795661788354112 -0.0025823659344249893 0.014774632681848827 0.002924639222052011 -0.0091058947604436124 -0.0046448707116515118 -0.0087817193758306326 -0.019497687202450393 0.00071351524639444853 -0.012763801211141981 0.00060078327563132909 -0.0052377503425826213 -0.007199452730348512 0.00055380905213783566 -0.0063921039871609386 -0.0037494947097510239 -0.0023279183945593843 -0.011272685995749531 0.0016873176397334544 -0.0026803346155745695 0.0042650150973850519 -0.010391718771840844 -0.012912727169830098
leaf_weight=7145 18303 610 316 43 271 52 47 38 37 26 40 80 291 172 3670 199 212 113 112 953 488 279 42 66
leaf_count=7145 18303 610 316 43 271 52 47 38 37 26 40 80 291 172 3670 199 212 113 112 953 488 279 42 66
internal_value=-1.79284e-12 0.000440674 -0.000132202 -0.00166212 0.000321339 -0.000991942 -0.00438938 0.00148502 -0.0111872 0.00947624 -0.00544184 -0.00322306 -7.38319e-05 -0.000624719 -0.000448711 -0.000221516 -0.00137632 -0.000935643 -0.00266577 0.000697958 -0.00169009 -0.000685434 0.00234731 -0.0062307
internal_weight=33605 7755 25850 950 550 481 400 309 84 69 172 132 24900 6597 6425 6134 2464 2265 1100 1165 988 809 321 179
internal_count=33605 7755 25850 950 550 481 400 309 84 69 172 132 24900 6597 6425 6134 2464 2265 1100 1165 988 809 321 179
is_linear=0
shrinkage=0.03


Tree=255
num_leaves=25
num_cat=0
split_feature=8 22 7 2 22 3 3 22 2 1 3 24 25 22 7 3 22 3 14 22 22 2 26 22
split_gain=2.15239 2.57756 3.7961 4.36818 5.05786 3.93398 4.13445 3.25466 3.1174 3.06589 3.04549 6.91721 13.2964 4.52557 5.83271 4.55272 4.3633 4.30274 5.26212 4.31586 4.96937 5.74197 4.25042 6.7691
threshold=672.50000000000011 10.500000000000002 75.322650000000024 30.265000000000004 4.5000000000000009 15.135000000000003 17.705000000000002 4.5000000000000009 27.385000000000002 21.495000000000001 23.245000000000001 2.5000000000000004 -0.96566666666666678 190.50000000000003 75.322650000000024 24.595000000000002 70.500000000000014 24.595000000000002 0.14500000000000005 298.50000000000006 127.50000000000001 36.095000000000006 -0.036016666666666891 142.50000000000003
decision_type=2 2 2 2 2 2 2 2 2 2 2 2 2 2 2 2 2 2 2 2 2 2 2 2
left_child=1 2 3 4 -1 -4 8 -5 -7 -10 -3 -12 16 14 15 -14 -13 18 19 20 21 -18 23 -19
right_child=-2 10 5 7 -6 6 -8 -9 9 -11 11 12 13 -15 -16 -17 17 22 -20 -21 -22 -23 -24 -25
leaf_value=0.0070955278921499849 -0.00043834841833225694 0.00040529520100447756 -0.010155742453644052 -0.0082819737832993262 -0.00035718531238243859 0.0064590861201213557 -0.004855272448523862 0.0010078631044786062 -0.012115606788013662 0.00036694255340185048 0.00082750417774566103 -0.0084610373181579959 -0.0030180882323542946 -0.0069254834117100476 0.00212488272554765 -0.012603287139329417 -0.0052207984395746913 -0.0055044588689517693 -0.00081500282565534065 -0.010921275084489025 0.0055422964025389895 0.0031521942800926887 6.4776125771014986e-05 -0.00013518416943822688
leaf_weight=125 7755 17574 64 75 238 64 238 62 21 113 2852 58 193 384 158 58 106 400 676 20 387 242 1294 448
leaf_count=125 7755 17574 64 75 238 64 238 62 21 113 2852 58 193 384 158 58 106 400 676 20 387 242 1294 448
internal_value=-1.91406e-13 0.000131505 -0.00136183 0.000486541 0.00220918 -0.00321021 -0.00219068 -0.00407781 0.00101221 -0.00158928 0.000191599 -0.000324551 -0.00106724 -0.00458655 -0.00239059 -0.00523299 -0.000298633 -0.000166134 0.00110757 0.00282897 0.00320312 0.0006018 -0.00101705 -0.00266786
internal_weight=33605 25850 1000 500 363 500 436 137 198 134 24850 7276 4424 793 409 251 3631 3573 1431 755 735 348 2142 848
internal_count=33605 25850 1000 500 363 500 436 137 198 134 24850 7276 4424 793 409 251 3631 3573 1431 755 735 348 2142 848
is_linear=0
shrinkage=0.03


Tree=256
num_leaves=25
num_cat=0
split_feature=23 2 3 0 2 22 2 24 3 26 2 22 16 22 22 2 22 22 6 22 22 23 1 26
split_gain=2.06934 3.37772 3.83673 3.45249 3.17244 3.14924 11.441 7.24628 4.53429 8.19737 8.90874 5.01042 4.84571 4.22017 4.19123 3.4616 3.43474 6.11731 9.31525 8.76058 8.2759 7.05785 7.27318 5.39734
threshold=1.0000000180025095e-35 41.225000000000001 27.275000000000002 2.4850000000000008 29.865000000000006 36.500000000000007 31.545000000000005 2.5000000000000004 16.385000000000002 -0.16861290322580658 29.275000000000002 29.500000000000004 36.500000000000007 37.500000000000007 16.500000000000004 32.755000000000003 198.50000000000003 236.50000000000003 16.639450000000004 246.50000000000003 242.50000000000003 4.5000000000000009 25.015000000000004 0.16159999999999983
decision_type=2 2 2 2 2 2 2 2 2 2 2 2 2 2 2 2 2 2 2 2 2 2 2 2
left_child=1 3 -3 4 -1 6 8 -8 9 -2 11 -11 -12 -7 -14 -9 -15 18 -18 20 -19 -21 -23 -24
right_child=5 2 -4 -5 -6 13 7 15 -10 10 12 -13 14 16 -16 -17 17 19 -20 21 -22 22 23 -25
leaf_value=0.0025500800395400966 -0.0097466552121353873 -0.0017364720310169188 0.014437439521266655 -0.00079531526127490492 0.00045867767599336822 0.0076632957746489679 0.00049020058649418112 -0.0079747277152552639 0.00044161250569552921 6.1626770951983889e-05 -0.0096793731559618283 0.0075263660261919206 -0.0062511714846136624 0.00028451302197242428 -0.00025391729107055155 -0.018582284321839157 -0.0048162163210826369 0.00030176743334383129 -0.00053273339797813219 -0.0010286084294059028 0.0074826615830310261 0.0025038841619442458 -2.7467200167738135e-05 -0.0064807639168031573
leaf_weight=880 106 22 33 1347 2528 65 91 172 2193 731 110 91 174 15405 264 33 660 325 1485 4420 260 1288 785 137
leaf_count=880 106 22 33 1347 2528 65 91 172 2193 731 110 91 174 15405 264 33 660 325 1485 4420 260 1288 785 137
internal_value=-3.45971e-13 0.000575998 0.00796787 0.000490498 0.000998711 -9.62164e-05 -0.000881329 -0.00655493 -0.000423606 -0.00170912 -0.00108724 0.000888015 -0.00405013 2.9155e-05 -0.00263639 -0.00968229 9.1179e-06 -0.000444137 -0.00185073 -2.59607e-05 0.00349328 -0.000336482 0.00104777 -0.000986363
internal_weight=33605 4810 55 4755 3408 28795 3965 296 3669 1476 1370 822 548 24830 438 205 24765 9360 2145 7215 585 6630 2210 922
internal_count=33605 4810 55 4755 3408 28795 3965 296 3669 1476 1370 822 548 24830 438 205 24765 9360 2145 7215 585 6630 2210 922
is_linear=0
shrinkage=0.03


Tree=257
num_leaves=25
num_cat=0
split_feature=22 1 22 1 2 23 6 17 1 17 25 3 24 8 22 22 22 20 22 25 3 21 22 2
split_gain=2.07982 4.93637 4.68498 5.21645 3.8716 4.46411 4.30867 3.70955 3.38163 3.2702 2.84175 2.58737 8.12997 8.25673 8.19204 6.09496 8.62491 7.93626 5.93165 8.76637 7.05619 6.36592 5.76131 10.9614
threshold=346.50000000000006 24.635000000000002 358.50000000000006 20.765000000000004 28.345000000000002 5.5000000000000009 16.639450000000004 43.000000000000007 22.005000000000006 43.000000000000007 -1.1503084323712505 22.625000000000004 3.5000000000000004 645.00000000000011 152.50000000000003 95.500000000000014 194.50000000000003 0.51000000000000012 126.50000000000001 -0.68974999999999975 21.815000000000001 4.5000000000000009 74.500000000000014 35.005000000000003
decision_type=2 2 2 2 2 2 2 2 2 2 2 2 2 2 2 2 2 2 2 2 2 2 2 2
left_child=11 2 4 -4 5 6 10 -5 -9 -6 -2 15 -13 -14 -15 22 17 -17 21 20 -20 -19 23 -1
right_child=1 -3 3 7 9 -7 -8 8 -10 -11 -12 12 13 14 -16 16 -18 18 19 -21 -22 -23 -24 -25
leaf_value=0.00034683653108501375 0.0098822579070039825 -0.015291789134922011 0.013557106260210275 0.0023460018630807487 -0.0038336347898501638 0.007308293483982032 -0.0033511059786402058 -0.00058991746221888916 -0.011749214460541096 -0.012987746428243997 -0.00087239766231505199 0.00034707805921902401 -0.00083043375103707161 -0.0026337961375088215 -0.010860588151833106 0.0071989524707316878 0.00020632803562323397 0.001395787790564881 0.012281773153804649 0.0015673298357494335 0.0038048168317785101 -0.0033785441620172657 -0.0017452756881105981 -0.0035368399252085074
leaf_weight=8586 41 22 30 305 245 55 332 81 35 41 48 6154 3586 438 145 251 7755 964 137 1114 249 340 1943 708
leaf_count=8586 41 22 30 305 245 55 332 81 35 41 48 6154 3586 438 145 251 7755 964 137 1114 249 340 1943 708
internal_value=3.69032e-12 -0.00120829 -0.000952856 0.00147059 -0.00238721 -0.00072965 -0.00177974 0.000609322 -0.00395695 -0.00514594 0.00408199 4.60993e-05 -0.000345869 -0.00136875 -0.00467991 0.000229629 0.000738192 0.00208831 0.00163083 0.00291734 0.00681348 0.000150947 -0.000259608 5.09851e-05
internal_weight=33605 1235 1213 451 762 476 421 421 116 286 89 32370 10323 4169 583 22047 10810 3055 2804 1500 386 1304 11237 9294
internal_count=33605 1235 1213 451 762 476 421 421 116 286 89 32370 10323 4169 583 22047 10810 3055 2804 1500 386 1304 11237 9294
is_linear=0
shrinkage=0.03


Tree=258
num_leaves=25
num_cat=0
split_feature=8 22 7 2 3 3 1 22 3 2 10 22 22 2 24 23 1 6 2 22 22 7 2 23
split_gain=2.08194 2.48906 3.60165 4.12736 3.69351 3.87714 3.0507 7.04987 14.3354 5.95023 6.94518 5.74311 5.30721 5.84037 4.37771 5.17564 3.9431 4.78604 4.43116 3.85163 5.58637 4.4467 4.10357 4.11696
threshold=672.50000000000011 10.500000000000002 75.322650000000024 30.655000000000005 15.135000000000003 17.705000000000002 22.495000000000001 14.500000000000002 16.845000000000002 29.665000000000003 85.000000000000014 13.500000000000002 21.500000000000004 29.315000000000001 2.5000000000000004 1.0000000180025095e-35 23.605000000000004 16.639450000000004 31.665000000000003 348.50000000000006 358.50000000000006 76.966650000000016 26.945000000000004 5.5000000000000009
decision_type=2 2 2 2 2 2 2 2 2 2 2 2 2 2 2 2 2 2 2 2 2 2 2 2
left_child=1 2 3 -1 -4 -6 9 8 -8 10 -3 -11 13 -9 -12 -16 -10 18 -18 -17 22 -22 -21 -24
right_child=-2 6 4 -5 5 -7 7 12 16 11 14 -13 -14 -15 15 19 17 -19 -20 20 21 -23 23 -25
leaf_value=0.0016958214343042975 -0.0004311145357276322 0.015612601740833589 -0.0098684667743509629 -0.0055603715283796193 0.00095094594226049415 -0.0047310273400791563 -0.012063148149688329 0.0055443664118647578 0.017503524950068249 -0.013464110773560163 -0.00033842874950984226 -0.00086648545657654345 0.00011125177052957504 -0.0045062317143951145 0.0095864923924847967 0.0037302671169131851 0.019963806024619512 0.0019796615047941364 0.0032272417400963601 0.0045088319308482679 0.015913480923582725 0.00071853626762346644 -0.0093952638736333367 0.0042296179890632625
leaf_weight=415 7755 34 64 85 198 238 35 60 38 37 506 272 22444 392 100 549 35 83 24 39 26 52 99 25
leaf_count=415 7755 34 64 85 198 238 35 60 38 37 506 272 22444 392 100 549 35 83 24 39 26 52 99 25
internal_value=-1.58433e-13 0.000129334 -0.00133814 0.000462269 -0.00313856 -0.00215068 0.000188388 9.72081e-05 0.00550429 0.00140015 0.00221589 -0.00237494 4.6434e-05 -0.00317208 0.00188961 0.00315633 0.00892018 0.00662323 0.0131557 0.00234239 -0.000819219 0.00578352 -0.00397881 -0.00664831
internal_weight=33605 25850 1000 500 500 436 24850 23111 215 1739 1430 309 22896 452 1396 890 180 142 59 790 241 78 163 124
internal_count=33605 25850 1000 500 500 436 24850 23111 215 1739 1430 309 22896 452 1396 890 180 142 59 790 241 78 163 124
is_linear=0
shrinkage=0.03


Tree=259
num_leaves=25
num_cat=0
split_feature=9 25 22 22 5 2 22 6 22 6 1 1 3 4 26 22 3 22 3 1 5 25 26 5
split_gain=2.0691 2.72269 3.0974 3.29505 2.75237 2.63534 2.62016 4.95877 2.50133 2.72233 4.18561 2.57333 2.43035 4.58428 4.20681 3.16046 4.29665 3.46289 3.96207 3.9345 3.31475 3.27616 3.11018 2.54312
threshold=1.6500000000000001 -1.8455967741935482 282.50000000000006 296.50000000000006 0.041450000000000008 33.425000000000004 312.50000000000006 17.792250000000006 264.50000000000006 17.792250000000006 25.145000000000003 21.175000000000004 19.945000000000004 18.455000000000002 0.064790322580645224 86.500000000000014 21.265000000000004 310.50000000000006 24.945000000000004 26.535000000000004 0.5565500000000001 -1.9874617996604411 0.064790322580645224 0.16555000000000003
decision_type=2 2 2 2 2 2 2 2 2 2 2 2 2 2 2 2 2 2 2 2 2 2 2 2
left_child=1 4 8 -4 -1 6 7 -5 11 10 -10 -3 14 15 -6 16 20 18 -17 -19 -14 -18 23 -20
right_child=-2 2 3 5 12 -7 -8 -9 9 -11 -12 -13 13 -15 -16 17 21 19 22 -21 -22 -23 -24 -25
leaf_value=0.0092396744856467605 -0.00012893510647458371 -0.0091273304035088838 0.0057226550721188449 0.0098236898167524487 0.0010274255446492597 -0.0064110374903040271 0.00037863853901683669 -0.0019420316618763737 0.0021223272221783797 0.0015093558520068958 -0.0087676763736332444 -4.4708574619780736e-06 -0.0025669924615769938 0.0025569677886055982 0.0059327409268208325 0.0040045841844090499 -0.01012991515400884 -0.0014905798375790861 -0.0097414011559694216 -0.015743288737924202 0.0088577715145243749 0.00052080108704311511 0.0086726656835526238 -0.001118170255622654
leaf_weight=39 25850 28 154 80 489 42 521 54 45 72 108 4521 87 555 232 242 101 72 38 23 31 35 24 162
leaf_count=39 25850 28 154 80 489 42 521 54 45 72 108 4521 87 555 232 242 101 72 38 23 31 35 24 162
internal_value=-3.76373e-13 0.000429784 8.38778e-05 0.00175126 0.00134327 0.000873791 0.00134091 0.00508228 -0.000213345 -0.00330103 -0.00556473 -6.06239e-05 0.00119599 0.000454019 0.00260583 -0.000978051 -0.00375445 0.000279 0.00134321 -0.00494124 0.000434429 -0.00738892 -0.00153202 -0.00275658
internal_weight=33605 7755 5625 851 2130 697 655 134 4774 225 153 4549 2091 1370 721 815 254 561 466 95 118 136 224 200
internal_count=33605 7755 5625 851 2130 697 655 134 4774 225 153 4549 2091 1370 721 815 254 561 466 95 118 136 224 200
is_linear=0
shrinkage=0.03


Tree=260
num_leaves=25
num_cat=0
split_feature=0 3 2 6 25 22 22 3 22 22 7 1 0 3 4 3 6 4 1 26 11 3 22 2
split_gain=2.05075 2.85526 3.40819 4.28725 3.36266 2.72313 5.6838 5.5581 5.04693 3.44608 2.91766 4.07389 2.74572 2.61451 2.61331 2.47433 3.14241 2.27142 2.70255 2.33281 4.01094 4.00406 4.53792 4.29549
threshold=12.585000000000003 24.825000000000003 26.195000000000004 17.220550000000003 -2.5255645161290321 80.500000000000014 73.500000000000014 20.505000000000006 57.500000000000007 266.50000000000006 79.153350000000017 24.595000000000002 15.555000000000001 22.135000000000002 14.405000000000003 22.525000000000002 17.947700000000001 35.355000000000011 30.015000000000004 0.33800000000000013 -53.999999999999993 13.555000000000001 290.50000000000006 29.705000000000002
decision_type=2 2 2 2 2 2 2 2 2 2 2 2 2 2 2 2 2 2 2 2 2 2 2 2
left_child=17 2 3 13 -3 6 8 12 -4 -9 11 -11 -7 -2 -8 16 -5 19 -19 20 21 -1 -23 -24
right_child=1 4 5 15 -6 7 14 9 -10 10 -12 -13 -14 -15 -16 -17 -18 18 -20 -21 -22 22 23 -25
leaf_value=-0.014329395666718482 -0.0040178297054006768 -0.016136243047023362 -0.0030227807299899202 -0.00051185579128625622 -0.0030378466530629755 0.0020281733712181446 -0.019103933952748776 0.0013481438438517203 0.011860705015634925 -5.6180359252418078e-05 0.006231476899097638 -0.009160166284519022 0.012681056473623303 -0.012312235940247773 -0.0060707035275797041 -0.0060662561429439691 0.007928184553899844 -0.0015106927354731048 -0.010751439681941909 0.0010130642172851158 6.7453219652258207e-05 -0.00041031173854695759 -0.0029720578408559957 -0.012757440951342383
leaf_weight=23 236 22 70 290 89 38 20 623 29 90 26 87 51 40 45 58 46 153 35 2224 28440 656 160 54
leaf_count=23 236 22 70 290 89 38 20 623 29 90 26 87 51 40 45 58 46 153 35 2224 28440 656 160 54
internal_value=2.62847e-12 -0.000968181 -0.00067207 -0.00235266 -0.00563393 0.000371484 -0.00318838 0.00100954 0.00133703 0.000242035 -0.00315257 -0.00453102 0.00813263 -0.00521992 -0.0100809 -0.000344123 0.000643626 5.67276e-05 -0.00323104 7.63144e-05 5.2909e-06 -0.00197444 -0.00164781 -0.00544127
internal_weight=33605 1860 1749 670 111 1079 164 915 99 826 203 177 89 276 65 394 336 31745 188 31557 29333 893 870 214
internal_count=33605 1860 1749 670 111 1079 164 915 99 826 203 177 89 276 65 394 336 31745 188 31557 29333 893 870 214
is_linear=0
shrinkage=0.03


Tree=261
num_leaves=25
num_cat=0
split_feature=22 2 6 22 2 23 3 9 2 22 16 24 1 11 3 24 25 22 3 22 22 20 22 26
split_gain=1.97934 4.91178 4.59896 4.79037 4.71362 3.86127 3.82378 3.57677 4.9483 3.51596 3.29827 3.21941 2.96009 2.88167 2.58125 7.57176 8.0683 7.93325 7.55193 6.33078 7.5291 7.38859 5.59898 8.44088
threshold=338.50000000000006 30.145000000000003 16.639450000000004 358.50000000000006 28.545000000000005 5.5000000000000009 14.985000000000001 3.5000000000000004 27.385000000000002 348.50000000000006 36.500000000000007 2.5000000000000004 20.975000000000005 -53.999999999999993 22.625000000000004 3.5000000000000004 -0.9556890209394453 66.500000000000014 23.855000000000004 95.500000000000014 194.50000000000003 0.51000000000000012 126.50000000000001 -0.12749838709677433
decision_type=2 2 2 2 2 2 2 2 2 2 2 2 2 2 2 2 2 2 2 2 2 2 2 2
left_child=14 2 7 4 5 9 -5 -2 -9 12 -3 -6 -4 -14 19 -16 17 -17 -18 -1 21 -21 -23 -24
right_child=1 10 3 6 11 -7 -8 8 -10 -11 -12 -13 13 -15 15 16 18 -19 -20 20 -22 22 23 -25
leaf_value=-0.00025132172564201185 0.0059897012916438636 -0.014948032353487279 0.0079311239820672192 0.0097357595746158342 -0.0018526805956524026 0.0048075349333826017 0.00048394618000591953 0.0074895318462513388 -0.0025392416188873617 -0.004365983620092509 -0.0037739957708850191 -0.009163276480870659 -0.0092646076792152598 0.00041200256378624985 0.00033254832248585259 -0.010751437795423794 -0.001925487851769057 -0.00039494768598329717 -0.0076997822607110722 0.0069585798788385327 0.0002514014467039303 0.00014823051770439566 0.0010035407459600817 0.0055998262952003603
leaf_weight=11237 155 27 40 49 92 86 224 60 169 284 199 132 32 206 6154 68 636 3162 300 251 7238 1304 902 598
leaf_count=11237 155 27 40 49 92 86 224 60 169 284 199 132 32 206 6154 68 636 3162 300 251 7238 1304 902 598
internal_value=8.99529e-13 -0.000980833 -0.000370661 -0.00132348 -0.00240922 -0.00111241 0.00214453 0.00247043 8.83846e-05 -0.00201831 -0.00510895 -0.00616071 0.000380036 -0.000889054 5.40459e-05 -0.000336043 -0.00132368 -0.000612979 -0.00377622 0.000241028 0.000778532 0.00202743 0.00158601 0.00283593
internal_weight=33605 1755 1529 1145 872 648 273 384 229 562 226 224 278 238 31850 10320 4166 3230 936 21530 10293 3055 2804 1500
internal_count=33605 1755 1529 1145 872 648 273 384 229 562 226 224 278 238 31850 10320 4166 3230 936 21530 10293 3055 2804 1500
is_linear=0
shrinkage=0.03


Tree=262
num_leaves=25
num_cat=0
split_feature=9 25 22 2 26 1 22 1 16 2 16 23 23 6 1 22 22 1 22 6 26 2 1 3
split_gain=1.98011 2.64619 2.29839 7.19468 5.74556 9.81841 5.07741 14.5949 5.97469 3.98068 4.35885 3.81943 4.33553 4.07296 4.05691 4.92241 3.46226 6.99177 4.61807 3.5936 3.47078 3.31645 3.30938 3.30629
threshold=1.6500000000000001 -2.3274660441426143 296.50000000000006 32.455000000000005 0.16159999999999983 23.935000000000006 282.50000000000006 27.315000000000001 41.000000000000007 31.715000000000003 36.500000000000007 4.5000000000000009 1.5000000000000002 15.881350000000001 23.935000000000006 332.50000000000006 266.50000000000006 24.425000000000004 262.50000000000006 16.639450000000004 0.35129032258064524 30.845000000000002 20.765000000000004 21.115000000000006
decision_type=2 2 2 2 2 2 2 2 2 2 2 2 2 2 2 2 2 2 2 2 2 2 2 2
left_child=1 -1 6 4 11 -6 16 8 9 10 -8 12 22 -14 -15 -16 18 19 20 -18 -2 -7 -4 -21
right_child=2 -3 3 -5 5 21 7 -9 -10 -11 -12 -13 13 14 15 -17 17 -19 -20 23 -22 -23 -24 -25
leaf_value=0.0018116385403804816 -0.00018996253974839865 0.00019969326650306053 0.012542619855905121 -0.010508553840852126 -0.00038042439762805237 -0.0057637713161919936 0.0026361051467774454 -0.011520688880967802 0.010270331590177699 -0.0015342794930677281 0.010886747684152666 0.0017936350881541238 0.0012085210816327426 -0.0013151567707094067 -0.0040853810072632247 -0.014879250258302569 -0.0019298457295899945 -0.0045254198827893288 0.0045146888685791055 0.0075333518542881513 0.0011507319121535832 -0.013691287350037225 0.00072826946894498867 -0.00077942081998191664
leaf_weight=1062 18785 6693 22 68 464 203 306 61 108 154 71 759 291 547 280 44 175 447 200 105 1915 62 710 73
leaf_count=1062 18785 6693 22 68 464 203 306 61 108 154 71 759 291 547 280 44 175 447 200 105 1915 62 710 73
internal_value=-3.89242e-13 0.000420439 -0.000126132 -0.000846936 -0.000652676 -0.00301155 -1.5115e-05 0.00249966 0.00383807 0.00252981 0.00418994 -4.4956e-06 -0.000725077 -0.00186429 -0.00289091 -0.00555122 -9.62368e-05 -0.0020331 -2.20984e-05 0.00112289 -6.59321e-05 -0.00761851 0.00108335 0.00412418
internal_weight=33605 7755 25850 3450 3382 729 22400 700 639 531 377 2653 1894 1162 871 324 21700 800 20900 353 20700 265 732 178
internal_count=33605 7755 25850 3450 3382 729 22400 700 639 531 377 2653 1894 1162 871 324 21700 800 20900 353 20700 265 732 178
is_linear=0
shrinkage=0.03


Tree=263
num_leaves=25
num_cat=0
split_feature=0 3 6 3 22 3 22 22 16 3 2 3 22 22 22 22 25 22 2 2 25 2 22 1
split_gain=1.99625 4.23643 4.44714 7.99838 3.85904 5.06465 4.50094 3.6275 4.11571 5.64677 4.77113 7.30542 9.08502 5.89828 10.914 8.97737 6.11576 5.50671 4.99248 4.29571 4.22709 4.15126 4.0749 3.9315
threshold=3.0050000000000003 24.065000000000001 14.099000000000002 19.205000000000002 266.50000000000006 21.195000000000004 298.50000000000006 95.500000000000014 39.000000000000007 25.125000000000004 34.405000000000008 20.965000000000003 80.500000000000014 42.500000000000007 74.500000000000014 82.500000000000014 -1.7866666666666668 73.500000000000014 30.655000000000005 33.125000000000007 -1.3502473118279565 35.295000000000009 93.500000000000014 23.865000000000006
decision_type=2 2 2 2 2 2 2 2 2 2 2 2 2 2 2 2 2 2 2 2 2 2 2 2
left_child=7 2 3 -2 -4 6 -6 8 9 -1 13 12 17 18 16 -16 19 -12 20 -15 -10 -14 -23 -20
right_child=1 -3 4 -5 5 -7 -8 -9 10 -11 11 -13 21 14 15 -17 -18 -19 23 -21 -22 22 -24 -25
leaf_value=-0.00070177618330978932 0.0012046667430415535 -0.0019411367838163016 0.0005361689833261957 -0.004562882177039475 0.0041706274823744343 -0.0034032703892535525 -0.00099127090045490491 0.00044843295371760963 0.0041209645880822361 -0.014711025289188211 -0.0020305422876257303 0.00086699558131221176 -0.0038136746925447368 0.015170897327856543 -0.0060845854028751065 0.013351911053806542 0.0026630656327856625 0.010058869207026184 -0.0058011876361682112 0.0064479649900424001 -3.541825682467932e-05 -0.016244122825704421 -0.0023473833166994152 -0.00042830105407743726
leaf_weight=6400 377 1340 5187 508 201 574 624 14310 402 26 406 903 80 68 148 25 357 37 149 201 487 79 25 691
leaf_count=6400 377 1340 5187 508 201 574 624 14310 402 26 406 903 80 68 148 25 357 37 149 201 487 79 25 691
internal_value=1.02312e-12 -0.000387871 -0.000109277 -0.00210597 0.00015903 -0.00123927 0.000266355 0.000137837 -0.000286107 -0.000758458 0.000461881 -0.000860385 -0.00334814 0.00126214 0.00339381 -0.00327584 0.00523702 -0.00102082 0.000277065 0.00865302 0.00184407 -0.00895144 -0.0129036 -0.00138135
internal_weight=33605 8811 7471 885 6586 1399 825 24794 10484 6426 4058 1530 627 2528 799 173 626 443 1729 269 889 184 104 840
internal_count=33605 8811 7471 885 6586 1399 825 24794 10484 6426 4058 1530 627 2528 799 173 626 443 1729 269 889 184 104 840
is_linear=0
shrinkage=0.03


Tree=264
num_leaves=25
num_cat=0
split_feature=25 6 3 0 3 24 1 22 22 8 22 22 17 16 2 2 12 22 1 3 6 23 8 2
split_gain=1.97543 3.76486 7.3244 5.12267 4.089 3.92699 3.8578 3.5444 6.73783 3.78745 3.52741 6.25427 5.72687 5.40713 6.04224 4.66027 5.77246 4.43768 8.45804 7.03057 8.34937 6.86435 6.62576 9.37496
threshold=-0.33032258064516123 16.639450000000004 19.105000000000004 4.995000000000001 22.625000000000004 2.5000000000000004 28.495000000000001 208.50000000000003 141.50000000000003 496.50000000000006 105.50000000000001 110.50000000000001 38.000000000000007 39.000000000000007 40.545000000000009 37.885000000000012 0.71000000000000008 312.50000000000006 26.535000000000004 24.155000000000005 16.639450000000004 4.5000000000000009 496.50000000000006 30.345000000000002
decision_type=2 2 2 2 2 2 2 2 2 2 2 2 2 2 2 2 2 2 2 2 2 2 2 2
left_child=10 2 -2 -4 7 -6 -7 8 -3 -10 13 12 -12 14 -1 -14 -17 19 21 22 -21 -19 23 -13
right_child=1 4 3 -5 5 6 -8 -9 9 -11 11 17 15 -15 -16 16 -18 18 -20 20 -22 -23 -24 -25
leaf_value=-0.00068512557105265186 0.0026085295143897049 -0.0037338156438169951 -0.001113120214408283 -0.0044872092805290668 0.00015217584282576981 -0.0025753962718129226 -0.014893050417304038 1.1553158300582469e-05 0.014375675638476686 0.0035849985412667023 0.0059025977363078184 0.0088688705478790417 0.0029864235899083641 0.00050423653330764092 -0.017194337264634669 -0.017244237727628876 -0.00075267285166773939 -0.0013644965176668308 -0.011830662823747843 -0.004240482961473494 5.4752499143875009e-05 0.0016365863971156186 0.00069029203016468445 0.0019387072153395422
leaf_weight=8322 330 117 1201 611 874 492 24 1028 31 526 350 209 182 5250 20 26 72 2286 60 471 3012 980 6029 1102
leaf_count=8322 330 117 1201 611 874 492 24 1028 31 526 350 209 182 5250 20 26 72 2286 60 471 3012 980 6029 1102
internal_value=-5.25606e-13 -0.000535514 -0.00150221 -0.00225085 0.000134168 -0.00107304 -0.00314831 0.00112008 0.00281083 0.00418556 9.87938e-05 0.000419591 0.00334428 -0.000250019 -0.000724707 0.00014638 -0.00512799 0.000289366 -0.000669039 0.000583892 -0.000526085 -0.000463988 0.0011106 0.00304352
internal_weight=33605 5234 2142 1812 3092 1390 516 1702 674 557 28371 14779 630 13592 8342 280 98 14149 3326 10823 3483 3266 7340 1311
internal_count=33605 5234 2142 1812 3092 1390 516 1702 674 557 28371 14779 630 13592 8342 280 98 14149 3326 10823 3483 3266 7340 1311
is_linear=0
shrinkage=0.03


Tree=265
num_leaves=25
num_cat=0
split_feature=0 3 26 2 8 3 1 22 3 22 25 26 11 2 7 2 22 2 23 2 24 3 13 22
split_gain=2.02172 2.73112 3.42987 3.24202 3.39998 3.53596 2.9162 2.82427 3.78997 4.87 3.55155 2.62394 2.83467 2.38803 2.37086 2.35661 4.33917 2.60742 2.37148 2.32133 7.33602 7.18964 6.20433 5.51398
threshold=12.585000000000003 21.435000000000006 -0.082898245614035193 26.735000000000003 496.50000000000006 22.785000000000004 24.045000000000005 268.50000000000006 23.975000000000005 122.50000000000001 -1.6236908602150535 -0.21222580645161285 26.000000000000004 23.285000000000004 78.472250000000017 32.805000000000007 117.50000000000001 28.835000000000004 3.5000000000000004 28.835000000000004 3.5000000000000004 22.135000000000002 0.070000000000000021 328.50000000000006
decision_type=2 2 2 2 2 2 2 2 2 2 2 2 2 2 2 2 2 2 2 2 2 2 2 2
left_child=19 2 11 4 6 -6 -3 8 9 -5 -11 13 -13 -2 -9 16 18 -18 -4 20 -1 22 -22 -21
right_child=1 3 15 7 5 -7 -8 14 -10 10 -12 12 -14 -15 -16 -17 17 -19 -20 23 21 -23 -24 -25
leaf_value=-0.00026581718320389856 -0.0017415860675914622 0.010205111723765731 0.0021822612230399888 -0.004037874508649111 -0.0044859120606556939 -0.016062311661931186 -0.0041451047203288627 -0.0074126867819216818 -0.0031137173468969428 0.013628091415656464 0.0024593411922458302 -0.00011806796025484801 -0.0064596756029440539 0.0041638748666141612 0.0020674850113573482 0.0132151631798063 0.0092181369017616099 0.00075373553278806958 -0.0098624628809310735 3.0020318283537429e-05 0.005587151462930943 -0.0028578386752795707 0.0016210644520467132 -0.0020921569833832758
leaf_weight=3460 118 25 28 104 274 26 26 92 234 28 302 140 116 129 32 21 77 57 31 24866 460 251 1555 1153
leaf_count=3460 118 25 28 104 274 26 26 92 234 28 302 140 116 129 32 21 77 57 31 24866 460 251 1555 1153
internal_value=1.00105e-12 -0.000961305 0.000490133 -0.00187179 -0.00427181 -0.0054892 0.00288932 -0.000808143 -3.62892e-05 0.00162297 0.00340699 -0.000863259 -0.00299161 0.00134264 -0.00496619 0.00367124 0.00263278 0.00561761 -0.00414632 5.63247e-05 0.000603178 0.00193007 0.00252647 -6.40214e-05
internal_weight=33605 1860 717 1143 351 300 51 792 668 434 330 503 256 247 124 214 193 134 59 31745 5726 2266 2015 26019
internal_count=33605 1860 717 1143 351 300 51 792 668 434 330 503 256 247 124 214 193 134 59 31745 5726 2266 2015 26019
is_linear=0
shrinkage=0.03


Tree=266
num_leaves=25
num_cat=0
split_feature=20 22 2 26 3 22 22 2 2 4 24 24 2 1 22 22 22 5 4 3 22 6 24 26
split_gain=1.92904 3.05037 4.66566 5.98613 5.45519 4.68061 7.04443 5.3458 4.81214 6.07445 3.67335 3.22431 3.02224 4.71225 4.1257 3.82354 3.21038 3.00401 4.18308 2.98992 8.46674 5.25267 4.58254 3.29566
threshold=0.53500000000000014 10.500000000000002 30.385000000000002 -0.20280758347481612 18.575000000000003 50.500000000000007 78.500000000000014 33.025000000000013 32.805000000000007 12.385000000000003 3.5000000000000004 2.5000000000000004 28.545000000000005 23.365000000000006 338.50000000000006 338.50000000000006 198.50000000000003 0.47535000000000005 11.155000000000003 21.915000000000003 192.50000000000003 14.099000000000002 3.5000000000000004 -0.061258064516129078
decision_type=2 2 2 2 2 2 2 2 2 2 2 2 2 2 2 2 2 2 2 2 2 2 2 2
left_child=1 -1 3 -3 5 8 7 11 -4 -10 17 -7 13 14 -12 -14 -15 18 -5 -2 21 -21 -22 -24
right_child=19 2 4 10 -6 6 -8 -9 9 -11 12 -13 15 16 -16 -17 -18 -19 -20 20 22 -23 23 -25
leaf_value=-0.0020099383933749049 6.3850353794128332e-05 0.0073541604463419272 -0.0022164821459903024 -0.0015350242058804196 0.00029530053781506741 0.0022509623571698154 -0.0051150676324416737 0.0009918807000246679 -0.016524898965474006 -0.0035241852956543482 0.011543717987369745 0.016767558645922689 0.0022166480655488115 0.009163526429070366 0.0036304107042995832 -0.0040979459078516814 -0.0025068532322025431 -0.0013939854564562577 0.0025693597867516363 -0.010218515410467617 -0.0012784094665201902 -3.41260119496417e-05 -0.0075246946771107808 -0.0030011288243555578
leaf_weight=500 14205 146 493 331 8602 21 109 129 53 83 107 40 630 27 133 100 99 634 688 46 842 4965 230 392
leaf_count=500 14205 146 493 331 8602 21 109 129 53 83 107 40 630 27 133 100 99 634 688 46 842 4965 230 392
internal_value=6.45739e-13 0.000287508 0.00037996 0.00143472 5.95493e-05 -0.00212572 0.000964491 0.00445224 -0.00359468 -0.00859064 0.00112033 0.01177 0.00246711 0.00469197 0.00715843 0.00135164 -6.05759e-06 0.000227368 0.00123614 -0.000179692 -0.000713982 -0.000127617 -0.002721 -0.00467383
internal_weight=33605 12925 12425 2895 9530 928 299 190 629 136 2749 61 1096 366 240 730 126 1653 1019 20680 6475 5011 1464 622
internal_count=33605 12925 12425 2895 9530 928 299 190 629 136 2749 61 1096 366 240 730 126 1653 1019 20680 6475 5011 1464 622
is_linear=0
shrinkage=0.03


Tree=267
num_leaves=25
num_cat=0
split_feature=3 21 22 22 3 24 25 3 26 22 6 22 26 2 2 22 22 7 3 0 22 22 24 20
split_gain=1.91689 2.8162 7.12324 2.87262 2.38092 8.60926 12.5899 4.21959 5.35968 4.31789 6.163 5.66655 7.43045 5.83268 5.20443 4.44053 3.97649 6.64681 3.89367 3.74643 3.73224 9.82184 8.34614 10.2173
threshold=28.845000000000002 4.5000000000000009 118.50000000000001 148.50000000000003 23.245000000000001 2.5000000000000004 -1.0189516129032257 25.005000000000006 -0.036016666666666891 106.50000000000001 15.881350000000001 264.50000000000006 -0.14430000000000034 33.275000000000013 39.265000000000008 117.50000000000001 192.50000000000003 78.197250000000011 24.345000000000002 9.8650000000000002 95.500000000000014 198.50000000000003 2.5000000000000004 0.53500000000000014
decision_type=2 2 2 2 2 2 2 2 2 2 2 2 2 2 2 2 2 2 2 2 2 2 2 2
left_child=4 2 -2 -3 20 -6 7 9 -9 -7 -11 12 14 -14 15 -12 17 18 -8 -15 -1 22 -22 -24
right_child=1 3 -4 -5 5 6 16 8 -10 10 11 -13 13 19 -16 -17 -18 -19 -20 -21 21 -23 23 -25
leaf_value=-0.00027889095938576377 0.00046635154326555916 -0.0063869768969488103 0.023029649136587976 0.0035925598220963931 0.00077591738549172848 -0.0017890870588720038 -0.0021441984095259149 -0.0036830377779204591 -0.00024910450937788465 -0.0067092206562505809 -0.0019595772934121055 -0.0048382565014374749 -0.0041658013926571579 0.0025660855603359279 -0.0078245723214266545 0.0092381429247072201 -0.0068565443930297338 0.0053495974693592487 -0.0078394443212456231 -0.0067392570861592518 2.7131499706906264e-05 -8.79306496677148e-05 0.0068376351100902545 0.0018468612608785954
leaf_weight=11567 34 37 20 87 2985 576 306 679 1029 82 37 108 160 775 21 230 367 77 167 41 1797 9740 442 2241
leaf_count=11567 34 37 20 87 2985 576 306 679 1029 82 37 108 160 775 21 230 367 77 167 41 1797 9740 442 2241
internal_value=-1.51188e-12 0.00310496 0.00882313 0.000614795 -1.6534e-05 -0.00048169 -0.00128813 -0.000515378 -0.00161423 0.000409177 0.00128002 0.00175751 0.00232107 0.0010716 0.00655539 0.0076864 -0.00443811 -0.00282435 -0.00415499 0.00209854 0.000121279 0.000446791 0.00160933 0.00266905
internal_weight=33605 178 54 124 33427 7640 4655 3738 1708 2030 1454 1372 1264 976 288 267 917 550 473 816 25787 14220 4480 2683
internal_count=33605 178 54 124 33427 7640 4655 3738 1708 2030 1454 1372 1264 976 288 267 917 550 473 816 25787 14220 4480 2683
is_linear=0
shrinkage=0.03


end of trees

feature_importances:
day_of_year=1595
forecast_temperature=1219
forecast_temperature_min=827
forecast_temperature_max=564
hist_temp_bias=516
elevation_m=350
latitude=207
lead_days=141
hist_rain_bias=139
longitude=134
forecast_rainfall=119
cropland_frac=117
soil_clay_pct=84
forest_frac=62
forecast_wind=54
elev_diff=52
slope_deg=49
forecast_rain_probability=41
day_of_week=40
soil_organic_carbon_pct=37
month=25
soil_ph=17
soil_sand_pct=16
aspect_deg=11
builtup_frac=8
water_frac=8

parameters:
[boosting: gbdt]
[objective: regression]
[metric: l1]
[tree_learner: serial]
[device_type: cpu]
[data_sample_strategy: bagging]
[data: ]
[valid: ]
[num_iterations: 300]
[learning_rate: 0.03]
[num_leaves: 25]
[num_threads: 0]
[seed: 42]
[deterministic: 0]
[force_col_wise: 0]
[force_row_wise: 0]
[histogram_pool_size: -1]
[max_depth: -1]
[min_data_in_leaf: 20]
[min_sum_hessian_in_leaf: 0.001]
[bagging_fraction: 1]
[pos_bagging_fraction: 1]
[neg_bagging_fraction: 1]
[bagging_freq: 0]
[bagging_seed: 400]
[bagging_by_query: 0]
[feature_fraction: 1]
[feature_fraction_bynode: 1]
[feature_fraction_seed: 30056]
[extra_trees: 0]
[extra_seed: 12879]
[early_stopping_round: 0]
[early_stopping_min_delta: 0]
[first_metric_only: 0]
[max_delta_step: 0]
[lambda_l1: 0]
[lambda_l2: 0]
[linear_lambda: 0]
[min_gain_to_split: 0]
[drop_rate: 0.1]
[max_drop: 50]
[skip_drop: 0.5]
[xgboost_dart_mode: 0]
[uniform_drop: 0]
[drop_seed: 17869]
[top_rate: 0.2]
[other_rate: 0.1]
[min_data_per_group: 100]
[max_cat_threshold: 32]
[cat_l2: 10]
[cat_smooth: 10]
[max_cat_to_onehot: 4]
[top_k: 20]
[monotone_constraints: ]
[monotone_constraints_method: basic]
[monotone_penalty: 0]
[feature_contri: ]
[forcedsplits_filename: ]
[refit_decay_rate: 0.9]
[cegb_tradeoff: 1]
[cegb_penalty_split: 0]
[cegb_penalty_feature_lazy: ]
[cegb_penalty_feature_coupled: ]
[path_smooth: 0]
[interaction_constraints: ]
[verbosity: -1]
[saved_feature_importance_type: 0]
[use_quantized_grad: 0]
[num_grad_quant_bins: 4]
[quant_train_renew_leaf: 0]
[stochastic_rounding: 1]
[linear_tree: 0]
[max_bin: 255]
[max_bin_by_feature: ]
[min_data_in_bin: 3]
[bin_construct_sample_cnt: 200000]
[data_random_seed: 175]
[is_enable_sparse: 1]
[enable_bundle: 1]
[use_missing: 1]
[zero_as_missing: 0]
[feature_pre_filter: 1]
[pre_partition: 0]
[two_round: 0]
[header: 0]
[label_column: ]
[weight_column: ]
[group_column: ]
[ignore_column: ]
[categorical_feature: ]
[forcedbins_filename: ]
[precise_float_parser: 0]
[parser_config_file: ]
[objective_seed: 16083]
[num_class: 1]
[is_unbalance: 0]
[scale_pos_weight: 1]
[sigmoid: 1]
[boost_from_average: 1]
[reg_sqrt: 0]
[alpha: 0.9]
[fair_c: 1]
[poisson_max_delta_step: 0.7]
[tweedie_variance_power: 1.5]
[lambdarank_truncation_level: 30]
[lambdarank_norm: 1]
[label_gain: ]
[lambdarank_position_bias_regularization: 0]
[eval_at: ]
[multi_error_top_k: 1]
[auc_mu_weights: ]
[num_machines: 1]
[local_listen_port: 12400]
[time_out: 120]
[machine_list_filename: ]
[machines: ]
[gpu_platform_id: -1]
[gpu_device_id: -1]
[gpu_device_id_list: ]
[gpu_use_dp: 0]
[num_gpu: 1]

end of parameters

pandas_categorical:null
